Unity Editor version:    6000.5.5f1 (d16e074b49fd)
Branch:                  6000.5/staging
Build type:              Release
Batch mode:              YES
macOS version:           Version 26.3.1 (Build 25D2128)
Darwin version:          25.3.0
Architecture:            arm64
Running under Rosetta:   NO
Available memory:        24576 MB
Date:                    2026-08-21T05:38:08Z
[Licensing::Module] Trying to connect to existing licensing client channel...
[Licensing::IpcConnector] Successfully connected to: "LicenseClient-ld" at "2026-08-21T05:38:08.756462Z"
Launching external process: /Applications/Unity/Hub/Editor/6000.5.5f1/Unity.app/Contents/Helpers/PackageManager/Server/UnityPackageManager

COMMAND LINE ARGUMENTS:
/Applications/Unity/Hub/Editor/6000.5.5f1/Unity.app/Contents/MacOS/Unity
-quit
-batchmode
-nographics
-projectPath
/Users/ld/Documents/Codex/2026-08-03/http-localhost-8080-codex-text-link/outputs/SpatialTowerDefensePICO
-executeMethod
PicoTowerDefenseEditor.ProjectSetup.BuildDevelopmentApk
-logFile
/Users/ld/Documents/Codex/2026-08-03/http-localhost-8080-codex-text-link/outputs/SpatialTowerDefensePICO/Logs/build-pico-title-interaction-fix.log
Successfully changed project path to: /Users/ld/Documents/Codex/2026-08-03/http-localhost-8080-codex-text-link/outputs/SpatialTowerDefensePICO
/Users/ld/Documents/Codex/2026-08-03/http-localhost-8080-codex-text-link/outputs/SpatialTowerDefensePICO
[UnityMemory] Configuration Parameters - Can be set up in boot.config
    "memorysetup-temp-allocator-size-gi-baking-worker=262144"
    "memorysetup-temp-allocator-size-gi-baking-worker=262144"
    "memorysetup-temp-allocator-size-gi-baking-worker=262144"
    "memorysetup-temp-allocator-size-gi-baking-worker=262144"
    "memorysetup-temp-allocator-size-gi-baking-worker=262144"
    "memorysetup-temp-allocator-size-nav-mesh-worker=65536"
    "memorysetup-temp-allocator-size-audio-worker=65536"
    "memorysetup-temp-allocator-size-cloud-worker=32768"
    "memorysetup-allocator-temp-initial-block-size-main=262144"
    "memorysetup-allocator-temp-initial-block-size-worker=262144"
    "memorysetup-temp-allocator-size-preload-manager=33554432"
    "memorysetup-temp-allocator-size-gfx=262144"
    "memorysetup-temp-allocator-size-background-worker=32768"
    "memorysetup-temp-allocator-size-job-worker=262144"
    "memorysetup-bucket-allocator-granularity=16"
    "memorysetup-bucket-allocator-bucket-count=8"
    "memorysetup-bucket-allocator-block-size=33554432"
    "memorysetup-bucket-allocator-block-count=8"
    "memorysetup-main-allocator-block-size=16777216"
    "memorysetup-thread-allocator-block-size=16777216"
    "memorysetup-main-allocator-mimalloc-enabled=0"
    "memorysetup-gfx-main-allocator-block-size=16777216"
    "memorysetup-gfx-thread-allocator-block-size=16777216"
    "memorysetup-cache-allocator-block-size=4194304"
    "memorysetup-typetree-allocator-block-size=2097152"
    "memorysetup-profiler-bucket-allocator-granularity=16"
    "memorysetup-profiler-bucket-allocator-bucket-count=8"
    "memorysetup-profiler-bucket-allocator-block-size=33554432"
    "memorysetup-profiler-bucket-allocator-block-count=8"
    "memorysetup-profiler-allocator-block-size=16777216"
    "memorysetup-profiler-editor-allocator-block-size=1048576"
    "memorysetup-temp-allocator-size-main=16777216"
    "memorysetup-job-temp-allocator-block-size=2097152"
    "memorysetup-job-temp-allocator-block-size-background=1048576"
    "memorysetup-job-temp-allocator-reduction-small-platforms=262144"
Logging is directed to a specific file, skipping project log.Player connection [8552739072]  Target information:

Player connection [8552739072]  * "[IP] 10.10.11.248 [Port] 55504 [Flags] 2 [Guid] 3756561514 [EditorId] 3756561514 [Version] 1048832 [Id] OSXEditor(0,LDdeMacBook-Pro.local) [Debug] 1 [PackageName] OSXEditor [ProjectName] Editor" 

Player connection [8552739072]  * "[IP] 198.18.0.1 [Port] 55504 [Flags] 2 [Guid] 3756561514 [EditorId] 3756561514 [Version] 1048832 [Id] OSXEditor(0,LDdeMacBook-Pro.local) [Debug] 1 [PackageName] OSXEditor [ProjectName] Editor" 

Player connection [8552739072] Host joined multi-casting on [225.0.0.222:54997]...
Player connection [8552739072] Host joined alternative multi-casting on [225.0.0.222:34997]...
Input System module state changed to: Initialized.
[Physics::Module] Initialized fallback backend.
[Physics::Module] Id: 0xdecafbad
[Package Manager] Connected to IPC stream "Upm-42242" after 0.4 seconds.
[Licensing::Module] Licensing is not yet initialized.
[Licensing::Client] Error: HandshakeResponse reported an error:
	ResponseCode: 505
	ResponseStatus: Unsupported protocol version '1.18.1'.
[Licensing::Module] Error: Failed to handshake to channel: "LicenseClient-ld"
[Licensing::IpcConnector] LicenseClient-ld channel disconnected successfully.
[Licensing::IpcConnector] Channel LicenseClient-ld-6000.5.5 doesn't exist
Launching external process: /Applications/Unity/Hub/Editor/6000.5.5f1/Unity.app/Contents/Helpers/UnityLicensingClient.app/Contents/MacOS/Unity.Licensing.Client
[Licensing::Module] Successfully launched the LicensingClient (PId: 42244)
[Licensing::IpcConnector] Successfully connected to: "LicenseClient-ld-6000.5.5" at "2026-08-21T05:38:09.873788Z"
[Licensing::Client] Handshaking with LicensingClient:
  Version:                 1.18.1+9fbee8e
  Session Id:              b27b51985d404fda9a7154d704893bf9
  Correlation Id:          fbb8c0f0f961115618f593f3006d3d6c
  External correlation Id: 8941573432803166059
  Machine Id:              z8Qg7FEjq0dJUslL7Ny/GAJZf2I=
[Licensing::Module] Successfully connected to LicensingClient on channel: "LicenseClient-ld-6000.5.5" (connect: 0.57s, validation: 0.04s, handshake: 0.28s)
[Licensing::IpcConnector] Successfully connected to: "LicenseClient-ld-6000.5.5-notifications" at "2026-08-21T05:38:10.188176Z"
[Licensing::Module] Connected to LicensingClient (PId: 42244, launch time: 0.00, total connection time: 0.89s)
[Licensing::Module] Error: Access token is unavailable; failed to update
[Licensing::Client] Successfully resolved entitlement details
[Licensing::Module] License group:
  Id: ewogICJzdWJzR3JvdXAiIDogInVuaXR5IGVkaXRvciIsCiAgIm5hbWVzcGFjZSIgOiAidW5pdHlfZWRpdG9yIiwKICAidHlwZSIgOiAiRURJVE9SIiwKICAidGFnIiA6ICJVbml0eVBlcnNvbmFsXXXX
  Product: Unity Personal Version
  Type: Assigned
  Expiration: Unlimited
[Licensing::Client] Successfully updated license, isAsync: True, time: 0.00
[Licensing::Client] Successfully resolved entitlement details
[Licensing::Module] Licensing Background thread has ended after 1.44s
[Licensing::Module] Licensing is initialized (took 0.93s).
[Licensing::Client] Successfully resolved entitlement details
Library Redirect Path: Library/
[Physics::Module] Selected backend.
[Physics::Module] Name: PhysX
[Physics::Module] Id: 0xf2b8ea05
[Physics::Module] SDK Version: 4.1.2
[Physics::Module] Integration Version: 1.0.0
[Physics::Module] Threading Mode: Multi-Threaded
[Licensing::Client] Successfully resolved entitlement details
Initialize engine version: 6000.5.5f1 (d16e074b49fd)
[Subsystems] Discovering subsystems at path /Applications/Unity/Hub/Editor/6000.5.5f1/Unity.app/Contents/Resources/UnitySubsystems
[Subsystems] Discovering subsystems at path /Users/ld/Documents/Codex/2026-08-03/http-localhost-8080-codex-text-link/outputs/SpatialTowerDefensePICO/Assets
Forcing GfxDevice: Null
GfxDevice: creating device client; kGfxThreadingModeNonThreaded
NullGfxDevice:
    Version:  NULL 1.0 [1.0]
    Renderer: Null Device
    Vendor:   Unity Technologies
Initialize mono
Mono path[0] = '/Applications/Unity/Hub/Editor/6000.5.5f1/Unity.app/Contents/Resources/Scripting/Managed'
Mono path[1] = '/Applications/Unity/Hub/Editor/6000.5.5f1/Unity.app/Contents/Resources/Scripting/BCLExtensions/runtime/netstandard2.1'
Mono path[2] = '/Applications/Unity/Hub/Editor/6000.5.5f1/Unity.app/Contents/Resources/Scripting/MonoBleedingEdge/lib/mono/unityjit-macos'
Mono config path = '/Applications/Unity/Hub/Editor/6000.5.5f1/Unity.app/Contents/Resources/Scripting/MonoBleedingEdge/etc'
Using monoOptions --debugger-agent=transport=dt_socket,embedding=1,server=y,suspend=n,address=127.0.0.1:56242
CodeReloadManager initialized
ImportWorker Server TCP listen port: 0
AcceleratorClientConnectionCallback - disconnected - :0
Begin MonoManager ReloadAssembly
Registering precompiled unity dll's ...
Register platform support module: /Applications/Unity/Hub/Editor/6000.5.5f1/PlaybackEngines/WebGLSupport/UnityEditor.WebGL.Extensions.dll
Register platform support module: /Applications/Unity/Hub/Editor/6000.5.5f1/PlaybackEngines/MacStandaloneSupport/UnityEditor.OSXStandalone.Extensions.dll
Register platform support module: /Applications/Unity/Hub/Editor/6000.5.5f1/PlaybackEngines/AndroidPlayer/UnityEditor.Android.Extensions.dll
Registered in 0.002353 seconds.
Native extension for Android target not found
Native extension for OSXStandalone target not found
Native extension for WebGL target not found
Package Manager log level set to [2]
ScheduleIndexationOnStartup MainProcess:False IndexOnStartup:True
Mono: successfully reloaded assembly
- Finished resetting the current domain, in  0.231 seconds
Domain Reload Profiling: 573ms
	BeginReloadAssembly (101ms)
		CreateAndSetChildDomain (12ms)
	RebuildCommonClasses (3ms)
	RebuildNativeTypeToScriptingClass (13ms)
	initialDomainReloadingComplete (36ms)
	LoadAllAssembliesAndSetupDomain (188ms)
		LoadAssemblies (90ms)
		AnalyzeDomain (140ms)
			TypeCache.Refresh (138ms)
				TypeCache.ScanAssembly (126ms)
	FinalizeReload (232ms)
		SetupLoadedEditorAssemblies (0ms)
			InitializePlatformSupportModulesInManaged (10ms)
			BeforeProcessingInitializeOnLoad (49ms)
			ProcessInitializeOnLoadAttributes (58ms)
			ProcessInitializeOnLoadMethodAttributes (71ms)
[Licensing::Client] Successfully resolved entitlement details
[Licensing::Client] Successfully resolved entitlement details
Application.AssetDatabase Initial Refresh Start
[Package Manager] Restoring resolved packages state from cache
[Licensing::Client] Successfully resolved entitlement details
[Package Manager] Registered 58 packages:
  Packages from [https://packages.unity.com]:
    com.unity.ai.assistant@2.17.0-pre.1 (location: /Users/ld/Documents/Codex/2026-08-03/http-localhost-8080-codex-text-link/outputs/SpatialTowerDefensePICO/Library/PackageCache/com.unity.ai.assistant@284c75a8d208)
    com.unity.ai.inference@2.6.1 (location: /Users/ld/Documents/Codex/2026-08-03/http-localhost-8080-codex-text-link/outputs/SpatialTowerDefensePICO/Library/PackageCache/com.unity.ai.inference@9a123aee5df7)
    com.unity.xr.openxr@1.17.1 (location: /Users/ld/Documents/Codex/2026-08-03/http-localhost-8080-codex-text-link/outputs/SpatialTowerDefensePICO/Library/PackageCache/com.unity.xr.openxr@58837b2992e0)
    com.unity.inputsystem@1.19.0 (location: /Users/ld/Documents/Codex/2026-08-03/http-localhost-8080-codex-text-link/outputs/SpatialTowerDefensePICO/Library/PackageCache/com.unity.inputsystem@21a28c3a6c83)
    com.unity.xr.core-utils@2.6.0 (location: /Users/ld/Documents/Codex/2026-08-03/http-localhost-8080-codex-text-link/outputs/SpatialTowerDefensePICO/Library/PackageCache/com.unity.xr.core-utils@a8b900321199)
    com.unity.xr.management@4.5.4 (location: /Users/ld/Documents/Codex/2026-08-03/http-localhost-8080-codex-text-link/outputs/SpatialTowerDefensePICO/Library/PackageCache/com.unity.xr.management@e3a3882b360a)
    com.unity.xr.legacyinputhelpers@3.0.1 (location: /Users/ld/Documents/Codex/2026-08-03/http-localhost-8080-codex-text-link/outputs/SpatialTowerDefensePICO/Library/PackageCache/com.unity.xr.legacyinputhelpers@3f62d634f63b)
    com.unity.burst@1.8.29 (location: /Users/ld/Documents/Codex/2026-08-03/http-localhost-8080-codex-text-link/outputs/SpatialTowerDefensePICO/Library/PackageCache/com.unity.burst@6bb9aca3ef38)
    com.unity.dt.app-ui@2.1.7 (location: /Users/ld/Documents/Codex/2026-08-03/http-localhost-8080-codex-text-link/outputs/SpatialTowerDefensePICO/Library/PackageCache/com.unity.dt.app-ui@b097002a00c2)
    com.unity.nuget.newtonsoft-json@3.2.2 (location: /Users/ld/Documents/Codex/2026-08-03/http-localhost-8080-codex-text-link/outputs/SpatialTowerDefensePICO/Library/PackageCache/com.unity.nuget.newtonsoft-json@4dfd81071c64)
    com.unity.nuget.mono-cecil@1.11.6 (location: /Users/ld/Documents/Codex/2026-08-03/http-localhost-8080-codex-text-link/outputs/SpatialTowerDefensePICO/Library/PackageCache/com.unity.nuget.mono-cecil@ecb9724e46ff)
    com.unity.xr.interaction.toolkit@3.5.1 (location: /Users/ld/Documents/Codex/2026-08-03/http-localhost-8080-codex-text-link/outputs/SpatialTowerDefensePICO/Library/PackageCache/com.unity.xr.interaction.toolkit@63ca3b7ce776)
    com.unity.test-framework.performance@3.5.0 (location: /Users/ld/Documents/Codex/2026-08-03/http-localhost-8080-codex-text-link/outputs/SpatialTowerDefensePICO/Library/PackageCache/com.unity.test-framework.performance@8b56083ec0f0)
  Built-in packages:
    com.unity.multiplayer.center@1.0.1 (location: /Users/ld/Documents/Codex/2026-08-03/http-localhost-8080-codex-text-link/outputs/SpatialTowerDefensePICO/Library/PackageCache/com.unity.multiplayer.center@b860850997d0)
    com.unity.modules.accessibility@1.0.0 (location: /Users/ld/Documents/Codex/2026-08-03/http-localhost-8080-codex-text-link/outputs/SpatialTowerDefensePICO/Library/PackageCache/com.unity.modules.accessibility)
    com.unity.modules.adaptiveperformance@1.0.0 (location: /Users/ld/Documents/Codex/2026-08-03/http-localhost-8080-codex-text-link/outputs/SpatialTowerDefensePICO/Library/PackageCache/com.unity.modules.adaptiveperformance)
    com.unity.modules.ai@1.0.0 (location: /Users/ld/Documents/Codex/2026-08-03/http-localhost-8080-codex-text-link/outputs/SpatialTowerDefensePICO/Library/PackageCache/com.unity.modules.ai)
    com.unity.modules.androidjni@1.0.0 (location: /Users/ld/Documents/Codex/2026-08-03/http-localhost-8080-codex-text-link/outputs/SpatialTowerDefensePICO/Library/PackageCache/com.unity.modules.androidjni)
    com.unity.modules.animation@1.0.0 (location: /Users/ld/Documents/Codex/2026-08-03/http-localhost-8080-codex-text-link/outputs/SpatialTowerDefensePICO/Library/PackageCache/com.unity.modules.animation)
    com.unity.modules.assetbundle@1.0.0 (location: /Users/ld/Documents/Codex/2026-08-03/http-localhost-8080-codex-text-link/outputs/SpatialTowerDefensePICO/Library/PackageCache/com.unity.modules.assetbundle)
    com.unity.modules.audio@1.0.0 (location: /Users/ld/Documents/Codex/2026-08-03/http-localhost-8080-codex-text-link/outputs/SpatialTowerDefensePICO/Library/PackageCache/com.unity.modules.audio)
    com.unity.modules.cloth@1.0.0 (location: /Users/ld/Documents/Codex/2026-08-03/http-localhost-8080-codex-text-link/outputs/SpatialTowerDefensePICO/Library/PackageCache/com.unity.modules.cloth)
    com.unity.modules.director@1.0.0 (location: /Users/ld/Documents/Codex/2026-08-03/http-localhost-8080-codex-text-link/outputs/SpatialTowerDefensePICO/Library/PackageCache/com.unity.modules.director)
    com.unity.modules.imageconversion@1.0.0 (location: /Users/ld/Documents/Codex/2026-08-03/http-localhost-8080-codex-text-link/outputs/SpatialTowerDefensePICO/Library/PackageCache/com.unity.modules.imageconversion)
    com.unity.modules.imgui@1.0.0 (location: /Users/ld/Documents/Codex/2026-08-03/http-localhost-8080-codex-text-link/outputs/SpatialTowerDefensePICO/Library/PackageCache/com.unity.modules.imgui)
    com.unity.modules.jsonserialize@1.0.0 (location: /Users/ld/Documents/Codex/2026-08-03/http-localhost-8080-codex-text-link/outputs/SpatialTowerDefensePICO/Library/PackageCache/com.unity.modules.jsonserialize)
    com.unity.modules.particlesystem@1.0.0 (location: /Users/ld/Documents/Codex/2026-08-03/http-localhost-8080-codex-text-link/outputs/SpatialTowerDefensePICO/Library/PackageCache/com.unity.modules.particlesystem)
    com.unity.modules.physics@1.0.0 (location: /Users/ld/Documents/Codex/2026-08-03/http-localhost-8080-codex-text-link/outputs/SpatialTowerDefensePICO/Library/PackageCache/com.unity.modules.physics)
    com.unity.modules.physics2d@1.0.0 (location: /Users/ld/Documents/Codex/2026-08-03/http-localhost-8080-codex-text-link/outputs/SpatialTowerDefensePICO/Library/PackageCache/com.unity.modules.physics2d)
    com.unity.modules.physicscore2d@1.0.0 (location: /Users/ld/Documents/Codex/2026-08-03/http-localhost-8080-codex-text-link/outputs/SpatialTowerDefensePICO/Library/PackageCache/com.unity.modules.physicscore2d)
    com.unity.modules.screencapture@1.0.0 (location: /Users/ld/Documents/Codex/2026-08-03/http-localhost-8080-codex-text-link/outputs/SpatialTowerDefensePICO/Library/PackageCache/com.unity.modules.screencapture)
    com.unity.modules.terrain@1.0.0 (location: /Users/ld/Documents/Codex/2026-08-03/http-localhost-8080-codex-text-link/outputs/SpatialTowerDefensePICO/Library/PackageCache/com.unity.modules.terrain)
    com.unity.modules.terrainphysics@1.0.0 (location: /Users/ld/Documents/Codex/2026-08-03/http-localhost-8080-codex-text-link/outputs/SpatialTowerDefensePICO/Library/PackageCache/com.unity.modules.terrainphysics)
    com.unity.modules.tilemap@1.0.0 (location: /Users/ld/Documents/Codex/2026-08-03/http-localhost-8080-codex-text-link/outputs/SpatialTowerDefensePICO/Library/PackageCache/com.unity.modules.tilemap)
    com.unity.modules.ui@1.0.0 (location: /Users/ld/Documents/Codex/2026-08-03/http-localhost-8080-codex-text-link/outputs/SpatialTowerDefensePICO/Library/PackageCache/com.unity.modules.ui)
    com.unity.modules.uielements@1.0.0 (location: /Users/ld/Documents/Codex/2026-08-03/http-localhost-8080-codex-text-link/outputs/SpatialTowerDefensePICO/Library/PackageCache/com.unity.modules.uielements)
    com.unity.modules.umbra@1.0.0 (location: /Users/ld/Documents/Codex/2026-08-03/http-localhost-8080-codex-text-link/outputs/SpatialTowerDefensePICO/Library/PackageCache/com.unity.modules.umbra)
    com.unity.modules.unityanalytics@1.0.0 (location: /Users/ld/Documents/Codex/2026-08-03/http-localhost-8080-codex-text-link/outputs/SpatialTowerDefensePICO/Library/PackageCache/com.unity.modules.unityanalytics)
    com.unity.modules.unitywebrequest@1.0.0 (location: /Users/ld/Documents/Codex/2026-08-03/http-localhost-8080-codex-text-link/outputs/SpatialTowerDefensePICO/Library/PackageCache/com.unity.modules.unitywebrequest)
    com.unity.modules.unitywebrequestassetbundle@1.0.0 (location: /Users/ld/Documents/Codex/2026-08-03/http-localhost-8080-codex-text-link/outputs/SpatialTowerDefensePICO/Library/PackageCache/com.unity.modules.unitywebrequestassetbundle)
    com.unity.modules.unitywebrequestaudio@1.0.0 (location: /Users/ld/Documents/Codex/2026-08-03/http-localhost-8080-codex-text-link/outputs/SpatialTowerDefensePICO/Library/PackageCache/com.unity.modules.unitywebrequestaudio)
    com.unity.modules.unitywebrequesttexture@1.0.0 (location: /Users/ld/Documents/Codex/2026-08-03/http-localhost-8080-codex-text-link/outputs/SpatialTowerDefensePICO/Library/PackageCache/com.unity.modules.unitywebrequesttexture)
    com.unity.modules.unitywebrequestwww@1.0.0 (location: /Users/ld/Documents/Codex/2026-08-03/http-localhost-8080-codex-text-link/outputs/SpatialTowerDefensePICO/Library/PackageCache/com.unity.modules.unitywebrequestwww)
    com.unity.modules.vectorgraphics@1.0.0 (location: /Users/ld/Documents/Codex/2026-08-03/http-localhost-8080-codex-text-link/outputs/SpatialTowerDefensePICO/Library/PackageCache/com.unity.modules.vectorgraphics)
    com.unity.modules.vehicles@1.0.0 (location: /Users/ld/Documents/Codex/2026-08-03/http-localhost-8080-codex-text-link/outputs/SpatialTowerDefensePICO/Library/PackageCache/com.unity.modules.vehicles)
    com.unity.modules.video@1.0.0 (location: /Users/ld/Documents/Codex/2026-08-03/http-localhost-8080-codex-text-link/outputs/SpatialTowerDefensePICO/Library/PackageCache/com.unity.modules.video)
    com.unity.modules.wind@1.0.0 (location: /Users/ld/Documents/Codex/2026-08-03/http-localhost-8080-codex-text-link/outputs/SpatialTowerDefensePICO/Library/PackageCache/com.unity.modules.wind)
    com.unity.modules.xr@1.0.0 (location: /Users/ld/Documents/Codex/2026-08-03/http-localhost-8080-codex-text-link/outputs/SpatialTowerDefensePICO/Library/PackageCache/com.unity.modules.xr)
    com.unity.modules.subsystems@1.0.0 (location: /Users/ld/Documents/Codex/2026-08-03/http-localhost-8080-codex-text-link/outputs/SpatialTowerDefensePICO/Library/PackageCache/com.unity.modules.subsystems)
    com.unity.modules.hierarchycore@1.0.0 (location: /Users/ld/Documents/Codex/2026-08-03/http-localhost-8080-codex-text-link/outputs/SpatialTowerDefensePICO/Library/PackageCache/com.unity.modules.hierarchycore)
    com.unity.collections@6.5.0 (location: /Users/ld/Documents/Codex/2026-08-03/http-localhost-8080-codex-text-link/outputs/SpatialTowerDefensePICO/Library/PackageCache/com.unity.collections@a43cabe808ca)
    com.unity.2d.sprite@1.0.0 (location: /Users/ld/Documents/Codex/2026-08-03/http-localhost-8080-codex-text-link/outputs/SpatialTowerDefensePICO/Library/PackageCache/com.unity.2d.sprite@053a968eab56)
    com.unity.mathematics@1.4.0 (location: /Users/ld/Documents/Codex/2026-08-03/http-localhost-8080-codex-text-link/outputs/SpatialTowerDefensePICO/Library/PackageCache/com.unity.mathematics@981956d94fb6)
    com.unity.ugui@2.5.0 (location: /Users/ld/Documents/Codex/2026-08-03/http-localhost-8080-codex-text-link/outputs/SpatialTowerDefensePICO/Library/PackageCache/com.unity.ugui@f2d87ebaaa32)
    com.unity.textmeshpro@5.0.0 (location: /Users/ld/Documents/Codex/2026-08-03/http-localhost-8080-codex-text-link/outputs/SpatialTowerDefensePICO/Library/PackageCache/com.unity.textmeshpro@53f43edfd2e0)
    com.unity.test-framework@1.7.0 (location: /Users/ld/Documents/Codex/2026-08-03/http-localhost-8080-codex-text-link/outputs/SpatialTowerDefensePICO/Library/PackageCache/com.unity.test-framework@1405238725ab)
    com.unity.ext.nunit@2.1.0 (location: /Users/ld/Documents/Codex/2026-08-03/http-localhost-8080-codex-text-link/outputs/SpatialTowerDefensePICO/Library/PackageCache/com.unity.ext.nunit@44f7d31723bd)
  Local packages:
    com.bytedance.pico.xr@file:/Users/ld/Library/PICO/UnitySDK/6.0.0/PICO-Unity-SDK/XR (location: /Users/ld/Library/PICO/UnitySDK/6.0.0/PICO-Unity-SDK/XR)
[Subsystems] Looking for new subsystems at path /Users/ld/Library/PICO/UnitySDK/6.0.0/PICO-Unity-SDK/XR
[Subsystems] Novel subsystem found at /Users/ld/Library/PICO/UnitySDK/6.0.0/PICO-Unity-SDK/XR/Runtime/UnitySubsystemsManifest.json
[Subsystems] Discovering subsystems at path /Applications/Unity/Hub/Editor/6000.5.5f1/Unity.app/Contents/Resources/UnitySubsystems
[Subsystems] Discovering subsystems at path /Users/ld/Documents/Codex/2026-08-03/http-localhost-8080-codex-text-link/outputs/SpatialTowerDefensePICO/Assets
[Subsystems] Discovering subsystems at path /Users/ld/Library/PICO/UnitySDK/6.0.0/PICO-Unity-SDK/XR
[Subsystems] No descriptors matched for  examples in /Users/ld/Library/PICO/UnitySDK/6.0.0/PICO-Unity-SDK/XR/Runtime/UnitySubsystemsManifest.json.
[Subsystems] 1 'inputs' descriptors matched in /Users/ld/Library/PICO/UnitySDK/6.0.0/PICO-Unity-SDK/XR/Runtime/UnitySubsystemsManifest.json
[Subsystems] 1 'displays' descriptors matched in /Users/ld/Library/PICO/UnitySDK/6.0.0/PICO-Unity-SDK/XR/Runtime/UnitySubsystemsManifest.json
[Subsystems] 1 'meshings' descriptors matched in /Users/ld/Library/PICO/UnitySDK/6.0.0/PICO-Unity-SDK/XR/Runtime/UnitySubsystemsManifest.json
[Subsystems] No descriptors matched for  examples in /Users/ld/Library/PICO/UnitySDK/6.0.0/PICO-Unity-SDK/XR/Spatial/UnitySubsystemsManifest.json.
[Subsystems] 1 'inputs' descriptors matched in /Users/ld/Library/PICO/UnitySDK/6.0.0/PICO-Unity-SDK/XR/Spatial/UnitySubsystemsManifest.json
[Subsystems] No descriptors matched for  displays in /Users/ld/Library/PICO/UnitySDK/6.0.0/PICO-Unity-SDK/XR/Spatial/UnitySubsystemsManifest.json.
[Subsystems] 1 'meshings' descriptors matched in /Users/ld/Library/PICO/UnitySDK/6.0.0/PICO-Unity-SDK/XR/Spatial/UnitySubsystemsManifest.json
[Subsystems] Discovering subsystems at path /Users/ld/Documents/Codex/2026-08-03/http-localhost-8080-codex-text-link/outputs/SpatialTowerDefensePICO/Library/PackageCache/com.unity.xr.openxr@58837b2992e0
[Subsystems] No descriptors matched for  examples in Library/PackageCache/com.unity.xr.openxr@58837b2992e0/Runtime/UnitySubsystemsManifest.json.
[Subsystems] 1 'inputs' descriptors matched in Library/PackageCache/com.unity.xr.openxr@58837b2992e0/Runtime/UnitySubsystemsManifest.json
[Subsystems] 1 'displays' descriptors matched in Library/PackageCache/com.unity.xr.openxr@58837b2992e0/Runtime/UnitySubsystemsManifest.json
[Subsystems] No descriptors matched for  meshings in Library/PackageCache/com.unity.xr.openxr@58837b2992e0/Runtime/UnitySubsystemsManifest.json.
[Package Manager] Done registering packages in 0.01 seconds
The GUID inside 'Packages/com.bytedance.pico.xr/Runtime/CompositionLayers.meta' cannot be extracted by the YAML Parser. Attempting to extract it via string matching instead. Please verify the file does not contain unexpected data.
info: Microsoft.Hosting.Lifetime[14]
      Now listening on: http://unix:/tmp/ilpp.sock-3e19fe64f10422ebbff47e68ae62a140
info: Microsoft.Hosting.Lifetime[0]
      Application started. Press Ctrl+C to shut down.
info: Microsoft.Hosting.Lifetime[0]
      Hosting environment: Production
info: Microsoft.Hosting.Lifetime[0]
      Content root path: /Users/ld/Documents/Codex/2026-08-03/http-localhost-8080-codex-text-link/outputs/SpatialTowerDefensePICO
info: Microsoft.AspNetCore.Hosting.Diagnostics[1]
      Request starting HTTP/2 POST http://ilpp/UnityILPP.PostProcessing/Ping - application/grpc -
info: Microsoft.AspNetCore.Routing.EndpointMiddleware[0]
      Executing endpoint 'gRPC - /UnityILPP.PostProcessing/Ping'
info: Microsoft.AspNetCore.Routing.EndpointMiddleware[1]
      Executed endpoint 'gRPC - /UnityILPP.PostProcessing/Ping'
info: Microsoft.AspNetCore.Hosting.Diagnostics[2]
      Request finished HTTP/2 POST http://ilpp/UnityILPP.PostProcessing/Ping - 200 - application/grpc 23.3650ms
Refreshing native plugins compatible for Editor in 8.47 ms, found 13 plugins.
Starting: /Applications/Unity/Hub/Editor/6000.5.5f1/Unity.app/Contents/Resources/BuildPipeline/bee_backend --ipc --defer-dag-verification --dagfile="Library/Bee/1300b0aE.dag" --continue-on-failure --profile="Library/Bee/backend1.traceevents" ScriptAssemblies
WorkingDir: /Users/ld/Documents/Codex/2026-08-03/http-localhost-8080-codex-text-link/outputs/SpatialTowerDefensePICO
DisplayProgressbar: Compiling Scripts
ExitCode: 4 Duration: 0s187ms
Rebuilding DAG because FileSignature timestamp changed: Library/Bee/1300b0aE-inputdata.json
*** Tundra requires additional run (0.17 seconds), 0 items updated, 0 evaluated
Starting: /Applications/Unity/Hub/Editor/6000.5.5f1/Unity.app/Contents/Resources/Scripting/netcorerun/netcorerun "/Applications/Unity/Hub/Editor/6000.5.5f1/Unity.app/Contents/Resources/BuildPipeline/ScriptCompilationBuildProgram.exe" "Library/Bee/1300b0aE.dag.json" "Library/Bee/1300b0aE-inputdata.json" "Library/Bee/buildprogram0.traceevents"
WorkingDir: /Users/ld/Documents/Codex/2026-08-03/http-localhost-8080-codex-text-link/outputs/SpatialTowerDefensePICO
ExitCode: 0 Duration: 1s437ms
Starting: /Applications/Unity/Hub/Editor/6000.5.5f1/Unity.app/Contents/Resources/BuildPipeline/bee_backend --ipc --defer-dag-verification --dagfile="Library/Bee/1300b0aE.dag" --continue-on-failure --dagfilejson="Library/Bee/1300b0aE.dag.json" --profile="Library/Bee/backend2.traceevents" ScriptAssemblies
WorkingDir: /Users/ld/Documents/Codex/2026-08-03/http-localhost-8080-codex-text-link/outputs/SpatialTowerDefensePICO
info: Microsoft.AspNetCore.Hosting.Diagnostics[1]
      Request starting HTTP/2 POST http://ilpp/UnityILPP.PostProcessing/ConfigurePostProcessors - application/grpc -
info: Microsoft.AspNetCore.Routing.EndpointMiddleware[0]
      Executing endpoint 'gRPC - /UnityILPP.PostProcessing/ConfigurePostProcessors'
warn: Unity.ILPP.Runner.PostProcessingAssemblyLoadContext[0]
      Assembly system.runtime.interopservices.windowsruntime has duplicate hint path. Ignoring "/Applications/Unity/Hub/Editor/6000.5.5f1/Unity.app/Contents/Resources/Scripting/UnityReferenceAssemblies/unity-4.8-api/Facades/System.Runtime.InteropServices.WindowsRuntime.dll" in favor of "/Applications/Unity/Hub/Editor/6000.5.5f1/Unity.app/Contents/Resources/Scripting/NetStandard/Extensions/2.0.0/System.Runtime.InteropServices.WindowsRuntime.dll"
warn: Unity.ILPP.Runner.PostProcessingAssemblyLoadContext[0]
      Assembly system.componentmodel.composition has duplicate hint path. Ignoring "/Applications/Unity/Hub/Editor/6000.5.5f1/Unity.app/Contents/Resources/Scripting/UnityReferenceAssemblies/unity-4.8-api/System.ComponentModel.Composition.dll" in favor of "/Applications/Unity/Hub/Editor/6000.5.5f1/Unity.app/Contents/Resources/Scripting/NetStandard/compat/2.1.0/shims/netfx/System.ComponentModel.Composition.dll"
info: Unity.ILPP.Runner.PostProcessingAssemblyLoadContext[0]
      Resolved Unity.Burst.Cecil, Version=0.11.6.0, Culture=neutral, PublicKeyToken=50cebf1cceb9d05e with Library/PackageCache/com.unity.burst@6bb9aca3ef38/Unity.Burst.CodeGen/Unity.Burst.Cecil.dll
info: Unity.ILPP.Runner.PostProcessingAssemblyLoadContext[0]
      Resolved Mono.Cecil, Version=0.11.5.0, Culture=neutral, PublicKeyToken=50cebf1cceb9d05e with Library/PackageCache/com.unity.nuget.mono-cecil@ecb9724e46ff/Mono.Cecil.dll
info: Microsoft.AspNetCore.Routing.EndpointMiddleware[1]
      Executed endpoint 'gRPC - /UnityILPP.PostProcessing/ConfigurePostProcessors'
info: Microsoft.AspNetCore.Hosting.Diagnostics[2]
      Request finished HTTP/2 POST http://ilpp/UnityILPP.PostProcessing/ConfigurePostProcessors - 200 - application/grpc 20.1711ms
ExitCode: 0 Duration: 0s650ms
Finished compiling graph: 1368 nodes, 32344 flattened edges (25834 ToBuild, 246 ToUse), maximum node priority 1644
[1007/1365  0s] ILPP-Configuration Library/ilpp-configuration.nevergeneratedoutput
*** Tundra build success (0.63 seconds), 1 items updated, 1365 evaluated
AssetDatabase: script compilation time: 2.839844s
The GUID inside 'Packages/com.bytedance.pico.xr/Runtime/CompositionLayers.meta' cannot be extracted by the YAML Parser. Attempting to extract it via string matching instead. Please verify the file does not contain unexpected data.
Begin MonoManager ReloadAssembly
Symbol file LoadedFromMemory is not a mono symbol file
Symbol file LoadedFromMemory is not a mono symbol file
The GUID inside 'Packages/com.bytedance.pico.xr/Runtime/CompositionLayers.meta' cannot be extracted by the YAML Parser. Attempting to extract it via string matching instead. Please verify the file does not contain unexpected data.
Refreshing native plugins compatible for Editor in 2.51 ms, found 13 plugins.
Native extension for Android target not found
Native extension for OSXStandalone target not found
Native extension for WebGL target not found
Refreshing native plugins compatible for Editor in 2.63 ms, found 13 plugins.
PXRLog [Build Check]RegisterBuildPlayerHandler,Already Do not show: False
UnityEngine.Debug:ExtractStackTraceNoAlloc (byte*,int,string)
UnityEngine.StackTraceUtility:ExtractStackTrace () (at /Users/bokken/build/output/unity/unity/Runtime/Export/Scripting/StackTrace.cs:35)
UnityEngine.DebugLogHandler:Internal_Log (UnityEngine.LogType,UnityEngine.LogOption,string,UnityEngine.Object)
UnityEngine.DebugLogHandler:LogFormat (UnityEngine.LogType,UnityEngine.Object,string,object[])
UnityEngine.Logger:Log (UnityEngine.LogType,object)
UnityEngine.Debug:Log (object)
ByteDance.PICO.XR.Editor.PXR_SDKBuildCheck:.cctor () (at /Users/ld/Library/PICO/UnitySDK/6.0.0/PICO-Unity-SDK/XR/Editor/PXR_SDKBuildCheck.cs:31)
System.Runtime.CompilerServices.RuntimeHelpers:RunClassConstructor (System.RuntimeTypeHandle)
UnityEditor.EditorAssemblies:ProcessInitializeOnLoadAttributes (System.ReadOnlySpan`1<intptr>) (at /Users/bokken/build/output/unity/unity/Editor/Mono/EditorAssemblies.cs:155)

(Filename: /Users/ld/Library/PICO/UnitySDK/6.0.0/PICO-Unity-SDK/XR/Editor/PXR_SDKBuildCheck.cs Line: 31)

Refreshing native plugins compatible for Editor in 3.05 ms, found 13 plugins.
Starting new worker id: 0 with log in /Users/ld/Documents/Codex/2026-08-03/http-localhost-8080-codex-text-link/outputs/SpatialTowerDefensePICO/Logs/AssetImportWorkerHW0.log
[Licensing::Client] Error: Code 404 while processing request (status: Found 0 entitlement groups and 0 free entitlements matching requested entitlement ids)
[Licensing::Client] Error: Code 404 while processing request (status: Found 0 entitlement groups and 0 free entitlements matching requested entitlement ids)
[Licensing::Client] Error: Code 404 while processing request (status: Found 0 entitlement groups and 0 free entitlements matching requested entitlement ids)
ScheduleIndexationOnStartup MainProcess:True IndexOnStartup:True
Mono: successfully reloaded assembly
- Finished resetting the current domain, in  2.955 seconds
Domain Reload Profiling: 3621ms
	BeginReloadAssembly (215ms)
		DisableScriptedObjects (17ms)
		CreateAndSetChildDomain (133ms)
	RebuildCommonClasses (4ms)
	RebuildNativeTypeToScriptingClass (9ms)
	initialDomainReloadingComplete (34ms)
	LoadAllAssembliesAndSetupDomain (404ms)
		LoadAssemblies (188ms)
		AnalyzeDomain (192ms)
			TypeCache.Refresh (158ms)
				TypeCache.ScanAssembly (144ms)
			BuildScriptInfoCaches (32ms)
	FinalizeReload (2956ms)
		SetupLoadedEditorAssemblies (0ms)
			InitializePlatformSupportModulesInManaged (4ms)
			BeforeProcessingInitializeOnLoad (60ms)
			ProcessInitializeOnLoadAttributes (2311ms)
			ProcessInitializeOnLoadMethodAttributes (476ms)
		AwakeInstancesAfterBackupRestoration (11ms)
The GUID inside 'Packages/com.bytedance.pico.xr/Runtime/CompositionLayers.meta' cannot be extracted by the YAML Parser. Attempting to extract it via string matching instead. Please verify the file does not contain unexpected data.
The GUID inside 'Packages/com.bytedance.pico.xr/Runtime/CompositionLayers.meta' cannot be extracted by the YAML Parser. Attempting to extract it via string matching instead. Please verify the file does not contain unexpected data.
Importing 'GUID: 4a6df479423da487ebe0f97981ea0917 - Path: Assets/XR/Settings/OpenXR Package Settings.asset' with importer (NativeFormatImporter)
Imported 'GUID: 4a6df479423da487ebe0f97981ea0917' -> (Import Result ID: '71d544f62a4453752909039f149b7613') in 0.051 seconds [static dependencies only]. Details - ImportResultOutputID=88e19f4867a308cc6a5e4fc2783f8cf8 DependenciesID=87c6a0cb111d084c25371112e343472a StaticDependenciesID=477bf277e990e25d77a0c1b1de47f57f 
Refreshing native plugins compatible for Editor in 3.20 ms, found 13 plugins.
Preloading 4 native plugins for Editor in 6.01 ms.

Asset Pipeline Refresh (id=dbb878af59c1441e28e4dbbe3901ee6d): Total: 8.050 seconds - Initiated by InitialRefreshV2(ForceSynchronousImport)
	(Values over 0.05ms)
	Summary:
		Imports: total=1 (actual=1, local cache=0, cache server=0)
		Asset DB Process Time: managed=1 ms, native=4115 ms
		Asset DB Callback time: managed=350 ms, native=24 ms
		Scripting: domain reloads=1, domain reload time=686 ms, compile time=2841 ms, other=31 ms
		Project Asset Count: scripts=1963, non-scripts=4945
		Asset File Changes: new=0, changed=0, moved=0, deleted=0
		Scan Filter Count: 1
	InvokePackagesCallback: 13.466ms
	ApplyChangesToAssetFolders: 0.305ms
	Scan: 731.479ms
	Collect global state as custom dependencies: 0.676ms
	CategorizeScriptCompilationAssets: 76.992ms
	ProcessAssetsWithTransientArtifactChanges: 48.576ms
	CategorizeAssets: 64.233ms
	CompileScripts: 2840.912ms
	ImportOutOfDateAssets: 3080.311ms (2977.877ms without children)
		ImportManagerImport: 53.967ms (2.207ms without children)
		UnloadImportedAssets: 0.218ms
		ReloadImportedAssets: 0.068ms
		EnsureUptoDateAssetsAreRegisteredWithGuidPM: 0.712ms
		ImportSchedulerStart: 47.490ms
	PostProcessAllAssets: 351.423ms
		XRBuildSystem.XRAssetImported 0.393ms
		MonoPostProcessAllAssets: 350.139ms
			AssetPostprocessor.OnPostprocessAllAssets 123.103ms
			StyleCatalogPostProcessor.OnPostprocessAllAssets 21.429ms
			AssetCallbacks.OnPostprocessAllAssets 20.306ms
			AssetReferenceReimportMonitor.OnPostprocessAllAssets 20.298ms
			BuilderAssetPostprocessor.OnPostprocessAllAssets 6.493ms
			WindowAssetPostprocessingWatcher.OnPostprocessAllAssets 1.844ms
			SpriteSlicePostprocessor.OnPostprocessAllAssets 1.634ms
			GraphRefreshPostprocessor.OnPostprocessAllAssets 1.193ms
			RetainedModeAssetPostprocessor.OnPostprocessAllAssets 1.175ms
			SyncVS.PostprocessSyncProject 1.038ms
			AssetChangedListener.OnPostprocessAllAssets 0.745ms
			SpeedTree9Postprocessor.OnPostprocessAllAssets 0.578ms
			TextAssetPostProcessor.OnPostprocessAllAssets 0.566ms
			EditModeScopePostprocessor.OnPostprocessAllAssets 0.507ms
			AssetChangeDetector.OnPostprocessAllAssets 0.477ms
			SpriteEditorTexturePostprocessor.OnPostprocessAllAssets 0.463ms
			InputActionAssetPostprocessor.OnPostprocessAllAssets 0.439ms
			ArtifactBrowserPostProcessor.OnPostprocessAllAssets 0.417ms
			InputActionJsonNameModifierAssetProcessor.OnPostprocessAllAssets 0.367ms
			ProjectSettingsPostprocessor.OnPostprocessAllAssets 0.299ms
			AudioMixerPostprocessor.OnPostprocessAllAssets 0.265ms
			SkillsProjectAssetPostprocessor.OnPostprocessAllAssets 0.207ms
			ModelAssetProcessor.OnPostprocessAllAssets 0.202ms
			ConfigAssetsTracker.OnPostprocessAllAssets 0.186ms
			ReferencedClipsPostProcessor.OnPostprocessAllAssets 0.165ms
			TMPro_TexturePostProcessor.OnPostprocessAllAssets 0.160ms
			AssetEvents.OnPostprocessAllAssets 0.147ms
			TerrainToolbarOverlayPostProcessor.OnPostprocessAllAssets 0.129ms
			RenderPipelineGlobalSettingsPostprocessor.OnPostprocessAllAssets 0.088ms
			SpeedTreePostProcessor.OnPostprocessAllAssets 0.085ms
			AssetDatabaseCallbacks.OnPostprocessAllAssets 0.068ms
			ScenarioDriftAssetsTracker.OnPostprocessAllAssets 0.052ms
	PostAssetChangesProfiler: 11.067ms
	UnloadStreamsBegin: 1.953ms
	PersistCurrentRevisions: 0.139ms
	GenerateScriptTypeHashes: 4.058ms
	GenerateScriptTypeSerializationHashes: 6.475ms
	Untracked: 825.800ms

Application.AssetDatabase Initial Refresh End
Scanning for USB devices : 0.174ms
Initializing Unity extensions:
[MODES] ModeService[none].Initialize
[MODES] ModeService[none].LoadModes
[MODES] Loading mode Default (0) for mode-current-id-Yi Nian Lotus City PICO
Unloading 47 Unused Serialized files (Serialized files now loaded: 0)
Unloading 6808 unused Assets / (3.3 MB). Loaded Objects now: 7574.
Memory consumption went from 322.9 MB to 319.6 MB.
Total: 16.844541 ms (FindLiveObjects: 0.281625 ms CreateObjectMapping: 1.319209 ms MarkObjects: 13.220208 ms  DeleteObjects: 2.023292 ms)

Opening scene 'Assets/SpatialTowerDefense/Scenes/SpatialDefense.unity'
Unloading 0 Unused Serialized files (Serialized files now loaded: 0)
Launching external process: /Applications/Unity/Hub/Editor/6000.5.5f1/Unity.app/Contents/Helpers/UnityShaderCompiler
Worker ready: AssetImportWorkerHW0 0
Launched and connected shader compiler UnityShaderCompiler after 0.05 seconds
Loaded scene 'Assets/SpatialTowerDefense/Scenes/SpatialDefense.unity'
	Deserialize:            7.185 ms
	Integration:            272.552 ms
	Integration of assets:  0.027 ms
	Thread Wait Time:       0.019 ms
	Total Operation Time:   279.783 ms
Unloading 2 unused Assets / (1.8 KB). Loaded Objects now: 8091.
Memory consumption went from 320.8 MB to 320.7 MB.
Total: 12.950250 ms (FindLiveObjects: 0.204042 ms CreateObjectMapping: 0.497958 ms MarkObjects: 12.217833 ms  DeleteObjects: 0.030208 ms)

Importing 'GUID: 0000000000000000b000000000000000 - Path: ProjectSettings/EditorBuildSettings.asset' with importer (LibraryAssetImporter)
Imported 'GUID: 0000000000000000b000000000000000' -> (Import Result ID: 'b446e7f977fb1d8a5e32e4e68bf86be0') in 0.009 seconds [static dependencies only]. Details - ImportResultOutputID=4647dd083cfc32cebcd7526e8846440c DependenciesID=1df6234de225deaf53ff5b283f9c26f5 StaticDependenciesID=d3659ef41564260099a2e76fd25479ca 
Refreshing native plugins compatible for Editor in 6.11 ms, found 13 plugins.
Asset Pipeline Refresh (id=8595be6c4c1b148fdb9e7439345ff971): Total: 0.071 seconds - Initiated by StopAssetImportingV2(NoUpdateAssetOptions)
Importing 'GUID: fe59b981d81ac4508be71242c7bd150e - Path: Assets/SpatialTowerDefense/Scenes/SpatialDefense.unity' with importer (DefaultImporter)
Imported 'GUID: fe59b981d81ac4508be71242c7bd150e' -> (Import Result ID: '99629f4e3a501f9302741b440fd9e399') in 0.001 seconds [static dependencies only]. Details - ImportResultOutputID=26ba324c38e71374354183850c89068f DependenciesID=c73946e6cc5a19d1a2b4586697af3fb8 StaticDependenciesID=827045fee6179913cba8f7514c6c29a4 
Refreshing native plugins compatible for Editor in 3.24 ms, found 13 plugins.
Preloading 4 native plugins for Editor in 2.75 ms.
Asset Pipeline Refresh (id=e7454339693e94712980bf33b88abe57): Total: 0.056 seconds - Initiated by StopAssetImportingV2(NoUpdateAssetOptions)
Opening scene 'Assets/SpatialTowerDefense/Scenes/LotusTitleStage.unity'
Unloading 0 Unused Serialized files (Serialized files now loaded: 0)
Loaded scene 'Assets/SpatialTowerDefense/Scenes/LotusTitleStage.unity'
	Deserialize:            0.505 ms
	Integration:            183.724 ms
	Integration of assets:  0.001 ms
	Thread Wait Time:       0.005 ms
	Total Operation Time:   184.235 ms
Unloading 150 unused Assets / (93.1 KB). Loaded Objects now: 7578.
Memory consumption went from 313.5 MB to 313.4 MB.
Total: 13.695167 ms (FindLiveObjects: 0.164833 ms CreateObjectMapping: 0.764792 ms MarkObjects: 12.646125 ms  DeleteObjects: 0.119167 ms)

Importing 'GUID: 43fd0eb1060434511a2fd19ab3910239 - Path: Assets/SpatialTowerDefense/Scenes/LotusTitleStage.unity' with importer (DefaultImporter)
Imported 'GUID: 43fd0eb1060434511a2fd19ab3910239' -> (Import Result ID: 'caaaa090ca2ff1a47dbf16cc3ef39e8b') in 0.001 seconds [static dependencies only]. Details - ImportResultOutputID=7fe99d758510ec63d7355ba15f9f85b7 DependenciesID=3045e8fdad799ed901b25a70520a0fc0 StaticDependenciesID=a68e4be54959b29543349c8fe06e3c85 
Refreshing native plugins compatible for Editor in 2.19 ms, found 13 plugins.
Preloading 4 native plugins for Editor in 2.32 ms.
Asset Pipeline Refresh (id=06204867841364d6a9eb50f4866b817a): Total: 0.056 seconds - Initiated by StopAssetImportingV2(NoUpdateAssetOptions)
The GUID inside 'Packages/com.bytedance.pico.xr/Runtime/CompositionLayers.meta' cannot be extracted by the YAML Parser. Attempting to extract it via string matching instead. Please verify the file does not contain unexpected data.
UnityEngine.Debug:ExtractStackTraceNoAlloc (byte*,int,string)
UnityEngine.StackTraceUtility:ExtractStackTrace () (at /Users/bokken/build/output/unity/unity/Runtime/Export/Scripting/StackTrace.cs:35)
UnityEditor.PlayerSettings:SetUseDefaultGraphicsAPIs (UnityEditor.BuildTarget,bool) (at /Users/bokken/build/output/unity/unity/Editor/Mono/PlayerSettings.bindings.cs:892)
PicoTowerDefenseEditor.ProjectSetup:ConfigurePlayer () (at Assets/SpatialTowerDefense/Editor/ProjectSetup.cs:592)
PicoTowerDefenseEditor.ProjectSetup:Apply () (at Assets/SpatialTowerDefense/Editor/ProjectSetup.cs:40)
PicoTowerDefenseEditor.ProjectSetup:BuildDevelopmentApk () (at Assets/SpatialTowerDefense/Editor/ProjectSetup.cs:450)

[/Users/bokken/build/output/unity/unity/Editor/Mono/PlayerSettings.bindings.cs line 892]

Asset Pipeline Refresh (id=aaf324e7099254472a583342fb0cab29): Total: 0.212 seconds - Initiated by RefreshV2(NoUpdateAssetOptions)
The GUID inside 'Packages/com.bytedance.pico.xr/Runtime/CompositionLayers.meta' cannot be extracted by the YAML Parser. Attempting to extract it via string matching instead. Please verify the file does not contain unexpected data.
UnityEngine.Debug:ExtractStackTraceNoAlloc (byte*,int,string)
UnityEngine.StackTraceUtility:ExtractStackTrace () (at /Users/bokken/build/output/unity/unity/Runtime/Export/Scripting/StackTrace.cs:35)
UnityEditor.PlayerSettings:SetGraphicsAPIsImpl (UnityEditor.BuildTarget,UnityEngine.Rendering.GraphicsDeviceType[])
UnityEditor.PlayerSettings:SetGraphicsAPIs (UnityEditor.BuildTarget,UnityEngine.Rendering.GraphicsDeviceType[]) (at /Users/bokken/build/output/unity/unity/Editor/Mono/PlayerSettings.bindings.cs:879)
PicoTowerDefenseEditor.ProjectSetup:ConfigurePlayer () (at Assets/SpatialTowerDefense/Editor/ProjectSetup.cs:593)
PicoTowerDefenseEditor.ProjectSetup:Apply () (at Assets/SpatialTowerDefense/Editor/ProjectSetup.cs:40)
PicoTowerDefenseEditor.ProjectSetup:BuildDevelopmentApk () (at Assets/SpatialTowerDefense/Editor/ProjectSetup.cs:450)

[Assets/SpatialTowerDefense/Editor/ProjectSetup.cs line 593]

The GUID inside 'Packages/com.bytedance.pico.xr/Runtime/CompositionLayers.meta' cannot be extracted by the YAML Parser. Attempting to extract it via string matching instead. Please verify the file does not contain unexpected data.
UnityEngine.Debug:ExtractStackTraceNoAlloc (byte*,int,string)
UnityEngine.StackTraceUtility:ExtractStackTrace () (at /Users/bokken/build/output/unity/unity/Runtime/Export/Scripting/StackTrace.cs:35)
UnityEditor.PlayerSettings:SetGraphicsAPIsImpl (UnityEditor.BuildTarget,UnityEngine.Rendering.GraphicsDeviceType[])
UnityEditor.PlayerSettings:SetGraphicsAPIs (UnityEditor.BuildTarget,UnityEngine.Rendering.GraphicsDeviceType[]) (at /Users/bokken/build/output/unity/unity/Editor/Mono/PlayerSettings.bindings.cs:879)
PicoTowerDefenseEditor.ProjectSetup:ConfigurePlayer () (at Assets/SpatialTowerDefense/Editor/ProjectSetup.cs:593)
PicoTowerDefenseEditor.ProjectSetup:Apply () (at Assets/SpatialTowerDefense/Editor/ProjectSetup.cs:40)
PicoTowerDefenseEditor.ProjectSetup:BuildDevelopmentApk () (at Assets/SpatialTowerDefense/Editor/ProjectSetup.cs:450)

[Assets/SpatialTowerDefense/Editor/ProjectSetup.cs line 593]


Asset Pipeline Refresh (id=eea2e7a17dbc24eb79085b529f5398db): Total: 0.311 seconds - Initiated by RefreshV2(NoUpdateAssetOptions)
	(Values over 0.05ms)
	Summary:
		Imports: total=0 (actual=0, local cache=0, cache server=0)
		Asset DB Process Time: managed=0 ms, native=310 ms
		Asset DB Callback time: managed=0 ms, native=0 ms
		Scripting: domain reloads=0, domain reload time=0 ms, compile time=0 ms, other=0 ms
		Project Asset Count: scripts=1963, non-scripts=4945
		Asset File Changes: new=0, changed=0, moved=0, deleted=0
		Scan Filter Count: 1
	ApplyChangesToAssetFolders: 0.097ms
	Scan: 234.379ms
	Collect global state as custom dependencies: 0.094ms
	CategorizeAssets: 32.424ms
	ImportOutOfDateAssets: 39.748ms (8.788ms without children)
		UnloadImportedAssets: 0.074ms
		EnsureUptoDateAssetsAreRegisteredWithGuidPM: 0.450ms
		ImportSchedulerStart: 30.417ms
	GatherAllCurrentPrimaryImportResultRevisions: 0.117ms
	PersistCurrentRevisions: 0.140ms
	Untracked: 3.001ms

Importing 'GUID: 00000000000000004000000000000000 - Path: ProjectSettings/ProjectSettings.asset' with importer (LibraryAssetImporter)
Imported 'GUID: 00000000000000004000000000000000' -> (Import Result ID: '1ed1f0de840932e58bb81e7e8ffd0e94') in 0.001 seconds [static dependencies only]. Details - ImportResultOutputID=276a810dac73e1f29404d5e5f692e214 DependenciesID=fcf52aaee3190b4a0cbb5e18327ddb23 StaticDependenciesID=7a9cb858f030abd77fef3c263e6ea070 
Importing 'GUID: 0000000000000000b000000000000000 - Path: ProjectSettings/EditorBuildSettings.asset' with importer (LibraryAssetImporter)
Imported 'GUID: 0000000000000000b000000000000000' -> (Import Result ID: 'b446e7f977fb1d8a5e32e4e68bf86be0') in 0.000 seconds [static dependencies only]. Details - ImportResultOutputID=4647dd083cfc32cebcd7526e8846440c DependenciesID=1df6234de225deaf53ff5b283f9c26f5 StaticDependenciesID=d3659ef41564260099a2e76fd25479ca 
Importing 'GUID: fe2fca2b9848044d7bd0805a00070ea5 - Path: Assets/XR/Settings/XRGeneralSettingsPerBuildTarget.asset' with importer (NativeFormatImporter)
Imported 'GUID: fe2fca2b9848044d7bd0805a00070ea5' -> (Import Result ID: 'b36383854e8dd4286e23207827d8e7df') in 0.001 seconds [static dependencies only]. Details - ImportResultOutputID=9f6352e46bcc60e2edc1f0a2803cd646 DependenciesID=4d2b6354752d67dbee7720c4dfbc10e1 StaticDependenciesID=4665bb101aa996dd4a58904fd1bbf068 
Refreshing native plugins compatible for Editor in 2.88 ms, found 13 plugins.
Asset Pipeline Refresh (id=302eab1608e7b48359f07b0f47629ccf): Total: 0.065 seconds - Initiated by StopAssetImportingV2(NoUpdateAssetOptions)
Importing 'GUID: fe2fca2b9848044d7bd0805a00070ea5 - Path: Assets/XR/Settings/XRGeneralSettingsPerBuildTarget.asset' with importer (NativeFormatImporter)
Imported 'GUID: fe2fca2b9848044d7bd0805a00070ea5' -> (Import Result ID: '71f477aa7a475e136d79ea9aac9a0051') in 0.001 seconds [static dependencies only]. Details - ImportResultOutputID=9f6352e46bcc60e2edc1f0a2803cd646 DependenciesID=b3472d117920ed577547be24c01b5b13 StaticDependenciesID=3a222fd03c06838b62d60d66fadba98a 
Refreshing native plugins compatible for Editor in 2.90 ms, found 13 plugins.
Asset Pipeline Refresh (id=128a514097cfb44a597f81303a0d49db): Total: 0.061 seconds - Initiated by StopAssetImportingV2(NoUpdateAssetOptions)
Importing 'GUID: 14827edc725ef4268abeafa415ba82f3 - Path: Assets/Resources/PXR_ProjectSetting.asset' with importer (NativeFormatImporter)
Imported 'GUID: 14827edc725ef4268abeafa415ba82f3' -> (Import Result ID: '5507e366f10cc02caef769bbad19f3a2') in 0.001 seconds [static dependencies only]. Details - ImportResultOutputID=1eb30d1ea45b0b5781671f8c7aceaf5b DependenciesID=6a246f3f4717f2cc368c1a5177cf1258 StaticDependenciesID=0951217ece816cddb1a8c079e193be7f 
Refreshing native plugins compatible for Editor in 2.20 ms, found 13 plugins.
Asset Pipeline Refresh (id=7c2cebc76426049908e8b400d3abf12b): Total: 0.052 seconds - Initiated by StopAssetImportingV2(NoUpdateAssetOptions)
AcceleratorClientConnectionCallback - disconnected - :0
Importing 'GUID: 00000000000000004000000000000000 - Path: ProjectSettings/ProjectSettings.asset' with importer (LibraryAssetImporter)
Imported 'GUID: 00000000000000004000000000000000' -> (Import Result ID: 'ae4699a95dfb8deb978a974f7f93f4fe') in 0.001 seconds [static dependencies only]. Details - ImportResultOutputID=276a810dac73e1f29404d5e5f692e214 DependenciesID=d00214632252dd42335fe363627a5866 StaticDependenciesID=f714cd9c7967b8a50a0018f0bcb85dd2 
Importing 'GUID: 0000000000000000b000000000000000 - Path: ProjectSettings/EditorBuildSettings.asset' with importer (LibraryAssetImporter)
Imported 'GUID: 0000000000000000b000000000000000' -> (Import Result ID: 'b446e7f977fb1d8a5e32e4e68bf86be0') in 0.000 seconds [static dependencies only]. Details - ImportResultOutputID=4647dd083cfc32cebcd7526e8846440c DependenciesID=1df6234de225deaf53ff5b283f9c26f5 StaticDependenciesID=d3659ef41564260099a2e76fd25479ca 
Importing 'GUID: 2bdcd722d44024ef28a8e228ff7cd5b0 - Path: Assets/XR/Settings/PXR_Settings.asset' with importer (NativeFormatImporter)
Imported 'GUID: 2bdcd722d44024ef28a8e228ff7cd5b0' -> (Import Result ID: '8dd0cb090a3c672250c6184060aebf82') in 0.001 seconds [static dependencies only]. Details - ImportResultOutputID=9c3f8b5dbe3e5afc158bf60da49c7dfd DependenciesID=68d8a06b4191913b09bdff051d6e18d6 StaticDependenciesID=f22dea799c5212d60ca2443d554c22c3 
Importing 'GUID: fe2fca2b9848044d7bd0805a00070ea5 - Path: Assets/XR/Settings/XRGeneralSettingsPerBuildTarget.asset' with importer (NativeFormatImporter)
Imported 'GUID: fe2fca2b9848044d7bd0805a00070ea5' -> (Import Result ID: '71f477aa7a475e136d79ea9aac9a0051') in 0.000 seconds [static dependencies only]. Details - ImportResultOutputID=9f6352e46bcc60e2edc1f0a2803cd646 DependenciesID=b3472d117920ed577547be24c01b5b13 StaticDependenciesID=3a222fd03c06838b62d60d66fadba98a 
Refreshing native plugins compatible for Editor in 2.65 ms, found 13 plugins.
Asset Pipeline Refresh (id=4c03990cb06fc4ffc988941bec6b1d71): Total: 0.059 seconds - Initiated by StopAssetImportingV2(NoUpdateAssetOptions)
The GUID inside 'Packages/com.bytedance.pico.xr/Runtime/CompositionLayers.meta' cannot be extracted by the YAML Parser. Attempting to extract it via string matching instead. Please verify the file does not contain unexpected data.
UnityEngine.Debug:ExtractStackTraceNoAlloc (byte*,int,string)
UnityEngine.StackTraceUtility:ExtractStackTrace () (at /Users/bokken/build/output/unity/unity/Runtime/Export/Scripting/StackTrace.cs:35)
UnityEditor.AssetDatabase:Refresh () (at /Users/bokken/build/output/unity/unity/Modules/AssetDatabase/Editor/ScriptBindings/AssetDatabase.bindings.cs:539)
PicoTowerDefenseEditor.ProjectSetup:Apply () (at Assets/SpatialTowerDefense/Editor/ProjectSetup.cs:46)
PicoTowerDefenseEditor.ProjectSetup:BuildDevelopmentApk () (at Assets/SpatialTowerDefense/Editor/ProjectSetup.cs:450)

[/Users/bokken/build/output/unity/unity/Modules/AssetDatabase/Editor/ScriptBindings/AssetDatabase.bindings.cs line 539]

Asset Pipeline Refresh (id=e1024a8ca74424f24a29f2a6accb0c2e): Total: 0.125 seconds - Initiated by RefreshV2(NoUpdateAssetOptions)
[Spatial Tower Defense] Scene, Android player settings, official PICO XR loader, and controller input configured.
UnityEngine.Debug:ExtractStackTraceNoAlloc (byte*,int,string)
UnityEngine.StackTraceUtility:ExtractStackTrace () (at /Users/bokken/build/output/unity/unity/Runtime/Export/Scripting/StackTrace.cs:35)
UnityEngine.DebugLogHandler:Internal_Log (UnityEngine.LogType,UnityEngine.LogOption,string,UnityEngine.Object)
UnityEngine.DebugLogHandler:LogFormat (UnityEngine.LogType,UnityEngine.Object,string,object[])
UnityEngine.Logger:Log (UnityEngine.LogType,object)
UnityEngine.Debug:Log (object)
PicoTowerDefenseEditor.ProjectSetup:Apply () (at Assets/SpatialTowerDefense/Editor/ProjectSetup.cs:47)
PicoTowerDefenseEditor.ProjectSetup:BuildDevelopmentApk () (at Assets/SpatialTowerDefense/Editor/ProjectSetup.cs:450)

(Filename: Assets/SpatialTowerDefense/Editor/ProjectSetup.cs Line: 47)

Opening scene 'Assets/SpatialTowerDefense/Scenes/LotusTitleStage.unity'
Unloading 46 Unused Serialized files (Serialized files now loaded: 0)
Loaded scene 'Assets/SpatialTowerDefense/Scenes/LotusTitleStage.unity'
	Deserialize:            0.267 ms
	Integration:            200.251 ms
	Integration of assets:  0.001 ms
	Thread Wait Time:       3.061 ms
	Total Operation Time:   203.581 ms
Unloading 413 unused Assets / (355.2 MB). Loaded Objects now: 7582.
Memory consumption went from 0.67 GB to 333.1 MB.
Total: 25.257250 ms (FindLiveObjects: 0.190958 ms CreateObjectMapping: 0.547959 ms MarkObjects: 12.631291 ms  DeleteObjects: 11.886791 ms)

[Yi Nian Lotus City] Title scene ready: only the opaque Figma title shrine is active; gameplay scene is not loaded.
UnityEngine.Debug:ExtractStackTraceNoAlloc (byte*,int,string)
UnityEngine.StackTraceUtility:ExtractStackTrace () (at /Users/bokken/build/output/unity/unity/Runtime/Export/Scripting/StackTrace.cs:35)
UnityEngine.DebugLogHandler:Internal_Log (UnityEngine.LogType,UnityEngine.LogOption,string,UnityEngine.Object)
UnityEngine.DebugLogHandler:LogFormat (UnityEngine.LogType,UnityEngine.Object,string,object[])
UnityEngine.Logger:Log (UnityEngine.LogType,object)
UnityEngine.Debug:Log (object)
PicoTowerDefense.LotusTitleStage:BuildTitleStage () (at Assets/SpatialTowerDefense/Runtime/LotusTitleStage.cs:239)
PicoTowerDefense.LotusTitleStage:RunTitleStageSmokeTest (string&) (at Assets/SpatialTowerDefense/Runtime/LotusTitleStage.cs:244)
PicoTowerDefenseEditor.ProjectSetup:Verify () (at Assets/SpatialTowerDefense/Editor/ProjectSetup.cs:156)
PicoTowerDefenseEditor.ProjectSetup:BuildDevelopmentApk () (at Assets/SpatialTowerDefense/Editor/ProjectSetup.cs:451)

(Filename: Assets/SpatialTowerDefense/Runtime/LotusTitleStage.cs Line: 239)

Opening scene 'Assets/SpatialTowerDefense/Scenes/SpatialDefense.unity'
Unloading 38 Unused Serialized files (Serialized files now loaded: 0)
Loaded scene 'Assets/SpatialTowerDefense/Scenes/SpatialDefense.unity'
	Deserialize:            3.579 ms
	Integration:            207.289 ms
	Integration of assets:  0.030 ms
	Thread Wait Time:       0.004 ms
	Total Operation Time:   210.901 ms
Unloading 260 unused Assets / (149.6 KB). Loaded Objects now: 8098.
Memory consumption went from 320.7 MB to 320.5 MB.
Total: 13.535209 ms (FindLiveObjects: 0.255792 ms CreateObjectMapping: 0.539250 ms MarkObjects: 12.479458 ms  DeleteObjects: 0.260417 ms)

[Objective] No authored temple exists in this isolated smoke-test world; using the route endpoint as a temporary fallback marker.
UnityEngine.Debug:ExtractStackTraceNoAlloc (byte*,int,string)
UnityEngine.StackTraceUtility:ExtractStackTrace () (at /Users/bokken/build/output/unity/unity/Runtime/Export/Scripting/StackTrace.cs:35)
UnityEngine.DebugLogHandler:Internal_Log (UnityEngine.LogType,UnityEngine.LogOption,string,UnityEngine.Object)
UnityEngine.DebugLogHandler:LogFormat (UnityEngine.LogType,UnityEngine.Object,string,object[])
UnityEngine.Logger:Log (UnityEngine.LogType,object,UnityEngine.Object)
UnityEngine.Debug:Log (object,UnityEngine.Object)
PicoTowerDefense.SpatialTowerDefenseGame:BuildObjective () (at Assets/SpatialTowerDefense/Runtime/SpatialTowerDefenseGame.cs:1457)
PicoTowerDefense.SpatialTowerDefenseGame:BuildWorld () (at Assets/SpatialTowerDefense/Runtime/SpatialTowerDefenseGame.cs:256)
PicoTowerDefense.SpatialTowerDefenseGame:RunMergeRuleSmokeTest (string&) (at Assets/SpatialTowerDefense/Runtime/SpatialTowerDefenseGame.cs:315)
PicoTowerDefenseEditor.ProjectSetup:Verify () (at Assets/SpatialTowerDefense/Editor/ProjectSetup.cs:269)
PicoTowerDefenseEditor.ProjectSetup:BuildDevelopmentApk () (at Assets/SpatialTowerDefense/Editor/ProjectSetup.cs:451)

(Filename: Assets/SpatialTowerDefense/Runtime/SpatialTowerDefenseGame.cs Line: 1457)

[Objective] No authored temple exists in this isolated smoke-test world; using the route endpoint as a temporary fallback marker.
UnityEngine.Debug:ExtractStackTraceNoAlloc (byte*,int,string)
UnityEngine.StackTraceUtility:ExtractStackTrace () (at /Users/bokken/build/output/unity/unity/Runtime/Export/Scripting/StackTrace.cs:35)
UnityEngine.DebugLogHandler:Internal_Log (UnityEngine.LogType,UnityEngine.LogOption,string,UnityEngine.Object)
UnityEngine.DebugLogHandler:LogFormat (UnityEngine.LogType,UnityEngine.Object,string,object[])
UnityEngine.Logger:Log (UnityEngine.LogType,object,UnityEngine.Object)
UnityEngine.Debug:Log (object,UnityEngine.Object)
PicoTowerDefense.SpatialTowerDefenseGame:BuildObjective () (at Assets/SpatialTowerDefense/Runtime/SpatialTowerDefenseGame.cs:1457)
PicoTowerDefense.SpatialTowerDefenseGame:BuildWorld () (at Assets/SpatialTowerDefense/Runtime/SpatialTowerDefenseGame.cs:256)
PicoTowerDefense.SpatialTowerDefenseGame:RunManualDragInteractionSmokeTest (string&) (at Assets/SpatialTowerDefense/Runtime/SpatialTowerDefenseGame.cs:360)
PicoTowerDefenseEditor.ProjectSetup:Verify () (at Assets/SpatialTowerDefense/Editor/ProjectSetup.cs:283)
PicoTowerDefenseEditor.ProjectSetup:BuildDevelopmentApk () (at Assets/SpatialTowerDefense/Editor/ProjectSetup.cs:451)

(Filename: Assets/SpatialTowerDefense/Runtime/SpatialTowerDefenseGame.cs Line: 1457)

[Objective] No authored temple exists in this isolated smoke-test world; using the route endpoint as a temporary fallback marker.
UnityEngine.Debug:ExtractStackTraceNoAlloc (byte*,int,string)
UnityEngine.StackTraceUtility:ExtractStackTrace () (at /Users/bokken/build/output/unity/unity/Runtime/Export/Scripting/StackTrace.cs:35)
UnityEngine.DebugLogHandler:Internal_Log (UnityEngine.LogType,UnityEngine.LogOption,string,UnityEngine.Object)
UnityEngine.DebugLogHandler:LogFormat (UnityEngine.LogType,UnityEngine.Object,string,object[])
UnityEngine.Logger:Log (UnityEngine.LogType,object,UnityEngine.Object)
UnityEngine.Debug:Log (object,UnityEngine.Object)
PicoTowerDefense.SpatialTowerDefenseGame:BuildObjective () (at Assets/SpatialTowerDefense/Runtime/SpatialTowerDefenseGame.cs:1457)
PicoTowerDefense.SpatialTowerDefenseGame:BuildWorld () (at Assets/SpatialTowerDefense/Runtime/SpatialTowerDefenseGame.cs:256)
PicoTowerDefense.SpatialTowerDefenseGame:RunBuildCardDragSmokeTest (string&) (at Assets/SpatialTowerDefense/Runtime/SpatialTowerDefenseGame.cs:411)
PicoTowerDefenseEditor.ProjectSetup:Verify () (at Assets/SpatialTowerDefense/Editor/ProjectSetup.cs:297)
PicoTowerDefenseEditor.ProjectSetup:BuildDevelopmentApk () (at Assets/SpatialTowerDefense/Editor/ProjectSetup.cs:451)

(Filename: Assets/SpatialTowerDefense/Runtime/SpatialTowerDefenseGame.cs Line: 1457)

[Objective] No authored temple exists in this isolated smoke-test world; using the route endpoint as a temporary fallback marker.
UnityEngine.Debug:ExtractStackTraceNoAlloc (byte*,int,string)
UnityEngine.StackTraceUtility:ExtractStackTrace () (at /Users/bokken/build/output/unity/unity/Runtime/Export/Scripting/StackTrace.cs:35)
UnityEngine.DebugLogHandler:Internal_Log (UnityEngine.LogType,UnityEngine.LogOption,string,UnityEngine.Object)
UnityEngine.DebugLogHandler:LogFormat (UnityEngine.LogType,UnityEngine.Object,string,object[])
UnityEngine.Logger:Log (UnityEngine.LogType,object,UnityEngine.Object)
UnityEngine.Debug:Log (object,UnityEngine.Object)
PicoTowerDefense.SpatialTowerDefenseGame:BuildObjective () (at Assets/SpatialTowerDefense/Runtime/SpatialTowerDefenseGame.cs:1457)
PicoTowerDefense.SpatialTowerDefenseGame:BuildWorld () (at Assets/SpatialTowerDefense/Runtime/SpatialTowerDefenseGame.cs:256)
PicoTowerDefense.SpatialTowerDefenseGame:RunPlayerWeaponSmokeTest (string&) (at Assets/SpatialTowerDefense/Runtime/SpatialTowerDefenseGame.cs:440)
PicoTowerDefenseEditor.ProjectSetup:Verify () (at Assets/SpatialTowerDefense/Editor/ProjectSetup.cs:311)
PicoTowerDefenseEditor.ProjectSetup:BuildDevelopmentApk () (at Assets/SpatialTowerDefense/Editor/ProjectSetup.cs:451)

(Filename: Assets/SpatialTowerDefense/Runtime/SpatialTowerDefenseGame.cs Line: 1457)

[Objective] No authored temple exists in this isolated smoke-test world; using the route endpoint as a temporary fallback marker.
UnityEngine.Debug:ExtractStackTraceNoAlloc (byte*,int,string)
UnityEngine.StackTraceUtility:ExtractStackTrace () (at /Users/bokken/build/output/unity/unity/Runtime/Export/Scripting/StackTrace.cs:35)
UnityEngine.DebugLogHandler:Internal_Log (UnityEngine.LogType,UnityEngine.LogOption,string,UnityEngine.Object)
UnityEngine.DebugLogHandler:LogFormat (UnityEngine.LogType,UnityEngine.Object,string,object[])
UnityEngine.Logger:Log (UnityEngine.LogType,object,UnityEngine.Object)
UnityEngine.Debug:Log (object,UnityEngine.Object)
PicoTowerDefense.SpatialTowerDefenseGame:BuildObjective () (at Assets/SpatialTowerDefense/Runtime/SpatialTowerDefenseGame.cs:1457)
PicoTowerDefense.SpatialTowerDefenseGame:BuildWorld () (at Assets/SpatialTowerDefense/Runtime/SpatialTowerDefenseGame.cs:256)
PicoTowerDefense.SpatialTowerDefenseGame:RunCombatContinuitySmokeTest (string&) (at Assets/SpatialTowerDefense/Runtime/SpatialTowerDefenseGame.cs:469)
PicoTowerDefenseEditor.ProjectSetup:Verify () (at Assets/SpatialTowerDefense/Editor/ProjectSetup.cs:325)
PicoTowerDefenseEditor.ProjectSetup:BuildDevelopmentApk () (at Assets/SpatialTowerDefense/Editor/ProjectSetup.cs:451)

(Filename: Assets/SpatialTowerDefense/Runtime/SpatialTowerDefenseGame.cs Line: 1457)

[Objective] No authored temple exists in this isolated smoke-test world; using the route endpoint as a temporary fallback marker.
UnityEngine.Debug:ExtractStackTraceNoAlloc (byte*,int,string)
UnityEngine.StackTraceUtility:ExtractStackTrace () (at /Users/bokken/build/output/unity/unity/Runtime/Export/Scripting/StackTrace.cs:35)
UnityEngine.DebugLogHandler:Internal_Log (UnityEngine.LogType,UnityEngine.LogOption,string,UnityEngine.Object)
UnityEngine.DebugLogHandler:LogFormat (UnityEngine.LogType,UnityEngine.Object,string,object[])
UnityEngine.Logger:Log (UnityEngine.LogType,object,UnityEngine.Object)
UnityEngine.Debug:Log (object,UnityEngine.Object)
PicoTowerDefense.SpatialTowerDefenseGame:BuildObjective () (at Assets/SpatialTowerDefense/Runtime/SpatialTowerDefenseGame.cs:1457)
PicoTowerDefense.SpatialTowerDefenseGame:BuildWorld () (at Assets/SpatialTowerDefense/Runtime/SpatialTowerDefenseGame.cs:256)
PicoTowerDefense.SpatialTowerDefenseGame:RunStartupCoverCleanupSmokeTest (string&) (at Assets/SpatialTowerDefense/Runtime/SpatialTowerDefenseGame.cs:513)
PicoTowerDefenseEditor.ProjectSetup:Verify () (at Assets/SpatialTowerDefense/Editor/ProjectSetup.cs:339)
PicoTowerDefenseEditor.ProjectSetup:BuildDevelopmentApk () (at Assets/SpatialTowerDefense/Editor/ProjectSetup.cs:451)

(Filename: Assets/SpatialTowerDefense/Runtime/SpatialTowerDefenseGame.cs Line: 1457)

[Objective] No authored temple exists in this isolated smoke-test world; using the route endpoint as a temporary fallback marker.
UnityEngine.Debug:ExtractStackTraceNoAlloc (byte*,int,string)
UnityEngine.StackTraceUtility:ExtractStackTrace () (at /Users/bokken/build/output/unity/unity/Runtime/Export/Scripting/StackTrace.cs:35)
UnityEngine.DebugLogHandler:Internal_Log (UnityEngine.LogType,UnityEngine.LogOption,string,UnityEngine.Object)
UnityEngine.DebugLogHandler:LogFormat (UnityEngine.LogType,UnityEngine.Object,string,object[])
UnityEngine.Logger:Log (UnityEngine.LogType,object,UnityEngine.Object)
UnityEngine.Debug:Log (object,UnityEngine.Object)
PicoTowerDefense.SpatialTowerDefenseGame:BuildObjective () (at Assets/SpatialTowerDefense/Runtime/SpatialTowerDefenseGame.cs:1457)
PicoTowerDefense.SpatialTowerDefenseGame:BuildWorld () (at Assets/SpatialTowerDefense/Runtime/SpatialTowerDefenseGame.cs:256)
PicoTowerDefense.SpatialTowerDefenseGame:RunWorldSpacePresentationSmokeTest (string&) (at Assets/SpatialTowerDefense/Runtime/SpatialTowerDefenseGame.cs:529)
PicoTowerDefenseEditor.ProjectSetup:Verify () (at Assets/SpatialTowerDefense/Editor/ProjectSetup.cs:353)
PicoTowerDefenseEditor.ProjectSetup:BuildDevelopmentApk () (at Assets/SpatialTowerDefense/Editor/ProjectSetup.cs:451)

(Filename: Assets/SpatialTowerDefense/Runtime/SpatialTowerDefenseGame.cs Line: 1457)

[Yi Nian Lotus City] VERIFY PASSED: three-level spatial temple, purification theme, left-hand card/tower placement, right-hand keeper purification, movable restored towers, manual merges through level three, 25 waves with one boss every five waves, PICO immersive VR manifest, PICO XR 6.0.0 loader, Multiview, ARM64/IL2CPP, and controller input are valid.
UnityEngine.Debug:ExtractStackTraceNoAlloc (byte*,int,string)
UnityEngine.StackTraceUtility:ExtractStackTrace () (at /Users/bokken/build/output/unity/unity/Runtime/Export/Scripting/StackTrace.cs:35)
UnityEngine.DebugLogHandler:Internal_Log (UnityEngine.LogType,UnityEngine.LogOption,string,UnityEngine.Object)
UnityEngine.DebugLogHandler:LogFormat (UnityEngine.LogType,UnityEngine.Object,string,object[])
UnityEngine.Logger:Log (UnityEngine.LogType,object)
UnityEngine.Debug:Log (object)
PicoTowerDefenseEditor.ProjectSetup:Verify () (at Assets/SpatialTowerDefense/Editor/ProjectSetup.cs:363)
PicoTowerDefenseEditor.ProjectSetup:BuildDevelopmentApk () (at Assets/SpatialTowerDefense/Editor/ProjectSetup.cs:451)

(Filename: Assets/SpatialTowerDefense/Editor/ProjectSetup.cs Line: 363)

appID is not configured
UnityEngine.Debug:ExtractStackTraceNoAlloc (byte*,int,string)
UnityEngine.StackTraceUtility:ExtractStackTrace () (at /Users/bokken/build/output/unity/unity/Runtime/Export/Scripting/StackTrace.cs:35)
UnityEngine.DebugLogHandler:Internal_Log (UnityEngine.LogType,UnityEngine.LogOption,string,UnityEngine.Object)
UnityEngine.DebugLogHandler:LogFormat (UnityEngine.LogType,UnityEngine.Object,string,object[])
UnityEngine.Logger:Log (UnityEngine.LogType,object)
UnityEngine.Debug:LogWarning (object)
ByteDance.PICO.Platform.Editor.PlatformPreprocessor:OnPreprocessBuild (UnityEditor.Build.Reporting.BuildReport) (at /Users/ld/Library/PICO/UnitySDK/6.0.0/PICO-Unity-SDK/XR/Platform/Editor/PlatformPreprocessor.cs:32)
UnityEditor.Build.BuildPipelineInterfaces/<>c__DisplayClass17_0:<OnBuildPreProcess>b__1 (UnityEditor.Build.IPreprocessBuildWithReport) (at /Users/bokken/build/output/unity/unity/Editor/Mono/BuildPipeline/BuildPipelineInterfaces.cs:1131)
UnityEditor.Build.BuildPipelineInterfaces:InvokeCallbackInterfacesPair<UnityEditor.Build.IPreprocessBuild, UnityEditor.Build.IPreprocessBuildWithReport> (System.Collections.Generic.List`1<UnityEditor.Build.IPreprocessBuild>,System.Action`1<UnityEditor.Build.IPreprocessBuild>,System.Collections.Generic.List`1<UnityEditor.Build.IPreprocessBuildWithReport>,System.Action`1<UnityEditor.Build.IPreprocessBuildWithReport>,bool) (at /Users/bokken/build/output/unity/unity/Editor/Mono/BuildPipeline/BuildPipelineInterfaces.cs:1090)
UnityEditor.Build.BuildPipelineInterfaces:OnBuildPreProcess (UnityEditor.Build.Reporting.BuildReport) (at /Users/bokken/build/output/unity/unity/Editor/Mono/BuildPipeline/BuildPipelineInterfaces.cs:1122)
UnityEditor.BuildPipeline:BuildPlayerInternal (string[],string,string,UnityEditor.BuildTargetGroup,UnityEditor.BuildTarget,int,UnityEditor.BuildOptions,string[],string[],bool)
UnityEditor.BuildPipeline:BuildPlayer (UnityEditor.BuildPlayerOptions) (at /Users/bokken/build/output/unity/unity/Editor/Mono/BuildPipeline/BuildPipeline.bindings.cs:267)
PicoTowerDefenseEditor.ProjectSetup:BuildDevelopmentApk () (at Assets/SpatialTowerDefense/Editor/ProjectSetup.cs:463)

(Filename: /Users/ld/Library/PICO/UnitySDK/6.0.0/PICO-Unity-SDK/XR/Platform/Editor/PlatformPreprocessor.cs Line: 32)

[TestRunBuilder] Creating new file 'Assets/Resources/PerformanceTestRunInfo.json' (2892 bytes)
UnityEngine.Debug:ExtractStackTraceNoAlloc (byte*,int,string)
UnityEngine.StackTraceUtility:ExtractStackTrace () (at /Users/bokken/build/output/unity/unity/Runtime/Export/Scripting/StackTrace.cs:35)
UnityEngine.DebugLogHandler:Internal_Log (UnityEngine.LogType,UnityEngine.LogOption,string,UnityEngine.Object)
UnityEngine.DebugLogHandler:LogFormat (UnityEngine.LogType,UnityEngine.Object,string,object[])
UnityEngine.Logger:Log (UnityEngine.LogType,object)
UnityEngine.Debug:Log (object)
Unity.PerformanceTesting.Editor.TestRunBuilder:SaveToStorage (object,string) (at ./Library/PackageCache/com.unity.test-framework.performance@8b56083ec0f0/Editor/TestRunBuilder.cs:242)
Unity.PerformanceTesting.Editor.TestRunBuilder:OnPreprocessBuild (UnityEditor.Build.Reporting.BuildReport) (at ./Library/PackageCache/com.unity.test-framework.performance@8b56083ec0f0/Editor/TestRunBuilder.cs:35)
UnityEditor.Build.BuildPipelineInterfaces/<>c__DisplayClass17_0:<OnBuildPreProcess>b__1 (UnityEditor.Build.IPreprocessBuildWithReport) (at /Users/bokken/build/output/unity/unity/Editor/Mono/BuildPipeline/BuildPipelineInterfaces.cs:1131)
UnityEditor.Build.BuildPipelineInterfaces:InvokeCallbackInterfacesPair<UnityEditor.Build.IPreprocessBuild, UnityEditor.Build.IPreprocessBuildWithReport> (System.Collections.Generic.List`1<UnityEditor.Build.IPreprocessBuild>,System.Action`1<UnityEditor.Build.IPreprocessBuild>,System.Collections.Generic.List`1<UnityEditor.Build.IPreprocessBuildWithReport>,System.Action`1<UnityEditor.Build.IPreprocessBuildWithReport>,bool) (at /Users/bokken/build/output/unity/unity/Editor/Mono/BuildPipeline/BuildPipelineInterfaces.cs:1090)
UnityEditor.Build.BuildPipelineInterfaces:OnBuildPreProcess (UnityEditor.Build.Reporting.BuildReport) (at /Users/bokken/build/output/unity/unity/Editor/Mono/BuildPipeline/BuildPipelineInterfaces.cs:1122)
UnityEditor.BuildPipeline:BuildPlayerInternal (string[],string,string,UnityEditor.BuildTargetGroup,UnityEditor.BuildTarget,int,UnityEditor.BuildOptions,string[],string[],bool)
UnityEditor.BuildPipeline:BuildPlayer (UnityEditor.BuildPlayerOptions) (at /Users/bokken/build/output/unity/unity/Editor/Mono/BuildPipeline/BuildPipeline.bindings.cs:267)
PicoTowerDefenseEditor.ProjectSetup:BuildDevelopmentApk () (at Assets/SpatialTowerDefense/Editor/ProjectSetup.cs:463)

(Filename: ./Library/PackageCache/com.unity.test-framework.performance@8b56083ec0f0/Editor/TestRunBuilder.cs Line: 242)

[TestRunBuilder] Creating new file 'Assets/Resources/PerformanceTestRunSettings.json' (23 bytes)
UnityEngine.Debug:ExtractStackTraceNoAlloc (byte*,int,string)
UnityEngine.StackTraceUtility:ExtractStackTrace () (at /Users/bokken/build/output/unity/unity/Runtime/Export/Scripting/StackTrace.cs:35)
UnityEngine.DebugLogHandler:Internal_Log (UnityEngine.LogType,UnityEngine.LogOption,string,UnityEngine.Object)
UnityEngine.DebugLogHandler:LogFormat (UnityEngine.LogType,UnityEngine.Object,string,object[])
UnityEngine.Logger:Log (UnityEngine.LogType,object)
UnityEngine.Debug:Log (object)
Unity.PerformanceTesting.Editor.TestRunBuilder:SaveToStorage (object,string) (at ./Library/PackageCache/com.unity.test-framework.performance@8b56083ec0f0/Editor/TestRunBuilder.cs:242)
Unity.PerformanceTesting.Editor.TestRunBuilder:OnPreprocessBuild (UnityEditor.Build.Reporting.BuildReport) (at ./Library/PackageCache/com.unity.test-framework.performance@8b56083ec0f0/Editor/TestRunBuilder.cs:38)
UnityEditor.Build.BuildPipelineInterfaces/<>c__DisplayClass17_0:<OnBuildPreProcess>b__1 (UnityEditor.Build.IPreprocessBuildWithReport) (at /Users/bokken/build/output/unity/unity/Editor/Mono/BuildPipeline/BuildPipelineInterfaces.cs:1131)
UnityEditor.Build.BuildPipelineInterfaces:InvokeCallbackInterfacesPair<UnityEditor.Build.IPreprocessBuild, UnityEditor.Build.IPreprocessBuildWithReport> (System.Collections.Generic.List`1<UnityEditor.Build.IPreprocessBuild>,System.Action`1<UnityEditor.Build.IPreprocessBuild>,System.Collections.Generic.List`1<UnityEditor.Build.IPreprocessBuildWithReport>,System.Action`1<UnityEditor.Build.IPreprocessBuildWithReport>,bool) (at /Users/bokken/build/output/unity/unity/Editor/Mono/BuildPipeline/BuildPipelineInterfaces.cs:1090)
UnityEditor.Build.BuildPipelineInterfaces:OnBuildPreProcess (UnityEditor.Build.Reporting.BuildReport) (at /Users/bokken/build/output/unity/unity/Editor/Mono/BuildPipeline/BuildPipelineInterfaces.cs:1122)
UnityEditor.BuildPipeline:BuildPlayerInternal (string[],string,string,UnityEditor.BuildTargetGroup,UnityEditor.BuildTarget,int,UnityEditor.BuildOptions,string[],string[],bool)
UnityEditor.BuildPipeline:BuildPlayer (UnityEditor.BuildPlayerOptions) (at /Users/bokken/build/output/unity/unity/Editor/Mono/BuildPipeline/BuildPipeline.bindings.cs:267)
PicoTowerDefenseEditor.ProjectSetup:BuildDevelopmentApk () (at Assets/SpatialTowerDefense/Editor/ProjectSetup.cs:463)

(Filename: ./Library/PackageCache/com.unity.test-framework.performance@8b56083ec0f0/Editor/TestRunBuilder.cs Line: 242)

AcceleratorClientConnectionCallback - disconnected - :0
Importing 'GUID: 00000000000000004000000000000000 - Path: ProjectSettings/ProjectSettings.asset' with importer (LibraryAssetImporter)
Imported 'GUID: 00000000000000004000000000000000' -> (Import Result ID: '7703ba3e584b0041d46a74ad4b3bbbd8') in 0.001 seconds [static dependencies only]. Details - ImportResultOutputID=276a810dac73e1f29404d5e5f692e214 DependenciesID=2edd3e9798b45bb383ebe19c9694a64a StaticDependenciesID=2a2a5aa2fd2c17bc30de919ebd977d40 
Importing 'GUID: 00000000000000009000000000000000 - Path: ProjectSettings/QualitySettings.asset' with importer (LibraryAssetImporter)
Imported 'GUID: 00000000000000009000000000000000' -> (Import Result ID: 'bc74958f2115ff9ee25998901c2a79e7') in 0.000 seconds [static dependencies only]. Details - ImportResultOutputID=7b12711da11c94ad897442b4820d3f7b DependenciesID=c7825732f353a8a4c0365d1ae600f8a6 StaticDependenciesID=87a0266b15ba487aa45a366537d265fd 
Importing 'GUID: 4a6df479423da487ebe0f97981ea0917 - Path: Assets/XR/Settings/OpenXR Package Settings.asset' with importer (NativeFormatImporter)
Imported 'GUID: 4a6df479423da487ebe0f97981ea0917' -> (Import Result ID: '71d544f62a4453752909039f149b7613') in 0.001 seconds [static dependencies only]. Details - ImportResultOutputID=88e19f4867a308cc6a5e4fc2783f8cf8 DependenciesID=87c6a0cb111d084c25371112e343472a StaticDependenciesID=477bf277e990e25d77a0c1b1de47f57f 
Refreshing native plugins compatible for Editor in 2.57 ms, found 13 plugins.
Asset Pipeline Refresh (id=27d6d5a8833e540e3a4d709c4d024163): Total: 0.063 seconds - Initiated by StopAssetImportingV2(NoUpdateAssetOptions)
DisplayProgressbar: Checking prerequisites
Reporting tool paths:
 JDK: '/Applications/Unity/Hub/Editor/6000.5.5f1/PlaybackEngines/AndroidPlayer/OpenJDK'
 Android SDK: '/Applications/Unity/Hub/Editor/6000.5.5f1/PlaybackEngines/AndroidPlayer/SDK'
 Android NDK: '/Applications/Unity/Hub/Editor/6000.5.5f1/PlaybackEngines/AndroidPlayer/NDK'
 Gradle: '/Applications/Unity/Hub/Editor/6000.5.5f1/PlaybackEngines/AndroidPlayer/Tools/gradle' (Gradle Version: '9.1.0' Android Plugin Version: '9.0.0')
Android PostProcess task "Checking prerequisites" took 11.9264 ms
DisplayProgressbar: Detect Java Development Kit (JDK)
Android PostProcess task "Detect Java Development Kit (JDK)" took 77.2399 ms
DisplayProgressbar: Detecting Android SDK
AndroidSDKTools:

	root          : /Applications/Unity/Hub/Editor/6000.5.5f1/PlaybackEngines/AndroidPlayer/SDK
	cmdline-tools : /Applications/Unity/Hub/Editor/6000.5.5f1/PlaybackEngines/AndroidPlayer/SDK/cmdline-tools/16.0
	platform-tools: /Applications/Unity/Hub/Editor/6000.5.5f1/PlaybackEngines/AndroidPlayer/SDK/platform-tools
	build-tools   : /Applications/Unity/Hub/Editor/6000.5.5f1/PlaybackEngines/AndroidPlayer/SDK/build-tools/36.0.0

	adb           : /Applications/Unity/Hub/Editor/6000.5.5f1/PlaybackEngines/AndroidPlayer/SDK/platform-tools/adb

Android PostProcess task "Detecting Android SDK" took 2065.8085 ms
DisplayProgressbar: Detect Android NDK
Android PostProcess task "Detect Android NDK" took 0.6691 ms
Android PostProcess task "Trying to find a suitable Android device" took 0.271 ms
DisplayProgressbar: Check resources
Android PostProcess task "Check resources" took 0.1375 ms
DisplayProgressbar: Check Android Player Settings
Android PostProcess task "Check Android Player Settings" took 0.4575 ms
info: Microsoft.AspNetCore.Hosting.Diagnostics[1]
      Request starting HTTP/2 POST http://ilpp/UnityILPP.PostProcessing/Ping - application/grpc -
info: Microsoft.AspNetCore.Routing.EndpointMiddleware[0]
      Executing endpoint 'gRPC - /UnityILPP.PostProcessing/Ping'
info: Microsoft.AspNetCore.Routing.EndpointMiddleware[1]
      Executed endpoint 'gRPC - /UnityILPP.PostProcessing/Ping'
info: Microsoft.AspNetCore.Hosting.Diagnostics[2]
      Request finished HTTP/2 POST http://ilpp/UnityILPP.PostProcessing/Ping - 200 - application/grpc 0.7150ms
Starting: /Applications/Unity/Hub/Editor/6000.5.5f1/Unity.app/Contents/Resources/BuildPipeline/bee_backend --ipc --defer-dag-verification --dagfile="Library/Bee/1300b0aESkipCompile.dag" --continue-on-failure --profile="Library/Bee/backend1.traceevents" ScriptAssembliesAndTypeDB
WorkingDir: /Users/ld/Documents/Codex/2026-08-03/http-localhost-8080-codex-text-link/outputs/SpatialTowerDefensePICO
DisplayProgressbar: Compiling Scripts
ExitCode: 0 Duration: 2s420ms
[2/3        2s] BuildPlayerDataGenerator Library/BuildPlayerData/Editor/TypeDb-All.json
*** Tundra build success (2.40 seconds), 1 items updated, 3 evaluated
The GUID inside 'Packages/com.bytedance.pico.xr/Runtime/CompositionLayers.meta' cannot be extracted by the YAML Parser. Attempting to extract it via string matching instead. Please verify the file does not contain unexpected data.
UnityEngine.Debug:ExtractStackTraceNoAlloc (byte*,int,string)
UnityEngine.StackTraceUtility:ExtractStackTrace () (at /Users/bokken/build/output/unity/unity/Runtime/Export/Scripting/StackTrace.cs:35)
UnityEditor.BuildPipeline:BuildPlayerInternal (string[],string,string,UnityEditor.BuildTargetGroup,UnityEditor.BuildTarget,int,UnityEditor.BuildOptions,string[],string[],bool)
UnityEditor.BuildPipeline:BuildPlayer (UnityEditor.BuildPlayerOptions) (at /Users/bokken/build/output/unity/unity/Editor/Mono/BuildPipeline/BuildPipeline.bindings.cs:267)
PicoTowerDefenseEditor.ProjectSetup:BuildDevelopmentApk () (at Assets/SpatialTowerDefense/Editor/ProjectSetup.cs:463)

[/Users/bokken/build/output/unity/unity/Editor/Mono/BuildPipeline/BuildPipeline.bindings.cs line 267]

Importing 'GUID: 26d3f2516c7974565a4df2a0f48ba672 - Path: Assets/Resources/PerformanceTestRunInfo.json' with importer (TextScriptImporter)
Imported 'GUID: 26d3f2516c7974565a4df2a0f48ba672' -> (Import Result ID: 'f46981e7138aee4ff1070918445571d4') in 0.002 seconds [static dependencies only]. Details - ImportResultOutputID=d3181826c122129846b62f766f2d2d1a DependenciesID=8bf28748f793ca8e74ebbf4742073d41 StaticDependenciesID=2185e4f592062aeb301172685c01a03b 
Importing 'GUID: 2bae8243edd794ac6bc737c6434acde3 - Path: Assets/Resources/PerformanceTestRunSettings.json' with importer (TextScriptImporter)
Imported 'GUID: 2bae8243edd794ac6bc737c6434acde3' -> (Import Result ID: '430aee87d09a9d8e3994d1028abf495d') in 0.001 seconds [static dependencies only]. Details - ImportResultOutputID=e78823a539626bc58b20bb722b216a63 DependenciesID=da67b6f2c74e97a16bfbf1d935734045 StaticDependenciesID=8cd9ea3a7e8ee4f255ce5fd4e20f980d 
Refreshing native plugins compatible for Editor in 2.77 ms, found 13 plugins.
Asset Pipeline Refresh (id=72f5393f4911d4f33b197716418769ad): Total: 0.183 seconds - Initiated by RefreshV2(NoUpdateAssetOptions)
Total cache size 268097917
[ScriptCompilation] Requested script compilation because: Recompiling scripts for player build.
BuildPlayer: start building target 13
Total cache size after purge 268097917, took 00:00:00.2321816
info: Microsoft.AspNetCore.Hosting.Diagnostics[1]
      Request starting HTTP/2 POST http://ilpp/UnityILPP.PostProcessing/Ping - application/grpc -
info: Microsoft.AspNetCore.Routing.EndpointMiddleware[0]
      Executing endpoint 'gRPC - /UnityILPP.PostProcessing/Ping'
info: Microsoft.AspNetCore.Routing.EndpointMiddleware[1]
      Executed endpoint 'gRPC - /UnityILPP.PostProcessing/Ping'
info: Microsoft.AspNetCore.Hosting.Diagnostics[2]
      Request finished HTTP/2 POST http://ilpp/UnityILPP.PostProcessing/Ping - 200 - application/grpc 0.1471ms
Starting: /Applications/Unity/Hub/Editor/6000.5.5f1/Unity.app/Contents/Resources/BuildPipeline/bee_backend --ipc --defer-dag-verification --dagfile="Library/Bee/1300b0aPDev.dag" --continue-on-failure --profile="Library/Bee/backend1.traceevents" ScriptAssembliesAndTypeDB
WorkingDir: /Users/ld/Documents/Codex/2026-08-03/http-localhost-8080-codex-text-link/outputs/SpatialTowerDefensePICO
info: Microsoft.AspNetCore.Hosting.Diagnostics[1]
      Request starting HTTP/2 POST http://ilpp/UnityILPP.PostProcessing/ConfigurePostProcessors - application/grpc -
info: Microsoft.AspNetCore.Routing.EndpointMiddleware[0]
      Executing endpoint 'gRPC - /UnityILPP.PostProcessing/ConfigurePostProcessors'
info: Unity.ILPP.Runner.PostProcessingAssemblyLoadContext[0]
      ALC ILPP context 1 is unloading
warn: Unity.ILPP.Runner.PostProcessingAssemblyLoadContext[0]
      Assembly system.runtime.interopservices.windowsruntime has duplicate hint path. Ignoring "/Applications/Unity/Hub/Editor/6000.5.5f1/Unity.app/Contents/Resources/Scripting/UnityReferenceAssemblies/unity-4.8-api/Facades/System.Runtime.InteropServices.WindowsRuntime.dll" in favor of "/Applications/Unity/Hub/Editor/6000.5.5f1/Unity.app/Contents/Resources/Scripting/NetStandard/Extensions/2.0.0/System.Runtime.InteropServices.WindowsRuntime.dll"
warn: Unity.ILPP.Runner.PostProcessingAssemblyLoadContext[0]
      Assembly system.componentmodel.composition has duplicate hint path. Ignoring "/Applications/Unity/Hub/Editor/6000.5.5f1/Unity.app/Contents/Resources/Scripting/UnityReferenceAssemblies/unity-4.8-api/System.ComponentModel.Composition.dll" in favor of "/Applications/Unity/Hub/Editor/6000.5.5f1/Unity.app/Contents/Resources/Scripting/NetStandard/compat/2.1.0/shims/netfx/System.ComponentModel.Composition.dll"
info: Unity.ILPP.Runner.PostProcessingAssemblyLoadContext[0]
      Resolved Unity.Burst.Cecil, Version=0.11.6.0, Culture=neutral, PublicKeyToken=50cebf1cceb9d05e with Library/PackageCache/com.unity.burst@6bb9aca3ef38/Unity.Burst.CodeGen/Unity.Burst.Cecil.dll
info: Unity.ILPP.Runner.PostProcessingAssemblyLoadContext[0]
      Resolved Mono.Cecil, Version=0.11.5.0, Culture=neutral, PublicKeyToken=50cebf1cceb9d05e with Library/PackageCache/com.unity.nuget.mono-cecil@ecb9724e46ff/Mono.Cecil.dll
info: Microsoft.AspNetCore.Routing.EndpointMiddleware[1]
      Executed endpoint 'gRPC - /UnityILPP.PostProcessing/ConfigurePostProcessors'
info: Microsoft.AspNetCore.Hosting.Diagnostics[2]
      Request finished HTTP/2 POST http://ilpp/UnityILPP.PostProcessing/ConfigurePostProcessors - 200 - application/grpc 6.0359ms
info: Microsoft.AspNetCore.Hosting.Diagnostics[1]
      Request starting HTTP/2 POST http://ilpp/UnityILPP.PostProcessing/PostProcessAssembly - application/grpc -
info: Microsoft.AspNetCore.Routing.EndpointMiddleware[0]
      Executing endpoint 'gRPC - /UnityILPP.PostProcessing/PostProcessAssembly'
info: Unity.ILPP.Runner.PostProcessingPipeline[0]
      Processing assembly Library/Bee/artifacts/1300b0aPDev.dag/Assembly-CSharp.dll, with 148 defines and 248 references
info: Unity.ILPP.Runner.PostProcessingPipeline[0]
      processors: Unity.Jobs.CodeGen.JobsILPostProcessor, zzzUnity.Burst.CodeGen.BurstILPostProcessor
info: Unity.ILPP.Runner.PostProcessingPipeline[0]
      running Unity.Jobs.CodeGen.JobsILPostProcessor
info: Unity.ILPP.Runner.PostProcessingAssemblyLoadContext[0]
      Resolved Unity.Collections, Version=0.0.0.0, Culture=neutral, PublicKeyToken=null with Library/Bee/artifacts/Android_CodeGen/Unity.Collections.dll
info: Unity.ILPP.Runner.PostProcessingAssemblyLoadContext[0]
      Resolved UnityEditor.CoreModule, Version=0.0.0.0, Culture=neutral, PublicKeyToken=null with /Applications/Unity/Hub/Editor/6000.5.5f1/Unity.app/Contents/Resources/Scripting/Managed/UnityEngine/UnityEditor.CoreModule.dll
info: Unity.ILPP.Runner.PostProcessingAssemblyLoadContext[0]
      Resolved UnityEngine.CoreModule, Version=0.0.0.0, Culture=neutral, PublicKeyToken=null with /Applications/Unity/Hub/Editor/6000.5.5f1/Unity.app/Contents/Resources/Scripting/Managed/UnityEngine/UnityEngine.CoreModule.dll
info: Unity.ILPP.Runner.PostProcessingAssemblyLoadContext[0]
      Resolved Unity.Scripting, Version=0.0.0.0, Culture=neutral, PublicKeyToken=null with /Applications/Unity/Hub/Editor/6000.5.5f1/Unity.app/Contents/Resources/Scripting/Managed/UnityEngine/Unity.Scripting.dll
info: Unity.ILPP.Runner.PostProcessingPipeline[0]
      running zzzUnity.Burst.CodeGen.BurstILPostProcessor
info: Unity.ILPP.Runner.PostProcessingAssemblyLoadContext[0]
      Resolved Unity.Burst.Cecil.Rocks, Version=0.11.6.0, Culture=neutral, PublicKeyToken=50cebf1cceb9d05e with Library/PackageCache/com.unity.burst@6bb9aca3ef38/Unity.Burst.CodeGen/Unity.Burst.Cecil.Rocks.dll
info: Microsoft.AspNetCore.Routing.EndpointMiddleware[1]
      Executed endpoint 'gRPC - /UnityILPP.PostProcessing/PostProcessAssembly'
info: Microsoft.AspNetCore.Hosting.Diagnostics[2]
      Request finished HTTP/2 POST http://ilpp/UnityILPP.PostProcessing/PostProcessAssembly - 200 - application/grpc 230.4423ms
Total cache size 268097917
Total cache size after purge 268097917, took 00:00:00.0615236
ExitCode: 0 Duration: 2s278ms
[548/663    0s] ILPP-Configuration Library/ilpp-configuration.nevergeneratedoutput
[579/663    0s] CopyFiles Library/Bee/PlayerScriptAssemblies/Unity.InternalAPIEngineBridge.004.dll
[581/663    0s] CopyFiles Library/Bee/PlayerScriptAssemblies/Unity.TextMeshPro.dll
[583/663    0s] CopyFiles Library/Bee/PlayerScriptAssemblies/Unity.InputSystem.dll
[584/663    0s] CopyFiles Library/Bee/PlayerScriptAssemblies/ByteDance.PICO.XR.dll
[585/663    0s] CopyFiles Library/Bee/PlayerScriptAssemblies/ByteDance.PICO.Enterprise.dll
[586/663    0s] CopyFiles Library/Bee/PlayerScriptAssemblies/Unity.AI.MCP.Runtime.dll
[587/663    0s] CopyFiles Library/Bee/PlayerScriptAssemblies/Unity.XR.OpenXR.dll
[588/663    0s] CopyFiles Library/Bee/PlayerScriptAssemblies/Unity.InferenceEngine.dll
[589/663    0s] CopyFiles Library/Bee/PlayerScriptAssemblies/Unity.XR.OpenXR.Features.RuntimeDebugger.dll
[590/663    0s] CopyFiles Library/Bee/PlayerScriptAssemblies/ByteDance.PICO.SptatialUI.dll
[591/663    0s] CopyFiles Library/Bee/PlayerScriptAssemblies/ByteDance.PICO.Platform.dll
[592/663    0s] CopyFiles Library/Bee/PlayerScriptAssemblies/Unity.XR.OpenXR.Features.OculusQuestSupport.dll
[593/663    0s] CopyFiles Library/Bee/PlayerScriptAssemblies/Unity.InferenceEngine.Tokenization.dll
[594/663    0s] CopyFiles Library/Bee/PlayerScriptAssemblies/Unity.XR.CoreUtils.dll
[595/663    0s] CopyFiles Library/Bee/PlayerScriptAssemblies/ByteDance.PICO.Spatial.Stage.dll
[596/663    0s] CopyFiles Library/Bee/PlayerScriptAssemblies/Unity.XR.Management.dll
[597/663    0s] CopyFiles Library/Bee/PlayerScriptAssemblies/UnityEngine.XR.LegacyInputHelpers.dll
[598/663    0s] CopyFiles Library/Bee/PlayerScriptAssemblies/UnityEngine.UI.dll
[599/663    0s] CopyFiles Library/Bee/PlayerScriptAssemblies/ByteDance.PICO.XR.Spatializer.Example.dll
[600/663    0s] CopyFiles Library/Bee/PlayerScriptAssemblies/Unity.XR.Interaction.Toolkit.dll
[601/663    0s] CopyFiles Library/Bee/PlayerScriptAssemblies/Unity.XR.OpenXR.TestTooling.dll
[602/663    0s] CopyFiles Library/Bee/PlayerScriptAssemblies/ByteDance.PICO.XR.Spatializer.dll
[603/663    0s] CopyFiles Library/Bee/PlayerScriptAssemblies/UnityEngine.SpatialTracking.dll
[604/663    0s] CopyFiles Library/Bee/PlayerScriptAssemblies/Unity.XR.OpenXR.Features.ConformanceAutomation.dll
[605/663    0s] CopyFiles Library/Bee/PlayerScriptAssemblies/Unity.Mathematics.dll
[606/663    0s] CopyFiles Library/Bee/PlayerScriptAssemblies/Unity.Burst.dll
[607/663    0s] CopyFiles Library/Bee/PlayerScriptAssemblies/Unity.XR.OpenXR.Features.MockRuntime.dll
[608/663    0s] CopyFiles Library/Bee/PlayerScriptAssemblies/Unity.XR.Interaction.Toolkit.Samples.StarterAssets.dll
[609/663    0s] CopyFiles Library/Bee/PlayerScriptAssemblies/ByteDance.PICO.Interaction.dll
[610/663    0s] CopyFiles Library/Bee/PlayerScriptAssemblies/Unity.XR.OpenXR.Features.MetaQuestSupport.dll
[611/663    0s] CopyFiles Library/Bee/PlayerScriptAssemblies/Unity.Collections.dll
[613/663    0s] CopyFiles Library/Bee/PlayerScriptAssemblies/Unity.InputSystem.ForUI.dll
[614/663    0s] CopyFiles Library/Bee/PlayerScriptAssemblies/Unity.XR.OpenXR.Features.RuntimeDebugger.pdb
[615/663    0s] CopyFiles Library/Bee/PlayerScriptAssemblies/Unity.InputSystem.pdb
[616/663    0s] CopyFiles Library/Bee/PlayerScriptAssemblies/Unity.AI.MCP.Runtime.pdb
[617/663    0s] CopyFiles Library/Bee/PlayerScriptAssemblies/Unity.InferenceEngine.pdb
[618/663    0s] CopyFiles Library/Bee/PlayerScriptAssemblies/Unity.TextMeshPro.pdb
[619/663    0s] CopyFiles Library/Bee/PlayerScriptAssemblies/ByteDance.PICO.XR.pdb
[620/663    0s] CopyFiles Library/Bee/PlayerScriptAssemblies/Unity.Multiplayer.Center.Common.dll
[621/663    0s] CopyFiles Library/Bee/PlayerScriptAssemblies/Unity.Multiplayer.Center.Common.pdb
[622/663    0s] CopyFiles Library/Bee/PlayerScriptAssemblies/UnityEngine.XR.LegacyInputHelpers.pdb
[623/663    0s] CopyFiles Library/Bee/PlayerScriptAssemblies/Unity.InferenceEngine.Tokenization.pdb
[624/663    0s] CopyFiles Library/Bee/PlayerScriptAssemblies/Unity.InternalAPIEngineBridge.004.pdb
[625/663    0s] CopyFiles Library/Bee/PlayerScriptAssemblies/Unity.XR.OpenXR.Features.MockRuntime.pdb
[626/663    0s] CopyFiles Library/Bee/PlayerScriptAssemblies/Unity.XR.OpenXR.TestTooling.pdb
[627/663    0s] CopyFiles Library/Bee/PlayerScriptAssemblies/ByteDance.PICO.XR.Spatializer.Example.pdb
[628/663    0s] CopyFiles Library/Bee/PlayerScriptAssemblies/UnityEngine.SpatialTracking.pdb
[629/663    0s] CopyFiles Library/Bee/PlayerScriptAssemblies/Unity.Burst.pdb
[630/663    0s] CopyFiles Library/Bee/PlayerScriptAssemblies/ByteDance.PICO.Interaction.pdb
[631/663    0s] CopyFiles Library/Bee/PlayerScriptAssemblies/Unity.Collections.pdb
[632/663    0s] CopyFiles Library/Bee/PlayerScriptAssemblies/Unity.XR.Management.pdb
[633/663    0s] CopyFiles Library/Bee/PlayerScriptAssemblies/Unity.XR.OpenXR.pdb
[634/663    0s] CopyFiles Library/Bee/PlayerScriptAssemblies/Unity.Mathematics.pdb
[635/663    0s] CopyFiles Library/Bee/PlayerScriptAssemblies/Unity.XR.OpenXR.Features.OculusQuestSupport.pdb
[636/663    0s] CopyFiles Library/Bee/PlayerScriptAssemblies/ByteDance.PICO.SptatialUI.pdb
[637/663    0s] CopyFiles Library/Bee/PlayerScriptAssemblies/ByteDance.PICO.Platform.pdb
[638/663    0s] CopyFiles Library/Bee/PlayerScriptAssemblies/ByteDance.PICO.Enterprise.pdb
[639/663    0s] CopyFiles Library/Bee/PlayerScriptAssemblies/Unity.InputSystem.ForUI.pdb
[640/663    0s] CopyFiles Library/Bee/PlayerScriptAssemblies/ByteDance.PICO.XR.Spatializer.pdb
[641/663    0s] CopyFiles Library/Bee/PlayerScriptAssemblies/Unity.XR.Interaction.Toolkit.pdb
[642/663    0s] CopyFiles Library/Bee/PlayerScriptAssemblies/Unity.XR.CoreUtils.pdb
[643/663    0s] CopyFiles Library/Bee/PlayerScriptAssemblies/Unity.XR.Interaction.Toolkit.Samples.StarterAssets.pdb
[644/663    0s] CopyFiles Library/Bee/PlayerScriptAssemblies/UnityEngine.UI.pdb
[645/663    0s] CopyFiles Library/Bee/PlayerScriptAssemblies/Unity.XR.OpenXR.Features.ConformanceAutomation.pdb
[646/663    0s] CopyFiles Library/Bee/PlayerScriptAssemblies/ByteDance.PICO.Spatial.Stage.pdb
[647/663    0s] CopyFiles Library/Bee/PlayerScriptAssemblies/Unity.XR.OpenXR.Features.MetaQuestSupport.pdb
[651/663    0s] CopyFiles Library/Bee/PlayerScriptAssemblies/ByteDance.PICO.CameraPack.dll
[652/663    0s] CopyFiles Library/Bee/PlayerScriptAssemblies/ByteDance.PICO.Debugger.dll
[653/663    0s] CopyFiles Library/Bee/PlayerScriptAssemblies/Unity.AI.Tracing.pdb
[654/663    0s] CopyFiles Library/Bee/PlayerScriptAssemblies/ByteDance.PICO.CameraPack.pdb
[655/663    0s] CopyFiles Library/Bee/PlayerScriptAssemblies/ByteDance.PICO.Debugger.pdb
[656/663    0s] CopyFiles Library/Bee/PlayerScriptAssemblies/Unity.AI.Tracing.dll
[657/663    1s] Csc Library/Bee/artifacts/1300b0aPDev.dag/Assembly-CSharp.dll (+2 others)
[658/663    0s] ILPostProcess Library/Bee/artifacts/1300b0aPDev.dag/post-processed/Assembly-CSharp.dll (+pdb)
Processing assembly Library/Bee/artifacts/1300b0aPDev.dag/Assembly-CSharp.dll, with 148 defines and 248 references
processors: Unity.Jobs.CodeGen.JobsILPostProcessor, zzzUnity.Burst.CodeGen.BurstILPostProcessor
running Unity.Jobs.CodeGen.JobsILPostProcessor
running zzzUnity.Burst.CodeGen.BurstILPostProcessor
[659/663    0s] CopyFiles Library/Bee/PlayerScriptAssemblies/Assembly-CSharp.dll
[660/663    0s] CopyFiles Library/Bee/PlayerScriptAssemblies/Assembly-CSharp.pdb
[662/663    0s] BuildPlayerDataGenerator Library/BuildPlayerData/Player/RuntimeInitializeOnLoads.json (+1 other)
*** Tundra build success (2.16 seconds), 78 items updated, 663 evaluated
Rebuilding Data files because Assets/Resources/PerformanceTestRunSettings.json is dirty (hash)


Mono dependencies included in the build
Dependency assembly - System.Threading.ThreadPool.dll
Dependency assembly - System.Text.Encoding.Extensions.dll
Dependency assembly - System.Windows.Forms.dll
Dependency assembly - System.IO.Hashing.dll
Dependency assembly - System.Reflection.Emit.Lightweight.dll
Dependency assembly - Unity.InternalAPIEngineBridge.004.dll
Dependency assembly - System.ServiceModel.dll
Dependency assembly - System.Configuration.dll
Dependency assembly - System.Net.ServicePoint.dll
Dependency assembly - Microsoft.CSharp.dll
Dependency assembly - System.Runtime.Remoting.dll
Dependency assembly - System.ServiceModel.Duplex.dll
Dependency assembly - System.Runtime.Serialization.Json.dll
Dependency assembly - System.ComponentModel.DataAnnotations.dll
Dependency assembly - System.Xml.XmlDocument.dll
Dependency assembly - Unity.XR.Interaction.Toolkit.dll
Dependency assembly - System.IO.Compression.FileSystem.dll
Dependency assembly - System.Xml.XPath.XmlDocument.dll
Dependency assembly - System.Net.Requests.dll
Dependency assembly - System.Json.dll
Dependency assembly - System.Net.Sockets.dll
Dependency assembly - System.Runtime.Serialization.dll
Dependency assembly - System.ServiceModel.Security.dll
Dependency assembly - System.Reflection.DispatchProxy.dll
Dependency assembly - System.Threading.Timer.dll
Dependency assembly - System.Diagnostics.Process.dll
Dependency assembly - System.IO.UnmanagedMemoryStream.dll
Dependency assembly - System.Drawing.Primitives.dll
Dependency assembly - System.Threading.Thread.dll
Dependency assembly - ByteDance.PICO.XR.dll
Dependency assembly - System.Reflection.Context.dll
Dependency assembly - System.Diagnostics.Debug.dll
Dependency assembly - System.Reflection.Primitives.dll
Dependency assembly - System.IdentityModel.dll
Dependency assembly - System.Web.ApplicationServices.dll
Dependency assembly - Microsoft.Extensions.DependencyInjection.Abstractions.dll
Dependency assembly - Assembly-CSharp.dll
Dependency assembly - System.Security.Cryptography.Primitives.dll
Dependency assembly - System.Data.SqlClient.dll
Dependency assembly - System.Reflection.Emit.ILGeneration.dll
Dependency assembly - ByteDance.PICO.Debugger.dll
Dependency assembly - Microsoft.Win32.Registry.AccessControl.dll
Dependency assembly - System.Security.Cryptography.Encryption.ECDsa.dll
Dependency assembly - System.IdentityModel.Selectors.dll
Dependency assembly - ByteDance.PICO.SptatialUI.dll
Dependency assembly - Unity.XR.OpenXR.dll
Dependency assembly - System.Console.dll
Dependency assembly - System.Security.Principal.dll
Dependency assembly - System.Xml.XmlSerializer.dll
Dependency assembly - System.Threading.dll
Dependency assembly - System.Web.Services.dll
Dependency assembly - System.ComponentModel.Composition.dll
Dependency assembly - System.ComponentModel.Primitives.dll
Dependency assembly - System.Security.Cryptography.Hashing.Algorithms.dll
Dependency assembly - Unity.XR.OpenXR.Features.OculusQuestSupport.dll
Dependency assembly - System.Xml.Serialization.dll
Dependency assembly - Microsoft.Bcl.AsyncInterfaces.dll
Dependency assembly - System.Runtime.CompilerServices.Unsafe.dll
Dependency assembly - System.Runtime.Caching.dll
Dependency assembly - System.ServiceModel.Routing.dll
Dependency assembly - System.ServiceModel.Http.dll
Dependency assembly - System.EnterpriseServices.dll
Dependency assembly - ByteDance.PICO.XR.Spatializer.dll
Dependency assembly - System.Resources.Writer.dll
Dependency assembly - System.Data.Services.Client.dll
Dependency assembly - System.Runtime.InteropServices.RuntimeInformation.dll
Dependency assembly - System.Threading.AccessControl.dll
Dependency assembly - ByteDance.PICO.Enterprise.dll
Dependency assembly - Unity.InferenceEngine.Tokenization.dll
Dependency assembly - System.Xml.XPath.XDocument.dll
Dependency assembly - System.Security.Cryptography.Encryption.ECDiffieHellman.dll
Dependency assembly - Unity.XR.Interaction.Toolkit.Samples.StarterAssets.dll
Dependency assembly - System.Management.dll
Dependency assembly - System.ComponentModel.dll
Dependency assembly - System.Diagnostics.StackTrace.dll
Dependency assembly - I18N.West.dll
Dependency assembly - System.Net.Cache.dll
Dependency assembly - System.Text.Encoding.dll
Dependency assembly - System.Reflection.Metadata.dll
Dependency assembly - System.Xml.dll
Dependency assembly - System.IO.MemoryMappedFiles.dll
Dependency assembly - System.Windows.dll
Dependency assembly - System.IO.Compression.dll
Dependency assembly - System.Configuration.Install.dll
Dependency assembly - System.Design.dll
Dependency assembly - System.IO.Pipes.dll
Dependency assembly - System.Transactions.dll
Dependency assembly - System.Reflection.Emit.dll
Dependency assembly - System.ServiceModel.Activation.dll
Dependency assembly - System.Drawing.dll
Dependency assembly - System.Memory.dll
Dependency assembly - System.Security.SecureString.dll
Dependency assembly - System.DirectoryServices.Protocols.dll
Dependency assembly - System.Diagnostics.TraceEvent.dll
Dependency assembly - System.Xml.Xsl.Primitives.dll
Dependency assembly - Unity.XR.OpenXR.Features.MetaQuestSupport.dll
Dependency assembly - System.Runtime.Serialization.Formatters.dll
Dependency assembly - Unity.InferenceEngine.dll
Dependency assembly - System.ServiceProcess.dll
Dependency assembly - System.Web.RegularExpressions.dll
Dependency assembly - System.Security.Cryptography.DeriveBytes.dll
Dependency assembly - Unity.XR.OpenXR.Features.ConformanceAutomation.dll
Dependency assembly - System.Linq.Queryable.dll
Dependency assembly - Mono.Security.dll
Dependency assembly - UnityEngine.XR.LegacyInputHelpers.dll
Dependency assembly - Unity.Burst.Unsafe.dll
Dependency assembly - System.ServiceProcess.ServiceController.dll
Dependency assembly - I18N.Other.dll
Dependency assembly - I18N.CJK.dll
Dependency assembly - System.Xaml.dll
Dependency assembly - System.Runtime.CompilerServices.VisualC.dll
Dependency assembly - System.Security.Cryptography.Encoding.dll
Dependency assembly - System.Text.Encodings.Web.dll
Dependency assembly - System.Web.Extensions.dll
Dependency assembly - ByteDance.PICO.Interaction.dll
Dependency assembly - System.Linq.Parallel.dll
Dependency assembly - Microsoft.Extensions.Logging.Abstractions.dll
Dependency assembly - System.Runtime.Serialization.Formatters.Soap.dll
Dependency assembly - System.Security.AccessControl.dll
Dependency assembly - System.Net.NameResolution.dll
Dependency assembly - System.Security.Cryptography.OpenSsl.dll
Dependency assembly - System.Core.dll
Dependency assembly - PxrCommon.dll
Dependency assembly - System.Collections.Immutable.dll
Dependency assembly - System.ServiceModel.Internals.dll
Dependency assembly - System.Xml.Linq.dll
Dependency assembly - System.ComponentModel.Annotations.dll
Dependency assembly - System.Reflection.Extensions.dll
Dependency assembly - System.Runtime.InteropServices.WindowsRuntime.dll
Dependency assembly - Microsoft.Win32.Registry.dll
Dependency assembly - System.Runtime.Loader.dll
Dependency assembly - System.Security.Cryptography.Csp.dll
Dependency assembly - System.Security.Cryptography.X509Certificates.dll
Dependency assembly - System.Security.Cryptography.Hashing.dll
Dependency assembly - System.Net.NetworkInformation.dll
Dependency assembly - System.Net.Security.dll
Dependency assembly - System.Drawing.Design.dll
Dependency assembly - System.ObjectModel.dll
Dependency assembly - mscorlib.dll
Dependency assembly - System.Collections.Concurrent.dll
Dependency assembly - System.Globalization.Extensions.dll
Dependency assembly - System.Reflection.dll
Dependency assembly - Unity.Multiplayer.Center.Common.dll
Dependency assembly - System.ServiceModel.Primitives.dll
Dependency assembly - System.IO.IsolatedStorage.dll
Dependency assembly - System.ValueTuple.dll
Dependency assembly - Unity.XR.OpenXR.TestTooling.dll
Dependency assembly - System.ServiceModel.Web.dll
Dependency assembly - System.Data.DataSetExtensions.dll
Dependency assembly - System.Data.Common.dll
Dependency assembly - System.Xml.ReaderWriter.dll
Dependency assembly - System.Diagnostics.DiagnosticSource.dll
Dependency assembly - System.Net.Ping.dll
Dependency assembly - System.Data.Entity.dll
Dependency assembly - System.IO.FileSystem.Primitives.dll
Dependency assembly - ByteDance.PICO.XR.Spatializer.Example.dll
Dependency assembly - System.Xml.XPath.dll
Dependency assembly - System.ComponentModel.EventBasedAsync.dll
Dependency assembly - System.Net.WebSockets.Client.dll
Dependency assembly - UnityEngine.UI.dll
Dependency assembly - System.IO.FileSystem.DriveInfo.dll
Dependency assembly - System.IO.FileSystem.Watcher.dll
Dependency assembly - System.Collections.dll
Dependency assembly - Unity.Collections.dll
Dependency assembly - System.Text.RegularExpressions.dll
Dependency assembly - System.Net.WebSockets.dll
Dependency assembly - I18N.dll
Dependency assembly - System.Net.Mail.dll
Dependency assembly - System.IO.FileSystem.dll
Dependency assembly - System.Text.Encoding.CodePages.dll
Dependency assembly - System.ComponentModel.TypeConverter.dll
Dependency assembly - System.Diagnostics.FileVersionInfo.dll
Dependency assembly - System.Data.Services.dll
Dependency assembly - ByteDance.PICO.Spatial.Stage.dll
Dependency assembly - System.Resources.Reader.dll
Dependency assembly - System.Diagnostics.Contracts.dll
Dependency assembly - System.Security.Cryptography.Algorithms.dll
Dependency assembly - Unity.AI.MCP.Runtime.dll
Dependency assembly - Unity.TextMeshPro.dll
Dependency assembly - System.Diagnostics.TraceSource.dll
Dependency assembly - System.Runtime.Numerics.dll
Dependency assembly - System.Security.Cryptography.ProtectedData.dll
Dependency assembly - Unity.AI.Tracing.dll
Dependency assembly - System.Text.Json.dll
Dependency assembly - Mono.Data.Sqlite.dll
Dependency assembly - Unity.InputSystem.ForUI.dll
Dependency assembly - I18N.MidEast.dll
Dependency assembly - System.Data.Linq.dll
Dependency assembly - System.Diagnostics.Tracing.dll
Dependency assembly - I18N.Rare.dll
Dependency assembly - Unity.XR.OpenXR.Features.RuntimeDebugger.dll
Dependency assembly - System.Runtime.Serialization.Xml.dll
Dependency assembly - System.ServiceModel.Discovery.dll
Dependency assembly - System.Runtime.InteropServices.dll
Dependency assembly - System.Diagnostics.TextWriterTraceListener.dll
Dependency assembly - System.Runtime.DurableInstancing.dll
Dependency assembly - System.Linq.Expressions.dll
Dependency assembly - System.Security.dll
Dependency assembly - System.Web.Extensions.Design.dll
Dependency assembly - System.Globalization.dll
Dependency assembly - System.Runtime.dll
Dependency assembly - Unity.XR.CoreUtils.dll
Dependency assembly - UnityEngine.SpatialTracking.dll
Dependency assembly - System.Windows.Forms.DataVisualization.dll
Dependency assembly - System.Data.OracleClient.dll
Dependency assembly - System.Runtime.Serialization.Primitives.dll
Dependency assembly - System.dll
Dependency assembly - System.IO.dll
Dependency assembly - Unity.XR.Management.dll
Dependency assembly - Mono.Data.Tds.dll
Dependency assembly - System.Reflection.TypeExtensions.dll
Dependency assembly - System.Security.Cryptography.Encryption.Aes.dll
Dependency assembly - System.Collections.NonGeneric.dll
Dependency assembly - Unity.XR.OpenXR.Features.MockRuntime.dll
Dependency assembly - System.Threading.Tasks.dll
Dependency assembly - System.Net.HttpListener.dll
Dependency assembly - System.DirectoryServices.dll
Dependency assembly - System.Numerics.Vectors.dll
Dependency assembly - System.AppContext.dll
Dependency assembly - Microsoft.Win32.Primitives.dll
Dependency assembly - System.IO.Compression.ZipFile.dll
Dependency assembly - System.Security.Cryptography.RandomNumberGenerator.dll
Dependency assembly - System.Runtime.Handles.dll
Dependency assembly - System.ServiceModel.NetTcp.dll
Dependency assembly - Unity.Burst.dll
Dependency assembly - System.Threading.Overlapped.dll
Dependency assembly - Unity.Collections.LowLevel.ILSupport.dll
Dependency assembly - System.Diagnostics.Tools.dll
Dependency assembly - System.Security.Claims.dll
Dependency assembly - Accessibility.dll
Dependency assembly - System.Net.dll
Dependency assembly - System.Security.Cryptography.Encryption.dll
Dependency assembly - System.Resources.ResourceManager.dll
Dependency assembly - System.Resources.ReaderWriter.dll
Dependency assembly - System.Security.Cryptography.Cng.dll
Dependency assembly - System.Web.dll
Dependency assembly - System.Linq.dll
Dependency assembly - System.Globalization.Calendars.dll
Dependency assembly - System.IO.FileSystem.AccessControl.dll
Dependency assembly - System.Collections.Specialized.dll
Dependency assembly - Unity.Mathematics.dll
Dependency assembly - netstandard.dll
Dependency assembly - System.Web.DynamicData.dll
Dependency assembly - System.Data.dll
Dependency assembly - System.Buffers.dll
Dependency assembly - System.Messaging.dll
Dependency assembly - System.Runtime.Extensions.dll
Dependency assembly - System.Security.Cryptography.Pkcs.dll
Dependency assembly - System.Numerics.dll
Dependency assembly - ByteDance.PICO.CameraPack.dll
Dependency assembly - Newtonsoft.Json.dll
Dependency assembly - System.Net.Http.dll
Dependency assembly - System.Net.Utilities.dll
Dependency assembly - System.Dynamic.Runtime.dll
Dependency assembly - System.Net.Primitives.dll
Dependency assembly - System.Threading.Tasks.Extensions.dll
Dependency assembly - System.Net.WebHeaderCollection.dll
Dependency assembly - System.Threading.Tasks.Parallel.dll
Dependency assembly - System.Net.AuthenticationManager.dll
Dependency assembly - System.Net.Http.WebRequest.dll
Dependency assembly - System.Xml.XDocument.dll
Dependency assembly - Unity.InputSystem.dll
Dependency assembly - System.Security.Principal.Windows.dll
Dependency assembly - ByteDance.PICO.Platform.dll
Dependency assembly - System.Security.Cryptography.RSA.dll

DisplayProgressbar: Fetching assembly references
Opening scene 'Assets/SpatialTowerDefense/Scenes/LotusTitleStage.unity'
Unloading 2 Unused Serialized files (Serialized files now loaded: 0)
Loaded scene 'Assets/SpatialTowerDefense/Scenes/LotusTitleStage.unity'
	Deserialize:            0.294 ms
	Integration:            238.346 ms
	Integration of assets:  0.001 ms
	Thread Wait Time:       0.007 ms
	Total Operation Time:   238.648 ms
Unloading 634 unused Assets / (28.5 MB). Loaded Objects now: 7598.
Memory consumption went from 364.0 MB to 335.5 MB.
Total: 18.069250 ms (FindLiveObjects: 0.217375 ms CreateObjectMapping: 0.546666 ms MarkObjects: 16.395917 ms  DeleteObjects: 0.909083 ms)

Opening scene 'Assets/SpatialTowerDefense/Scenes/SpatialDefense.unity'
Unloading 366 Unused Serialized files (Serialized files now loaded: 0)
Loaded scene 'Assets/SpatialTowerDefense/Scenes/SpatialDefense.unity'
	Deserialize:            3.529 ms
	Integration:            204.867 ms
	Integration of assets:  0.014 ms
	Thread Wait Time:       0.006 ms
	Total Operation Time:   208.417 ms
Unloading 4247 unused Assets / (83.3 MB). Loaded Objects now: 8112.
Memory consumption went from 463.2 MB to 379.8 MB.
Total: 16.488000 ms (FindLiveObjects: 0.292333 ms CreateObjectMapping: 1.033542 ms MarkObjects: 12.640541 ms  DeleteObjects: 2.521292 ms)

Unloading 41 Unused Serialized files (Serialized files now loaded: 0)
Unloading 149 unused Assets / (1.0 MB). Loaded Objects now: 7603.
Memory consumption went from 343.3 MB to 342.3 MB.
Total: 13.487917 ms (FindLiveObjects: 0.124208 ms CreateObjectMapping: 0.429959 ms MarkObjects: 12.545375 ms  DeleteObjects: 0.387917 ms)

Unloading 0 Unused Serialized files (Serialized files now loaded: 0)
Unloading 0 unused Assets / (32 B). Loaded Objects now: 7603.
Memory consumption went from 340.5 MB to 340.5 MB.
Total: 13.789500 ms (FindLiveObjects: 0.179542 ms CreateObjectMapping: 0.466750 ms MarkObjects: 13.137667 ms  DeleteObjects: 0.005375 ms)

Unloading 10 Unused Serialized files (Serialized files now loaded: 0)
Unloading 145 unused Assets / (136.0 MB). Loaded Objects now: 7603.
Memory consumption went from 471.4 MB to 335.3 MB.
Total: 20.638333 ms (FindLiveObjects: 0.126083 ms CreateObjectMapping: 0.448542 ms MarkObjects: 12.910541 ms  DeleteObjects: 7.152833 ms)

Compiling shader "Mobile/VertexLit"
  Pass "" (vp)
    Target graphics API: gles3
    Full variant space:         12
    After settings filtering:   12
    After built-in stripping:   18
    After scriptable stripping: 18
    Processed in 0.00 seconds
  Pass "" (vp)
    Target graphics API: gles3
    Full variant space:         4
    After settings filtering:   4
    After built-in stripping:   6
    After scriptable stripping: 6
    Processed in 0.00 seconds
  Pass "ShadowCaster" (vp)
    Target graphics API: gles3
    Full variant space:         4
    After settings filtering:   4
    After built-in stripping:   12
    After scriptable stripping: 12
    Processed in 0.00 seconds
  Pass  (vp, gles3) finished in 0.00 seconds. Local cache hits 18 (0.01s CPU time), remote cache hits 0 (0.00s CPU time), compiled 0 variants (0.00s CPU time), skipped 0 variants.
    Prepared data for serialisation in 0.00s
  Pass  (vp, gles3) finished in 0.00 seconds. Local cache hits 6 (0.00s CPU time), remote cache hits 0 (0.00s CPU time), compiled 0 variants (0.00s CPU time), skipped 0 variants.
    Prepared data for serialisation in 0.00s
  Pass ShadowCaster (vp, gles3) finished in 0.00 seconds. Local cache hits 12 (0.01s CPU time), remote cache hits 0 (0.00s CPU time), compiled 0 variants (0.00s CPU time), skipped 0 variants.
    Prepared data for serialisation in 0.00s
Serialized binary data for shader Mobile/VertexLit in 0.00s
    gles3 (total internal programs: 36, unique: 12)
Compiling shader "Mobile/Diffuse"
  Pass "FORWARD" (vp)
    Target graphics API: gles3
    Full variant space:         664
    After settings filtering:   664
    After built-in stripping:   48
    After scriptable stripping: 48
    Processed in 0.00 seconds
  Pass "DEFERRED" (vp)
    Target graphics API: gles3
    Full variant space:         76
    After settings filtering:   76
    After built-in stripping:   24
    After scriptable stripping: 24
    Processed in 0.00 seconds
  Pass FORWARD (vp, gles3) finished in 0.00 seconds. Local cache hits 48 (0.01s CPU time), remote cache hits 0 (0.00s CPU time), compiled 0 variants (0.00s CPU time), skipped 0 variants.
    Prepared data for serialisation in 0.00s
  Pass DEFERRED (vp, gles3) finished in 0.00 seconds. Local cache hits 24 (0.01s CPU time), remote cache hits 0 (0.00s CPU time), compiled 0 variants (0.00s CPU time), skipped 0 variants.
    Prepared data for serialisation in 0.00s
Serialized binary data for shader Mobile/Diffuse in 0.00s
    gles3 (total internal programs: 72, unique: 24)
Compiling shader "Mobile/Unlit (Supports Lightmap)"
  Pass "" (vp)
    Target graphics API: gles3
    Full variant space:         4
    After settings filtering:   4
    After built-in stripping:   6
    After scriptable stripping: 6
    Processed in 0.00 seconds
  Pass "" (vp)
    Target graphics API: gles3
    Full variant space:         4
    After settings filtering:   4
    After built-in stripping:   6
    After scriptable stripping: 6
    Processed in 0.00 seconds
  Pass  (vp, gles3) finished in 0.00 seconds. Local cache hits 6 (0.00s CPU time), remote cache hits 0 (0.00s CPU time), compiled 0 variants (0.00s CPU time), skipped 0 variants.
    Prepared data for serialisation in 0.00s
  Pass  (vp, gles3) finished in 0.00 seconds. Local cache hits 6 (0.00s CPU time), remote cache hits 0 (0.00s CPU time), compiled 0 variants (0.00s CPU time), skipped 0 variants.
    Prepared data for serialisation in 0.00s
Serialized binary data for shader Mobile/Unlit (Supports Lightmap) in 0.00s
    gles3 (total internal programs: 12, unique: 4)
Compiling shader "Unlit/Texture"
  Pass "" (vp)
    Target graphics API: gles3
    Full variant space:         4
    After settings filtering:   4
    After built-in stripping:   6
    After scriptable stripping: 6
    Processed in 0.00 seconds
  Pass  (vp, gles3) finished in 0.00 seconds. Local cache hits 6 (0.00s CPU time), remote cache hits 0 (0.00s CPU time), compiled 0 variants (0.00s CPU time), skipped 0 variants.
    Prepared data for serialisation in 0.00s
Serialized binary data for shader Unlit/Texture in 0.00s
    gles3 (total internal programs: 6, unique: 2)
Compiling shader "Unlit/Color"
  Pass "" (vp)
    Target graphics API: gles3
    Full variant space:         4
    After settings filtering:   4
    After built-in stripping:   6
    After scriptable stripping: 6
    Processed in 0.00 seconds
  Pass  (vp, gles3) finished in 0.00 seconds. Local cache hits 6 (0.00s CPU time), remote cache hits 0 (0.00s CPU time), compiled 0 variants (0.00s CPU time), skipped 0 variants.
    Prepared data for serialisation in 0.00s
Serialized binary data for shader Unlit/Color in 0.00s
    gles3 (total internal programs: 6, unique: 2)
Compiling shader "PXR_SDK/PXR_EyeMask"
  Pass "" (vp)
    Target graphics API: gles3
    Full variant space:         1
    After settings filtering:   1
    After built-in stripping:   6
    After scriptable stripping: 6
    Processed in 0.00 seconds
  Pass "" (vp)
    Target graphics API: gles3
    Full variant space:         1
    After settings filtering:   1
    After built-in stripping:   6
    After scriptable stripping: 6
    Processed in 0.00 seconds
  Pass  (vp, gles3) finished in 0.00 seconds. Local cache hits 6 (0.00s CPU time), remote cache hits 0 (0.00s CPU time), compiled 0 variants (0.00s CPU time), skipped 0 variants.
    Prepared data for serialisation in 0.00s
  Pass  (vp, gles3) finished in 0.00 seconds. Local cache hits 6 (0.01s CPU time), remote cache hits 0 (0.00s CPU time), compiled 0 variants (0.00s CPU time), skipped 0 variants.
    Prepared data for serialisation in 0.00s
Serialized binary data for shader PXR_SDK/PXR_EyeMask in 0.00s
    gles3 (total internal programs: 12, unique: 4)
Compiling shader "Hidden/Sentis/ReduceExpBias"
  Pass "" (vp)
    Target graphics API: gles3
    Full variant space:         1
    After settings filtering:   1
    After built-in stripping:   6
    After scriptable stripping: 6
    Processed in 0.00 seconds
  Pass  (vp, gles3) finished in 0.00 seconds. Local cache hits 6 (0.00s CPU time), remote cache hits 0 (0.00s CPU time), compiled 0 variants (0.00s CPU time), skipped 0 variants.
    Prepared data for serialisation in 0.00s
Serialized binary data for shader Hidden/Sentis/ReduceExpBias in 0.00s
    gles3 (total internal programs: 6, unique: 2)
Compiling shader "Hidden/Sentis/Activation"
  Pass "" (vp)
    Target graphics API: gles3
    Full variant space:         49
    After settings filtering:   49
    After built-in stripping:   294
    After scriptable stripping: 294
    Processed in 0.01 seconds
  Pass  (vp, gles3) finished in 0.01 seconds. Local cache hits 294 (0.09s CPU time), remote cache hits 0 (0.00s CPU time), compiled 0 variants (0.00s CPU time), skipped 0 variants.
    Prepared data for serialisation in 0.00s
Serialized binary data for shader Hidden/Sentis/Activation in 0.00s
    gles3 (total internal programs: 294, unique: 98)
Compiling shader "HPE/head_fade"
  Pass "headFade" (vp)
    Target graphics API: gles3
    Full variant space:         1
    After settings filtering:   1
    After built-in stripping:   6
    After scriptable stripping: 6
    Processed in 0.00 seconds
  Pass "headFade" (vp)
    Target graphics API: gles3
    Full variant space:         1
    After settings filtering:   1
    After built-in stripping:   6
    After scriptable stripping: 6
    Processed in 0.00 seconds
  Pass headFade (vp, gles3) finished in 0.00 seconds. Local cache hits 6 (0.00s CPU time), remote cache hits 0 (0.00s CPU time), compiled 0 variants (0.00s CPU time), skipped 0 variants.
    Prepared data for serialisation in 0.00s
  Pass headFade (vp, gles3) finished in 0.00 seconds. Local cache hits 6 (0.01s CPU time), remote cache hits 0 (0.00s CPU time), compiled 0 variants (0.00s CPU time), skipped 0 variants.
    Prepared data for serialisation in 0.00s
Serialized binary data for shader HPE/head_fade in 0.00s
    gles3 (total internal programs: 12, unique: 2)
Compiling shader "Hidden/Sentis/Dense"
  Pass "" (vp)
    Target graphics API: gles3
    Full variant space:         4
    After settings filtering:   4
    After built-in stripping:   24
    After scriptable stripping: 24
    Processed in 0.00 seconds
  Pass  (vp, gles3) finished in 0.00 seconds. Local cache hits 24 (0.00s CPU time), remote cache hits 0 (0.00s CPU time), compiled 0 variants (0.00s CPU time), skipped 0 variants.
    Prepared data for serialisation in 0.00s
Serialized binary data for shader Hidden/Sentis/Dense in 0.00s
    gles3 (total internal programs: 24, unique: 8)
Compiling shader "PXR_SDK/PXR_Fade"
  Pass "" (vp)
    Target graphics API: gles3
    Full variant space:         4
    After settings filtering:   4
    After built-in stripping:   6
    After scriptable stripping: 6
    Processed in 0.00 seconds
  Pass  (vp, gles3) finished in 0.00 seconds. Local cache hits 6 (0.00s CPU time), remote cache hits 0 (0.00s CPU time), compiled 0 variants (0.00s CPU time), skipped 0 variants.
    Prepared data for serialisation in 0.00s
Serialized binary data for shader PXR_SDK/PXR_Fade in 0.00s
    gles3 (total internal programs: 6, unique: 2)
Compiling shader "PXR/Neo3"
  Pass "" (vp)
    Target graphics API: gles3
    Full variant space:         1
    After settings filtering:   1
    After built-in stripping:   6
    After scriptable stripping: 6
    Processed in 0.00 seconds
  Pass "" (vp)
    Target graphics API: gles3
    Full variant space:         1
    After settings filtering:   1
    After built-in stripping:   6
    After scriptable stripping: 6
    Processed in 0.00 seconds
  Pass  (vp, gles3) finished in 0.00 seconds. Local cache hits 6 (0.00s CPU time), remote cache hits 0 (0.00s CPU time), compiled 0 variants (0.00s CPU time), skipped 0 variants.
    Prepared data for serialisation in 0.00s
  Pass  (vp, gles3) finished in 0.00 seconds. Local cache hits 6 (0.00s CPU time), remote cache hits 0 (0.00s CPU time), compiled 0 variants (0.00s CPU time), skipped 0 variants.
    Prepared data for serialisation in 0.00s
Serialized binary data for shader PXR/Neo3 in 0.00s
    gles3 (total internal programs: 12, unique: 2)
Compiling shader "HandEditor/Transparent Outlined Hand (PrepassZ)"
  Pass "" (vp)
    Target graphics API: gles3
    Full variant space:         1
    After settings filtering:   1
    After built-in stripping:   6
    After scriptable stripping: 6
    Processed in 0.00 seconds
  Pass  (vp, gles3) finished in 0.00 seconds. Local cache hits 6 (0.02s CPU time), remote cache hits 0 (0.00s CPU time), compiled 0 variants (0.00s CPU time), skipped 0 variants.
    Prepared data for serialisation in 0.00s
Serialized binary data for shader HandEditor/Transparent Outlined Hand (PrepassZ) in 0.00s
    gles3 (total internal programs: 6, unique: 2)
Compiling shader "Hidden/Sentis/Pad"
  Pass "" (vp)
    Target graphics API: gles3
    Full variant space:         10
    After settings filtering:   10
    After built-in stripping:   60
    After scriptable stripping: 60
    Processed in 0.00 seconds
  Pass  (vp, gles3) finished in 0.00 seconds. Local cache hits 60 (0.02s CPU time), remote cache hits 0 (0.00s CPU time), compiled 0 variants (0.00s CPU time), skipped 0 variants.
    Prepared data for serialisation in 0.00s
Serialized binary data for shader Hidden/Sentis/Pad in 0.00s
    gles3 (total internal programs: 60, unique: 20)
Shader warning in 'Hidden/Sentis/Pad': integer modulus may be much slower, try using uints if possible. at Packages/com.unity.ai.inference/Runtime/Core/Resources/Sentis/PixelShaders/Pad.shader(55) (on gles3)

Compiling Subshader: 0, Pass: , Vertex program with INT WRAP
Platform defines: SHADER_API_GLES30 SHADER_API_MOBILE UNITY_ENABLE_REFLECTION_BUFFERS UNITY_FRAMEBUFFER_FETCH_AVAILABLE UNITY_HARDWARE_TIER2 UNITY_LIGHTMAP_DLDR_ENCODING UNITY_NO_CUBEMAP_ARRAY UNITY_NO_DXT5nm UNITY_NO_RGBM UNITY_NO_SCREENSPACE_SHADOWS UNITY_PBS_USE_BRDF2 UNITY_PLATFORM_SUPPORTS_DEPTH_FETCH
Disabled keywords: CONSTANT EDGE REFLECT SHADER_API_GLES31 SHADER_API_GLES32 SYMMETRIC UNITY_ASTC_NORMALMAP_ENCODING UNITY_COLORSPACE_GAMMA UNITY_ENABLE_DETAIL_NORMALMAP UNITY_HARDWARE_TIER1 UNITY_HARDWARE_TIER3 UNITY_LIGHTMAP_FULL_HDR UNITY_LIGHTMAP_RGBM_ENCODING UNITY_LIGHT_PROBE_PROXY_VOLUME UNITY_METAL_SHADOWS_USE_POINT_FILTERING UNITY_PBS_USE_BRDF1 UNITY_PBS_USE_BRDF3 UNITY_PRETRANSFORM_TO_DISPLAY_ORIENTATION UNITY_SPECCUBE_BLENDING UNITY_SPECCUBE_BOX_PROJECTION UNITY_UNIFIED_SHADER_PRECISION_MODEL UNITY_USE_DITHER_MASK_FOR_ALPHABLENDED_SHADOWS UNITY_VIRTUAL_TEXTURING
Compiling shader "Hidden/Sentis/WindowedDFTMatrix"
  Pass "" (vp)
    Target graphics API: gles3
    Full variant space:         8
    After settings filtering:   8
    After built-in stripping:   48
    After scriptable stripping: 48
    Processed in 0.00 seconds
  Pass  (vp, gles3) finished in 0.00 seconds. Local cache hits 48 (0.01s CPU time), remote cache hits 0 (0.00s CPU time), compiled 0 variants (0.00s CPU time), skipped 0 variants.
    Prepared data for serialisation in 0.00s
Serialized binary data for shader Hidden/Sentis/WindowedDFTMatrix in 0.00s
    gles3 (total internal programs: 48, unique: 16)
Compiling shader "Hidden/Sentis/MatMul"
  Pass "" (vp)
    Target graphics API: gles3
    Full variant space:         1
    After settings filtering:   1
    After built-in stripping:   6
    After scriptable stripping: 6
    Processed in 0.00 seconds
  Pass  (vp, gles3) finished in 0.00 seconds. Local cache hits 6 (0.00s CPU time), remote cache hits 0 (0.00s CPU time), compiled 0 variants (0.00s CPU time), skipped 0 variants.
    Prepared data for serialisation in 0.00s
Serialized binary data for shader Hidden/Sentis/MatMul in 0.00s
    gles3 (total internal programs: 6, unique: 2)
Compiling compute shader "ReferenceImpl.IndexingOpsA"
    starting stripping...
    finished in 0.00 seconds. 8 of 8 variants left
    8 variants, starting compilation...
    finished in 0.00 seconds. Local cache hits 8, remote cache hits 0, compiled 0 variants
Compiling shader "Hidden/Sentis/Transpose"
  Pass "" (vp)
    Target graphics API: gles3
    Full variant space:         2
    After settings filtering:   2
    After built-in stripping:   12
    After scriptable stripping: 12
    Processed in 0.00 seconds
  Pass  (vp, gles3) finished in 0.00 seconds. Local cache hits 12 (0.00s CPU time), remote cache hits 0 (0.00s CPU time), compiled 0 variants (0.00s CPU time), skipped 0 variants.
    Prepared data for serialisation in 0.00s
Serialized binary data for shader Hidden/Sentis/Transpose in 0.00s
    gles3 (total internal programs: 12, unique: 4)
Compiling shader "Hidden/Sentis/ActivationInt"
  Pass "" (vp)
    Target graphics API: gles3
    Full variant space:         6
    After settings filtering:   6
    After built-in stripping:   36
    After scriptable stripping: 36
    Processed in 0.00 seconds
  Pass  (vp, gles3) finished in 0.00 seconds. Local cache hits 36 (0.01s CPU time), remote cache hits 0 (0.00s CPU time), compiled 0 variants (0.00s CPU time), skipped 0 variants.
    Prepared data for serialisation in 0.00s
Serialized binary data for shader Hidden/Sentis/ActivationInt in 0.00s
    gles3 (total internal programs: 36, unique: 12)
Compiling compute shader "TensorToTexture"
    starting stripping...
    finished in 0.00 seconds. 4 of 4 variants left
    4 variants, starting compilation...
    finished in 0.00 seconds. Local cache hits 4, remote cache hits 0, compiled 0 variants
Compiling shader "Hidden/Sentis/Trilu"
  Pass "" (vp)
    Target graphics API: gles3
    Full variant space:         2
    After settings filtering:   2
    After built-in stripping:   12
    After scriptable stripping: 12
    Processed in 0.00 seconds
  Pass  (vp, gles3) finished in 0.00 seconds. Local cache hits 12 (0.00s CPU time), remote cache hits 0 (0.00s CPU time), compiled 0 variants (0.00s CPU time), skipped 0 variants.
    Prepared data for serialisation in 0.00s
Serialized binary data for shader Hidden/Sentis/Trilu in 0.00s
    gles3 (total internal programs: 12, unique: 4)
Compiling compute shader "Resize"
    starting stripping...
    finished in 0.00 seconds. 12 of 12 variants left
    12 variants, starting compilation...
    finished in 0.00 seconds. Local cache hits 12, remote cache hits 0, compiled 0 variants
Compiling shader "Hidden/Sentis/InstanceNormalizationTail"
  Pass "" (vp)
    Target graphics API: gles3
    Full variant space:         1
    After settings filtering:   1
    After built-in stripping:   6
    After scriptable stripping: 6
    Processed in 0.00 seconds
  Pass  (vp, gles3) finished in 0.00 seconds. Local cache hits 6 (0.00s CPU time), remote cache hits 0 (0.00s CPU time), compiled 0 variants (0.00s CPU time), skipped 0 variants.
    Prepared data for serialisation in 0.00s
Serialized binary data for shader Hidden/Sentis/InstanceNormalizationTail in 0.00s
    gles3 (total internal programs: 6, unique: 2)
Compiling shader "Hidden/Sentis/Tile"
  Pass "" (vp)
    Target graphics API: gles3
    Full variant space:         2
    After settings filtering:   2
    After built-in stripping:   12
    After scriptable stripping: 12
    Processed in 0.00 seconds
  Pass  (vp, gles3) finished in 0.00 seconds. Local cache hits 12 (0.01s CPU time), remote cache hits 0 (0.00s CPU time), compiled 0 variants (0.00s CPU time), skipped 0 variants.
    Prepared data for serialisation in 0.00s
Serialized binary data for shader Hidden/Sentis/Tile in 0.00s
    gles3 (total internal programs: 12, unique: 4)
Compiling shader "Hidden/Sentis/TextureConversion/TensorToTexture"
  Pass "" (vp)
    Target graphics API: gles3
    Full variant space:         12
    After settings filtering:   12
    After built-in stripping:   72
    After scriptable stripping: 72
    Processed in 0.00 seconds
  Pass  (vp, gles3) finished in 0.00 seconds. Local cache hits 72 (0.02s CPU time), remote cache hits 0 (0.00s CPU time), compiled 0 variants (0.00s CPU time), skipped 0 variants.
    Prepared data for serialisation in 0.00s
Serialized binary data for shader Hidden/Sentis/TextureConversion/TensorToTexture in 0.00s
    gles3 (total internal programs: 72, unique: 24)
Compiling shader "Hidden/Sentis/TextureTensorDataDownload"
  Pass "" (vp)
    Target graphics API: gles3
    Full variant space:         3
    After settings filtering:   3
    After built-in stripping:   18
    After scriptable stripping: 18
    Processed in 0.00 seconds
  Pass  (vp, gles3) finished in 0.00 seconds. Local cache hits 18 (0.01s CPU time), remote cache hits 0 (0.00s CPU time), compiled 0 variants (0.00s CPU time), skipped 0 variants.
    Prepared data for serialisation in 0.00s
Serialized binary data for shader Hidden/Sentis/TextureTensorDataDownload in 0.00s
    gles3 (total internal programs: 18, unique: 6)
Compiling shader "HPE/hand_FloorShadow"
  Pass "Fade" (vp)
    Target graphics API: gles3
    Full variant space:         1
    After settings filtering:   1
    After built-in stripping:   6
    After scriptable stripping: 6
    Processed in 0.00 seconds
  Pass "Fade" (vp)
    Target graphics API: gles3
    Full variant space:         1
    After settings filtering:   1
    After built-in stripping:   6
    After scriptable stripping: 6
    Processed in 0.00 seconds
  Pass Fade (vp, gles3) finished in 0.00 seconds. Local cache hits 6 (0.01s CPU time), remote cache hits 0 (0.00s CPU time), compiled 0 variants (0.00s CPU time), skipped 0 variants.
    Prepared data for serialisation in 0.00s
  Pass Fade (vp, gles3) finished in 0.00 seconds. Local cache hits 6 (0.01s CPU time), remote cache hits 0 (0.00s CPU time), compiled 0 variants (0.00s CPU time), skipped 0 variants.
    Prepared data for serialisation in 0.00s
Serialized binary data for shader HPE/hand_FloorShadow in 0.00s
    gles3 (total internal programs: 12, unique: 2)
Script attached to 'rightHand' in asset 'Packages/com.bytedance.pico.xr/Assets/Resources/Controller/ControllerWithHand/rightHand.prefab' is missing or no valid script is attached.
UnityEngine.Debug:ExtractStackTraceNoAlloc (byte*,int,string)
UnityEngine.StackTraceUtility:ExtractStackTrace () (at /Users/bokken/build/output/unity/unity/Runtime/Export/Scripting/StackTrace.cs:35)
UnityEditor.BuildPipeline:BuildPlayerInternal (string[],string,string,UnityEditor.BuildTargetGroup,UnityEditor.BuildTarget,int,UnityEditor.BuildOptions,string[],string[],bool)
UnityEditor.BuildPipeline:BuildPlayer (UnityEditor.BuildPlayerOptions) (at /Users/bokken/build/output/unity/unity/Editor/Mono/BuildPipeline/BuildPipeline.bindings.cs:267)
PicoTowerDefenseEditor.ProjectSetup:BuildDevelopmentApk () (at Assets/SpatialTowerDefense/Editor/ProjectSetup.cs:463)

[/Users/bokken/build/output/unity/unity/Editor/Mono/BuildPipeline/BuildPipeline.bindings.cs line 267]

Compiling shader "Hidden/Sentis/MelWeightMatrix"
  Pass "" (vp)
    Target graphics API: gles3
    Full variant space:         1
    After settings filtering:   1
    After built-in stripping:   6
    After scriptable stripping: 6
    Processed in 0.00 seconds
  Pass  (vp, gles3) finished in 0.00 seconds. Local cache hits 6 (0.00s CPU time), remote cache hits 0 (0.00s CPU time), compiled 0 variants (0.00s CPU time), skipped 0 variants.
    Prepared data for serialisation in 0.00s
Serialized binary data for shader Hidden/Sentis/MelWeightMatrix in 0.00s
    gles3 (total internal programs: 6, unique: 2)
Compiling shader "Hidden/Sentis/CumSum"
  Pass "" (vp)
    Target graphics API: gles3
    Full variant space:         8
    After settings filtering:   8
    After built-in stripping:   48
    After scriptable stripping: 48
    Processed in 0.00 seconds
  Pass  (vp, gles3) finished in 0.00 seconds. Local cache hits 48 (0.02s CPU time), remote cache hits 0 (0.00s CPU time), compiled 0 variants (0.00s CPU time), skipped 0 variants.
    Prepared data for serialisation in 0.00s
Serialized binary data for shader Hidden/Sentis/CumSum in 0.00s
    gles3 (total internal programs: 48, unique: 16)
Compiling shader "Hidden/Sentis/Window"
  Pass "" (vp)
    Target graphics API: gles3
    Full variant space:         3
    After settings filtering:   3
    After built-in stripping:   18
    After scriptable stripping: 18
    Processed in 0.00 seconds
  Pass  (vp, gles3) finished in 0.00 seconds. Local cache hits 18 (0.01s CPU time), remote cache hits 0 (0.00s CPU time), compiled 0 variants (0.00s CPU time), skipped 0 variants.
    Prepared data for serialisation in 0.00s
Serialized binary data for shader Hidden/Sentis/Window in 0.00s
    gles3 (total internal programs: 18, unique: 6)
Compiling shader "Hidden/Sentis/LocalResponseNormalization"
  Pass "" (vp)
    Target graphics API: gles3
    Full variant space:         1
    After settings filtering:   1
    After built-in stripping:   6
    After scriptable stripping: 6
    Processed in 0.00 seconds
  Pass  (vp, gles3) finished in 0.00 seconds. Local cache hits 6 (0.00s CPU time), remote cache hits 0 (0.00s CPU time), compiled 0 variants (0.00s CPU time), skipped 0 variants.
    Prepared data for serialisation in 0.00s
Serialized binary data for shader Hidden/Sentis/LocalResponseNormalization in 0.00s
    gles3 (total internal programs: 6, unique: 2)
Compiling shader "SyntyStudios/WaterShader"
  Pass "FORWARD" (vp)
    Target graphics API: gles3
    Full variant space:         152
    After settings filtering:   152
    After built-in stripping:   18
    After scriptable stripping: 18
    Processed in 0.00 seconds
  Pass "FORWARD" (vp)
    Target graphics API: gles3
    Full variant space:         20
    After settings filtering:   20
    After built-in stripping:   30
    After scriptable stripping: 30
    Processed in 0.00 seconds
  Pass "ShadowCaster" (vp)
    Target graphics API: gles3
    Full variant space:         2
    After settings filtering:   2
    After built-in stripping:   12
    After scriptable stripping: 12
    Processed in 0.00 seconds
  Pass FORWARD (vp, gles3) finished in 0.00 seconds. Local cache hits 18 (0.01s CPU time), remote cache hits 0 (0.00s CPU time), compiled 0 variants (0.00s CPU time), skipped 0 variants.
    Prepared data for serialisation in 0.00s
  Pass FORWARD (vp, gles3) finished in 0.00 seconds. Local cache hits 30 (0.01s CPU time), remote cache hits 0 (0.00s CPU time), compiled 0 variants (0.00s CPU time), skipped 0 variants.
    Prepared data for serialisation in 0.00s
  Pass ShadowCaster (vp, gles3) finished in 0.00 seconds. Local cache hits 12 (0.00s CPU time), remote cache hits 0 (0.00s CPU time), compiled 0 variants (0.00s CPU time), skipped 0 variants.
    Prepared data for serialisation in 0.00s
Serialized binary data for shader SyntyStudios/WaterShader in 0.00s
    gles3 (total internal programs: 60, unique: 36)
Compressed shader 'SyntyStudios/WaterShader' on gles3 from 1.96MB to 0.12MB
Compressed shader 'SyntyStudios/WaterShader' in 0.02s
Compiling shader "o_com_shader_code"
  Pass "Forward" (vp)
    Target graphics API: gles3
    Full variant space:         1
    After settings filtering:   1
    After built-in stripping:   6
    After scriptable stripping: 6
    Processed in 0.00 seconds
  Pass "Depth" (vp)
    Target graphics API: gles3
    Full variant space:         4
    After settings filtering:   4
    After built-in stripping:   6
    After scriptable stripping: 6
    Processed in 0.00 seconds
  Pass "Interior" (vp)
    Target graphics API: gles3
    Full variant space:         1
    After settings filtering:   1
    After built-in stripping:   6
    After scriptable stripping: 6
    Processed in 0.00 seconds
  Pass Forward (vp, gles3) finished in 0.00 seconds. Local cache hits 6 (0.00s CPU time), remote cache hits 0 (0.00s CPU time), compiled 0 variants (0.00s CPU time), skipped 0 variants.
    Prepared data for serialisation in 0.00s
  Pass Depth (vp, gles3) finished in 0.00 seconds. Local cache hits 6 (0.00s CPU time), remote cache hits 0 (0.00s CPU time), compiled 0 variants (0.00s CPU time), skipped 0 variants.
    Prepared data for serialisation in 0.00s
  Pass Interior (vp, gles3) finished in 0.00 seconds. Local cache hits 6 (0.00s CPU time), remote cache hits 0 (0.00s CPU time), compiled 0 variants (0.00s CPU time), skipped 0 variants.
    Prepared data for serialisation in 0.00s
Serialized binary data for shader o_com_shader_code in 0.00s
    gles3 (total internal programs: 18, unique: 4)
Compiling shader "PICO/EnvironmentDepth/Preprocessing"
  Pass "Environment Depth Preprocessing Pass" (vp)
    Target graphics API: gles3
    Full variant space:         1
    After settings filtering:   1
    After built-in stripping:   6
    After scriptable stripping: 6
    Processed in 0.00 seconds
  Pass Environment Depth Preprocessing Pass (vp, gles3) finished in 0.00 seconds. Local cache hits 6 (0.00s CPU time), remote cache hits 0 (0.00s CPU time), compiled 0 variants (0.00s CPU time), skipped 0 variants.
    Prepared data for serialisation in 0.00s
Serialized binary data for shader PICO/EnvironmentDepth/Preprocessing in 0.00s
    gles3 (total internal programs: 6, unique: 2)
Shader warning in 'PICO/EnvironmentDepth/Preprocessing': 'i': loop control variable conflicts with a previous declaration in the outer scope; most recent declaration will be used at Packages/com.bytedance.pico.xr/Assets/Resources/Shader/DepthPreprocessing.shader(108) (on gles3)

Compiling Subshader: 0, Pass: Environment Depth Preprocessing Pass, Vertex program with <no keywords>
Platform defines: SHADER_API_GLES30 SHADER_API_MOBILE UNITY_ENABLE_REFLECTION_BUFFERS UNITY_FRAMEBUFFER_FETCH_AVAILABLE UNITY_HARDWARE_TIER3 UNITY_LIGHTMAP_DLDR_ENCODING UNITY_NO_CUBEMAP_ARRAY UNITY_NO_DXT5nm UNITY_NO_RGBM UNITY_NO_SCREENSPACE_SHADOWS UNITY_PBS_USE_BRDF2 UNITY_PLATFORM_SUPPORTS_DEPTH_FETCH
Disabled keywords: SHADER_API_GLES31 SHADER_API_GLES32 UNITY_ASTC_NORMALMAP_ENCODING UNITY_COLORSPACE_GAMMA UNITY_ENABLE_DETAIL_NORMALMAP UNITY_HARDWARE_TIER1 UNITY_HARDWARE_TIER2 UNITY_LIGHTMAP_FULL_HDR UNITY_LIGHTMAP_RGBM_ENCODING UNITY_LIGHT_PROBE_PROXY_VOLUME UNITY_METAL_SHADOWS_USE_POINT_FILTERING UNITY_PBS_USE_BRDF1 UNITY_PBS_USE_BRDF3 UNITY_PRETRANSFORM_TO_DISPLAY_ORIENTATION UNITY_SPECCUBE_BLENDING UNITY_SPECCUBE_BOX_PROJECTION UNITY_UNIFIED_SHADER_PRECISION_MODEL UNITY_USE_DITHER_MASK_FOR_ALPHABLENDED_SHADOWS UNITY_VIRTUAL_TEXTURING
Compiling shader "Hidden/Sentis/LayerNormalizationTail"
  Pass "" (vp)
    Target graphics API: gles3
    Full variant space:         1
    After settings filtering:   1
    After built-in stripping:   6
    After scriptable stripping: 6
    Processed in 0.00 seconds
  Pass  (vp, gles3) finished in 0.00 seconds. Local cache hits 6 (0.00s CPU time), remote cache hits 0 (0.00s CPU time), compiled 0 variants (0.00s CPU time), skipped 0 variants.
    Prepared data for serialisation in 0.00s
Serialized binary data for shader Hidden/Sentis/LayerNormalizationTail in 0.00s
    gles3 (total internal programs: 6, unique: 2)
Compiling compute shader "GemmT"
    starting stripping...
    finished in 0.00 seconds. 3 of 3 variants left
    3 variants, starting compilation...
    finished in 0.00 seconds. Local cache hits 3, remote cache hits 0, compiled 0 variants
Compiling shader "Hidden/Sentis/IsInfNaN"
  Pass "" (vp)
    Target graphics API: gles3
    Full variant space:         2
    After settings filtering:   2
    After built-in stripping:   12
    After scriptable stripping: 12
    Processed in 0.00 seconds
  Pass  (vp, gles3) finished in 0.00 seconds. Local cache hits 12 (0.00s CPU time), remote cache hits 0 (0.00s CPU time), compiled 0 variants (0.00s CPU time), skipped 0 variants.
    Prepared data for serialisation in 0.00s
Serialized binary data for shader Hidden/Sentis/IsInfNaN in 0.00s
    gles3 (total internal programs: 12, unique: 4)
Compiling shader "PXR_SDK/PXR_CubemapBlit"
  Pass "" (vp)
    Target graphics API: gles3
    Full variant space:         1
    After settings filtering:   1
    After built-in stripping:   6
    After scriptable stripping: 6
    Processed in 0.00 seconds
  Pass  (vp, gles3) finished in 0.00 seconds. Local cache hits 6 (0.00s CPU time), remote cache hits 0 (0.00s CPU time), compiled 0 variants (0.00s CPU time), skipped 0 variants.
    Prepared data for serialisation in 0.00s
Serialized binary data for shader PXR_SDK/PXR_CubemapBlit in 0.00s
    gles3 (total internal programs: 6, unique: 2)
Compiling shader "Hidden/Sentis/GatherElements"
  Pass "" (vp)
    Target graphics API: gles3
    Full variant space:         4
    After settings filtering:   4
    After built-in stripping:   24
    After scriptable stripping: 24
    Processed in 0.00 seconds
  Pass  (vp, gles3) finished in 0.00 seconds. Local cache hits 24 (0.01s CPU time), remote cache hits 0 (0.00s CPU time), compiled 0 variants (0.00s CPU time), skipped 0 variants.
    Prepared data for serialisation in 0.00s
Serialized binary data for shader Hidden/Sentis/GatherElements in 0.00s
    gles3 (total internal programs: 24, unique: 8)
Compiling compute shader "ImageBased"
    starting stripping...
    finished in 0.00 seconds. 3 of 3 variants left
    3 variants, starting compilation...
    finished in 0.00 seconds. Local cache hits 3, remote cache hits 0, compiled 0 variants
Compiling compute shader "ReferenceImpl"
    starting stripping...
    finished in 0.00 seconds. 1 of 1 variants left
    1 variants, starting compilation...
    finished in 0.00 seconds. Local cache hits 1, remote cache hits 0, compiled 0 variants
Compiling compute shader "ReduceIndices"
    starting stripping...
    finished in 0.00 seconds. 8 of 8 variants left
    8 variants, starting compilation...
    finished in 0.00 seconds. Local cache hits 8, remote cache hits 0, compiled 0 variants
Compiling shader "Hidden/Sentis/TextureConversion/TextureToTensor"
  Pass "" (vp)
    Target graphics API: gles3
    Full variant space:         12
    After settings filtering:   12
    After built-in stripping:   72
    After scriptable stripping: 72
    Processed in 0.00 seconds
  Pass  (vp, gles3) finished in 0.00 seconds. Local cache hits 72 (0.02s CPU time), remote cache hits 0 (0.00s CPU time), compiled 0 variants (0.00s CPU time), skipped 0 variants.
    Prepared data for serialisation in 0.00s
Serialized binary data for shader Hidden/Sentis/TextureConversion/TextureToTensor in 0.00s
    gles3 (total internal programs: 72, unique: 24)
Compiling shader "PICO/EnvironmentDepth/BIRP/OcclusionUnlit"
  Pass "" (vp)
    Target graphics API: gles3
    Full variant space:         1
    After settings filtering:   1
    After built-in stripping:   6
    After scriptable stripping: 6
    Processed in 0.00 seconds
  Pass  (vp, gles3) finished in 0.00 seconds. Local cache hits 6 (0.00s CPU time), remote cache hits 0 (0.00s CPU time), compiled 0 variants (0.00s CPU time), skipped 0 variants.
    Prepared data for serialisation in 0.00s
Serialized binary data for shader PICO/EnvironmentDepth/BIRP/OcclusionUnlit in 0.00s
    gles3 (total internal programs: 6, unique: 2)
Compiling compute shader "IndexingOps"
    starting stripping...
    finished in 0.00 seconds. 3 of 3 variants left
    3 variants, starting compilation...
    finished in 0.00 seconds. Local cache hits 3, remote cache hits 0, compiled 0 variants
Compiling compute shader "AxisActivations"
    starting stripping...
    finished in 0.00 seconds. 3 of 3 variants left
    3 variants, starting compilation...
    finished in 0.00 seconds. Local cache hits 3, remote cache hits 0, compiled 0 variants
Compiling shader "Hidden/Sentis/DepthwiseConv"
  Pass "" (vp)
    Target graphics API: gles3
    Full variant space:         12
    After settings filtering:   12
    After built-in stripping:   72
    After scriptable stripping: 72
    Processed in 0.00 seconds
  Pass  (vp, gles3) finished in 0.00 seconds. Local cache hits 72 (0.02s CPU time), remote cache hits 0 (0.00s CPU time), compiled 0 variants (0.00s CPU time), skipped 0 variants.
    Prepared data for serialisation in 0.00s
Serialized binary data for shader Hidden/Sentis/DepthwiseConv in 0.00s
    gles3 (total internal programs: 72, unique: 24)
Compiling compute shader "Normalization"
    starting stripping...
    finished in 0.00 seconds. 4 of 4 variants left
    4 variants, starting compilation...
    finished in 0.00 seconds. Local cache hits 4, remote cache hits 0, compiled 0 variants
Compiling shader "SuperSystems/Wireframe-Transparent-Culled"
  Pass "" (vp)
    Target graphics API: gles3
    Full variant space:         1
    After settings filtering:   1
    After built-in stripping:   6
    After scriptable stripping: 6
    Processed in 0.00 seconds
  Pass  (vp, gles3) finished in 0.00 seconds. Local cache hits 6 (0.00s CPU time), remote cache hits 0 (0.00s CPU time), compiled 0 variants (0.00s CPU time), skipped 0 variants.
    Prepared data for serialisation in 0.00s
Serialized binary data for shader SuperSystems/Wireframe-Transparent-Culled in 0.00s
    gles3 (total internal programs: 6, unique: 2)
Compiling shader "Hidden/Sentis/ConvTranspose"
  Pass "" (vp)
    Target graphics API: gles3
    Full variant space:         648
    After settings filtering:   648
    After built-in stripping:   3.888
    After scriptable stripping: 3.888
    Processed in 0.07 seconds
  Pass  (vp, gles3) finished in 0.10 seconds. Local cache hits 3888 (1.23s CPU time), remote cache hits 0 (0.00s CPU time), compiled 0 variants (0.00s CPU time), skipped 0 variants.
    Prepared data for serialisation in 0.05s
Serialized binary data for shader Hidden/Sentis/ConvTranspose in 0.00s
    gles3 (total internal programs: 3888, unique: 1296)
Shader warning in 'Hidden/Sentis/ConvTranspose': integer modulus may be much slower, try using uints if possible. at Packages/com.unity.ai.inference/Runtime/Core/Resources/Sentis/PixelShaders/ConvTranspose.shader(215) (on gles3)

Compiling Subshader: 0, Pass: , Vertex program with CONVTRANSPOSE1D DILATIONX_GT_STRIDE NONE
Platform defines: SHADER_API_GLES30 SHADER_API_MOBILE UNITY_ENABLE_REFLECTION_BUFFERS UNITY_FRAMEBUFFER_FETCH_AVAILABLE UNITY_HARDWARE_TIER1 UNITY_LIGHTMAP_DLDR_ENCODING UNITY_NO_CUBEMAP_ARRAY UNITY_NO_DXT5nm UNITY_NO_RGBM UNITY_NO_SCREENSPACE_SHADOWS UNITY_PBS_USE_BRDF3 UNITY_PLATFORM_SUPPORTS_DEPTH_FETCH
Disabled keywords: CONVTRANSPOSE2D CONVTRANSPOSE3D DILATIONX_GT_ONE_LTE_STRIDE DILATIONY_GT_ONE_LTE_STRIDE DILATIONY_GT_STRIDE DILATIONZ_GT_ONE_LTE_STRIDE DILATIONZ_GT_STRIDE GROUPS_ENABLED RELU SHADER_API_GLES31 SHADER_API_GLES32 UNITY_ASTC_NORMALMAP_ENCODING UNITY_COLORSPACE_GAMMA UNITY_ENABLE_DETAIL_NORMALMAP UNITY_HARDWARE_TIER2 UNITY_HARDWARE_TIER3 UNITY_LIGHTMAP_FULL_HDR UNITY_LIGHTMAP_RGBM_ENCODING UNITY_LIGHT_PROBE_PROXY_VOLUME UNITY_METAL_SHADOWS_USE_POINT_FILTERING UNITY_PBS_USE_BRDF1 UNITY_PBS_USE_BRDF2 UNITY_PRETRANSFORM_TO_DISPLAY_ORIENTATION UNITY_SPECCUBE_BLENDING UNITY_SPECCUBE_BOX_PROJECTION UNITY_UNIFIED_SHADER_PRECISION_MODEL UNITY_USE_DITHER_MASK_FOR_ALPHABLENDED_SHADOWS UNITY_VIRTUAL_TEXTURING USEBIAS
Shader warning in 'Hidden/Sentis/ConvTranspose': integer modulus may be much slower, try using uints if possible. at Packages/com.unity.ai.inference/Runtime/Core/Resources/Sentis/PixelShaders/ConvTranspose.shader(218) (on gles3)

Compiling Subshader: 0, Pass: , Vertex program with CONVTRANSPOSE1D DILATIONX_GT_STRIDE NONE
Platform defines: SHADER_API_GLES30 SHADER_API_MOBILE UNITY_ENABLE_REFLECTION_BUFFERS UNITY_FRAMEBUFFER_FETCH_AVAILABLE UNITY_HARDWARE_TIER1 UNITY_LIGHTMAP_DLDR_ENCODING UNITY_NO_CUBEMAP_ARRAY UNITY_NO_DXT5nm UNITY_NO_RGBM UNITY_NO_SCREENSPACE_SHADOWS UNITY_PBS_USE_BRDF3 UNITY_PLATFORM_SUPPORTS_DEPTH_FETCH
Disabled keywords: CONVTRANSPOSE2D CONVTRANSPOSE3D DILATIONX_GT_ONE_LTE_STRIDE DILATIONY_GT_ONE_LTE_STRIDE DILATIONY_GT_STRIDE DILATIONZ_GT_ONE_LTE_STRIDE DILATIONZ_GT_STRIDE GROUPS_ENABLED RELU SHADER_API_GLES31 SHADER_API_GLES32 UNITY_ASTC_NORMALMAP_ENCODING UNITY_COLORSPACE_GAMMA UNITY_ENABLE_DETAIL_NORMALMAP UNITY_HARDWARE_TIER2 UNITY_HARDWARE_TIER3 UNITY_LIGHTMAP_FULL_HDR UNITY_LIGHTMAP_RGBM_ENCODING UNITY_LIGHT_PROBE_PROXY_VOLUME UNITY_METAL_SHADOWS_USE_POINT_FILTERING UNITY_PBS_USE_BRDF1 UNITY_PBS_USE_BRDF2 UNITY_PRETRANSFORM_TO_DISPLAY_ORIENTATION UNITY_SPECCUBE_BLENDING UNITY_SPECCUBE_BOX_PROJECTION UNITY_UNIFIED_SHADER_PRECISION_MODEL UNITY_USE_DITHER_MASK_FOR_ALPHABLENDED_SHADOWS UNITY_VIRTUAL_TEXTURING USEBIAS
Shader warning in 'Hidden/Sentis/ConvTranspose': integer modulus may be much slower, try using uints if possible. at Packages/com.unity.ai.inference/Runtime/Core/Resources/Sentis/PixelShaders/ConvTranspose.shader(256) (on gles3)

Compiling Subshader: 0, Pass: , Vertex program with CONVTRANSPOSE2D DILATIONY_GT_STRIDE NONE USEBIAS
Platform defines: SHADER_API_GLES30 SHADER_API_MOBILE UNITY_ENABLE_REFLECTION_BUFFERS UNITY_FRAMEBUFFER_FETCH_AVAILABLE UNITY_HARDWARE_TIER1 UNITY_LIGHTMAP_DLDR_ENCODING UNITY_NO_CUBEMAP_ARRAY UNITY_NO_DXT5nm UNITY_NO_RGBM UNITY_NO_SCREENSPACE_SHADOWS UNITY_PBS_USE_BRDF3 UNITY_PLATFORM_SUPPORTS_DEPTH_FETCH
Disabled keywords: CONVTRANSPOSE1D CONVTRANSPOSE3D DILATIONX_GT_ONE_LTE_STRIDE DILATIONX_GT_STRIDE DILATIONY_GT_ONE_LTE_STRIDE DILATIONZ_GT_ONE_LTE_STRIDE DILATIONZ_GT_STRIDE GROUPS_ENABLED RELU SHADER_API_GLES31 SHADER_API_GLES32 UNITY_ASTC_NORMALMAP_ENCODING UNITY_COLORSPACE_GAMMA UNITY_ENABLE_DETAIL_NORMALMAP UNITY_HARDWARE_TIER2 UNITY_HARDWARE_TIER3 UNITY_LIGHTMAP_FULL_HDR UNITY_LIGHTMAP_RGBM_ENCODING UNITY_LIGHT_PROBE_PROXY_VOLUME UNITY_METAL_SHADOWS_USE_POINT_FILTERING UNITY_PBS_USE_BRDF1 UNITY_PBS_USE_BRDF2 UNITY_PRETRANSFORM_TO_DISPLAY_ORIENTATION UNITY_SPECCUBE_BLENDING UNITY_SPECCUBE_BOX_PROJECTION UNITY_UNIFIED_SHADER_PRECISION_MODEL UNITY_USE_DITHER_MASK_FOR_ALPHABLENDED_SHADOWS UNITY_VIRTUAL_TEXTURING
Shader warning in 'Hidden/Sentis/ConvTranspose': integer modulus may be much slower, try using uints if possible. at Packages/com.unity.ai.inference/Runtime/Core/Resources/Sentis/PixelShaders/ConvTranspose.shader(259) (on gles3)

Compiling Subshader: 0, Pass: , Vertex program with CONVTRANSPOSE2D DILATIONY_GT_STRIDE NONE USEBIAS
Platform defines: SHADER_API_GLES30 SHADER_API_MOBILE UNITY_ENABLE_REFLECTION_BUFFERS UNITY_FRAMEBUFFER_FETCH_AVAILABLE UNITY_HARDWARE_TIER1 UNITY_LIGHTMAP_DLDR_ENCODING UNITY_NO_CUBEMAP_ARRAY UNITY_NO_DXT5nm UNITY_NO_RGBM UNITY_NO_SCREENSPACE_SHADOWS UNITY_PBS_USE_BRDF3 UNITY_PLATFORM_SUPPORTS_DEPTH_FETCH
Disabled keywords: CONVTRANSPOSE1D CONVTRANSPOSE3D DILATIONX_GT_ONE_LTE_STRIDE DILATIONX_GT_STRIDE DILATIONY_GT_ONE_LTE_STRIDE DILATIONZ_GT_ONE_LTE_STRIDE DILATIONZ_GT_STRIDE GROUPS_ENABLED RELU SHADER_API_GLES31 SHADER_API_GLES32 UNITY_ASTC_NORMALMAP_ENCODING UNITY_COLORSPACE_GAMMA UNITY_ENABLE_DETAIL_NORMALMAP UNITY_HARDWARE_TIER2 UNITY_HARDWARE_TIER3 UNITY_LIGHTMAP_FULL_HDR UNITY_LIGHTMAP_RGBM_ENCODING UNITY_LIGHT_PROBE_PROXY_VOLUME UNITY_METAL_SHADOWS_USE_POINT_FILTERING UNITY_PBS_USE_BRDF1 UNITY_PBS_USE_BRDF2 UNITY_PRETRANSFORM_TO_DISPLAY_ORIENTATION UNITY_SPECCUBE_BLENDING UNITY_SPECCUBE_BOX_PROJECTION UNITY_UNIFIED_SHADER_PRECISION_MODEL UNITY_USE_DITHER_MASK_FOR_ALPHABLENDED_SHADOWS UNITY_VIRTUAL_TEXTURING
Shader warning in 'Hidden/Sentis/ConvTranspose': integer modulus may be much slower, try using uints if possible. at Packages/com.unity.ai.inference/Runtime/Core/Resources/Sentis/PixelShaders/ConvTranspose.shader(296) (on gles3)

Compiling Subshader: 0, Pass: , Vertex program with CONVTRANSPOSE3D DILATIONZ_GT_STRIDE NONE USEBIAS
Platform defines: SHADER_API_GLES30 SHADER_API_MOBILE UNITY_ENABLE_REFLECTION_BUFFERS UNITY_FRAMEBUFFER_FETCH_AVAILABLE UNITY_HARDWARE_TIER1 UNITY_LIGHTMAP_DLDR_ENCODING UNITY_NO_CUBEMAP_ARRAY UNITY_NO_DXT5nm UNITY_NO_RGBM UNITY_NO_SCREENSPACE_SHADOWS UNITY_PBS_USE_BRDF3 UNITY_PLATFORM_SUPPORTS_DEPTH_FETCH
Disabled keywords: CONVTRANSPOSE1D CONVTRANSPOSE2D DILATIONX_GT_ONE_LTE_STRIDE DILATIONX_GT_STRIDE DILATIONY_GT_ONE_LTE_STRIDE DILATIONY_GT_STRIDE DILATIONZ_GT_ONE_LTE_STRIDE GROUPS_ENABLED RELU SHADER_API_GLES31 SHADER_API_GLES32 UNITY_ASTC_NORMALMAP_ENCODING UNITY_COLORSPACE_GAMMA UNITY_ENABLE_DETAIL_NORMALMAP UNITY_HARDWARE_TIER2 UNITY_HARDWARE_TIER3 UNITY_LIGHTMAP_FULL_HDR UNITY_LIGHTMAP_RGBM_ENCODING UNITY_LIGHT_PROBE_PROXY_VOLUME UNITY_METAL_SHADOWS_USE_POINT_FILTERING UNITY_PBS_USE_BRDF1 UNITY_PBS_USE_BRDF2 UNITY_PRETRANSFORM_TO_DISPLAY_ORIENTATION UNITY_SPECCUBE_BLENDING UNITY_SPECCUBE_BOX_PROJECTION UNITY_UNIFIED_SHADER_PRECISION_MODEL UNITY_USE_DITHER_MASK_FOR_ALPHABLENDED_SHADOWS UNITY_VIRTUAL_TEXTURING
Shader warning in 'Hidden/Sentis/ConvTranspose': integer modulus may be much slower, try using uints if possible. at Packages/com.unity.ai.inference/Runtime/Core/Resources/Sentis/PixelShaders/ConvTranspose.shader(299) (on gles3)

Compiling Subshader: 0, Pass: , Vertex program with CONVTRANSPOSE3D DILATIONZ_GT_STRIDE NONE USEBIAS
Platform defines: SHADER_API_GLES30 SHADER_API_MOBILE UNITY_ENABLE_REFLECTION_BUFFERS UNITY_FRAMEBUFFER_FETCH_AVAILABLE UNITY_HARDWARE_TIER1 UNITY_LIGHTMAP_DLDR_ENCODING UNITY_NO_CUBEMAP_ARRAY UNITY_NO_DXT5nm UNITY_NO_RGBM UNITY_NO_SCREENSPACE_SHADOWS UNITY_PBS_USE_BRDF3 UNITY_PLATFORM_SUPPORTS_DEPTH_FETCH
Disabled keywords: CONVTRANSPOSE1D CONVTRANSPOSE2D DILATIONX_GT_ONE_LTE_STRIDE DILATIONX_GT_STRIDE DILATIONY_GT_ONE_LTE_STRIDE DILATIONY_GT_STRIDE DILATIONZ_GT_ONE_LTE_STRIDE GROUPS_ENABLED RELU SHADER_API_GLES31 SHADER_API_GLES32 UNITY_ASTC_NORMALMAP_ENCODING UNITY_COLORSPACE_GAMMA UNITY_ENABLE_DETAIL_NORMALMAP UNITY_HARDWARE_TIER2 UNITY_HARDWARE_TIER3 UNITY_LIGHTMAP_FULL_HDR UNITY_LIGHTMAP_RGBM_ENCODING UNITY_LIGHT_PROBE_PROXY_VOLUME UNITY_METAL_SHADOWS_USE_POINT_FILTERING UNITY_PBS_USE_BRDF1 UNITY_PBS_USE_BRDF2 UNITY_PRETRANSFORM_TO_DISPLAY_ORIENTATION UNITY_SPECCUBE_BLENDING UNITY_SPECCUBE_BOX_PROJECTION UNITY_UNIFIED_SHADER_PRECISION_MODEL UNITY_USE_DITHER_MASK_FOR_ALPHABLENDED_SHADOWS UNITY_VIRTUAL_TEXTURING
Compressed shader 'Hidden/Sentis/ConvTranspose' on gles3 from 28.59MB to 1.02MB
Compressed shader 'Hidden/Sentis/ConvTranspose' in 0.09s
Compiling compute shader "Random"
    starting stripping...
    finished in 0.00 seconds. 5 of 5 variants left
    5 variants, starting compilation...
    finished in 0.00 seconds. Local cache hits 5, remote cache hits 0, compiled 0 variants
Compiling shader "Hidden/Sentis/DepthToSpace"
  Pass "" (vp)
    Target graphics API: gles3
    Full variant space:         4
    After settings filtering:   4
    After built-in stripping:   24
    After scriptable stripping: 24
    Processed in 0.00 seconds
  Pass  (vp, gles3) finished in 0.00 seconds. Local cache hits 24 (0.01s CPU time), remote cache hits 0 (0.00s CPU time), compiled 0 variants (0.00s CPU time), skipped 0 variants.
    Prepared data for serialisation in 0.00s
Serialized binary data for shader Hidden/Sentis/DepthToSpace in 0.00s
    gles3 (total internal programs: 24, unique: 8)
Compiling shader "PXR/PICO4"
  Pass "" (vp)
    Target graphics API: gles3
    Full variant space:         1
    After settings filtering:   1
    After built-in stripping:   6
    After scriptable stripping: 6
    Processed in 0.00 seconds
  Pass "" (vp)
    Target graphics API: gles3
    Full variant space:         1
    After settings filtering:   1
    After built-in stripping:   6
    After scriptable stripping: 6
    Processed in 0.00 seconds
  Pass  (vp, gles3) finished in 0.00 seconds. Local cache hits 6 (0.00s CPU time), remote cache hits 0 (0.00s CPU time), compiled 0 variants (0.00s CPU time), skipped 0 variants.
    Prepared data for serialisation in 0.00s
  Pass  (vp, gles3) finished in 0.00 seconds. Local cache hits 6 (0.00s CPU time), remote cache hits 0 (0.00s CPU time), compiled 0 variants (0.00s CPU time), skipped 0 variants.
    Prepared data for serialisation in 0.00s
Serialized binary data for shader PXR/PICO4 in 0.00s
    gles3 (total internal programs: 12, unique: 2)
Compiling compute shader "NMS"
    starting stripping...
    finished in 0.00 seconds. 4 of 4 variants left
    4 variants, starting compilation...
    finished in 0.00 seconds. Local cache hits 4, remote cache hits 0, compiled 0 variants
Compiling shader "Hidden/PicoTowerDefense/DesktopCameraBackground"
  Pass "" (vp)
    Target graphics API: gles3
    Full variant space:         1
    After settings filtering:   1
    After built-in stripping:   6
    After scriptable stripping: 6
    Processed in 0.00 seconds
  Pass  (vp, gles3) finished in 0.00 seconds. Local cache hits 6 (0.00s CPU time), remote cache hits 0 (0.00s CPU time), compiled 0 variants (0.00s CPU time), skipped 0 variants.
    Prepared data for serialisation in 0.00s
Serialized binary data for shader Hidden/PicoTowerDefense/DesktopCameraBackground in 0.00s
    gles3 (total internal programs: 6, unique: 2)
Compiling shader "PXR/PICO4_Power"
  Pass "" (vp)
    Target graphics API: gles3
    Full variant space:         1
    After settings filtering:   1
    After built-in stripping:   6
    After scriptable stripping: 6
    Processed in 0.00 seconds
  Pass "" (vp)
    Target graphics API: gles3
    Full variant space:         1
    After settings filtering:   1
    After built-in stripping:   6
    After scriptable stripping: 6
    Processed in 0.00 seconds
  Pass  (vp, gles3) finished in 0.00 seconds. Local cache hits 6 (0.00s CPU time), remote cache hits 0 (0.00s CPU time), compiled 0 variants (0.00s CPU time), skipped 0 variants.
    Prepared data for serialisation in 0.00s
  Pass  (vp, gles3) finished in 0.00 seconds. Local cache hits 6 (0.00s CPU time), remote cache hits 0 (0.00s CPU time), compiled 0 variants (0.00s CPU time), skipped 0 variants.
    Prepared data for serialisation in 0.00s
Serialized binary data for shader PXR/PICO4_Power in 0.00s
    gles3 (total internal programs: 12, unique: 2)
Compiling compute shader "Spectral"
    starting stripping...
    finished in 0.00 seconds. 4 of 4 variants left
    4 variants, starting compilation...
    finished in 0.00 seconds. Local cache hits 4, remote cache hits 0, compiled 0 variants
Compiling shader "Hidden/Sentis/SpaceToDepth"
  Pass "" (vp)
    Target graphics API: gles3
    Full variant space:         2
    After settings filtering:   2
    After built-in stripping:   12
    After scriptable stripping: 12
    Processed in 0.00 seconds
  Pass  (vp, gles3) finished in 0.00 seconds. Local cache hits 12 (0.01s CPU time), remote cache hits 0 (0.00s CPU time), compiled 0 variants (0.00s CPU time), skipped 0 variants.
    Prepared data for serialisation in 0.00s
Serialized binary data for shader Hidden/Sentis/SpaceToDepth in 0.00s
    gles3 (total internal programs: 12, unique: 4)
Compiling shader "PXR/G3"
  Pass "" (vp)
    Target graphics API: gles3
    Full variant space:         1
    After settings filtering:   1
    After built-in stripping:   6
    After scriptable stripping: 6
    Processed in 0.00 seconds
  Pass "" (vp)
    Target graphics API: gles3
    Full variant space:         1
    After settings filtering:   1
    After built-in stripping:   6
    After scriptable stripping: 6
    Processed in 0.00 seconds
  Pass  (vp, gles3) finished in 0.00 seconds. Local cache hits 6 (0.00s CPU time), remote cache hits 0 (0.00s CPU time), compiled 0 variants (0.00s CPU time), skipped 0 variants.
    Prepared data for serialisation in 0.00s
  Pass  (vp, gles3) finished in 0.00 seconds. Local cache hits 6 (0.00s CPU time), remote cache hits 0 (0.00s CPU time), compiled 0 variants (0.00s CPU time), skipped 0 variants.
    Prepared data for serialisation in 0.00s
Serialized binary data for shader PXR/G3 in 0.00s
    gles3 (total internal programs: 12, unique: 2)
Compiling shader "SpatialTowerDefense/WorldTextTransparent"
  Pass "" (vp)
    Target graphics API: gles3
    Full variant space:         1
    After settings filtering:   1
    After built-in stripping:   6
    After scriptable stripping: 6
    Processed in 0.00 seconds
  Pass  (vp, gles3) finished in 0.00 seconds. Local cache hits 6 (0.02s CPU time), remote cache hits 0 (0.00s CPU time), compiled 0 variants (0.00s CPU time), skipped 0 variants.
    Prepared data for serialisation in 0.00s
Serialized binary data for shader SpatialTowerDefense/WorldTextTransparent in 0.00s
    gles3 (total internal programs: 6, unique: 2)
Compiling shader "Hidden/Sentis/ScatterND"
  Pass "" (vp)
    Target graphics API: gles3
    Full variant space:         20
    After settings filtering:   20
    After built-in stripping:   120
    After scriptable stripping: 120
    Processed in 0.00 seconds
  Pass  (vp, gles3) finished in 0.01 seconds. Local cache hits 120 (0.06s CPU time), remote cache hits 0 (0.00s CPU time), compiled 0 variants (0.00s CPU time), skipped 0 variants.
    Prepared data for serialisation in 0.00s
Serialized binary data for shader Hidden/Sentis/ScatterND in 0.00s
    gles3 (total internal programs: 120, unique: 40)
Shader warning in 'Hidden/Sentis/ScatterND': 'j': loop control variable conflicts with a previous declaration in the outer scope; most recent declaration will be used at Packages/com.unity.ai.inference/Runtime/Core/Resources/Sentis/PixelShaders/ScatterND.shader(72) (on gles3)

Compiling Subshader: 0, Pass: , Vertex program with ReduceNone
Platform defines: SHADER_API_GLES30 SHADER_API_MOBILE UNITY_ENABLE_REFLECTION_BUFFERS UNITY_FRAMEBUFFER_FETCH_AVAILABLE UNITY_HARDWARE_TIER1 UNITY_LIGHTMAP_DLDR_ENCODING UNITY_NO_CUBEMAP_ARRAY UNITY_NO_DXT5nm UNITY_NO_RGBM UNITY_NO_SCREENSPACE_SHADOWS UNITY_PBS_USE_BRDF3 UNITY_PLATFORM_SUPPORTS_DEPTH_FETCH
Disabled keywords: K_LARGE ReduceAdd ReduceMax ReduceMin ReduceMul SHADER_API_GLES31 SHADER_API_GLES32 ScatterInt UNITY_ASTC_NORMALMAP_ENCODING UNITY_COLORSPACE_GAMMA UNITY_ENABLE_DETAIL_NORMALMAP UNITY_HARDWARE_TIER2 UNITY_HARDWARE_TIER3 UNITY_LIGHTMAP_FULL_HDR UNITY_LIGHTMAP_RGBM_ENCODING UNITY_LIGHT_PROBE_PROXY_VOLUME UNITY_METAL_SHADOWS_USE_POINT_FILTERING UNITY_PBS_USE_BRDF1 UNITY_PBS_USE_BRDF2 UNITY_PRETRANSFORM_TO_DISPLAY_ORIENTATION UNITY_SPECCUBE_BLENDING UNITY_SPECCUBE_BOX_PROJECTION UNITY_UNIFIED_SHADER_PRECISION_MODEL UNITY_USE_DITHER_MASK_FOR_ALPHABLENDED_SHADOWS UNITY_VIRTUAL_TEXTURING
Shader warning in 'Hidden/Sentis/ScatterND': signed/unsigned mismatch, unsigned assumed at Packages/com.unity.ai.inference/Runtime/Core/Resources/Sentis/PixelShaders/ScatterND.shader(75) (on gles3)

Compiling Subshader: 0, Pass: , Vertex program with ReduceNone
Platform defines: SHADER_API_GLES30 SHADER_API_MOBILE UNITY_ENABLE_REFLECTION_BUFFERS UNITY_FRAMEBUFFER_FETCH_AVAILABLE UNITY_HARDWARE_TIER1 UNITY_LIGHTMAP_DLDR_ENCODING UNITY_NO_CUBEMAP_ARRAY UNITY_NO_DXT5nm UNITY_NO_RGBM UNITY_NO_SCREENSPACE_SHADOWS UNITY_PBS_USE_BRDF3 UNITY_PLATFORM_SUPPORTS_DEPTH_FETCH
Disabled keywords: K_LARGE ReduceAdd ReduceMax ReduceMin ReduceMul SHADER_API_GLES31 SHADER_API_GLES32 ScatterInt UNITY_ASTC_NORMALMAP_ENCODING UNITY_COLORSPACE_GAMMA UNITY_ENABLE_DETAIL_NORMALMAP UNITY_HARDWARE_TIER2 UNITY_HARDWARE_TIER3 UNITY_LIGHTMAP_FULL_HDR UNITY_LIGHTMAP_RGBM_ENCODING UNITY_LIGHT_PROBE_PROXY_VOLUME UNITY_METAL_SHADOWS_USE_POINT_FILTERING UNITY_PBS_USE_BRDF1 UNITY_PBS_USE_BRDF2 UNITY_PRETRANSFORM_TO_DISPLAY_ORIENTATION UNITY_SPECCUBE_BLENDING UNITY_SPECCUBE_BOX_PROJECTION UNITY_UNIFIED_SHADER_PRECISION_MODEL UNITY_USE_DITHER_MASK_FOR_ALPHABLENDED_SHADOWS UNITY_VIRTUAL_TEXTURING
Shader warning in 'Hidden/Sentis/ScatterND': signed/unsigned mismatch, unsigned assumed at Packages/com.unity.ai.inference/Runtime/Core/Resources/Sentis/PixelShaders/ScatterND.shader(77) (on gles3)

Compiling Subshader: 0, Pass: , Vertex program with ReduceNone
Platform defines: SHADER_API_GLES30 SHADER_API_MOBILE UNITY_ENABLE_REFLECTION_BUFFERS UNITY_FRAMEBUFFER_FETCH_AVAILABLE UNITY_HARDWARE_TIER1 UNITY_LIGHTMAP_DLDR_ENCODING UNITY_NO_CUBEMAP_ARRAY UNITY_NO_DXT5nm UNITY_NO_RGBM UNITY_NO_SCREENSPACE_SHADOWS UNITY_PBS_USE_BRDF3 UNITY_PLATFORM_SUPPORTS_DEPTH_FETCH
Disabled keywords: K_LARGE ReduceAdd ReduceMax ReduceMin ReduceMul SHADER_API_GLES31 SHADER_API_GLES32 ScatterInt UNITY_ASTC_NORMALMAP_ENCODING UNITY_COLORSPACE_GAMMA UNITY_ENABLE_DETAIL_NORMALMAP UNITY_HARDWARE_TIER2 UNITY_HARDWARE_TIER3 UNITY_LIGHTMAP_FULL_HDR UNITY_LIGHTMAP_RGBM_ENCODING UNITY_LIGHT_PROBE_PROXY_VOLUME UNITY_METAL_SHADOWS_USE_POINT_FILTERING UNITY_PBS_USE_BRDF1 UNITY_PBS_USE_BRDF2 UNITY_PRETRANSFORM_TO_DISPLAY_ORIENTATION UNITY_SPECCUBE_BLENDING UNITY_SPECCUBE_BOX_PROJECTION UNITY_UNIFIED_SHADER_PRECISION_MODEL UNITY_USE_DITHER_MASK_FOR_ALPHABLENDED_SHADOWS UNITY_VIRTUAL_TEXTURING
Shader warning in 'Hidden/Sentis/ScatterND': signed/unsigned mismatch, unsigned assumed at Packages/com.unity.ai.inference/Runtime/Core/Resources/Sentis/PixelShaders/ScatterND.shader(79) (on gles3)

Compiling Subshader: 0, Pass: , Vertex program with ReduceNone
Platform defines: SHADER_API_GLES30 SHADER_API_MOBILE UNITY_ENABLE_REFLECTION_BUFFERS UNITY_FRAMEBUFFER_FETCH_AVAILABLE UNITY_HARDWARE_TIER1 UNITY_LIGHTMAP_DLDR_ENCODING UNITY_NO_CUBEMAP_ARRAY UNITY_NO_DXT5nm UNITY_NO_RGBM UNITY_NO_SCREENSPACE_SHADOWS UNITY_PBS_USE_BRDF3 UNITY_PLATFORM_SUPPORTS_DEPTH_FETCH
Disabled keywords: K_LARGE ReduceAdd ReduceMax ReduceMin ReduceMul SHADER_API_GLES31 SHADER_API_GLES32 ScatterInt UNITY_ASTC_NORMALMAP_ENCODING UNITY_COLORSPACE_GAMMA UNITY_ENABLE_DETAIL_NORMALMAP UNITY_HARDWARE_TIER2 UNITY_HARDWARE_TIER3 UNITY_LIGHTMAP_FULL_HDR UNITY_LIGHTMAP_RGBM_ENCODING UNITY_LIGHT_PROBE_PROXY_VOLUME UNITY_METAL_SHADOWS_USE_POINT_FILTERING UNITY_PBS_USE_BRDF1 UNITY_PBS_USE_BRDF2 UNITY_PRETRANSFORM_TO_DISPLAY_ORIENTATION UNITY_SPECCUBE_BLENDING UNITY_SPECCUBE_BOX_PROJECTION UNITY_UNIFIED_SHADER_PRECISION_MODEL UNITY_USE_DITHER_MASK_FOR_ALPHABLENDED_SHADOWS UNITY_VIRTUAL_TEXTURING
Shader warning in 'Hidden/Sentis/ScatterND': signed/unsigned mismatch, unsigned assumed at Packages/com.unity.ai.inference/Runtime/Core/Resources/Sentis/PixelShaders/ScatterND.shader(81) (on gles3)

Compiling Subshader: 0, Pass: , Vertex program with ReduceNone
Platform defines: SHADER_API_GLES30 SHADER_API_MOBILE UNITY_ENABLE_REFLECTION_BUFFERS UNITY_FRAMEBUFFER_FETCH_AVAILABLE UNITY_HARDWARE_TIER1 UNITY_LIGHTMAP_DLDR_ENCODING UNITY_NO_CUBEMAP_ARRAY UNITY_NO_DXT5nm UNITY_NO_RGBM UNITY_NO_SCREENSPACE_SHADOWS UNITY_PBS_USE_BRDF3 UNITY_PLATFORM_SUPPORTS_DEPTH_FETCH
Disabled keywords: K_LARGE ReduceAdd ReduceMax ReduceMin ReduceMul SHADER_API_GLES31 SHADER_API_GLES32 ScatterInt UNITY_ASTC_NORMALMAP_ENCODING UNITY_COLORSPACE_GAMMA UNITY_ENABLE_DETAIL_NORMALMAP UNITY_HARDWARE_TIER2 UNITY_HARDWARE_TIER3 UNITY_LIGHTMAP_FULL_HDR UNITY_LIGHTMAP_RGBM_ENCODING UNITY_LIGHT_PROBE_PROXY_VOLUME UNITY_METAL_SHADOWS_USE_POINT_FILTERING UNITY_PBS_USE_BRDF1 UNITY_PBS_USE_BRDF2 UNITY_PRETRANSFORM_TO_DISPLAY_ORIENTATION UNITY_SPECCUBE_BLENDING UNITY_SPECCUBE_BOX_PROJECTION UNITY_UNIFIED_SHADER_PRECISION_MODEL UNITY_USE_DITHER_MASK_FOR_ALPHABLENDED_SHADOWS UNITY_VIRTUAL_TEXTURING
Shader warning in 'Hidden/Sentis/ScatterND': signed/unsigned mismatch, unsigned assumed at Packages/com.unity.ai.inference/Runtime/Core/Resources/Sentis/PixelShaders/ScatterND.shader(86) (on gles3)

Compiling Subshader: 0, Pass: , Vertex program with K_LARGE ReduceMul ScatterInt
Platform defines: SHADER_API_GLES30 SHADER_API_MOBILE UNITY_ENABLE_REFLECTION_BUFFERS UNITY_FRAMEBUFFER_FETCH_AVAILABLE UNITY_HARDWARE_TIER1 UNITY_LIGHTMAP_DLDR_ENCODING UNITY_NO_CUBEMAP_ARRAY UNITY_NO_DXT5nm UNITY_NO_RGBM UNITY_NO_SCREENSPACE_SHADOWS UNITY_PBS_USE_BRDF3 UNITY_PLATFORM_SUPPORTS_DEPTH_FETCH
Disabled keywords: ReduceAdd ReduceMax ReduceMin ReduceNone SHADER_API_GLES31 SHADER_API_GLES32 UNITY_ASTC_NORMALMAP_ENCODING UNITY_COLORSPACE_GAMMA UNITY_ENABLE_DETAIL_NORMALMAP UNITY_HARDWARE_TIER2 UNITY_HARDWARE_TIER3 UNITY_LIGHTMAP_FULL_HDR UNITY_LIGHTMAP_RGBM_ENCODING UNITY_LIGHT_PROBE_PROXY_VOLUME UNITY_METAL_SHADOWS_USE_POINT_FILTERING UNITY_PBS_USE_BRDF1 UNITY_PBS_USE_BRDF2 UNITY_PRETRANSFORM_TO_DISPLAY_ORIENTATION UNITY_SPECCUBE_BLENDING UNITY_SPECCUBE_BOX_PROJECTION UNITY_UNIFIED_SHADER_PRECISION_MODEL UNITY_USE_DITHER_MASK_FOR_ALPHABLENDED_SHADOWS UNITY_VIRTUAL_TEXTURING
Shader warning in 'Hidden/Sentis/ScatterND': signed/unsigned mismatch, unsigned assumed at Packages/com.unity.ai.inference/Runtime/Core/Resources/Sentis/PixelShaders/ScatterND.shader(88) (on gles3)

Compiling Subshader: 0, Pass: , Vertex program with K_LARGE ReduceMul ScatterInt
Platform defines: SHADER_API_GLES30 SHADER_API_MOBILE UNITY_ENABLE_REFLECTION_BUFFERS UNITY_FRAMEBUFFER_FETCH_AVAILABLE UNITY_HARDWARE_TIER1 UNITY_LIGHTMAP_DLDR_ENCODING UNITY_NO_CUBEMAP_ARRAY UNITY_NO_DXT5nm UNITY_NO_RGBM UNITY_NO_SCREENSPACE_SHADOWS UNITY_PBS_USE_BRDF3 UNITY_PLATFORM_SUPPORTS_DEPTH_FETCH
Disabled keywords: ReduceAdd ReduceMax ReduceMin ReduceNone SHADER_API_GLES31 SHADER_API_GLES32 UNITY_ASTC_NORMALMAP_ENCODING UNITY_COLORSPACE_GAMMA UNITY_ENABLE_DETAIL_NORMALMAP UNITY_HARDWARE_TIER2 UNITY_HARDWARE_TIER3 UNITY_LIGHTMAP_FULL_HDR UNITY_LIGHTMAP_RGBM_ENCODING UNITY_LIGHT_PROBE_PROXY_VOLUME UNITY_METAL_SHADOWS_USE_POINT_FILTERING UNITY_PBS_USE_BRDF1 UNITY_PBS_USE_BRDF2 UNITY_PRETRANSFORM_TO_DISPLAY_ORIENTATION UNITY_SPECCUBE_BLENDING UNITY_SPECCUBE_BOX_PROJECTION UNITY_UNIFIED_SHADER_PRECISION_MODEL UNITY_USE_DITHER_MASK_FOR_ALPHABLENDED_SHADOWS UNITY_VIRTUAL_TEXTURING
Shader warning in 'Hidden/Sentis/ScatterND': signed/unsigned mismatch, unsigned assumed at Packages/com.unity.ai.inference/Runtime/Core/Resources/Sentis/PixelShaders/ScatterND.shader(90) (on gles3)

Compiling Subshader: 0, Pass: , Vertex program with K_LARGE ReduceMul ScatterInt
Platform defines: SHADER_API_GLES30 SHADER_API_MOBILE UNITY_ENABLE_REFLECTION_BUFFERS UNITY_FRAMEBUFFER_FETCH_AVAILABLE UNITY_HARDWARE_TIER1 UNITY_LIGHTMAP_DLDR_ENCODING UNITY_NO_CUBEMAP_ARRAY UNITY_NO_DXT5nm UNITY_NO_RGBM UNITY_NO_SCREENSPACE_SHADOWS UNITY_PBS_USE_BRDF3 UNITY_PLATFORM_SUPPORTS_DEPTH_FETCH
Disabled keywords: ReduceAdd ReduceMax ReduceMin ReduceNone SHADER_API_GLES31 SHADER_API_GLES32 UNITY_ASTC_NORMALMAP_ENCODING UNITY_COLORSPACE_GAMMA UNITY_ENABLE_DETAIL_NORMALMAP UNITY_HARDWARE_TIER2 UNITY_HARDWARE_TIER3 UNITY_LIGHTMAP_FULL_HDR UNITY_LIGHTMAP_RGBM_ENCODING UNITY_LIGHT_PROBE_PROXY_VOLUME UNITY_METAL_SHADOWS_USE_POINT_FILTERING UNITY_PBS_USE_BRDF1 UNITY_PBS_USE_BRDF2 UNITY_PRETRANSFORM_TO_DISPLAY_ORIENTATION UNITY_SPECCUBE_BLENDING UNITY_SPECCUBE_BOX_PROJECTION UNITY_UNIFIED_SHADER_PRECISION_MODEL UNITY_USE_DITHER_MASK_FOR_ALPHABLENDED_SHADOWS UNITY_VIRTUAL_TEXTURING
Shader warning in 'Hidden/Sentis/ScatterND': signed/unsigned mismatch, unsigned assumed at Packages/com.unity.ai.inference/Runtime/Core/Resources/Sentis/PixelShaders/ScatterND.shader(92) (on gles3)

Compiling Subshader: 0, Pass: , Vertex program with K_LARGE ReduceMul ScatterInt
Platform defines: SHADER_API_GLES30 SHADER_API_MOBILE UNITY_ENABLE_REFLECTION_BUFFERS UNITY_FRAMEBUFFER_FETCH_AVAILABLE UNITY_HARDWARE_TIER1 UNITY_LIGHTMAP_DLDR_ENCODING UNITY_NO_CUBEMAP_ARRAY UNITY_NO_DXT5nm UNITY_NO_RGBM UNITY_NO_SCREENSPACE_SHADOWS UNITY_PBS_USE_BRDF3 UNITY_PLATFORM_SUPPORTS_DEPTH_FETCH
Disabled keywords: ReduceAdd ReduceMax ReduceMin ReduceNone SHADER_API_GLES31 SHADER_API_GLES32 UNITY_ASTC_NORMALMAP_ENCODING UNITY_COLORSPACE_GAMMA UNITY_ENABLE_DETAIL_NORMALMAP UNITY_HARDWARE_TIER2 UNITY_HARDWARE_TIER3 UNITY_LIGHTMAP_FULL_HDR UNITY_LIGHTMAP_RGBM_ENCODING UNITY_LIGHT_PROBE_PROXY_VOLUME UNITY_METAL_SHADOWS_USE_POINT_FILTERING UNITY_PBS_USE_BRDF1 UNITY_PBS_USE_BRDF2 UNITY_PRETRANSFORM_TO_DISPLAY_ORIENTATION UNITY_SPECCUBE_BLENDING UNITY_SPECCUBE_BOX_PROJECTION UNITY_UNIFIED_SHADER_PRECISION_MODEL UNITY_USE_DITHER_MASK_FOR_ALPHABLENDED_SHADOWS UNITY_VIRTUAL_TEXTURING
Compiling compute shader "ReferenceImpl.PadA"
    starting stripping...
    finished in 0.00 seconds. 5 of 5 variants left
    5 variants, starting compilation...
    finished in 0.00 seconds. Local cache hits 5, remote cache hits 0, compiled 0 variants
Compiling compute shader "RNN"
    starting stripping...
    finished in 0.00 seconds. 1 of 1 variants left
    1 variants, starting compilation...
    finished in 0.00 seconds. Local cache hits 1, remote cache hits 0, compiled 0 variants
Compiling compute shader "CumSum"
    starting stripping...
    finished in 0.00 seconds. 8 of 8 variants left
    8 variants, starting compilation...
    finished in 0.00 seconds. Local cache hits 8, remote cache hits 0, compiled 0 variants
Compiling compute shader "ScatterOps"
    starting stripping...
    finished in 0.00 seconds. 10 of 10 variants left
    10 variants, starting compilation...
    finished in 0.00 seconds. Local cache hits 10, remote cache hits 0, compiled 0 variants
Compiling compute shader "Compute.Shaders.ReductionUnrolled.gen"
    starting stripping...
    finished in 0.00 seconds. 19 of 19 variants left
    19 variants, starting compilation...
    finished in 0.00 seconds. Local cache hits 19, remote cache hits 0, compiled 0 variants
Compiling shader "SyntyStudios/VegitationShader"
  Pass "FORWARD" (vp)
    Target graphics API: gles3
    Full variant space:         1.328
    After settings filtering:   1.328
    After built-in stripping:   96
    After scriptable stripping: 96
    Processed in 0.00 seconds
  Pass "FORWARD" (vp)
    Target graphics API: gles3
    Full variant space:         376
    After settings filtering:   376
    After built-in stripping:   156
    After scriptable stripping: 156
    Processed in 0.00 seconds
  Pass "DEFERRED" (vp)
    Target graphics API: gles3
    Full variant space:         152
    After settings filtering:   152
    After built-in stripping:   48
    After scriptable stripping: 48
    Processed in 0.00 seconds
  Pass "ShadowCaster" (vp)
    Target graphics API: gles3
    Full variant space:         2
    After settings filtering:   2
    After built-in stripping:   12
    After scriptable stripping: 12
    Processed in 0.00 seconds
  Pass FORWARD (vp, gles3) finished in 0.00 seconds. Local cache hits 96 (0.03s CPU time), remote cache hits 0 (0.00s CPU time), compiled 0 variants (0.00s CPU time), skipped 0 variants.
    Prepared data for serialisation in 0.00s
  Pass FORWARD (vp, gles3) finished in 0.00 seconds. Local cache hits 156 (0.04s CPU time), remote cache hits 0 (0.00s CPU time), compiled 0 variants (0.00s CPU time), skipped 0 variants.
    Prepared data for serialisation in 0.00s
  Pass DEFERRED (vp, gles3) finished in 0.00 seconds. Local cache hits 48 (0.01s CPU time), remote cache hits 0 (0.00s CPU time), compiled 0 variants (0.00s CPU time), skipped 0 variants.
    Prepared data for serialisation in 0.00s
  Pass ShadowCaster (vp, gles3) finished in 0.00 seconds. Local cache hits 12 (0.00s CPU time), remote cache hits 0 (0.00s CPU time), compiled 0 variants (0.00s CPU time), skipped 0 variants.
    Prepared data for serialisation in 0.00s
Serialized binary data for shader SyntyStudios/VegitationShader in 0.00s
    gles3 (total internal programs: 312, unique: 188)
Compressed shader 'SyntyStudios/VegitationShader' on gles3 from 8.20MB to 0.26MB
Compressed shader 'SyntyStudios/VegitationShader' in 0.04s
Compiling shader "Hidden/Sentis/STFT"
  Pass "" (vp)
    Target graphics API: gles3
    Full variant space:         10
    After settings filtering:   10
    After built-in stripping:   60
    After scriptable stripping: 60
    Processed in 0.00 seconds
  Pass "" (vp)
    Target graphics API: gles3
    Full variant space:         10
    After settings filtering:   10
    After built-in stripping:   60
    After scriptable stripping: 60
    Processed in 0.00 seconds
  Pass  (vp, gles3) finished in 0.00 seconds. Local cache hits 60 (0.02s CPU time), remote cache hits 0 (0.00s CPU time), compiled 0 variants (0.00s CPU time), skipped 0 variants.
    Prepared data for serialisation in 0.00s
  Pass  (vp, gles3) finished in 0.00 seconds. Local cache hits 60 (0.01s CPU time), remote cache hits 0 (0.00s CPU time), compiled 0 variants (0.00s CPU time), skipped 0 variants.
    Prepared data for serialisation in 0.00s
Serialized binary data for shader Hidden/Sentis/STFT in 0.00s
    gles3 (total internal programs: 120, unique: 20)
Compiling shader "SyntyStudios/TriplanarBasic"
  Pass "FORWARD" (vp)
    Target graphics API: gles3
    Full variant space:         664
    After settings filtering:   664
    After built-in stripping:   48
    After scriptable stripping: 48
    Processed in 0.00 seconds
  Pass "FORWARD" (vp)
    Target graphics API: gles3
    Full variant space:         188
    After settings filtering:   188
    After built-in stripping:   78
    After scriptable stripping: 78
    Processed in 0.00 seconds
  Pass "DEFERRED" (vp)
    Target graphics API: gles3
    Full variant space:         76
    After settings filtering:   76
    After built-in stripping:   24
    After scriptable stripping: 24
    Processed in 0.00 seconds
  Pass "ShadowCaster" (vp)
    Target graphics API: gles3
    Full variant space:         2
    After settings filtering:   2
    After built-in stripping:   12
    After scriptable stripping: 12
    Processed in 0.00 seconds
  Pass FORWARD (vp, gles3) finished in 0.00 seconds. Local cache hits 48 (0.02s CPU time), remote cache hits 0 (0.00s CPU time), compiled 0 variants (0.00s CPU time), skipped 0 variants.
    Prepared data for serialisation in 0.00s
  Pass FORWARD (vp, gles3) finished in 0.00 seconds. Local cache hits 78 (0.02s CPU time), remote cache hits 0 (0.00s CPU time), compiled 0 variants (0.00s CPU time), skipped 0 variants.
    Prepared data for serialisation in 0.00s
  Pass DEFERRED (vp, gles3) finished in 0.00 seconds. Local cache hits 24 (0.01s CPU time), remote cache hits 0 (0.00s CPU time), compiled 0 variants (0.00s CPU time), skipped 0 variants.
    Prepared data for serialisation in 0.00s
  Pass ShadowCaster (vp, gles3) finished in 0.00 seconds. Local cache hits 12 (0.00s CPU time), remote cache hits 0 (0.00s CPU time), compiled 0 variants (0.00s CPU time), skipped 0 variants.
    Prepared data for serialisation in 0.00s
Serialized binary data for shader SyntyStudios/TriplanarBasic in 0.00s
    gles3 (total internal programs: 162, unique: 96)
Compressed shader 'SyntyStudios/TriplanarBasic' on gles3 from 1.06MB to 0.04MB
Compressed shader 'SyntyStudios/TriplanarBasic' in 0.01s
Compiling shader "o_com_power_code"
  Pass "Forward" (vp)
    Target graphics API: gles3
    Full variant space:         1
    After settings filtering:   1
    After built-in stripping:   6
    After scriptable stripping: 6
    Processed in 0.00 seconds
  Pass "Interior" (vp)
    Target graphics API: gles3
    Full variant space:         1
    After settings filtering:   1
    After built-in stripping:   6
    After scriptable stripping: 6
    Processed in 0.00 seconds
  Pass Forward (vp, gles3) finished in 0.00 seconds. Local cache hits 6 (0.00s CPU time), remote cache hits 0 (0.00s CPU time), compiled 0 variants (0.00s CPU time), skipped 0 variants.
    Prepared data for serialisation in 0.00s
  Pass Interior (vp, gles3) finished in 0.00 seconds. Local cache hits 6 (0.00s CPU time), remote cache hits 0 (0.00s CPU time), compiled 0 variants (0.00s CPU time), skipped 0 variants.
    Prepared data for serialisation in 0.00s
Serialized binary data for shader o_com_power_code in 0.00s
    gles3 (total internal programs: 12, unique: 2)
Compiling shader "SpatialTowerDefense/GeneratedUiOverlaySurface"
  Pass "" (vp)
    Target graphics API: gles3
    Full variant space:         1
    After settings filtering:   1
    After built-in stripping:   6
    After scriptable stripping: 6
    Processed in 0.00 seconds
  Pass  (vp, gles3) finished in 0.00 seconds. Local cache hits 6 (0.00s CPU time), remote cache hits 0 (0.00s CPU time), compiled 0 variants (0.00s CPU time), skipped 0 variants.
    Prepared data for serialisation in 0.00s
Serialized binary data for shader SpatialTowerDefense/GeneratedUiOverlaySurface in 0.00s
    gles3 (total internal programs: 6, unique: 2)
Compiling shader "Hidden/Sentis/Reshape"
  Pass "" (vp)
    Target graphics API: gles3
    Full variant space:         4
    After settings filtering:   4
    After built-in stripping:   24
    After scriptable stripping: 24
    Processed in 0.00 seconds
  Pass  (vp, gles3) finished in 0.00 seconds. Local cache hits 24 (0.01s CPU time), remote cache hits 0 (0.00s CPU time), compiled 0 variants (0.00s CPU time), skipped 0 variants.
    Prepared data for serialisation in 0.00s
Serialized binary data for shader Hidden/Sentis/Reshape in 0.00s
    gles3 (total internal programs: 24, unique: 8)
Compiling shader "Hidden/Sentis/Conv"
  Pass "" (vp)
    Target graphics API: gles3
    Full variant space:         12
    After settings filtering:   12
    After built-in stripping:   72
    After scriptable stripping: 72
    Processed in 0.00 seconds
  Pass  (vp, gles3) finished in 0.00 seconds. Local cache hits 72 (0.02s CPU time), remote cache hits 0 (0.00s CPU time), compiled 0 variants (0.00s CPU time), skipped 0 variants.
    Prepared data for serialisation in 0.00s
Serialized binary data for shader Hidden/Sentis/Conv in 0.00s
    gles3 (total internal programs: 72, unique: 24)
Compiling shader "Hidden/Sentis/GridSample"
  Pass "" (vp)
    Target graphics API: gles3
    Full variant space:         36
    After settings filtering:   36
    After built-in stripping:   216
    After scriptable stripping: 216
    Processed in 0.00 seconds
  Pass  (vp, gles3) finished in 0.01 seconds. Local cache hits 216 (0.06s CPU time), remote cache hits 0 (0.00s CPU time), compiled 0 variants (0.00s CPU time), skipped 0 variants.
    Prepared data for serialisation in 0.00s
Serialized binary data for shader Hidden/Sentis/GridSample in 0.00s
    gles3 (total internal programs: 216, unique: 72)
Shader warning in 'Hidden/Sentis/GridSample': signed/unsigned mismatch, unsigned assumed at Packages/com.unity.ai.inference/Runtime/Core/Resources/Sentis/PixelShaders/GridSample.shader(44) (on gles3)

Compiling Subshader: 0, Pass: , Vertex program with GRIDSAMPLE1D LINEAR ZEROS
Platform defines: SHADER_API_GLES30 SHADER_API_MOBILE UNITY_ENABLE_REFLECTION_BUFFERS UNITY_FRAMEBUFFER_FETCH_AVAILABLE UNITY_HARDWARE_TIER1 UNITY_LIGHTMAP_DLDR_ENCODING UNITY_NO_CUBEMAP_ARRAY UNITY_NO_DXT5nm UNITY_NO_RGBM UNITY_NO_SCREENSPACE_SHADOWS UNITY_PBS_USE_BRDF3 UNITY_PLATFORM_SUPPORTS_DEPTH_FETCH
Disabled keywords: ALIGN_CORNERS BORDER GRIDSAMPLE2D GRIDSAMPLE3D NEAREST REFLECTION SHADER_API_GLES31 SHADER_API_GLES32 UNITY_ASTC_NORMALMAP_ENCODING UNITY_COLORSPACE_GAMMA UNITY_ENABLE_DETAIL_NORMALMAP UNITY_HARDWARE_TIER2 UNITY_HARDWARE_TIER3 UNITY_LIGHTMAP_FULL_HDR UNITY_LIGHTMAP_RGBM_ENCODING UNITY_LIGHT_PROBE_PROXY_VOLUME UNITY_METAL_SHADOWS_USE_POINT_FILTERING UNITY_PBS_USE_BRDF1 UNITY_PBS_USE_BRDF2 UNITY_PRETRANSFORM_TO_DISPLAY_ORIENTATION UNITY_SPECCUBE_BLENDING UNITY_SPECCUBE_BOX_PROJECTION UNITY_UNIFIED_SHADER_PRECISION_MODEL UNITY_USE_DITHER_MASK_FOR_ALPHABLENDED_SHADOWS UNITY_VIRTUAL_TEXTURING
Shader warning in 'Hidden/Sentis/GridSample': signed/unsigned mismatch, unsigned assumed at Packages/com.unity.ai.inference/Runtime/Core/Resources/Sentis/PixelShaders/GridSample.shader(47) (on gles3)

Compiling Subshader: 0, Pass: , Vertex program with GRIDSAMPLE2D LINEAR ZEROS
Platform defines: SHADER_API_GLES30 SHADER_API_MOBILE UNITY_ENABLE_REFLECTION_BUFFERS UNITY_FRAMEBUFFER_FETCH_AVAILABLE UNITY_HARDWARE_TIER1 UNITY_LIGHTMAP_DLDR_ENCODING UNITY_NO_CUBEMAP_ARRAY UNITY_NO_DXT5nm UNITY_NO_RGBM UNITY_NO_SCREENSPACE_SHADOWS UNITY_PBS_USE_BRDF3 UNITY_PLATFORM_SUPPORTS_DEPTH_FETCH
Disabled keywords: ALIGN_CORNERS BORDER GRIDSAMPLE1D GRIDSAMPLE3D NEAREST REFLECTION SHADER_API_GLES31 SHADER_API_GLES32 UNITY_ASTC_NORMALMAP_ENCODING UNITY_COLORSPACE_GAMMA UNITY_ENABLE_DETAIL_NORMALMAP UNITY_HARDWARE_TIER2 UNITY_HARDWARE_TIER3 UNITY_LIGHTMAP_FULL_HDR UNITY_LIGHTMAP_RGBM_ENCODING UNITY_LIGHT_PROBE_PROXY_VOLUME UNITY_METAL_SHADOWS_USE_POINT_FILTERING UNITY_PBS_USE_BRDF1 UNITY_PBS_USE_BRDF2 UNITY_PRETRANSFORM_TO_DISPLAY_ORIENTATION UNITY_SPECCUBE_BLENDING UNITY_SPECCUBE_BOX_PROJECTION UNITY_UNIFIED_SHADER_PRECISION_MODEL UNITY_USE_DITHER_MASK_FOR_ALPHABLENDED_SHADOWS UNITY_VIRTUAL_TEXTURING
Shader warning in 'Hidden/Sentis/GridSample': signed/unsigned mismatch, unsigned assumed at Packages/com.unity.ai.inference/Runtime/Core/Resources/Sentis/PixelShaders/GridSample.shader(50) (on gles3)

Compiling Subshader: 0, Pass: , Vertex program with GRIDSAMPLE3D NEAREST ZEROS
Platform defines: SHADER_API_GLES30 SHADER_API_MOBILE UNITY_ENABLE_REFLECTION_BUFFERS UNITY_FRAMEBUFFER_FETCH_AVAILABLE UNITY_HARDWARE_TIER1 UNITY_LIGHTMAP_DLDR_ENCODING UNITY_NO_CUBEMAP_ARRAY UNITY_NO_DXT5nm UNITY_NO_RGBM UNITY_NO_SCREENSPACE_SHADOWS UNITY_PBS_USE_BRDF3 UNITY_PLATFORM_SUPPORTS_DEPTH_FETCH
Disabled keywords: ALIGN_CORNERS BORDER GRIDSAMPLE1D GRIDSAMPLE2D LINEAR REFLECTION SHADER_API_GLES31 SHADER_API_GLES32 UNITY_ASTC_NORMALMAP_ENCODING UNITY_COLORSPACE_GAMMA UNITY_ENABLE_DETAIL_NORMALMAP UNITY_HARDWARE_TIER2 UNITY_HARDWARE_TIER3 UNITY_LIGHTMAP_FULL_HDR UNITY_LIGHTMAP_RGBM_ENCODING UNITY_LIGHT_PROBE_PROXY_VOLUME UNITY_METAL_SHADOWS_USE_POINT_FILTERING UNITY_PBS_USE_BRDF1 UNITY_PBS_USE_BRDF2 UNITY_PRETRANSFORM_TO_DISPLAY_ORIENTATION UNITY_SPECCUBE_BLENDING UNITY_SPECCUBE_BOX_PROJECTION UNITY_UNIFIED_SHADER_PRECISION_MODEL UNITY_USE_DITHER_MASK_FOR_ALPHABLENDED_SHADOWS UNITY_VIRTUAL_TEXTURING
Compiling shader "Hidden/Sentis/TextureConversion/ComputeBufferToTexture"
  Pass "" (vp)
    Target graphics API: gles3
    Full variant space:         2
    After settings filtering:   2
    After built-in stripping:   12
    After scriptable stripping: 12
    Processed in 0.00 seconds
  Pass  (vp, gles3) finished in 0.00 seconds. Local cache hits 12 (0.01s CPU time), remote cache hits 0 (0.00s CPU time), compiled 0 variants (0.00s CPU time), skipped 0 variants.
    Prepared data for serialisation in 0.00s
Serialized binary data for shader Hidden/Sentis/TextureConversion/ComputeBufferToTexture in 0.00s
    gles3 (total internal programs: 12, unique: 4)
Compiling shader "Hidden/Sentis/Gather"
  Pass "" (vp)
    Target graphics API: gles3
    Full variant space:         2
    After settings filtering:   2
    After built-in stripping:   12
    After scriptable stripping: 12
    Processed in 0.00 seconds
  Pass  (vp, gles3) finished in 0.00 seconds. Local cache hits 12 (0.01s CPU time), remote cache hits 0 (0.00s CPU time), compiled 0 variants (0.00s CPU time), skipped 0 variants.
    Prepared data for serialisation in 0.00s
Serialized binary data for shader Hidden/Sentis/Gather in 0.00s
    gles3 (total internal programs: 12, unique: 4)
Compiling shader "Hidden/Sentis/Cast"
  Pass "" (vp)
    Target graphics API: gles3
    Full variant space:         2
    After settings filtering:   2
    After built-in stripping:   12
    After scriptable stripping: 12
    Processed in 0.00 seconds
  Pass  (vp, gles3) finished in 0.00 seconds. Local cache hits 12 (0.04s CPU time), remote cache hits 0 (0.00s CPU time), compiled 0 variants (0.00s CPU time), skipped 0 variants.
    Prepared data for serialisation in 0.00s
Serialized binary data for shader Hidden/Sentis/Cast in 0.00s
    gles3 (total internal programs: 12, unique: 4)
Compiling shader "Hidden/Sentis/Broadcast"
  Pass "" (vp)
    Target graphics API: gles3
    Full variant space:         44
    After settings filtering:   44
    After built-in stripping:   264
    After scriptable stripping: 264
    Processed in 0.00 seconds
  Pass  (vp, gles3) finished in 0.01 seconds. Local cache hits 264 (0.08s CPU time), remote cache hits 0 (0.00s CPU time), compiled 0 variants (0.00s CPU time), skipped 0 variants.
    Prepared data for serialisation in 0.00s
Serialized binary data for shader Hidden/Sentis/Broadcast in 0.00s
    gles3 (total internal programs: 264, unique: 88)
Compiling compute shader "Clip"
    starting stripping...
    finished in 0.00 seconds. 8 of 8 variants left
    8 variants, starting compilation...
    finished in 0.00 seconds. Local cache hits 8, remote cache hits 0, compiled 0 variants
Compiling shader "Hidden/Sentis/BatchNormalization"
  Pass "" (vp)
    Target graphics API: gles3
    Full variant space:         1
    After settings filtering:   1
    After built-in stripping:   6
    After scriptable stripping: 6
    Processed in 0.00 seconds
  Pass  (vp, gles3) finished in 0.00 seconds. Local cache hits 6 (0.00s CPU time), remote cache hits 0 (0.00s CPU time), compiled 0 variants (0.00s CPU time), skipped 0 variants.
    Prepared data for serialisation in 0.00s
Serialized binary data for shader Hidden/Sentis/BatchNormalization in 0.00s
    gles3 (total internal programs: 6, unique: 2)
Compiling compute shader "WindowedDFTMatrix"
    starting stripping...
    finished in 0.00 seconds. 8 of 8 variants left
    8 variants, starting compilation...
    finished in 0.00 seconds. Local cache hits 8, remote cache hits 0, compiled 0 variants
Compiling shader "Hidden/Sentis/Gemm"
  Pass "" (vp)
    Target graphics API: gles3
    Full variant space:         4
    After settings filtering:   4
    After built-in stripping:   24
    After scriptable stripping: 24
    Processed in 0.00 seconds
  Pass  (vp, gles3) finished in 0.00 seconds. Local cache hits 24 (0.01s CPU time), remote cache hits 0 (0.00s CPU time), compiled 0 variants (0.00s CPU time), skipped 0 variants.
    Prepared data for serialisation in 0.00s
Serialized binary data for shader Hidden/Sentis/Gemm in 0.00s
    gles3 (total internal programs: 24, unique: 8)
Compiling shader "HPE/hand_axis"
  Pass "Fade" (vp)
    Target graphics API: gles3
    Full variant space:         1
    After settings filtering:   1
    After built-in stripping:   6
    After scriptable stripping: 6
    Processed in 0.00 seconds
  Pass "Fade" (vp)
    Target graphics API: gles3
    Full variant space:         1
    After settings filtering:   1
    After built-in stripping:   6
    After scriptable stripping: 6
    Processed in 0.00 seconds
  Pass Fade (vp, gles3) finished in 0.00 seconds. Local cache hits 6 (0.00s CPU time), remote cache hits 0 (0.00s CPU time), compiled 0 variants (0.00s CPU time), skipped 0 variants.
    Prepared data for serialisation in 0.00s
  Pass Fade (vp, gles3) finished in 0.00 seconds. Local cache hits 6 (0.00s CPU time), remote cache hits 0 (0.00s CPU time), compiled 0 variants (0.00s CPU time), skipped 0 variants.
    Prepared data for serialisation in 0.00s
Serialized binary data for shader HPE/hand_axis in 0.00s
    gles3 (total internal programs: 12, unique: 2)
Compiling shader "Hidden/Sentis/TextureTensorDataUpload"
  Pass "" (vp)
    Target graphics API: gles3
    Full variant space:         2
    After settings filtering:   2
    After built-in stripping:   12
    After scriptable stripping: 12
    Processed in 0.00 seconds
  Pass  (vp, gles3) finished in 0.00 seconds. Local cache hits 12 (0.01s CPU time), remote cache hits 0 (0.00s CPU time), compiled 0 variants (0.00s CPU time), skipped 0 variants.
    Prepared data for serialisation in 0.00s
Serialized binary data for shader Hidden/Sentis/TextureTensorDataUpload in 0.00s
    gles3 (total internal programs: 12, unique: 4)
Compiling shader "PXR_SDK/PXR_UnderlayHole"
  Pass "" (vp)
    Target graphics API: gles3
    Full variant space:         1
    After settings filtering:   1
    After built-in stripping:   6
    After scriptable stripping: 6
    Processed in 0.00 seconds
  Pass  (vp, gles3) finished in 0.00 seconds. Local cache hits 6 (0.00s CPU time), remote cache hits 0 (0.00s CPU time), compiled 0 variants (0.00s CPU time), skipped 0 variants.
    Prepared data for serialisation in 0.00s
Serialized binary data for shader PXR_SDK/PXR_UnderlayHole in 0.00s
    gles3 (total internal programs: 6, unique: 2)
Compiling shader "Hidden/Sentis/Reduce"
  Pass "" (vp)
    Target graphics API: gles3
    Full variant space:         18
    After settings filtering:   18
    After built-in stripping:   108
    After scriptable stripping: 108
    Processed in 0.00 seconds
  Pass  (vp, gles3) finished in 0.00 seconds. Local cache hits 108 (0.04s CPU time), remote cache hits 0 (0.00s CPU time), compiled 0 variants (0.00s CPU time), skipped 0 variants.
    Prepared data for serialisation in 0.00s
Serialized binary data for shader Hidden/Sentis/Reduce in 0.00s
    gles3 (total internal programs: 108, unique: 36)
Compiling shader "PXR_Debugger/Tool/Ruler"
  Pass "" (vp)
    Target graphics API: gles3
    Full variant space:         1
    After settings filtering:   1
    After built-in stripping:   6
    After scriptable stripping: 6
    Processed in 0.00 seconds
  Pass  (vp, gles3) finished in 0.00 seconds. Local cache hits 6 (0.00s CPU time), remote cache hits 0 (0.00s CPU time), compiled 0 variants (0.00s CPU time), skipped 0 variants.
    Prepared data for serialisation in 0.00s
Serialized binary data for shader PXR_Debugger/Tool/Ruler in 0.00s
    gles3 (total internal programs: 6, unique: 2)
Compiling shader "SpatialTowerDefense/WorldTextOverlay"
  Pass "" (vp)
    Target graphics API: gles3
    Full variant space:         1
    After settings filtering:   1
    After built-in stripping:   6
    After scriptable stripping: 6
    Processed in 0.00 seconds
  Pass  (vp, gles3) finished in 0.00 seconds. Local cache hits 6 (0.00s CPU time), remote cache hits 0 (0.00s CPU time), compiled 0 variants (0.00s CPU time), skipped 0 variants.
    Prepared data for serialisation in 0.00s
Serialized binary data for shader SpatialTowerDefense/WorldTextOverlay in 0.00s
    gles3 (total internal programs: 6, unique: 2)
Compiling shader "Hidden/Sentis/Softmax"
  Pass "" (vp)
    Target graphics API: gles3
    Full variant space:         2
    After settings filtering:   2
    After built-in stripping:   12
    After scriptable stripping: 12
    Processed in 0.00 seconds
  Pass  (vp, gles3) finished in 0.00 seconds. Local cache hits 12 (0.00s CPU time), remote cache hits 0 (0.00s CPU time), compiled 0 variants (0.00s CPU time), skipped 0 variants.
    Prepared data for serialisation in 0.00s
Serialized binary data for shader Hidden/Sentis/Softmax in 0.00s
    gles3 (total internal programs: 12, unique: 4)
Compiling shader "Hidden/Sentis/RoiAlign"
  Pass "" (vp)
    Target graphics API: gles3
    Full variant space:         4
    After settings filtering:   4
    After built-in stripping:   24
    After scriptable stripping: 24
    Processed in 0.00 seconds
  Pass  (vp, gles3) finished in 0.00 seconds. Local cache hits 24 (0.02s CPU time), remote cache hits 0 (0.00s CPU time), compiled 0 variants (0.00s CPU time), skipped 0 variants.
    Prepared data for serialisation in 0.00s
Serialized binary data for shader Hidden/Sentis/RoiAlign in 0.00s
    gles3 (total internal programs: 24, unique: 8)
Compiling shader "Hidden/Sentis/Random"
  Pass "" (vp)
    Target graphics API: gles3
    Full variant space:         4
    After settings filtering:   4
    After built-in stripping:   24
    After scriptable stripping: 24
    Processed in 0.00 seconds
  Pass  (vp, gles3) finished in 0.00 seconds. Local cache hits 24 (0.02s CPU time), remote cache hits 0 (0.00s CPU time), compiled 0 variants (0.00s CPU time), skipped 0 variants.
    Prepared data for serialisation in 0.00s
Serialized binary data for shader Hidden/Sentis/Random in 0.00s
    gles3 (total internal programs: 24, unique: 8)
Compiling shader "Hidden/Sentis/HardmaxEnd"
  Pass "" (vp)
    Target graphics API: gles3
    Full variant space:         1
    After settings filtering:   1
    After built-in stripping:   6
    After scriptable stripping: 6
    Processed in 0.00 seconds
  Pass  (vp, gles3) finished in 0.00 seconds. Local cache hits 6 (0.00s CPU time), remote cache hits 0 (0.00s CPU time), compiled 0 variants (0.00s CPU time), skipped 0 variants.
    Prepared data for serialisation in 0.00s
Serialized binary data for shader Hidden/Sentis/HardmaxEnd in 0.00s
    gles3 (total internal programs: 6, unique: 2)
Compiling compute shader "Dense"
    starting stripping...
    finished in 0.00 seconds. 12 of 12 variants left
    12 variants, starting compilation...
    finished in 0.00 seconds. Local cache hits 12, remote cache hits 0, compiled 0 variants
Compiling shader "Hidden/Sentis/ScatterElements"
  Pass "" (vp)
    Target graphics API: gles3
    Full variant space:         40
    After settings filtering:   40
    After built-in stripping:   240
    After scriptable stripping: 240
    Processed in 0.00 seconds
  Pass  (vp, gles3) finished in 0.01 seconds. Local cache hits 240 (0.06s CPU time), remote cache hits 0 (0.00s CPU time), compiled 0 variants (0.00s CPU time), skipped 0 variants.
    Prepared data for serialisation in 0.00s
Serialized binary data for shader Hidden/Sentis/ScatterElements in 0.00s
    gles3 (total internal programs: 240, unique: 80)
Shader warning in 'Hidden/Sentis/ScatterElements': signed/unsigned mismatch, unsigned assumed at Packages/com.unity.ai.inference/Runtime/Core/Resources/Sentis/PixelShaders/ScatterElements.shader(147) (on gles3)

Compiling Subshader: 0, Pass: , Vertex program with NoFastPath ReduceNone UseDiv4Mask
Platform defines: SHADER_API_GLES30 SHADER_API_MOBILE UNITY_ENABLE_REFLECTION_BUFFERS UNITY_FRAMEBUFFER_FETCH_AVAILABLE UNITY_HARDWARE_TIER3 UNITY_LIGHTMAP_DLDR_ENCODING UNITY_NO_CUBEMAP_ARRAY UNITY_NO_DXT5nm UNITY_NO_RGBM UNITY_NO_SCREENSPACE_SHADOWS UNITY_PBS_USE_BRDF2 UNITY_PLATFORM_SUPPORTS_DEPTH_FETCH
Disabled keywords: ReduceAdd ReduceMax ReduceMin ReduceMul SHADER_API_GLES31 SHADER_API_GLES32 ScatterInt UNITY_ASTC_NORMALMAP_ENCODING UNITY_COLORSPACE_GAMMA UNITY_ENABLE_DETAIL_NORMALMAP UNITY_HARDWARE_TIER1 UNITY_HARDWARE_TIER2 UNITY_LIGHTMAP_FULL_HDR UNITY_LIGHTMAP_RGBM_ENCODING UNITY_LIGHT_PROBE_PROXY_VOLUME UNITY_METAL_SHADOWS_USE_POINT_FILTERING UNITY_PBS_USE_BRDF1 UNITY_PBS_USE_BRDF3 UNITY_PRETRANSFORM_TO_DISPLAY_ORIENTATION UNITY_SPECCUBE_BLENDING UNITY_SPECCUBE_BOX_PROJECTION UNITY_UNIFIED_SHADER_PRECISION_MODEL UNITY_USE_DITHER_MASK_FOR_ALPHABLENDED_SHADOWS UNITY_VIRTUAL_TEXTURING
Shader warning in 'Hidden/Sentis/ScatterElements': signed/unsigned mismatch, unsigned assumed at Packages/com.unity.ai.inference/Runtime/Core/Resources/Sentis/PixelShaders/ScatterElements.shader(202) (on gles3)

Compiling Subshader: 0, Pass: , Vertex program with NoFastPath ReduceNone UseDiv4Mask
Platform defines: SHADER_API_GLES30 SHADER_API_MOBILE UNITY_ENABLE_REFLECTION_BUFFERS UNITY_FRAMEBUFFER_FETCH_AVAILABLE UNITY_HARDWARE_TIER3 UNITY_LIGHTMAP_DLDR_ENCODING UNITY_NO_CUBEMAP_ARRAY UNITY_NO_DXT5nm UNITY_NO_RGBM UNITY_NO_SCREENSPACE_SHADOWS UNITY_PBS_USE_BRDF2 UNITY_PLATFORM_SUPPORTS_DEPTH_FETCH
Disabled keywords: ReduceAdd ReduceMax ReduceMin ReduceMul SHADER_API_GLES31 SHADER_API_GLES32 ScatterInt UNITY_ASTC_NORMALMAP_ENCODING UNITY_COLORSPACE_GAMMA UNITY_ENABLE_DETAIL_NORMALMAP UNITY_HARDWARE_TIER1 UNITY_HARDWARE_TIER2 UNITY_LIGHTMAP_FULL_HDR UNITY_LIGHTMAP_RGBM_ENCODING UNITY_LIGHT_PROBE_PROXY_VOLUME UNITY_METAL_SHADOWS_USE_POINT_FILTERING UNITY_PBS_USE_BRDF1 UNITY_PBS_USE_BRDF3 UNITY_PRETRANSFORM_TO_DISPLAY_ORIENTATION UNITY_SPECCUBE_BLENDING UNITY_SPECCUBE_BOX_PROJECTION UNITY_UNIFIED_SHADER_PRECISION_MODEL UNITY_USE_DITHER_MASK_FOR_ALPHABLENDED_SHADOWS UNITY_VIRTUAL_TEXTURING
Compiling shader "Hidden/Sentis/GatherND"
  Pass "" (vp)
    Target graphics API: gles3
    Full variant space:         2
    After settings filtering:   2
    After built-in stripping:   12
    After scriptable stripping: 12
    Processed in 0.00 seconds
  Pass  (vp, gles3) finished in 0.00 seconds. Local cache hits 12 (0.02s CPU time), remote cache hits 0 (0.00s CPU time), compiled 0 variants (0.00s CPU time), skipped 0 variants.
    Prepared data for serialisation in 0.00s
Serialized binary data for shader Hidden/Sentis/GatherND in 0.00s
    gles3 (total internal programs: 12, unique: 4)
Compiling shader "Hidden/Sentis/ConstantOfShape"
  Pass "" (vp)
    Target graphics API: gles3
    Full variant space:         2
    After settings filtering:   2
    After built-in stripping:   12
    After scriptable stripping: 12
    Processed in 0.00 seconds
  Pass  (vp, gles3) finished in 0.00 seconds. Local cache hits 12 (0.01s CPU time), remote cache hits 0 (0.00s CPU time), compiled 0 variants (0.00s CPU time), skipped 0 variants.
    Prepared data for serialisation in 0.00s
Serialized binary data for shader Hidden/Sentis/ConstantOfShape in 0.00s
    gles3 (total internal programs: 12, unique: 4)
Compiling compute shader "ReferenceImpl.GenericA"
    starting stripping...
    finished in 0.00 seconds. 2 of 2 variants left
    2 variants, starting compilation...
    finished in 0.00 seconds. Local cache hits 2, remote cache hits 0, compiled 0 variants
Compiling shader "Hidden/Sentis/Clip"
  Pass "" (vp)
    Target graphics API: gles3
    Full variant space:         8
    After settings filtering:   8
    After built-in stripping:   48
    After scriptable stripping: 48
    Processed in 0.00 seconds
  Pass  (vp, gles3) finished in 0.00 seconds. Local cache hits 48 (0.02s CPU time), remote cache hits 0 (0.00s CPU time), compiled 0 variants (0.00s CPU time), skipped 0 variants.
    Prepared data for serialisation in 0.00s
Serialized binary data for shader Hidden/Sentis/Clip in 0.00s
    gles3 (total internal programs: 48, unique: 16)
Compiling shader "PICO/LightEstimation/InvertCubemap"
  Pass "" (vp)
    Target graphics API: gles3
    Full variant space:         1
    After settings filtering:   1
    After built-in stripping:   6
    After scriptable stripping: 6
    Processed in 0.00 seconds
  Pass  (vp, gles3) finished in 0.00 seconds. Local cache hits 6 (0.00s CPU time), remote cache hits 0 (0.00s CPU time), compiled 0 variants (0.00s CPU time), skipped 0 variants.
    Prepared data for serialisation in 0.00s
Serialized binary data for shader PICO/LightEstimation/InvertCubemap in 0.00s
    gles3 (total internal programs: 6, unique: 2)
Compiling compute shader "BitonicSort"
    starting stripping...
    finished in 0.00 seconds. 4 of 4 variants left
    4 variants, starting compilation...
    finished in 0.00 seconds. Local cache hits 4, remote cache hits 0, compiled 0 variants
Compiling compute shader "ConvGeneric"
    starting stripping...
    finished in 0.00 seconds. 204 of 204 variants left
    204 variants, starting compilation...
Shader warning in 'ConvGeneric': "TRANSPOSE_OUTPUT variants not supported with NON_UNIFORM_CONVGROUP_PER_OC, make sure this variant is not used" at kernel Conv1D_OutTransposed_4eoc_4esp at ConvGeneric.compute(550)
Shader warning in 'ConvGeneric': "TRANSPOSE_OUTPUT variants not supported with NON_UNIFORM_CONVGROUP_PER_OC, make sure this variant is not used" at kernel Conv1D_OutTransposed_4eoc_4esp at Packages/com.unity.ai.inference/Runtime/Core/Resources/Sentis/ComputeShaders/ConvGeneric.compute(550)
Shader warning in 'ConvGeneric': "TRANSPOSE_OUTPUT variants not supported with NON_UNIFORM_CONVGROUP_PER_OC, make sure this variant is not used" at kernel Conv1D_OutTransposed_4eoc_4esp at ConvGeneric.compute(549)
Shader warning in 'ConvGeneric': "TRANSPOSE_OUTPUT variants not supported with NON_UNIFORM_CONVGROUP_PER_OC, make sure this variant is not used" at kernel Conv1D_OutTransposed_4eoc_4esp at ConvGeneric.compute(550)
Shader warning in 'ConvGeneric': "TRANSPOSE_OUTPUT variants not supported with NON_UNIFORM_CONVGROUP_PER_OC, make sure this variant is not used" at kernel Conv1D_OutTransposed_4eoc_4esp at Packages/com.unity.ai.inference/Runtime/Core/Resources/Sentis/ComputeShaders/ConvGeneric.compute(549)
Shader warning in 'ConvGeneric': "TRANSPOSE_OUTPUT variants not supported with NON_UNIFORM_CONVGROUP_PER_OC, make sure this variant is not used" at kernel Conv1D_OutTransposed_4eoc_4esp at Packages/com.unity.ai.inference/Runtime/Core/Resources/Sentis/ComputeShaders/ConvGeneric.compute(550)
Shader warning in 'ConvGeneric': "TRANSPOSE_OUTPUT variants not supported with NON_UNIFORM_CONVGROUP_PER_OC, make sure this variant is not used" at kernel Conv1D_OutTransposed_4eoc_4esp at ConvGeneric.compute(549)
Shader warning in 'ConvGeneric': "TRANSPOSE_OUTPUT variants not supported with NON_UNIFORM_CONVGROUP_PER_OC, make sure this variant is not used" at kernel Conv1D_OutTransposed_4eoc_4esp at ConvGeneric.compute(550)
Shader warning in 'ConvGeneric': "TRANSPOSE_OUTPUT variants not supported with NON_UNIFORM_CONVGROUP_PER_OC, make sure this variant is not used" at kernel Conv1D_OutTransposed_4eoc_4esp at Packages/com.unity.ai.inference/Runtime/Core/Resources/Sentis/ComputeShaders/ConvGeneric.compute(549)
Shader warning in 'ConvGeneric': "TRANSPOSE_OUTPUT variants not supported with NON_UNIFORM_CONVGROUP_PER_OC, make sure this variant is not used" at kernel Conv1D_OutTransposed_4eoc_4esp at Packages/com.unity.ai.inference/Runtime/Core/Resources/Sentis/ComputeShaders/ConvGeneric.compute(550)
Shader warning in 'ConvGeneric': "TRANSPOSE_OUTPUT variants not supported with NON_UNIFORM_CONVGROUP_PER_OC, make sure this variant is not used" at kernel Conv1D_OutTransposed_4eoc_4esp at ConvGeneric.compute(548)
Shader warning in 'ConvGeneric': "TRANSPOSE_OUTPUT variants not supported with NON_UNIFORM_CONVGROUP_PER_OC, make sure this variant is not used" at kernel Conv1D_OutTransposed_4eoc_4esp at ConvGeneric.compute(549)
Shader warning in 'ConvGeneric': "TRANSPOSE_OUTPUT variants not supported with NON_UNIFORM_CONVGROUP_PER_OC, make sure this variant is not used" at kernel Conv1D_OutTransposed_4eoc_4esp at ConvGeneric.compute(550)
Shader warning in 'ConvGeneric': "TRANSPOSE_OUTPUT variants not supported with NON_UNIFORM_CONVGROUP_PER_OC, make sure this variant is not used" at kernel Conv1D_OutTransposed_4eoc_4esp at Packages/com.unity.ai.inference/Runtime/Core/Resources/Sentis/ComputeShaders/ConvGeneric.compute(548)
Shader warning in 'ConvGeneric': "TRANSPOSE_OUTPUT variants not supported with NON_UNIFORM_CONVGROUP_PER_OC, make sure this variant is not used" at kernel Conv1D_OutTransposed_4eoc_4esp at Packages/com.unity.ai.inference/Runtime/Core/Resources/Sentis/ComputeShaders/ConvGeneric.compute(549)
Shader warning in 'ConvGeneric': "TRANSPOSE_OUTPUT variants not supported with NON_UNIFORM_CONVGROUP_PER_OC, make sure this variant is not used" at kernel Conv1D_OutTransposed_4eoc_4esp at Packages/com.unity.ai.inference/Runtime/Core/Resources/Sentis/ComputeShaders/ConvGeneric.compute(550)
Shader warning in 'ConvGeneric': "TRANSPOSE_OUTPUT variants not supported with NON_UNIFORM_CONVGROUP_PER_OC, make sure this variant is not used" at kernel Conv1D_OutTransposed_4eoc_4esp at ConvGeneric.compute(548)
Shader warning in 'ConvGeneric': "TRANSPOSE_OUTPUT variants not supported with NON_UNIFORM_CONVGROUP_PER_OC, make sure this variant is not used" at kernel Conv1D_OutTransposed_4eoc_4esp at ConvGeneric.compute(549)
Shader warning in 'ConvGeneric': "TRANSPOSE_OUTPUT variants not supported with NON_UNIFORM_CONVGROUP_PER_OC, make sure this variant is not used" at kernel Conv1DComplex_OutTransposed_4eoc_4esp at ConvGeneric.compute(550)
Shader warning in 'ConvGeneric': "TRANSPOSE_OUTPUT variants not supported with NON_UNIFORM_CONVGROUP_PER_OC, make sure this variant is not used" at kernel Conv1D_OutTransposed_4eoc_4esp at ConvGeneric.compute(550)
Shader warning in 'ConvGeneric': "TRANSPOSE_OUTPUT variants not supported with NON_UNIFORM_CONVGROUP_PER_OC, make sure this variant is not used" at kernel Conv1D_OutTransposed_4eoc_4esp at Packages/com.unity.ai.inference/Runtime/Core/Resources/Sentis/ComputeShaders/ConvGeneric.compute(548)
Shader warning in 'ConvGeneric': "TRANSPOSE_OUTPUT variants not supported with NON_UNIFORM_CONVGROUP_PER_OC, make sure this variant is not used" at kernel Conv1D_OutTransposed_4eoc_4esp at Packages/com.unity.ai.inference/Runtime/Core/Resources/Sentis/ComputeShaders/ConvGeneric.compute(549)
Shader warning in 'ConvGeneric': "TRANSPOSE_OUTPUT variants not supported with NON_UNIFORM_CONVGROUP_PER_OC, make sure this variant is not used" at kernel Conv1DComplex_OutTransposed_4eoc_4esp at Packages/com.unity.ai.inference/Runtime/Core/Resources/Sentis/ComputeShaders/ConvGeneric.compute(550)
Shader warning in 'ConvGeneric': "TRANSPOSE_OUTPUT variants not supported with NON_UNIFORM_CONVGROUP_PER_OC, make sure this variant is not used" at kernel Conv1D_OutTransposed_4eoc_4esp at Packages/com.unity.ai.inference/Runtime/Core/Resources/Sentis/ComputeShaders/ConvGeneric.compute(550)
Shader warning in 'ConvGeneric': "TRANSPOSE_OUTPUT variants not supported with NON_UNIFORM_CONVGROUP_PER_OC, make sure this variant is not used" at kernel Conv1D_OutTransposed_4eoc_4esp at ConvGeneric.compute(548)
Shader warning in 'ConvGeneric': "TRANSPOSE_OUTPUT variants not supported with NON_UNIFORM_CONVGROUP_PER_OC, make sure this variant is not used" at kernel Conv1DComplex_OutTransposed_4eoc_4esp at ConvGeneric.compute(549)
Shader warning in 'ConvGeneric': "TRANSPOSE_OUTPUT variants not supported with NON_UNIFORM_CONVGROUP_PER_OC, make sure this variant is not used" at kernel Conv1D_OutTransposed_4eoc_4esp at ConvGeneric.compute(549)
Shader warning in 'ConvGeneric': "TRANSPOSE_OUTPUT variants not supported with NON_UNIFORM_CONVGROUP_PER_OC, make sure this variant is not used" at kernel Conv1DComplex_OutTransposed_4eoc_4esp at ConvGeneric.compute(550)
Shader warning in 'ConvGeneric': "TRANSPOSE_OUTPUT variants not supported with NON_UNIFORM_CONVGROUP_PER_OC, make sure this variant is not used" at kernel Conv1D_OutTransposed_4eoc_4esp at ConvGeneric.compute(550)
Shader warning in 'ConvGeneric': "TRANSPOSE_OUTPUT variants not supported with NON_UNIFORM_CONVGROUP_PER_OC, make sure this variant is not used" at kernel Conv1D_OutTransposed_4eoc_4esp at Packages/com.unity.ai.inference/Runtime/Core/Resources/Sentis/ComputeShaders/ConvGeneric.compute(548)
Shader warning in 'ConvGeneric': "TRANSPOSE_OUTPUT variants not supported with NON_UNIFORM_CONVGROUP_PER_OC, make sure this variant is not used" at kernel Conv1DComplex_OutTransposed_4eoc_4esp at Packages/com.unity.ai.inference/Runtime/Core/Resources/Sentis/ComputeShaders/ConvGeneric.compute(549)
Shader warning in 'ConvGeneric': "TRANSPOSE_OUTPUT variants not supported with NON_UNIFORM_CONVGROUP_PER_OC, make sure this variant is not used" at kernel Conv1D_OutTransposed_4eoc_4esp at Packages/com.unity.ai.inference/Runtime/Core/Resources/Sentis/ComputeShaders/ConvGeneric.compute(549)
Shader warning in 'ConvGeneric': "TRANSPOSE_OUTPUT variants not supported with NON_UNIFORM_CONVGROUP_PER_OC, make sure this variant is not used" at kernel Conv1DComplex_OutTransposed_4eoc_4esp at Packages/com.unity.ai.inference/Runtime/Core/Resources/Sentis/ComputeShaders/ConvGeneric.compute(550)
Shader warning in 'ConvGeneric': "TRANSPOSE_OUTPUT variants not supported with NON_UNIFORM_CONVGROUP_PER_OC, make sure this variant is not used" at kernel Conv1D_OutTransposed_4eoc_4esp at Packages/com.unity.ai.inference/Runtime/Core/Resources/Sentis/ComputeShaders/ConvGeneric.compute(550)
Shader warning in 'ConvGeneric': "TRANSPOSE_OUTPUT variants not supported with NON_UNIFORM_CONVGROUP_PER_OC, make sure this variant is not used" at kernel Conv1D_OutTransposed_4eoc_4esp at ConvGeneric.compute(548)
Shader warning in 'ConvGeneric': "TRANSPOSE_OUTPUT variants not supported with NON_UNIFORM_CONVGROUP_PER_OC, make sure this variant is not used" at kernel Conv1DComplex_OutTransposed_4eoc_4esp at ConvGeneric.compute(549)
Shader warning in 'ConvGeneric': "TRANSPOSE_OUTPUT variants not supported with NON_UNIFORM_CONVGROUP_PER_OC, make sure this variant is not used" at kernel Conv1D_OutTransposed_4eoc_4esp at ConvGeneric.compute(549)
Shader warning in 'ConvGeneric': "TRANSPOSE_OUTPUT variants not supported with NON_UNIFORM_CONVGROUP_PER_OC, make sure this variant is not used" at kernel Conv1DComplex_OutTransposed_4eoc_4esp at ConvGeneric.compute(550)
Shader warning in 'ConvGeneric': "TRANSPOSE_OUTPUT variants not supported with NON_UNIFORM_CONVGROUP_PER_OC, make sure this variant is not used" at kernel Conv1D_OutTransposed_4eoc_4esp at ConvGeneric.compute(550)
Shader warning in 'ConvGeneric': "TRANSPOSE_OUTPUT variants not supported with NON_UNIFORM_CONVGROUP_PER_OC, make sure this variant is not used" at kernel Conv1D_OutTransposed_4eoc_4esp at Packages/com.unity.ai.inference/Runtime/Core/Resources/Sentis/ComputeShaders/ConvGeneric.compute(548)
Shader warning in 'ConvGeneric': "TRANSPOSE_OUTPUT variants not supported with NON_UNIFORM_CONVGROUP_PER_OC, make sure this variant is not used" at kernel Conv1DComplex_OutTransposed_4eoc_4esp at Packages/com.unity.ai.inference/Runtime/Core/Resources/Sentis/ComputeShaders/ConvGeneric.compute(549)
Shader warning in 'ConvGeneric': "TRANSPOSE_OUTPUT variants not supported with NON_UNIFORM_CONVGROUP_PER_OC, make sure this variant is not used" at kernel Conv1D_OutTransposed_4eoc_4esp at Packages/com.unity.ai.inference/Runtime/Core/Resources/Sentis/ComputeShaders/ConvGeneric.compute(549)
Shader warning in 'ConvGeneric': "TRANSPOSE_OUTPUT variants not supported with NON_UNIFORM_CONVGROUP_PER_OC, make sure this variant is not used" at kernel Conv1DComplex_OutTransposed_4eoc_4esp at Packages/com.unity.ai.inference/Runtime/Core/Resources/Sentis/ComputeShaders/ConvGeneric.compute(550)
Shader warning in 'ConvGeneric': "TRANSPOSE_OUTPUT variants not supported with NON_UNIFORM_CONVGROUP_PER_OC, make sure this variant is not used" at kernel Conv1D_OutTransposed_4eoc_4esp at Packages/com.unity.ai.inference/Runtime/Core/Resources/Sentis/ComputeShaders/ConvGeneric.compute(550)
Shader warning in 'ConvGeneric': "TRANSPOSE_OUTPUT variants not supported with NON_UNIFORM_CONVGROUP_PER_OC, make sure this variant is not used" at kernel Conv1DComplex_OutTransposed_4eoc_4esp at ConvGeneric.compute(548)
Shader warning in 'ConvGeneric': "TRANSPOSE_OUTPUT variants not supported with NON_UNIFORM_CONVGROUP_PER_OC, make sure this variant is not used" at kernel Conv1D_OutTransposed_4eoc_4esp at ConvGeneric.compute(548)
Shader warning in 'ConvGeneric': "TRANSPOSE_OUTPUT variants not supported with NON_UNIFORM_CONVGROUP_PER_OC, make sure this variant is not used" at kernel Conv1DComplex_OutTransposed_4eoc_4esp at ConvGeneric.compute(549)
Shader warning in 'ConvGeneric': "TRANSPOSE_OUTPUT variants not supported with NON_UNIFORM_CONVGROUP_PER_OC, make sure this variant is not used" at kernel Conv1D_OutTransposed_4eoc_4esp at ConvGeneric.compute(549)
Shader warning in 'ConvGeneric': "TRANSPOSE_OUTPUT variants not supported with NON_UNIFORM_CONVGROUP_PER_OC, make sure this variant is not used" at kernel Conv1DComplex_OutTransposed_4eoc_4esp at ConvGeneric.compute(550)
Shader warning in 'ConvGeneric': "TRANSPOSE_OUTPUT variants not supported with NON_UNIFORM_CONVGROUP_PER_OC, make sure this variant is not used" at kernel Conv1D_OutTransposed_4eoc_4esp at ConvGeneric.compute(550)
Shader warning in 'ConvGeneric': "TRANSPOSE_OUTPUT variants not supported with NON_UNIFORM_CONVGROUP_PER_OC, make sure this variant is not used" at kernel Conv1DComplex_OutTransposed_4eoc_4esp at Packages/com.unity.ai.inference/Runtime/Core/Resources/Sentis/ComputeShaders/ConvGeneric.compute(548)
Shader warning in 'ConvGeneric': "TRANSPOSE_OUTPUT variants not supported with NON_UNIFORM_CONVGROUP_PER_OC, make sure this variant is not used" at kernel Conv1D_OutTransposed_4eoc_4esp at Packages/com.unity.ai.inference/Runtime/Core/Resources/Sentis/ComputeShaders/ConvGeneric.compute(548)
Shader warning in 'ConvGeneric': "TRANSPOSE_OUTPUT variants not supported with NON_UNIFORM_CONVGROUP_PER_OC, make sure this variant is not used" at kernel Conv1DComplex_OutTransposed_4eoc_4esp at Packages/com.unity.ai.inference/Runtime/Core/Resources/Sentis/ComputeShaders/ConvGeneric.compute(549)
Shader warning in 'ConvGeneric': "TRANSPOSE_OUTPUT variants not supported with NON_UNIFORM_CONVGROUP_PER_OC, make sure this variant is not used" at kernel Conv1D_OutTransposed_4eoc_4esp at Packages/com.unity.ai.inference/Runtime/Core/Resources/Sentis/ComputeShaders/ConvGeneric.compute(549)
Shader warning in 'ConvGeneric': "TRANSPOSE_OUTPUT variants not supported with NON_UNIFORM_CONVGROUP_PER_OC, make sure this variant is not used" at kernel Conv1DComplex_OutTransposed_4eoc_4esp at Packages/com.unity.ai.inference/Runtime/Core/Resources/Sentis/ComputeShaders/ConvGeneric.compute(550)
Shader warning in 'ConvGeneric': "TRANSPOSE_OUTPUT variants not supported with NON_UNIFORM_CONVGROUP_PER_OC, make sure this variant is not used" at kernel Conv1D_OutTransposed_4eoc_4esp at Packages/com.unity.ai.inference/Runtime/Core/Resources/Sentis/ComputeShaders/ConvGeneric.compute(550)
Shader warning in 'ConvGeneric': "TRANSPOSE_OUTPUT variants not supported with NON_UNIFORM_CONVGROUP_PER_OC, make sure this variant is not used" at kernel Conv1DComplex_OutTransposed_4eoc_4esp at ConvGeneric.compute(548)
Shader warning in 'ConvGeneric': "TRANSPOSE_OUTPUT variants not supported with NON_UNIFORM_CONVGROUP_PER_OC, make sure this variant is not used" at kernel Conv1D_OutTransposed_4eoc_4esp at ConvGeneric.compute(548)
Shader warning in 'ConvGeneric': "TRANSPOSE_OUTPUT variants not supported with NON_UNIFORM_CONVGROUP_PER_OC, make sure this variant is not used" at kernel Conv1DComplex_OutTransposed_4eoc_4esp at ConvGeneric.compute(549)
Shader warning in 'ConvGeneric': "TRANSPOSE_OUTPUT variants not supported with NON_UNIFORM_CONVGROUP_PER_OC, make sure this variant is not used" at kernel Conv1D_OutTransposed_4eoc_4esp at ConvGeneric.compute(549)
Shader warning in 'ConvGeneric': "TRANSPOSE_OUTPUT variants not supported with NON_UNIFORM_CONVGROUP_PER_OC, make sure this variant is not used" at kernel Conv1DComplex_OutTransposed_4eoc_4esp at ConvGeneric.compute(550)
Shader warning in 'ConvGeneric': "TRANSPOSE_OUTPUT variants not supported with NON_UNIFORM_CONVGROUP_PER_OC, make sure this variant is not used" at kernel Conv1D_OutTransposed_4eoc_4esp at ConvGeneric.compute(550)
Shader warning in 'ConvGeneric': "TRANSPOSE_OUTPUT variants not supported with NON_UNIFORM_CONVGROUP_PER_OC, make sure this variant is not used" at kernel Conv1D_Scaled_OutTransposed_4eoc_4esp at ConvGeneric.compute(550)
Shader warning in 'ConvGeneric': "TRANSPOSE_OUTPUT variants not supported with NON_UNIFORM_CONVGROUP_PER_OC, make sure this variant is not used" at kernel Conv1DComplex_OutTransposed_4eoc_4esp at Packages/com.unity.ai.inference/Runtime/Core/Resources/Sentis/ComputeShaders/ConvGeneric.compute(548)
Shader warning in 'ConvGeneric': "TRANSPOSE_OUTPUT variants not supported with NON_UNIFORM_CONVGROUP_PER_OC, make sure this variant is not used" at kernel Conv1D_OutTransposed_4eoc_4esp at Packages/com.unity.ai.inference/Runtime/Core/Resources/Sentis/ComputeShaders/ConvGeneric.compute(548)
Shader warning in 'ConvGeneric': "TRANSPOSE_OUTPUT variants not supported with NON_UNIFORM_CONVGROUP_PER_OC, make sure this variant is not used" at kernel Conv1DComplex_OutTransposed_4eoc_4esp at Packages/com.unity.ai.inference/Runtime/Core/Resources/Sentis/ComputeShaders/ConvGeneric.compute(549)
Shader warning in 'ConvGeneric': "TRANSPOSE_OUTPUT variants not supported with NON_UNIFORM_CONVGROUP_PER_OC, make sure this variant is not used" at kernel Conv1D_OutTransposed_4eoc_4esp at Packages/com.unity.ai.inference/Runtime/Core/Resources/Sentis/ComputeShaders/ConvGeneric.compute(549)
Shader warning in 'ConvGeneric': "TRANSPOSE_OUTPUT variants not supported with NON_UNIFORM_CONVGROUP_PER_OC, make sure this variant is not used" at kernel Conv1DComplex_OutTransposed_4eoc_4esp at Packages/com.unity.ai.inference/Runtime/Core/Resources/Sentis/ComputeShaders/ConvGeneric.compute(550)
Shader warning in 'ConvGeneric': "TRANSPOSE_OUTPUT variants not supported with NON_UNIFORM_CONVGROUP_PER_OC, make sure this variant is not used" at kernel Conv1D_OutTransposed_4eoc_4esp at Packages/com.unity.ai.inference/Runtime/Core/Resources/Sentis/ComputeShaders/ConvGeneric.compute(550)
Shader warning in 'ConvGeneric': "TRANSPOSE_OUTPUT variants not supported with NON_UNIFORM_CONVGROUP_PER_OC, make sure this variant is not used" at kernel Conv1D_Scaled_OutTransposed_4eoc_4esp at Packages/com.unity.ai.inference/Runtime/Core/Resources/Sentis/ComputeShaders/ConvGeneric.compute(550)
Shader warning in 'ConvGeneric': "TRANSPOSE_OUTPUT variants not supported with NON_UNIFORM_CONVGROUP_PER_OC, make sure this variant is not used" at kernel Conv1DComplex_OutTransposed_4eoc_4esp at ConvGeneric.compute(548)
Shader warning in 'ConvGeneric': "TRANSPOSE_OUTPUT variants not supported with NON_UNIFORM_CONVGROUP_PER_OC, make sure this variant is not used" at kernel Conv1D_OutTransposed_4eoc_4esp at ConvGeneric.compute(548)
Shader warning in 'ConvGeneric': "TRANSPOSE_OUTPUT variants not supported with NON_UNIFORM_CONVGROUP_PER_OC, make sure this variant is not used" at kernel Conv1DComplex_OutTransposed_4eoc_4esp at ConvGeneric.compute(549)
Shader warning in 'ConvGeneric': "TRANSPOSE_OUTPUT variants not supported with NON_UNIFORM_CONVGROUP_PER_OC, make sure this variant is not used" at kernel Conv1D_OutTransposed_4eoc_4esp at ConvGeneric.compute(549)
Shader warning in 'ConvGeneric': "TRANSPOSE_OUTPUT variants not supported with NON_UNIFORM_CONVGROUP_PER_OC, make sure this variant is not used" at kernel Conv1D_Scaled_OutTransposed_4eoc_4esp at ConvGeneric.compute(549)
Shader warning in 'ConvGeneric': "TRANSPOSE_OUTPUT variants not supported with NON_UNIFORM_CONVGROUP_PER_OC, make sure this variant is not used" at kernel Conv1DComplex_OutTransposed_4eoc_4esp at ConvGeneric.compute(550)
Shader warning in 'ConvGeneric': "TRANSPOSE_OUTPUT variants not supported with NON_UNIFORM_CONVGROUP_PER_OC, make sure this variant is not used" at kernel Conv1D_OutTransposed_4eoc_4esp at ConvGeneric.compute(550)
Shader warning in 'ConvGeneric': "TRANSPOSE_OUTPUT variants not supported with NON_UNIFORM_CONVGROUP_PER_OC, make sure this variant is not used" at kernel Conv1D_Scaled_OutTransposed_4eoc_4esp at ConvGeneric.compute(550)
Shader warning in 'ConvGeneric': "TRANSPOSE_OUTPUT variants not supported with NON_UNIFORM_CONVGROUP_PER_OC, make sure this variant is not used" at kernel Conv1DComplex_OutTransposed_4eoc_4esp at Packages/com.unity.ai.inference/Runtime/Core/Resources/Sentis/ComputeShaders/ConvGeneric.compute(548)
Shader warning in 'ConvGeneric': "TRANSPOSE_OUTPUT variants not supported with NON_UNIFORM_CONVGROUP_PER_OC, make sure this variant is not used" at kernel Conv1D_OutTransposed_4eoc_4esp at Packages/com.unity.ai.inference/Runtime/Core/Resources/Sentis/ComputeShaders/ConvGeneric.compute(548)
Shader warning in 'ConvGeneric': "TRANSPOSE_OUTPUT variants not supported with NON_UNIFORM_CONVGROUP_PER_OC, make sure this variant is not used" at kernel Conv1DComplex_OutTransposed_4eoc_4esp at Packages/com.unity.ai.inference/Runtime/Core/Resources/Sentis/ComputeShaders/ConvGeneric.compute(549)
Shader warning in 'ConvGeneric': "TRANSPOSE_OUTPUT variants not supported with NON_UNIFORM_CONVGROUP_PER_OC, make sure this variant is not used" at kernel Conv1D_OutTransposed_4eoc_4esp at Packages/com.unity.ai.inference/Runtime/Core/Resources/Sentis/ComputeShaders/ConvGeneric.compute(549)
Shader warning in 'ConvGeneric': "TRANSPOSE_OUTPUT variants not supported with NON_UNIFORM_CONVGROUP_PER_OC, make sure this variant is not used" at kernel Conv1D_Scaled_OutTransposed_4eoc_4esp at Packages/com.unity.ai.inference/Runtime/Core/Resources/Sentis/ComputeShaders/ConvGeneric.compute(549)
Shader warning in 'ConvGeneric': "TRANSPOSE_OUTPUT variants not supported with NON_UNIFORM_CONVGROUP_PER_OC, make sure this variant is not used" at kernel Conv1DComplex_OutTransposed_4eoc_4esp at Packages/com.unity.ai.inference/Runtime/Core/Resources/Sentis/ComputeShaders/ConvGeneric.compute(550)
Shader warning in 'ConvGeneric': "TRANSPOSE_OUTPUT variants not supported with NON_UNIFORM_CONVGROUP_PER_OC, make sure this variant is not used" at kernel Conv1D_OutTransposed_4eoc_4esp at Packages/com.unity.ai.inference/Runtime/Core/Resources/Sentis/ComputeShaders/ConvGeneric.compute(550)
Shader warning in 'ConvGeneric': "TRANSPOSE_OUTPUT variants not supported with NON_UNIFORM_CONVGROUP_PER_OC, make sure this variant is not used" at kernel Conv1D_Scaled_OutTransposed_4eoc_4esp at Packages/com.unity.ai.inference/Runtime/Core/Resources/Sentis/ComputeShaders/ConvGeneric.compute(550)
Shader warning in 'ConvGeneric': "TRANSPOSE_OUTPUT variants not supported with NON_UNIFORM_CONVGROUP_PER_OC, make sure this variant is not used" at kernel Conv1DComplex_OutTransposed_4eoc_4esp at ConvGeneric.compute(548)
Shader warning in 'ConvGeneric': "TRANSPOSE_OUTPUT variants not supported with NON_UNIFORM_CONVGROUP_PER_OC, make sure this variant is not used" at kernel Conv1D_OutTransposed_4eoc_4esp at ConvGeneric.compute(548)
Shader warning in 'ConvGeneric': "TRANSPOSE_OUTPUT variants not supported with NON_UNIFORM_CONVGROUP_PER_OC, make sure this variant is not used" at kernel Conv1DComplex_OutTransposed_4eoc_4esp at ConvGeneric.compute(549)
Shader warning in 'ConvGeneric': "TRANSPOSE_OUTPUT variants not supported with NON_UNIFORM_CONVGROUP_PER_OC, make sure this variant is not used" at kernel Conv1D_OutTransposed_4eoc_4esp at ConvGeneric.compute(549)
Shader warning in 'ConvGeneric': "TRANSPOSE_OUTPUT variants not supported with NON_UNIFORM_CONVGROUP_PER_OC, make sure this variant is not used" at kernel Conv1D_Scaled_OutTransposed_4eoc_4esp at ConvGeneric.compute(549)
Shader warning in 'ConvGeneric': "TRANSPOSE_OUTPUT variants not supported with NON_UNIFORM_CONVGROUP_PER_OC, make sure this variant is not used" at kernel Conv1DComplex_OutTransposed_4eoc_4esp at ConvGeneric.compute(550)
Shader warning in 'ConvGeneric': "TRANSPOSE_OUTPUT variants not supported with NON_UNIFORM_CONVGROUP_PER_OC, make sure this variant is not used" at kernel Conv1D_OutTransposed_4eoc_4esp at ConvGeneric.compute(550)
Shader warning in 'ConvGeneric': "TRANSPOSE_OUTPUT variants not supported with NON_UNIFORM_CONVGROUP_PER_OC, make sure this variant is not used" at kernel Conv1D_Scaled_OutTransposed_4eoc_4esp at ConvGeneric.compute(550)
Shader warning in 'ConvGeneric': "TRANSPOSE_OUTPUT variants not supported with NON_UNIFORM_CONVGROUP_PER_OC, make sure this variant is not used" at kernel Conv1DComplex_OutTransposed_4eoc_4esp at Packages/com.unity.ai.inference/Runtime/Core/Resources/Sentis/ComputeShaders/ConvGeneric.compute(548)
Shader warning in 'ConvGeneric': "TRANSPOSE_OUTPUT variants not supported with NON_UNIFORM_CONVGROUP_PER_OC, make sure this variant is not used" at kernel Conv1D_OutTransposed_4eoc_4esp at Packages/com.unity.ai.inference/Runtime/Core/Resources/Sentis/ComputeShaders/ConvGeneric.compute(548)
Shader warning in 'ConvGeneric': "TRANSPOSE_OUTPUT variants not supported with NON_UNIFORM_CONVGROUP_PER_OC, make sure this variant is not used" at kernel Conv1DComplex_OutTransposed_4eoc_4esp at Packages/com.unity.ai.inference/Runtime/Core/Resources/Sentis/ComputeShaders/ConvGeneric.compute(549)
Shader warning in 'ConvGeneric': "TRANSPOSE_OUTPUT variants not supported with NON_UNIFORM_CONVGROUP_PER_OC, make sure this variant is not used" at kernel Conv1D_OutTransposed_4eoc_4esp at Packages/com.unity.ai.inference/Runtime/Core/Resources/Sentis/ComputeShaders/ConvGeneric.compute(549)
Shader warning in 'ConvGeneric': "TRANSPOSE_OUTPUT variants not supported with NON_UNIFORM_CONVGROUP_PER_OC, make sure this variant is not used" at kernel Conv1D_Scaled_OutTransposed_4eoc_4esp at Packages/com.unity.ai.inference/Runtime/Core/Resources/Sentis/ComputeShaders/ConvGeneric.compute(549)
Shader warning in 'ConvGeneric': "TRANSPOSE_OUTPUT variants not supported with NON_UNIFORM_CONVGROUP_PER_OC, make sure this variant is not used" at kernel Conv1DComplex_OutTransposed_4eoc_4esp at Packages/com.unity.ai.inference/Runtime/Core/Resources/Sentis/ComputeShaders/ConvGeneric.compute(550)
Shader warning in 'ConvGeneric': "TRANSPOSE_OUTPUT variants not supported with NON_UNIFORM_CONVGROUP_PER_OC, make sure this variant is not used" at kernel Conv1D_OutTransposed_4eoc_4esp at Packages/com.unity.ai.inference/Runtime/Core/Resources/Sentis/ComputeShaders/ConvGeneric.compute(550)
Shader warning in 'ConvGeneric': "TRANSPOSE_OUTPUT variants not supported with NON_UNIFORM_CONVGROUP_PER_OC, make sure this variant is not used" at kernel Conv1D_Scaled_OutTransposed_4eoc_4esp at Packages/com.unity.ai.inference/Runtime/Core/Resources/Sentis/ComputeShaders/ConvGeneric.compute(550)
Shader warning in 'ConvGeneric': "TRANSPOSE_OUTPUT variants not supported with NON_UNIFORM_CONVGROUP_PER_OC, make sure this variant is not used" at kernel Conv1DComplex_OutTransposed_4eoc_4esp at ConvGeneric.compute(548)
Shader warning in 'ConvGeneric': "TRANSPOSE_OUTPUT variants not supported with NON_UNIFORM_CONVGROUP_PER_OC, make sure this variant is not used" at kernel Conv1D_OutTransposed_4eoc_4esp at ConvGeneric.compute(548)
Shader warning in 'ConvGeneric': "TRANSPOSE_OUTPUT variants not supported with NON_UNIFORM_CONVGROUP_PER_OC, make sure this variant is not used" at kernel Conv1D_Scaled_OutTransposed_4eoc_4esp at ConvGeneric.compute(548)
Shader warning in 'ConvGeneric': "TRANSPOSE_OUTPUT variants not supported with NON_UNIFORM_CONVGROUP_PER_OC, make sure this variant is not used" at kernel Conv1DComplex_OutTransposed_4eoc_4esp at ConvGeneric.compute(549)
Shader warning in 'ConvGeneric': "TRANSPOSE_OUTPUT variants not supported with NON_UNIFORM_CONVGROUP_PER_OC, make sure this variant is not used" at kernel Conv1D_OutTransposed_4eoc_4esp at ConvGeneric.compute(549)
Shader warning in 'ConvGeneric': "TRANSPOSE_OUTPUT variants not supported with NON_UNIFORM_CONVGROUP_PER_OC, make sure this variant is not used" at kernel Conv1D_Scaled_OutTransposed_4eoc_4esp at ConvGeneric.compute(549)
Shader warning in 'ConvGeneric': "TRANSPOSE_OUTPUT variants not supported with NON_UNIFORM_CONVGROUP_PER_OC, make sure this variant is not used" at kernel Conv1DComplex_OutTransposed_4eoc_4esp at ConvGeneric.compute(550)
Shader warning in 'ConvGeneric': "TRANSPOSE_OUTPUT variants not supported with NON_UNIFORM_CONVGROUP_PER_OC, make sure this variant is not used" at kernel Conv1D_OutTransposed_4eoc_4esp at ConvGeneric.compute(550)
Shader warning in 'ConvGeneric': "TRANSPOSE_OUTPUT variants not supported with NON_UNIFORM_CONVGROUP_PER_OC, make sure this variant is not used" at kernel Conv1D_Scaled_OutTransposed_4eoc_4esp at ConvGeneric.compute(550)
Shader warning in 'ConvGeneric': "TRANSPOSE_OUTPUT variants not supported with NON_UNIFORM_CONVGROUP_PER_OC, make sure this variant is not used" at kernel Conv1DComplex_OutTransposed_4eoc_4esp at Packages/com.unity.ai.inference/Runtime/Core/Resources/Sentis/ComputeShaders/ConvGeneric.compute(548)
Shader warning in 'ConvGeneric': "TRANSPOSE_OUTPUT variants not supported with NON_UNIFORM_CONVGROUP_PER_OC, make sure this variant is not used" at kernel Conv1D_OutTransposed_4eoc_4esp at Packages/com.unity.ai.inference/Runtime/Core/Resources/Sentis/ComputeShaders/ConvGeneric.compute(548)
Shader warning in 'ConvGeneric': "TRANSPOSE_OUTPUT variants not supported with NON_UNIFORM_CONVGROUP_PER_OC, make sure this variant is not used" at kernel Conv1D_Scaled_OutTransposed_4eoc_4esp at Packages/com.unity.ai.inference/Runtime/Core/Resources/Sentis/ComputeShaders/ConvGeneric.compute(548)
Shader warning in 'ConvGeneric': "TRANSPOSE_OUTPUT variants not supported with NON_UNIFORM_CONVGROUP_PER_OC, make sure this variant is not used" at kernel Conv1DComplex_OutTransposed_4eoc_4esp at Packages/com.unity.ai.inference/Runtime/Core/Resources/Sentis/ComputeShaders/ConvGeneric.compute(549)
Shader warning in 'ConvGeneric': "TRANSPOSE_OUTPUT variants not supported with NON_UNIFORM_CONVGROUP_PER_OC, make sure this variant is not used" at kernel Conv1D_OutTransposed_4eoc_4esp at Packages/com.unity.ai.inference/Runtime/Core/Resources/Sentis/ComputeShaders/ConvGeneric.compute(549)
Shader warning in 'ConvGeneric': "TRANSPOSE_OUTPUT variants not supported with NON_UNIFORM_CONVGROUP_PER_OC, make sure this variant is not used" at kernel Conv1D_Scaled_OutTransposed_4eoc_4esp at Packages/com.unity.ai.inference/Runtime/Core/Resources/Sentis/ComputeShaders/ConvGeneric.compute(549)
Shader warning in 'ConvGeneric': "TRANSPOSE_OUTPUT variants not supported with NON_UNIFORM_CONVGROUP_PER_OC, make sure this variant is not used" at kernel Conv1DComplex_OutTransposed_4eoc_4esp at Packages/com.unity.ai.inference/Runtime/Core/Resources/Sentis/ComputeShaders/ConvGeneric.compute(550)
Shader warning in 'ConvGeneric': "TRANSPOSE_OUTPUT variants not supported with NON_UNIFORM_CONVGROUP_PER_OC, make sure this variant is not used" at kernel Conv1D_OutTransposed_4eoc_4esp at Packages/com.unity.ai.inference/Runtime/Core/Resources/Sentis/ComputeShaders/ConvGeneric.compute(550)
Shader warning in 'ConvGeneric': "TRANSPOSE_OUTPUT variants not supported with NON_UNIFORM_CONVGROUP_PER_OC, make sure this variant is not used" at kernel Conv1D_Scaled_OutTransposed_4eoc_4esp at Packages/com.unity.ai.inference/Runtime/Core/Resources/Sentis/ComputeShaders/ConvGeneric.compute(550)
Shader warning in 'ConvGeneric': "TRANSPOSE_OUTPUT variants not supported with NON_UNIFORM_CONVGROUP_PER_OC, make sure this variant is not used" at kernel Conv1DComplex_OutTransposed_4eoc_4esp at ConvGeneric.compute(548)
Shader warning in 'ConvGeneric': "TRANSPOSE_OUTPUT variants not supported with NON_UNIFORM_CONVGROUP_PER_OC, make sure this variant is not used" at kernel Conv1D_OutTransposed_4eoc_4esp at ConvGeneric.compute(548)
Shader warning in 'ConvGeneric': "TRANSPOSE_OUTPUT variants not supported with NON_UNIFORM_CONVGROUP_PER_OC, make sure this variant is not used" at kernel Conv1D_Scaled_OutTransposed_4eoc_4esp at ConvGeneric.compute(548)
Shader warning in 'ConvGeneric': "TRANSPOSE_OUTPUT variants not supported with NON_UNIFORM_CONVGROUP_PER_OC, make sure this variant is not used" at kernel Conv1DComplex_OutTransposed_4eoc_4esp at ConvGeneric.compute(549)
Shader warning in 'ConvGeneric': "TRANSPOSE_OUTPUT variants not supported with NON_UNIFORM_CONVGROUP_PER_OC, make sure this variant is not used" at kernel Conv1D_OutTransposed_4eoc_4esp at ConvGeneric.compute(549)
Shader warning in 'ConvGeneric': "TRANSPOSE_OUTPUT variants not supported with NON_UNIFORM_CONVGROUP_PER_OC, make sure this variant is not used" at kernel Conv1D_Scaled_OutTransposed_4eoc_4esp at ConvGeneric.compute(549)
Shader warning in 'ConvGeneric': "TRANSPOSE_OUTPUT variants not supported with NON_UNIFORM_CONVGROUP_PER_OC, make sure this variant is not used" at kernel Conv1DComplex_OutTransposed_4eoc_4esp at ConvGeneric.compute(550)
Shader warning in 'ConvGeneric': "TRANSPOSE_OUTPUT variants not supported with NON_UNIFORM_CONVGROUP_PER_OC, make sure this variant is not used" at kernel Conv1D_OutTransposed_4eoc_4esp at ConvGeneric.compute(550)
Shader warning in 'ConvGeneric': "TRANSPOSE_OUTPUT variants not supported with NON_UNIFORM_CONVGROUP_PER_OC, make sure this variant is not used" at kernel Conv1D_Scaled_Complex_OutTransposed_4eoc_4esp at ConvGeneric.compute(550)
Shader warning in 'ConvGeneric': "TRANSPOSE_OUTPUT variants not supported with NON_UNIFORM_CONVGROUP_PER_OC, make sure this variant is not used" at kernel Conv1D_Scaled_OutTransposed_4eoc_4esp at ConvGeneric.compute(550)
Shader warning in 'ConvGeneric': "TRANSPOSE_OUTPUT variants not supported with NON_UNIFORM_CONVGROUP_PER_OC, make sure this variant is not used" at kernel Conv1DComplex_OutTransposed_4eoc_4esp at Packages/com.unity.ai.inference/Runtime/Core/Resources/Sentis/ComputeShaders/ConvGeneric.compute(548)
Shader warning in 'ConvGeneric': "TRANSPOSE_OUTPUT variants not supported with NON_UNIFORM_CONVGROUP_PER_OC, make sure this variant is not used" at kernel Conv1D_OutTransposed_4eoc_4esp at Packages/com.unity.ai.inference/Runtime/Core/Resources/Sentis/ComputeShaders/ConvGeneric.compute(548)
Shader warning in 'ConvGeneric': "TRANSPOSE_OUTPUT variants not supported with NON_UNIFORM_CONVGROUP_PER_OC, make sure this variant is not used" at kernel Conv1D_Scaled_OutTransposed_4eoc_4esp at Packages/com.unity.ai.inference/Runtime/Core/Resources/Sentis/ComputeShaders/ConvGeneric.compute(548)
Shader warning in 'ConvGeneric': "TRANSPOSE_OUTPUT variants not supported with NON_UNIFORM_CONVGROUP_PER_OC, make sure this variant is not used" at kernel Conv1DComplex_OutTransposed_4eoc_4esp at Packages/com.unity.ai.inference/Runtime/Core/Resources/Sentis/ComputeShaders/ConvGeneric.compute(549)
Shader warning in 'ConvGeneric': "TRANSPOSE_OUTPUT variants not supported with NON_UNIFORM_CONVGROUP_PER_OC, make sure this variant is not used" at kernel Conv1D_OutTransposed_4eoc_4esp at Packages/com.unity.ai.inference/Runtime/Core/Resources/Sentis/ComputeShaders/ConvGeneric.compute(549)
Shader warning in 'ConvGeneric': "TRANSPOSE_OUTPUT variants not supported with NON_UNIFORM_CONVGROUP_PER_OC, make sure this variant is not used" at kernel Conv1D_Scaled_OutTransposed_4eoc_4esp at Packages/com.unity.ai.inference/Runtime/Core/Resources/Sentis/ComputeShaders/ConvGeneric.compute(549)
Shader warning in 'ConvGeneric': "TRANSPOSE_OUTPUT variants not supported with NON_UNIFORM_CONVGROUP_PER_OC, make sure this variant is not used" at kernel Conv1DComplex_OutTransposed_4eoc_4esp at Packages/com.unity.ai.inference/Runtime/Core/Resources/Sentis/ComputeShaders/ConvGeneric.compute(550)
Shader warning in 'ConvGeneric': "TRANSPOSE_OUTPUT variants not supported with NON_UNIFORM_CONVGROUP_PER_OC, make sure this variant is not used" at kernel Conv1D_OutTransposed_4eoc_4esp at Packages/com.unity.ai.inference/Runtime/Core/Resources/Sentis/ComputeShaders/ConvGeneric.compute(550)
Shader warning in 'ConvGeneric': "TRANSPOSE_OUTPUT variants not supported with NON_UNIFORM_CONVGROUP_PER_OC, make sure this variant is not used" at kernel Conv1D_Scaled_Complex_OutTransposed_4eoc_4esp at Packages/com.unity.ai.inference/Runtime/Core/Resources/Sentis/ComputeShaders/ConvGeneric.compute(550)
Shader warning in 'ConvGeneric': "TRANSPOSE_OUTPUT variants not supported with NON_UNIFORM_CONVGROUP_PER_OC, make sure this variant is not used" at kernel Conv1D_Scaled_OutTransposed_4eoc_4esp at Packages/com.unity.ai.inference/Runtime/Core/Resources/Sentis/ComputeShaders/ConvGeneric.compute(550)
Shader warning in 'ConvGeneric': "TRANSPOSE_OUTPUT variants not supported with NON_UNIFORM_CONVGROUP_PER_OC, make sure this variant is not used" at kernel Conv1DComplex_OutTransposed_4eoc_4esp at ConvGeneric.compute(548)
Shader warning in 'ConvGeneric': "TRANSPOSE_OUTPUT variants not supported with NON_UNIFORM_CONVGROUP_PER_OC, make sure this variant is not used" at kernel Conv1D_OutTransposed_4eoc_4esp at ConvGeneric.compute(548)
Shader warning in 'ConvGeneric': "TRANSPOSE_OUTPUT variants not supported with NON_UNIFORM_CONVGROUP_PER_OC, make sure this variant is not used" at kernel Conv1D_Scaled_OutTransposed_4eoc_4esp at ConvGeneric.compute(548)
Shader warning in 'ConvGeneric': "TRANSPOSE_OUTPUT variants not supported with NON_UNIFORM_CONVGROUP_PER_OC, make sure this variant is not used" at kernel Conv1DComplex_OutTransposed_4eoc_4esp at ConvGeneric.compute(549)
Shader warning in 'ConvGeneric': "TRANSPOSE_OUTPUT variants not supported with NON_UNIFORM_CONVGROUP_PER_OC, make sure this variant is not used" at kernel Conv1D_OutTransposed_4eoc_4esp at ConvGeneric.compute(549)
Shader warning in 'ConvGeneric': "TRANSPOSE_OUTPUT variants not supported with NON_UNIFORM_CONVGROUP_PER_OC, make sure this variant is not used" at kernel Conv1D_Scaled_Complex_OutTransposed_4eoc_4esp at ConvGeneric.compute(549)
Shader warning in 'ConvGeneric': "TRANSPOSE_OUTPUT variants not supported with NON_UNIFORM_CONVGROUP_PER_OC, make sure this variant is not used" at kernel Conv1D_Scaled_OutTransposed_4eoc_4esp at ConvGeneric.compute(549)
Shader warning in 'ConvGeneric': "TRANSPOSE_OUTPUT variants not supported with NON_UNIFORM_CONVGROUP_PER_OC, make sure this variant is not used" at kernel Conv1DComplex_OutTransposed_4eoc_4esp at ConvGeneric.compute(550)
Shader warning in 'ConvGeneric': "TRANSPOSE_OUTPUT variants not supported with NON_UNIFORM_CONVGROUP_PER_OC, make sure this variant is not used" at kernel Conv1D_OutTransposed_4eoc_4esp at ConvGeneric.compute(550)
Shader warning in 'ConvGeneric': "TRANSPOSE_OUTPUT variants not supported with NON_UNIFORM_CONVGROUP_PER_OC, make sure this variant is not used" at kernel Conv1D_Scaled_Complex_OutTransposed_4eoc_4esp at ConvGeneric.compute(550)
Shader warning in 'ConvGeneric': "TRANSPOSE_OUTPUT variants not supported with NON_UNIFORM_CONVGROUP_PER_OC, make sure this variant is not used" at kernel Conv1D_Scaled_OutTransposed_4eoc_4esp at ConvGeneric.compute(550)
Shader warning in 'ConvGeneric': "TRANSPOSE_OUTPUT variants not supported with NON_UNIFORM_CONVGROUP_PER_OC, make sure this variant is not used" at kernel Conv1DComplex_OutTransposed_4eoc_4esp at Packages/com.unity.ai.inference/Runtime/Core/Resources/Sentis/ComputeShaders/ConvGeneric.compute(548)
Shader warning in 'ConvGeneric': "TRANSPOSE_OUTPUT variants not supported with NON_UNIFORM_CONVGROUP_PER_OC, make sure this variant is not used" at kernel Conv1D_OutTransposed_4eoc_4esp at Packages/com.unity.ai.inference/Runtime/Core/Resources/Sentis/ComputeShaders/ConvGeneric.compute(548)
Shader warning in 'ConvGeneric': "TRANSPOSE_OUTPUT variants not supported with NON_UNIFORM_CONVGROUP_PER_OC, make sure this variant is not used" at kernel Conv1D_Scaled_OutTransposed_4eoc_4esp at Packages/com.unity.ai.inference/Runtime/Core/Resources/Sentis/ComputeShaders/ConvGeneric.compute(548)
Shader warning in 'ConvGeneric': "TRANSPOSE_OUTPUT variants not supported with NON_UNIFORM_CONVGROUP_PER_OC, make sure this variant is not used" at kernel Conv1DComplex_OutTransposed_4eoc_4esp at Packages/com.unity.ai.inference/Runtime/Core/Resources/Sentis/ComputeShaders/ConvGeneric.compute(549)
Shader warning in 'ConvGeneric': "TRANSPOSE_OUTPUT variants not supported with NON_UNIFORM_CONVGROUP_PER_OC, make sure this variant is not used" at kernel Conv1D_OutTransposed_4eoc_4esp at Packages/com.unity.ai.inference/Runtime/Core/Resources/Sentis/ComputeShaders/ConvGeneric.compute(549)
Shader warning in 'ConvGeneric': "TRANSPOSE_OUTPUT variants not supported with NON_UNIFORM_CONVGROUP_PER_OC, make sure this variant is not used" at kernel Conv1D_Scaled_Complex_OutTransposed_4eoc_4esp at Packages/com.unity.ai.inference/Runtime/Core/Resources/Sentis/ComputeShaders/ConvGeneric.compute(549)
Shader warning in 'ConvGeneric': "TRANSPOSE_OUTPUT variants not supported with NON_UNIFORM_CONVGROUP_PER_OC, make sure this variant is not used" at kernel Conv1D_Scaled_OutTransposed_4eoc_4esp at Packages/com.unity.ai.inference/Runtime/Core/Resources/Sentis/ComputeShaders/ConvGeneric.compute(549)
Shader warning in 'ConvGeneric': "TRANSPOSE_OUTPUT variants not supported with NON_UNIFORM_CONVGROUP_PER_OC, make sure this variant is not used" at kernel Conv1DComplex_OutTransposed_4eoc_4esp at Packages/com.unity.ai.inference/Runtime/Core/Resources/Sentis/ComputeShaders/ConvGeneric.compute(550)
Shader warning in 'ConvGeneric': "TRANSPOSE_OUTPUT variants not supported with NON_UNIFORM_CONVGROUP_PER_OC, make sure this variant is not used" at kernel Conv1D_OutTransposed_4eoc_4esp at Packages/com.unity.ai.inference/Runtime/Core/Resources/Sentis/ComputeShaders/ConvGeneric.compute(550)
Shader warning in 'ConvGeneric': "TRANSPOSE_OUTPUT variants not supported with NON_UNIFORM_CONVGROUP_PER_OC, make sure this variant is not used" at kernel Conv1D_Scaled_Complex_OutTransposed_4eoc_4esp at Packages/com.unity.ai.inference/Runtime/Core/Resources/Sentis/ComputeShaders/ConvGeneric.compute(550)
Shader warning in 'ConvGeneric': "TRANSPOSE_OUTPUT variants not supported with NON_UNIFORM_CONVGROUP_PER_OC, make sure this variant is not used" at kernel Conv1D_Scaled_OutTransposed_4eoc_4esp at Packages/com.unity.ai.inference/Runtime/Core/Resources/Sentis/ComputeShaders/ConvGeneric.compute(550)
Shader warning in 'ConvGeneric': "TRANSPOSE_OUTPUT variants not supported with NON_UNIFORM_CONVGROUP_PER_OC, make sure this variant is not used" at kernel Conv1DComplex_OutTransposed_4eoc_4esp at ConvGeneric.compute(548)
Shader warning in 'ConvGeneric': "TRANSPOSE_OUTPUT variants not supported with NON_UNIFORM_CONVGROUP_PER_OC, make sure this variant is not used" at kernel Conv1D_OutTransposed_4eoc_4esp at ConvGeneric.compute(548)
Shader warning in 'ConvGeneric': "TRANSPOSE_OUTPUT variants not supported with NON_UNIFORM_CONVGROUP_PER_OC, make sure this variant is not used" at kernel Conv1D_Scaled_OutTransposed_4eoc_4esp at ConvGeneric.compute(548)
Shader warning in 'ConvGeneric': "TRANSPOSE_OUTPUT variants not supported with NON_UNIFORM_CONVGROUP_PER_OC, make sure this variant is not used" at kernel Conv1DComplex_OutTransposed_4eoc_4esp at ConvGeneric.compute(549)
Shader warning in 'ConvGeneric': "TRANSPOSE_OUTPUT variants not supported with NON_UNIFORM_CONVGROUP_PER_OC, make sure this variant is not used" at kernel Conv1D_OutTransposed_4eoc_4esp at ConvGeneric.compute(549)
Shader warning in 'ConvGeneric': "TRANSPOSE_OUTPUT variants not supported with NON_UNIFORM_CONVGROUP_PER_OC, make sure this variant is not used" at kernel Conv1D_Scaled_Complex_OutTransposed_4eoc_4esp at ConvGeneric.compute(549)
Shader warning in 'ConvGeneric': "TRANSPOSE_OUTPUT variants not supported with NON_UNIFORM_CONVGROUP_PER_OC, make sure this variant is not used" at kernel Conv1D_Scaled_OutTransposed_4eoc_4esp at ConvGeneric.compute(549)
Shader warning in 'ConvGeneric': "TRANSPOSE_OUTPUT variants not supported with NON_UNIFORM_CONVGROUP_PER_OC, make sure this variant is not used" at kernel Conv1DComplex_OutTransposed_4eoc_4esp at ConvGeneric.compute(550)
Shader warning in 'ConvGeneric': "TRANSPOSE_OUTPUT variants not supported with NON_UNIFORM_CONVGROUP_PER_OC, make sure this variant is not used" at kernel Conv1D_OutTransposed_4eoc_4esp at ConvGeneric.compute(550)
Shader warning in 'ConvGeneric': "TRANSPOSE_OUTPUT variants not supported with NON_UNIFORM_CONVGROUP_PER_OC, make sure this variant is not used" at kernel Conv1D_Scaled_Complex_OutTransposed_4eoc_4esp at ConvGeneric.compute(550)
Shader warning in 'ConvGeneric': "TRANSPOSE_OUTPUT variants not supported with NON_UNIFORM_CONVGROUP_PER_OC, make sure this variant is not used" at kernel Conv1D_Scaled_OutTransposed_4eoc_4esp at ConvGeneric.compute(550)
Shader warning in 'ConvGeneric': "TRANSPOSE_OUTPUT variants not supported with NON_UNIFORM_CONVGROUP_PER_OC, make sure this variant is not used" at kernel Conv1DComplex_OutTransposed_4eoc_4esp at Packages/com.unity.ai.inference/Runtime/Core/Resources/Sentis/ComputeShaders/ConvGeneric.compute(548)
Shader warning in 'ConvGeneric': "TRANSPOSE_OUTPUT variants not supported with NON_UNIFORM_CONVGROUP_PER_OC, make sure this variant is not used" at kernel Conv1D_OutTransposed_4eoc_4esp at Packages/com.unity.ai.inference/Runtime/Core/Resources/Sentis/ComputeShaders/ConvGeneric.compute(548)
Shader warning in 'ConvGeneric': "TRANSPOSE_OUTPUT variants not supported with NON_UNIFORM_CONVGROUP_PER_OC, make sure this variant is not used" at kernel Conv1D_Scaled_OutTransposed_4eoc_4esp at Packages/com.unity.ai.inference/Runtime/Core/Resources/Sentis/ComputeShaders/ConvGeneric.compute(548)
Shader warning in 'ConvGeneric': "TRANSPOSE_OUTPUT variants not supported with NON_UNIFORM_CONVGROUP_PER_OC, make sure this variant is not used" at kernel Conv1DComplex_OutTransposed_4eoc_4esp at Packages/com.unity.ai.inference/Runtime/Core/Resources/Sentis/ComputeShaders/ConvGeneric.compute(549)
Shader warning in 'ConvGeneric': "TRANSPOSE_OUTPUT variants not supported with NON_UNIFORM_CONVGROUP_PER_OC, make sure this variant is not used" at kernel Conv1D_OutTransposed_4eoc_4esp at Packages/com.unity.ai.inference/Runtime/Core/Resources/Sentis/ComputeShaders/ConvGeneric.compute(549)
Shader warning in 'ConvGeneric': "TRANSPOSE_OUTPUT variants not supported with NON_UNIFORM_CONVGROUP_PER_OC, make sure this variant is not used" at kernel Conv1D_Scaled_Complex_OutTransposed_4eoc_4esp at Packages/com.unity.ai.inference/Runtime/Core/Resources/Sentis/ComputeShaders/ConvGeneric.compute(549)
Shader warning in 'ConvGeneric': "TRANSPOSE_OUTPUT variants not supported with NON_UNIFORM_CONVGROUP_PER_OC, make sure this variant is not used" at kernel Conv1D_Scaled_OutTransposed_4eoc_4esp at Packages/com.unity.ai.inference/Runtime/Core/Resources/Sentis/ComputeShaders/ConvGeneric.compute(549)
Shader warning in 'ConvGeneric': "TRANSPOSE_OUTPUT variants not supported with NON_UNIFORM_CONVGROUP_PER_OC, make sure this variant is not used" at kernel Conv1DComplex_OutTransposed_4eoc_4esp at Packages/com.unity.ai.inference/Runtime/Core/Resources/Sentis/ComputeShaders/ConvGeneric.compute(550)
Shader warning in 'ConvGeneric': "TRANSPOSE_OUTPUT variants not supported with NON_UNIFORM_CONVGROUP_PER_OC, make sure this variant is not used" at kernel Conv1D_OutTransposed_4eoc_4esp at Packages/com.unity.ai.inference/Runtime/Core/Resources/Sentis/ComputeShaders/ConvGeneric.compute(550)
Shader warning in 'ConvGeneric': "TRANSPOSE_OUTPUT variants not supported with NON_UNIFORM_CONVGROUP_PER_OC, make sure this variant is not used" at kernel Conv1D_Scaled_Complex_OutTransposed_4eoc_4esp at Packages/com.unity.ai.inference/Runtime/Core/Resources/Sentis/ComputeShaders/ConvGeneric.compute(550)
Shader warning in 'ConvGeneric': "TRANSPOSE_OUTPUT variants not supported with NON_UNIFORM_CONVGROUP_PER_OC, make sure this variant is not used" at kernel Conv1D_Scaled_OutTransposed_4eoc_4esp at Packages/com.unity.ai.inference/Runtime/Core/Resources/Sentis/ComputeShaders/ConvGeneric.compute(550)
Shader warning in 'ConvGeneric': "TRANSPOSE_OUTPUT variants not supported with NON_UNIFORM_CONVGROUP_PER_OC, make sure this variant is not used" at kernel Conv1DComplex_OutTransposed_4eoc_4esp at ConvGeneric.compute(548)
Shader warning in 'ConvGeneric': "TRANSPOSE_OUTPUT variants not supported with NON_UNIFORM_CONVGROUP_PER_OC, make sure this variant is not used" at kernel Conv1D_OutTransposed_4eoc_4esp at ConvGeneric.compute(548)
Shader warning in 'ConvGeneric': "TRANSPOSE_OUTPUT variants not supported with NON_UNIFORM_CONVGROUP_PER_OC, make sure this variant is not used" at kernel Conv1D_Scaled_Complex_OutTransposed_4eoc_4esp at ConvGeneric.compute(548)
Shader warning in 'ConvGeneric': "TRANSPOSE_OUTPUT variants not supported with NON_UNIFORM_CONVGROUP_PER_OC, make sure this variant is not used" at kernel Conv1D_Scaled_OutTransposed_4eoc_4esp at ConvGeneric.compute(548)
Shader warning in 'ConvGeneric': "TRANSPOSE_OUTPUT variants not supported with NON_UNIFORM_CONVGROUP_PER_OC, make sure this variant is not used" at kernel Conv1DComplex_OutTransposed_4eoc_4esp at ConvGeneric.compute(549)
Shader warning in 'ConvGeneric': "TRANSPOSE_OUTPUT variants not supported with NON_UNIFORM_CONVGROUP_PER_OC, make sure this variant is not used" at kernel Conv1D_OutTransposed_4eoc_4esp at ConvGeneric.compute(549)
Shader warning in 'ConvGeneric': "TRANSPOSE_OUTPUT variants not supported with NON_UNIFORM_CONVGROUP_PER_OC, make sure this variant is not used" at kernel Conv1D_Scaled_Complex_OutTransposed_4eoc_4esp at ConvGeneric.compute(549)
Shader warning in 'ConvGeneric': "TRANSPOSE_OUTPUT variants not supported with NON_UNIFORM_CONVGROUP_PER_OC, make sure this variant is not used" at kernel Conv1D_Scaled_OutTransposed_4eoc_4esp at ConvGeneric.compute(549)
Shader warning in 'ConvGeneric': "TRANSPOSE_OUTPUT variants not supported with NON_UNIFORM_CONVGROUP_PER_OC, make sure this variant is not used" at kernel Conv1DComplex_OutTransposed_4eoc_4esp at ConvGeneric.compute(550)
Shader warning in 'ConvGeneric': "TRANSPOSE_OUTPUT variants not supported with NON_UNIFORM_CONVGROUP_PER_OC, make sure this variant is not used" at kernel Conv1D_OutTransposed_4eoc_4esp at ConvGeneric.compute(550)
Shader warning in 'ConvGeneric': "TRANSPOSE_OUTPUT variants not supported with NON_UNIFORM_CONVGROUP_PER_OC, make sure this variant is not used" at kernel Conv1D_Scaled_Complex_OutTransposed_4eoc_4esp at ConvGeneric.compute(550)
Shader warning in 'ConvGeneric': "TRANSPOSE_OUTPUT variants not supported with NON_UNIFORM_CONVGROUP_PER_OC, make sure this variant is not used" at kernel Conv1D_Scaled_OutTransposed_4eoc_4esp at ConvGeneric.compute(550)
Shader warning in 'ConvGeneric': "TRANSPOSE_OUTPUT variants not supported with NON_UNIFORM_CONVGROUP_PER_OC, make sure this variant is not used" at kernel Conv1DComplex_OutTransposed_4eoc_4esp at Packages/com.unity.ai.inference/Runtime/Core/Resources/Sentis/ComputeShaders/ConvGeneric.compute(548)
Shader warning in 'ConvGeneric': "TRANSPOSE_OUTPUT variants not supported with NON_UNIFORM_CONVGROUP_PER_OC, make sure this variant is not used" at kernel Conv1D_OutTransposed_4eoc_4esp at Packages/com.unity.ai.inference/Runtime/Core/Resources/Sentis/ComputeShaders/ConvGeneric.compute(548)
Shader warning in 'ConvGeneric': "TRANSPOSE_OUTPUT variants not supported with NON_UNIFORM_CONVGROUP_PER_OC, make sure this variant is not used" at kernel Conv1D_Scaled_Complex_OutTransposed_4eoc_4esp at Packages/com.unity.ai.inference/Runtime/Core/Resources/Sentis/ComputeShaders/ConvGeneric.compute(548)
Shader warning in 'ConvGeneric': "TRANSPOSE_OUTPUT variants not supported with NON_UNIFORM_CONVGROUP_PER_OC, make sure this variant is not used" at kernel Conv1D_Scaled_OutTransposed_4eoc_4esp at Packages/com.unity.ai.inference/Runtime/Core/Resources/Sentis/ComputeShaders/ConvGeneric.compute(548)
Shader warning in 'ConvGeneric': "TRANSPOSE_OUTPUT variants not supported with NON_UNIFORM_CONVGROUP_PER_OC, make sure this variant is not used" at kernel Conv1DComplex_OutTransposed_4eoc_4esp at Packages/com.unity.ai.inference/Runtime/Core/Resources/Sentis/ComputeShaders/ConvGeneric.compute(549)
Shader warning in 'ConvGeneric': "TRANSPOSE_OUTPUT variants not supported with NON_UNIFORM_CONVGROUP_PER_OC, make sure this variant is not used" at kernel Conv1D_OutTransposed_4eoc_4esp at Packages/com.unity.ai.inference/Runtime/Core/Resources/Sentis/ComputeShaders/ConvGeneric.compute(549)
Shader warning in 'ConvGeneric': "TRANSPOSE_OUTPUT variants not supported with NON_UNIFORM_CONVGROUP_PER_OC, make sure this variant is not used" at kernel Conv1D_Scaled_Complex_OutTransposed_4eoc_4esp at Packages/com.unity.ai.inference/Runtime/Core/Resources/Sentis/ComputeShaders/ConvGeneric.compute(549)
Shader warning in 'ConvGeneric': "TRANSPOSE_OUTPUT variants not supported with NON_UNIFORM_CONVGROUP_PER_OC, make sure this variant is not used" at kernel Conv1D_Scaled_OutTransposed_4eoc_4esp at Packages/com.unity.ai.inference/Runtime/Core/Resources/Sentis/ComputeShaders/ConvGeneric.compute(549)
Shader warning in 'ConvGeneric': "TRANSPOSE_OUTPUT variants not supported with NON_UNIFORM_CONVGROUP_PER_OC, make sure this variant is not used" at kernel Conv1DComplex_OutTransposed_4eoc_4esp at Packages/com.unity.ai.inference/Runtime/Core/Resources/Sentis/ComputeShaders/ConvGeneric.compute(550)
Shader warning in 'ConvGeneric': "TRANSPOSE_OUTPUT variants not supported with NON_UNIFORM_CONVGROUP_PER_OC, make sure this variant is not used" at kernel Conv1D_OutTransposed_4eoc_4esp at Packages/com.unity.ai.inference/Runtime/Core/Resources/Sentis/ComputeShaders/ConvGeneric.compute(550)
Shader warning in 'ConvGeneric': "TRANSPOSE_OUTPUT variants not supported with NON_UNIFORM_CONVGROUP_PER_OC, make sure this variant is not used" at kernel Conv1D_Scaled_Complex_OutTransposed_4eoc_4esp at Packages/com.unity.ai.inference/Runtime/Core/Resources/Sentis/ComputeShaders/ConvGeneric.compute(550)
Shader warning in 'ConvGeneric': "TRANSPOSE_OUTPUT variants not supported with NON_UNIFORM_CONVGROUP_PER_OC, make sure this variant is not used" at kernel Conv1D_Scaled_OutTransposed_4eoc_4esp at Packages/com.unity.ai.inference/Runtime/Core/Resources/Sentis/ComputeShaders/ConvGeneric.compute(550)
Shader warning in 'ConvGeneric': "TRANSPOSE_OUTPUT variants not supported with NON_UNIFORM_CONVGROUP_PER_OC, make sure this variant is not used" at kernel Conv1DComplex_OutTransposed_4eoc_4esp at ConvGeneric.compute(548)
Shader warning in 'ConvGeneric': "TRANSPOSE_OUTPUT variants not supported with NON_UNIFORM_CONVGROUP_PER_OC, make sure this variant is not used" at kernel Conv1D_OutTransposed_4eoc_4esp at ConvGeneric.compute(548)
Shader warning in 'ConvGeneric': "TRANSPOSE_OUTPUT variants not supported with NON_UNIFORM_CONVGROUP_PER_OC, make sure this variant is not used" at kernel Conv1D_Scaled_Complex_OutTransposed_4eoc_4esp at ConvGeneric.compute(548)
Shader warning in 'ConvGeneric': "TRANSPOSE_OUTPUT variants not supported with NON_UNIFORM_CONVGROUP_PER_OC, make sure this variant is not used" at kernel Conv1D_Scaled_OutTransposed_4eoc_4esp at ConvGeneric.compute(548)
Shader warning in 'ConvGeneric': "TRANSPOSE_OUTPUT variants not supported with NON_UNIFORM_CONVGROUP_PER_OC, make sure this variant is not used" at kernel Conv1DComplex_OutTransposed_4eoc_4esp at ConvGeneric.compute(549)
Shader warning in 'ConvGeneric': "TRANSPOSE_OUTPUT variants not supported with NON_UNIFORM_CONVGROUP_PER_OC, make sure this variant is not used" at kernel Conv1D_OutTransposed_4eoc_4esp at ConvGeneric.compute(549)
Shader warning in 'ConvGeneric': "TRANSPOSE_OUTPUT variants not supported with NON_UNIFORM_CONVGROUP_PER_OC, make sure this variant is not used" at kernel Conv1D_Scaled_Complex_OutTransposed_4eoc_4esp at ConvGeneric.compute(549)
Shader warning in 'ConvGeneric': "TRANSPOSE_OUTPUT variants not supported with NON_UNIFORM_CONVGROUP_PER_OC, make sure this variant is not used" at kernel Conv1D_Scaled_OutTransposed_4eoc_4esp at ConvGeneric.compute(549)
Shader warning in 'ConvGeneric': "TRANSPOSE_OUTPUT variants not supported with NON_UNIFORM_CONVGROUP_PER_OC, make sure this variant is not used" at kernel Conv1DComplex_OutTransposed_4eoc_4esp at ConvGeneric.compute(550)
Shader warning in 'ConvGeneric': "TRANSPOSE_OUTPUT variants not supported with NON_UNIFORM_CONVGROUP_PER_OC, make sure this variant is not used" at kernel Conv1D_OutTransposedDouble_4eoc_4esp at ConvGeneric.compute(550)
Shader warning in 'ConvGeneric': "TRANSPOSE_OUTPUT variants not supported with NON_UNIFORM_CONVGROUP_PER_OC, make sure this variant is not used" at kernel Conv1D_OutTransposed_4eoc_4esp at ConvGeneric.compute(550)
Shader warning in 'ConvGeneric': "TRANSPOSE_OUTPUT variants not supported with NON_UNIFORM_CONVGROUP_PER_OC, make sure this variant is not used" at kernel Conv1D_Scaled_Complex_OutTransposed_4eoc_4esp at ConvGeneric.compute(550)
Shader warning in 'ConvGeneric': "TRANSPOSE_OUTPUT variants not supported with NON_UNIFORM_CONVGROUP_PER_OC, make sure this variant is not used" at kernel Conv1D_Scaled_OutTransposed_4eoc_4esp at ConvGeneric.compute(550)
Shader warning in 'ConvGeneric': "TRANSPOSE_OUTPUT variants not supported with NON_UNIFORM_CONVGROUP_PER_OC, make sure this variant is not used" at kernel Conv1DComplex_OutTransposed_4eoc_4esp at Packages/com.unity.ai.inference/Runtime/Core/Resources/Sentis/ComputeShaders/ConvGeneric.compute(548)
Shader warning in 'ConvGeneric': "TRANSPOSE_OUTPUT variants not supported with NON_UNIFORM_CONVGROUP_PER_OC, make sure this variant is not used" at kernel Conv1D_OutTransposed_4eoc_4esp at Packages/com.unity.ai.inference/Runtime/Core/Resources/Sentis/ComputeShaders/ConvGeneric.compute(548)
Shader warning in 'ConvGeneric': "TRANSPOSE_OUTPUT variants not supported with NON_UNIFORM_CONVGROUP_PER_OC, make sure this variant is not used" at kernel Conv1D_Scaled_Complex_OutTransposed_4eoc_4esp at Packages/com.unity.ai.inference/Runtime/Core/Resources/Sentis/ComputeShaders/ConvGeneric.compute(548)
Shader warning in 'ConvGeneric': "TRANSPOSE_OUTPUT variants not supported with NON_UNIFORM_CONVGROUP_PER_OC, make sure this variant is not used" at kernel Conv1D_Scaled_OutTransposed_4eoc_4esp at Packages/com.unity.ai.inference/Runtime/Core/Resources/Sentis/ComputeShaders/ConvGeneric.compute(548)
Shader warning in 'ConvGeneric': "TRANSPOSE_OUTPUT variants not supported with NON_UNIFORM_CONVGROUP_PER_OC, make sure this variant is not used" at kernel Conv1DComplex_OutTransposed_4eoc_4esp at Packages/com.unity.ai.inference/Runtime/Core/Resources/Sentis/ComputeShaders/ConvGeneric.compute(549)
Shader warning in 'ConvGeneric': "TRANSPOSE_OUTPUT variants not supported with NON_UNIFORM_CONVGROUP_PER_OC, make sure this variant is not used" at kernel Conv1D_OutTransposed_4eoc_4esp at Packages/com.unity.ai.inference/Runtime/Core/Resources/Sentis/ComputeShaders/ConvGeneric.compute(549)
Shader warning in 'ConvGeneric': "TRANSPOSE_OUTPUT variants not supported with NON_UNIFORM_CONVGROUP_PER_OC, make sure this variant is not used" at kernel Conv1D_Scaled_Complex_OutTransposed_4eoc_4esp at Packages/com.unity.ai.inference/Runtime/Core/Resources/Sentis/ComputeShaders/ConvGeneric.compute(549)
Shader warning in 'ConvGeneric': "TRANSPOSE_OUTPUT variants not supported with NON_UNIFORM_CONVGROUP_PER_OC, make sure this variant is not used" at kernel Conv1D_Scaled_OutTransposed_4eoc_4esp at Packages/com.unity.ai.inference/Runtime/Core/Resources/Sentis/ComputeShaders/ConvGeneric.compute(549)
Shader warning in 'ConvGeneric': "TRANSPOSE_OUTPUT variants not supported with NON_UNIFORM_CONVGROUP_PER_OC, make sure this variant is not used" at kernel Conv1DComplex_OutTransposed_4eoc_4esp at Packages/com.unity.ai.inference/Runtime/Core/Resources/Sentis/ComputeShaders/ConvGeneric.compute(550)
Shader warning in 'ConvGeneric': "TRANSPOSE_OUTPUT variants not supported with NON_UNIFORM_CONVGROUP_PER_OC, make sure this variant is not used" at kernel Conv1D_OutTransposedDouble_4eoc_4esp at Packages/com.unity.ai.inference/Runtime/Core/Resources/Sentis/ComputeShaders/ConvGeneric.compute(550)
Shader warning in 'ConvGeneric': "TRANSPOSE_OUTPUT variants not supported with NON_UNIFORM_CONVGROUP_PER_OC, make sure this variant is not used" at kernel Conv1D_OutTransposed_4eoc_4esp at Packages/com.unity.ai.inference/Runtime/Core/Resources/Sentis/ComputeShaders/ConvGeneric.compute(550)
Shader warning in 'ConvGeneric': "TRANSPOSE_OUTPUT variants not supported with NON_UNIFORM_CONVGROUP_PER_OC, make sure this variant is not used" at kernel Conv1D_Scaled_Complex_OutTransposed_4eoc_4esp at Packages/com.unity.ai.inference/Runtime/Core/Resources/Sentis/ComputeShaders/ConvGeneric.compute(550)
Shader warning in 'ConvGeneric': "TRANSPOSE_OUTPUT variants not supported with NON_UNIFORM_CONVGROUP_PER_OC, make sure this variant is not used" at kernel Conv1D_Scaled_OutTransposed_4eoc_4esp at Packages/com.unity.ai.inference/Runtime/Core/Resources/Sentis/ComputeShaders/ConvGeneric.compute(550)
Shader warning in 'ConvGeneric': "TRANSPOSE_OUTPUT variants not supported with NON_UNIFORM_CONVGROUP_PER_OC, make sure this variant is not used" at kernel Conv1DComplex_OutTransposed_4eoc_4esp at ConvGeneric.compute(548)
Shader warning in 'ConvGeneric': "TRANSPOSE_OUTPUT variants not supported with NON_UNIFORM_CONVGROUP_PER_OC, make sure this variant is not used" at kernel Conv1D_OutTransposed_4eoc_4esp at ConvGeneric.compute(548)
Shader warning in 'ConvGeneric': "TRANSPOSE_OUTPUT variants not supported with NON_UNIFORM_CONVGROUP_PER_OC, make sure this variant is not used" at kernel Conv1D_Scaled_Complex_OutTransposed_4eoc_4esp at ConvGeneric.compute(548)
Shader warning in 'ConvGeneric': "TRANSPOSE_OUTPUT variants not supported with NON_UNIFORM_CONVGROUP_PER_OC, make sure this variant is not used" at kernel Conv1D_Scaled_OutTransposed_4eoc_4esp at ConvGeneric.compute(548)
Shader warning in 'ConvGeneric': "TRANSPOSE_OUTPUT variants not supported with NON_UNIFORM_CONVGROUP_PER_OC, make sure this variant is not used" at kernel Conv1DComplex_OutTransposed_4eoc_4esp at ConvGeneric.compute(549)
Shader warning in 'ConvGeneric': "TRANSPOSE_OUTPUT variants not supported with NON_UNIFORM_CONVGROUP_PER_OC, make sure this variant is not used" at kernel Conv1D_OutTransposedDouble_4eoc_4esp at ConvGeneric.compute(549)
Shader warning in 'ConvGeneric': "TRANSPOSE_OUTPUT variants not supported with NON_UNIFORM_CONVGROUP_PER_OC, make sure this variant is not used" at kernel Conv1D_OutTransposed_4eoc_4esp at ConvGeneric.compute(549)
Shader warning in 'ConvGeneric': "TRANSPOSE_OUTPUT variants not supported with NON_UNIFORM_CONVGROUP_PER_OC, make sure this variant is not used" at kernel Conv1D_Scaled_Complex_OutTransposed_4eoc_4esp at ConvGeneric.compute(549)
Shader warning in 'ConvGeneric': "TRANSPOSE_OUTPUT variants not supported with NON_UNIFORM_CONVGROUP_PER_OC, make sure this variant is not used" at kernel Conv1D_Scaled_OutTransposed_4eoc_4esp at ConvGeneric.compute(549)
Shader warning in 'ConvGeneric': "TRANSPOSE_OUTPUT variants not supported with NON_UNIFORM_CONVGROUP_PER_OC, make sure this variant is not used" at kernel Conv1DComplex_OutTransposed_4eoc_4esp at ConvGeneric.compute(550)
Shader warning in 'ConvGeneric': "TRANSPOSE_OUTPUT variants not supported with NON_UNIFORM_CONVGROUP_PER_OC, make sure this variant is not used" at kernel Conv1D_OutTransposedDouble_4eoc_4esp at ConvGeneric.compute(550)
Shader warning in 'ConvGeneric': "TRANSPOSE_OUTPUT variants not supported with NON_UNIFORM_CONVGROUP_PER_OC, make sure this variant is not used" at kernel Conv1D_OutTransposed_4eoc_4esp at ConvGeneric.compute(550)
Shader warning in 'ConvGeneric': "TRANSPOSE_OUTPUT variants not supported with NON_UNIFORM_CONVGROUP_PER_OC, make sure this variant is not used" at kernel Conv1D_Scaled_Complex_OutTransposed_4eoc_4esp at ConvGeneric.compute(550)
Shader warning in 'ConvGeneric': "TRANSPOSE_OUTPUT variants not supported with NON_UNIFORM_CONVGROUP_PER_OC, make sure this variant is not used" at kernel Conv1D_Scaled_OutTransposed_4eoc_4esp at ConvGeneric.compute(550)
Shader warning in 'ConvGeneric': "TRANSPOSE_OUTPUT variants not supported with NON_UNIFORM_CONVGROUP_PER_OC, make sure this variant is not used" at kernel Conv1DComplex_OutTransposed_4eoc_4esp at Packages/com.unity.ai.inference/Runtime/Core/Resources/Sentis/ComputeShaders/ConvGeneric.compute(548)
Shader warning in 'ConvGeneric': "TRANSPOSE_OUTPUT variants not supported with NON_UNIFORM_CONVGROUP_PER_OC, make sure this variant is not used" at kernel Conv1D_OutTransposed_4eoc_4esp at Packages/com.unity.ai.inference/Runtime/Core/Resources/Sentis/ComputeShaders/ConvGeneric.compute(548)
Shader warning in 'ConvGeneric': "TRANSPOSE_OUTPUT variants not supported with NON_UNIFORM_CONVGROUP_PER_OC, make sure this variant is not used" at kernel Conv1D_Scaled_Complex_OutTransposed_4eoc_4esp at Packages/com.unity.ai.inference/Runtime/Core/Resources/Sentis/ComputeShaders/ConvGeneric.compute(548)
Shader warning in 'ConvGeneric': "TRANSPOSE_OUTPUT variants not supported with NON_UNIFORM_CONVGROUP_PER_OC, make sure this variant is not used" at kernel Conv1D_Scaled_OutTransposed_4eoc_4esp at Packages/com.unity.ai.inference/Runtime/Core/Resources/Sentis/ComputeShaders/ConvGeneric.compute(548)
Shader warning in 'ConvGeneric': "TRANSPOSE_OUTPUT variants not supported with NON_UNIFORM_CONVGROUP_PER_OC, make sure this variant is not used" at kernel Conv1DComplex_OutTransposed_4eoc_4esp at Packages/com.unity.ai.inference/Runtime/Core/Resources/Sentis/ComputeShaders/ConvGeneric.compute(549)
Shader warning in 'ConvGeneric': "TRANSPOSE_OUTPUT variants not supported with NON_UNIFORM_CONVGROUP_PER_OC, make sure this variant is not used" at kernel Conv1D_OutTransposedDouble_4eoc_4esp at Packages/com.unity.ai.inference/Runtime/Core/Resources/Sentis/ComputeShaders/ConvGeneric.compute(549)
Shader warning in 'ConvGeneric': "TRANSPOSE_OUTPUT variants not supported with NON_UNIFORM_CONVGROUP_PER_OC, make sure this variant is not used" at kernel Conv1D_OutTransposed_4eoc_4esp at Packages/com.unity.ai.inference/Runtime/Core/Resources/Sentis/ComputeShaders/ConvGeneric.compute(549)
Shader warning in 'ConvGeneric': "TRANSPOSE_OUTPUT variants not supported with NON_UNIFORM_CONVGROUP_PER_OC, make sure this variant is not used" at kernel Conv1D_Scaled_Complex_OutTransposed_4eoc_4esp at Packages/com.unity.ai.inference/Runtime/Core/Resources/Sentis/ComputeShaders/ConvGeneric.compute(549)
Shader warning in 'ConvGeneric': "TRANSPOSE_OUTPUT variants not supported with NON_UNIFORM_CONVGROUP_PER_OC, make sure this variant is not used" at kernel Conv1D_Scaled_OutTransposed_4eoc_4esp at Packages/com.unity.ai.inference/Runtime/Core/Resources/Sentis/ComputeShaders/ConvGeneric.compute(549)
Shader warning in 'ConvGeneric': "TRANSPOSE_OUTPUT variants not supported with NON_UNIFORM_CONVGROUP_PER_OC, make sure this variant is not used" at kernel Conv1DComplex_OutTransposed_4eoc_4esp at Packages/com.unity.ai.inference/Runtime/Core/Resources/Sentis/ComputeShaders/ConvGeneric.compute(550)
Shader warning in 'ConvGeneric': "TRANSPOSE_OUTPUT variants not supported with NON_UNIFORM_CONVGROUP_PER_OC, make sure this variant is not used" at kernel Conv1D_OutTransposedDouble_4eoc_4esp at Packages/com.unity.ai.inference/Runtime/Core/Resources/Sentis/ComputeShaders/ConvGeneric.compute(550)
Shader warning in 'ConvGeneric': "TRANSPOSE_OUTPUT variants not supported with NON_UNIFORM_CONVGROUP_PER_OC, make sure this variant is not used" at kernel Conv1D_OutTransposed_4eoc_4esp at Packages/com.unity.ai.inference/Runtime/Core/Resources/Sentis/ComputeShaders/ConvGeneric.compute(550)
Shader warning in 'ConvGeneric': "TRANSPOSE_OUTPUT variants not supported with NON_UNIFORM_CONVGROUP_PER_OC, make sure this variant is not used" at kernel Conv1D_Scaled_Complex_OutTransposed_4eoc_4esp at Packages/com.unity.ai.inference/Runtime/Core/Resources/Sentis/ComputeShaders/ConvGeneric.compute(550)
Shader warning in 'ConvGeneric': "TRANSPOSE_OUTPUT variants not supported with NON_UNIFORM_CONVGROUP_PER_OC, make sure this variant is not used" at kernel Conv1D_Scaled_OutTransposed_4eoc_4esp at Packages/com.unity.ai.inference/Runtime/Core/Resources/Sentis/ComputeShaders/ConvGeneric.compute(550)
Shader warning in 'ConvGeneric': "TRANSPOSE_OUTPUT variants not supported with NON_UNIFORM_CONVGROUP_PER_OC, make sure this variant is not used" at kernel Conv1DComplex_OutTransposed_4eoc_4esp at ConvGeneric.compute(548)
Shader warning in 'ConvGeneric': "TRANSPOSE_OUTPUT variants not supported with NON_UNIFORM_CONVGROUP_PER_OC, make sure this variant is not used" at kernel Conv1D_OutTransposed_4eoc_4esp at ConvGeneric.compute(548)
Shader warning in 'ConvGeneric': "TRANSPOSE_OUTPUT variants not supported with NON_UNIFORM_CONVGROUP_PER_OC, make sure this variant is not used" at kernel Conv1D_Scaled_Complex_OutTransposed_4eoc_4esp at ConvGeneric.compute(548)
Shader warning in 'ConvGeneric': "TRANSPOSE_OUTPUT variants not supported with NON_UNIFORM_CONVGROUP_PER_OC, make sure this variant is not used" at kernel Conv1D_Scaled_OutTransposed_4eoc_4esp at ConvGeneric.compute(548)
Shader warning in 'ConvGeneric': "TRANSPOSE_OUTPUT variants not supported with NON_UNIFORM_CONVGROUP_PER_OC, make sure this variant is not used" at kernel Conv1DComplex_OutTransposed_4eoc_4esp at ConvGeneric.compute(549)
Shader warning in 'ConvGeneric': "TRANSPOSE_OUTPUT variants not supported with NON_UNIFORM_CONVGROUP_PER_OC, make sure this variant is not used" at kernel Conv1D_OutTransposedDouble_4eoc_4esp at ConvGeneric.compute(549)
Shader warning in 'ConvGeneric': "TRANSPOSE_OUTPUT variants not supported with NON_UNIFORM_CONVGROUP_PER_OC, make sure this variant is not used" at kernel Conv1D_OutTransposed_4eoc_4esp at ConvGeneric.compute(549)
Shader warning in 'ConvGeneric': "TRANSPOSE_OUTPUT variants not supported with NON_UNIFORM_CONVGROUP_PER_OC, make sure this variant is not used" at kernel Conv1D_Scaled_Complex_OutTransposed_4eoc_4esp at ConvGeneric.compute(549)
Shader warning in 'ConvGeneric': "TRANSPOSE_OUTPUT variants not supported with NON_UNIFORM_CONVGROUP_PER_OC, make sure this variant is not used" at kernel Conv1D_Scaled_OutTransposed_4eoc_4esp at ConvGeneric.compute(549)
Shader warning in 'ConvGeneric': "TRANSPOSE_OUTPUT variants not supported with NON_UNIFORM_CONVGROUP_PER_OC, make sure this variant is not used" at kernel Conv1DComplex_OutTransposed_4eoc_4esp at ConvGeneric.compute(550)
Shader warning in 'ConvGeneric': "TRANSPOSE_OUTPUT variants not supported with NON_UNIFORM_CONVGROUP_PER_OC, make sure this variant is not used" at kernel Conv1D_OutTransposedDouble_4eoc_4esp at ConvGeneric.compute(550)
Shader warning in 'ConvGeneric': "TRANSPOSE_OUTPUT variants not supported with NON_UNIFORM_CONVGROUP_PER_OC, make sure this variant is not used" at kernel Conv1D_OutTransposed_4eoc_4esp at ConvGeneric.compute(550)
Shader warning in 'ConvGeneric': "TRANSPOSE_OUTPUT variants not supported with NON_UNIFORM_CONVGROUP_PER_OC, make sure this variant is not used" at kernel Conv1D_Scaled_Complex_OutTransposed_4eoc_4esp at ConvGeneric.compute(550)
Shader warning in 'ConvGeneric': "TRANSPOSE_OUTPUT variants not supported with NON_UNIFORM_CONVGROUP_PER_OC, make sure this variant is not used" at kernel Conv1D_Scaled_OutTransposed_4eoc_4esp at ConvGeneric.compute(550)
Shader warning in 'ConvGeneric': "TRANSPOSE_OUTPUT variants not supported with NON_UNIFORM_CONVGROUP_PER_OC, make sure this variant is not used" at kernel Conv1DComplex_OutTransposed_4eoc_4esp at Packages/com.unity.ai.inference/Runtime/Core/Resources/Sentis/ComputeShaders/ConvGeneric.compute(548)
Shader warning in 'ConvGeneric': "TRANSPOSE_OUTPUT variants not supported with NON_UNIFORM_CONVGROUP_PER_OC, make sure this variant is not used" at kernel Conv1D_OutTransposed_4eoc_4esp at Packages/com.unity.ai.inference/Runtime/Core/Resources/Sentis/ComputeShaders/ConvGeneric.compute(548)
Shader warning in 'ConvGeneric': "TRANSPOSE_OUTPUT variants not supported with NON_UNIFORM_CONVGROUP_PER_OC, make sure this variant is not used" at kernel Conv1D_Scaled_Complex_OutTransposed_4eoc_4esp at Packages/com.unity.ai.inference/Runtime/Core/Resources/Sentis/ComputeShaders/ConvGeneric.compute(548)
Shader warning in 'ConvGeneric': "TRANSPOSE_OUTPUT variants not supported with NON_UNIFORM_CONVGROUP_PER_OC, make sure this variant is not used" at kernel Conv1D_Scaled_OutTransposed_4eoc_4esp at Packages/com.unity.ai.inference/Runtime/Core/Resources/Sentis/ComputeShaders/ConvGeneric.compute(548)
Shader warning in 'ConvGeneric': "TRANSPOSE_OUTPUT variants not supported with NON_UNIFORM_CONVGROUP_PER_OC, make sure this variant is not used" at kernel Conv1DComplex_OutTransposed_4eoc_4esp at Packages/com.unity.ai.inference/Runtime/Core/Resources/Sentis/ComputeShaders/ConvGeneric.compute(549)
Shader warning in 'ConvGeneric': "TRANSPOSE_OUTPUT variants not supported with NON_UNIFORM_CONVGROUP_PER_OC, make sure this variant is not used" at kernel Conv1D_OutTransposedDouble_4eoc_4esp at Packages/com.unity.ai.inference/Runtime/Core/Resources/Sentis/ComputeShaders/ConvGeneric.compute(549)
Shader warning in 'ConvGeneric': "TRANSPOSE_OUTPUT variants not supported with NON_UNIFORM_CONVGROUP_PER_OC, make sure this variant is not used" at kernel Conv1D_OutTransposed_4eoc_4esp at Packages/com.unity.ai.inference/Runtime/Core/Resources/Sentis/ComputeShaders/ConvGeneric.compute(549)
Shader warning in 'ConvGeneric': "TRANSPOSE_OUTPUT variants not supported with NON_UNIFORM_CONVGROUP_PER_OC, make sure this variant is not used" at kernel Conv1D_Scaled_Complex_OutTransposed_4eoc_4esp at Packages/com.unity.ai.inference/Runtime/Core/Resources/Sentis/ComputeShaders/ConvGeneric.compute(549)
Shader warning in 'ConvGeneric': "TRANSPOSE_OUTPUT variants not supported with NON_UNIFORM_CONVGROUP_PER_OC, make sure this variant is not used" at kernel Conv1D_Scaled_OutTransposed_4eoc_4esp at Packages/com.unity.ai.inference/Runtime/Core/Resources/Sentis/ComputeShaders/ConvGeneric.compute(549)
Shader warning in 'ConvGeneric': "TRANSPOSE_OUTPUT variants not supported with NON_UNIFORM_CONVGROUP_PER_OC, make sure this variant is not used" at kernel Conv1DComplex_OutTransposed_4eoc_4esp at Packages/com.unity.ai.inference/Runtime/Core/Resources/Sentis/ComputeShaders/ConvGeneric.compute(550)
Shader warning in 'ConvGeneric': "TRANSPOSE_OUTPUT variants not supported with NON_UNIFORM_CONVGROUP_PER_OC, make sure this variant is not used" at kernel Conv1D_OutTransposedDouble_4eoc_4esp at Packages/com.unity.ai.inference/Runtime/Core/Resources/Sentis/ComputeShaders/ConvGeneric.compute(550)
Shader warning in 'ConvGeneric': "TRANSPOSE_OUTPUT variants not supported with NON_UNIFORM_CONVGROUP_PER_OC, make sure this variant is not used" at kernel Conv1D_OutTransposed_4eoc_4esp at Packages/com.unity.ai.inference/Runtime/Core/Resources/Sentis/ComputeShaders/ConvGeneric.compute(550)
Shader warning in 'ConvGeneric': "TRANSPOSE_OUTPUT variants not supported with NON_UNIFORM_CONVGROUP_PER_OC, make sure this variant is not used" at kernel Conv1D_Scaled_Complex_OutTransposed_4eoc_4esp at Packages/com.unity.ai.inference/Runtime/Core/Resources/Sentis/ComputeShaders/ConvGeneric.compute(550)
Shader warning in 'ConvGeneric': "TRANSPOSE_OUTPUT variants not supported with NON_UNIFORM_CONVGROUP_PER_OC, make sure this variant is not used" at kernel Conv1D_Scaled_OutTransposed_4eoc_4esp at Packages/com.unity.ai.inference/Runtime/Core/Resources/Sentis/ComputeShaders/ConvGeneric.compute(550)
Shader warning in 'ConvGeneric': "TRANSPOSE_OUTPUT variants not supported with NON_UNIFORM_CONVGROUP_PER_OC, make sure this variant is not used" at kernel Conv1DComplex_OutTransposed_4eoc_4esp at ConvGeneric.compute(548)
Shader warning in 'ConvGeneric': "TRANSPOSE_OUTPUT variants not supported with NON_UNIFORM_CONVGROUP_PER_OC, make sure this variant is not used" at kernel Conv1D_OutTransposedDouble_4eoc_4esp at ConvGeneric.compute(548)
Shader warning in 'ConvGeneric': "TRANSPOSE_OUTPUT variants not supported with NON_UNIFORM_CONVGROUP_PER_OC, make sure this variant is not used" at kernel Conv1D_OutTransposed_4eoc_4esp at ConvGeneric.compute(548)
Shader warning in 'ConvGeneric': "TRANSPOSE_OUTPUT variants not supported with NON_UNIFORM_CONVGROUP_PER_OC, make sure this variant is not used" at kernel Conv1D_Scaled_Complex_OutTransposed_4eoc_4esp at ConvGeneric.compute(548)
Shader warning in 'ConvGeneric': "TRANSPOSE_OUTPUT variants not supported with NON_UNIFORM_CONVGROUP_PER_OC, make sure this variant is not used" at kernel Conv1D_Scaled_OutTransposed_4eoc_4esp at ConvGeneric.compute(548)
Shader warning in 'ConvGeneric': "TRANSPOSE_OUTPUT variants not supported with NON_UNIFORM_CONVGROUP_PER_OC, make sure this variant is not used" at kernel Conv1DComplex_OutTransposed_4eoc_4esp at ConvGeneric.compute(549)
Shader warning in 'ConvGeneric': "TRANSPOSE_OUTPUT variants not supported with NON_UNIFORM_CONVGROUP_PER_OC, make sure this variant is not used" at kernel Conv1D_OutTransposedDouble_4eoc_4esp at ConvGeneric.compute(549)
Shader warning in 'ConvGeneric': "TRANSPOSE_OUTPUT variants not supported with NON_UNIFORM_CONVGROUP_PER_OC, make sure this variant is not used" at kernel Conv1D_OutTransposed_4eoc_4esp at ConvGeneric.compute(549)
Shader warning in 'ConvGeneric': "TRANSPOSE_OUTPUT variants not supported with NON_UNIFORM_CONVGROUP_PER_OC, make sure this variant is not used" at kernel Conv1D_Scaled_Complex_OutTransposed_4eoc_4esp at ConvGeneric.compute(549)
Shader warning in 'ConvGeneric': "TRANSPOSE_OUTPUT variants not supported with NON_UNIFORM_CONVGROUP_PER_OC, make sure this variant is not used" at kernel Conv1D_Scaled_OutTransposed_4eoc_4esp at ConvGeneric.compute(549)
Shader warning in 'ConvGeneric': "TRANSPOSE_OUTPUT variants not supported with NON_UNIFORM_CONVGROUP_PER_OC, make sure this variant is not used" at kernel Conv1DComplex_OutTransposed_4eoc_4esp at ConvGeneric.compute(550)
Shader warning in 'ConvGeneric': "TRANSPOSE_OUTPUT variants not supported with NON_UNIFORM_CONVGROUP_PER_OC, make sure this variant is not used" at kernel Conv1D_OutTransposedDouble_4eoc_4esp at ConvGeneric.compute(550)
Shader warning in 'ConvGeneric': "TRANSPOSE_OUTPUT variants not supported with NON_UNIFORM_CONVGROUP_PER_OC, make sure this variant is not used" at kernel Conv1D_OutTransposed_4eoc_4esp at ConvGeneric.compute(550)
Shader warning in 'ConvGeneric': "TRANSPOSE_OUTPUT variants not supported with NON_UNIFORM_CONVGROUP_PER_OC, make sure this variant is not used" at kernel Conv1D_Scaled_Complex_OutTransposed_4eoc_4esp at ConvGeneric.compute(550)
Shader warning in 'ConvGeneric': "TRANSPOSE_OUTPUT variants not supported with NON_UNIFORM_CONVGROUP_PER_OC, make sure this variant is not used" at kernel Conv1D_Scaled_OutTransposed_4eoc_4esp at ConvGeneric.compute(550)
Shader warning in 'ConvGeneric': "TRANSPOSE_OUTPUT variants not supported with NON_UNIFORM_CONVGROUP_PER_OC, make sure this variant is not used" at kernel Conv1DComplex_OutTransposed_4eoc_4esp at Packages/com.unity.ai.inference/Runtime/Core/Resources/Sentis/ComputeShaders/ConvGeneric.compute(548)
Shader warning in 'ConvGeneric': "TRANSPOSE_OUTPUT variants not supported with NON_UNIFORM_CONVGROUP_PER_OC, make sure this variant is not used" at kernel Conv1D_OutTransposedDouble_4eoc_4esp at Packages/com.unity.ai.inference/Runtime/Core/Resources/Sentis/ComputeShaders/ConvGeneric.compute(548)
Shader warning in 'ConvGeneric': "TRANSPOSE_OUTPUT variants not supported with NON_UNIFORM_CONVGROUP_PER_OC, make sure this variant is not used" at kernel Conv1D_OutTransposed_4eoc_4esp at Packages/com.unity.ai.inference/Runtime/Core/Resources/Sentis/ComputeShaders/ConvGeneric.compute(548)
Shader warning in 'ConvGeneric': "TRANSPOSE_OUTPUT variants not supported with NON_UNIFORM_CONVGROUP_PER_OC, make sure this variant is not used" at kernel Conv1D_Scaled_Complex_OutTransposed_4eoc_4esp at Packages/com.unity.ai.inference/Runtime/Core/Resources/Sentis/ComputeShaders/ConvGeneric.compute(548)
Shader warning in 'ConvGeneric': "TRANSPOSE_OUTPUT variants not supported with NON_UNIFORM_CONVGROUP_PER_OC, make sure this variant is not used" at kernel Conv1D_Scaled_OutTransposed_4eoc_4esp at Packages/com.unity.ai.inference/Runtime/Core/Resources/Sentis/ComputeShaders/ConvGeneric.compute(548)
Shader warning in 'ConvGeneric': "TRANSPOSE_OUTPUT variants not supported with NON_UNIFORM_CONVGROUP_PER_OC, make sure this variant is not used" at kernel Conv1DComplex_OutTransposed_4eoc_4esp at Packages/com.unity.ai.inference/Runtime/Core/Resources/Sentis/ComputeShaders/ConvGeneric.compute(549)
Shader warning in 'ConvGeneric': "TRANSPOSE_OUTPUT variants not supported with NON_UNIFORM_CONVGROUP_PER_OC, make sure this variant is not used" at kernel Conv1D_OutTransposedDouble_4eoc_4esp at Packages/com.unity.ai.inference/Runtime/Core/Resources/Sentis/ComputeShaders/ConvGeneric.compute(549)
Shader warning in 'ConvGeneric': "TRANSPOSE_OUTPUT variants not supported with NON_UNIFORM_CONVGROUP_PER_OC, make sure this variant is not used" at kernel Conv1D_OutTransposed_4eoc_4esp at Packages/com.unity.ai.inference/Runtime/Core/Resources/Sentis/ComputeShaders/ConvGeneric.compute(549)
Shader warning in 'ConvGeneric': "TRANSPOSE_OUTPUT variants not supported with NON_UNIFORM_CONVGROUP_PER_OC, make sure this variant is not used" at kernel Conv1D_Scaled_Complex_OutTransposed_4eoc_4esp at Packages/com.unity.ai.inference/Runtime/Core/Resources/Sentis/ComputeShaders/ConvGeneric.compute(549)
Shader warning in 'ConvGeneric': "TRANSPOSE_OUTPUT variants not supported with NON_UNIFORM_CONVGROUP_PER_OC, make sure this variant is not used" at kernel Conv1D_Scaled_OutTransposed_4eoc_4esp at Packages/com.unity.ai.inference/Runtime/Core/Resources/Sentis/ComputeShaders/ConvGeneric.compute(549)
Shader warning in 'ConvGeneric': "TRANSPOSE_OUTPUT variants not supported with NON_UNIFORM_CONVGROUP_PER_OC, make sure this variant is not used" at kernel Conv1DComplex_OutTransposed_4eoc_4esp at Packages/com.unity.ai.inference/Runtime/Core/Resources/Sentis/ComputeShaders/ConvGeneric.compute(550)
Shader warning in 'ConvGeneric': "TRANSPOSE_OUTPUT variants not supported with NON_UNIFORM_CONVGROUP_PER_OC, make sure this variant is not used" at kernel Conv1D_OutTransposedDouble_4eoc_4esp at Packages/com.unity.ai.inference/Runtime/Core/Resources/Sentis/ComputeShaders/ConvGeneric.compute(550)
Shader warning in 'ConvGeneric': "TRANSPOSE_OUTPUT variants not supported with NON_UNIFORM_CONVGROUP_PER_OC, make sure this variant is not used" at kernel Conv1D_OutTransposed_4eoc_4esp at Packages/com.unity.ai.inference/Runtime/Core/Resources/Sentis/ComputeShaders/ConvGeneric.compute(550)
Shader warning in 'ConvGeneric': "TRANSPOSE_OUTPUT variants not supported with NON_UNIFORM_CONVGROUP_PER_OC, make sure this variant is not used" at kernel Conv1D_Scaled_Complex_OutTransposed_4eoc_4esp at Packages/com.unity.ai.inference/Runtime/Core/Resources/Sentis/ComputeShaders/ConvGeneric.compute(550)
Shader warning in 'ConvGeneric': "TRANSPOSE_OUTPUT variants not supported with NON_UNIFORM_CONVGROUP_PER_OC, make sure this variant is not used" at kernel Conv1D_Scaled_OutTransposed_4eoc_4esp at Packages/com.unity.ai.inference/Runtime/Core/Resources/Sentis/ComputeShaders/ConvGeneric.compute(550)
    finished in 0.01 seconds. Local cache hits 204, remote cache hits 0, compiled 0 variants
Compiling compute shader "Compute.Shaders.Broadcast.gen"
    starting stripping...
    finished in 0.00 seconds. 87 of 87 variants left
    87 variants, starting compilation...
    finished in 0.00 seconds. Local cache hits 87, remote cache hits 0, compiled 0 variants
Compiling shader "Hidden/Sentis/Where"
  Pass "" (vp)
    Target graphics API: gles3
    Full variant space:         2
    After settings filtering:   2
    After built-in stripping:   12
    After scriptable stripping: 12
    Processed in 0.00 seconds
  Pass  (vp, gles3) finished in 0.00 seconds. Local cache hits 12 (0.01s CPU time), remote cache hits 0 (0.00s CPU time), compiled 0 variants (0.00s CPU time), skipped 0 variants.
    Prepared data for serialisation in 0.00s
Serialized binary data for shader Hidden/Sentis/Where in 0.00s
    gles3 (total internal programs: 12, unique: 4)
Script attached to 'leftHand' in asset 'Packages/com.bytedance.pico.xr/Assets/Resources/Controller/ControllerWithHand/leftHand.prefab' is missing or no valid script is attached.
UnityEngine.Debug:ExtractStackTraceNoAlloc (byte*,int,string)
UnityEngine.StackTraceUtility:ExtractStackTrace () (at /Users/bokken/build/output/unity/unity/Runtime/Export/Scripting/StackTrace.cs:35)
UnityEditor.BuildPipeline:BuildPlayerInternal (string[],string,string,UnityEditor.BuildTargetGroup,UnityEditor.BuildTarget,int,UnityEditor.BuildOptions,string[],string[],bool)
UnityEditor.BuildPipeline:BuildPlayer (UnityEditor.BuildPlayerOptions) (at /Users/bokken/build/output/unity/unity/Editor/Mono/BuildPipeline/BuildPipeline.bindings.cs:267)
PicoTowerDefenseEditor.ProjectSetup:BuildDevelopmentApk () (at Assets/SpatialTowerDefense/Editor/ProjectSetup.cs:463)

[/Users/bokken/build/output/unity/unity/Editor/Mono/BuildPipeline/BuildPipeline.bindings.cs line 267]

Compiling compute shader "SortingOps"
    starting stripping...
    finished in 0.00 seconds. 2 of 2 variants left
    2 variants, starting compilation...
    finished in 0.00 seconds. Local cache hits 2, remote cache hits 0, compiled 0 variants
Compiling compute shader "CopyOps"
    starting stripping...
    finished in 0.00 seconds. 9 of 9 variants left
    9 variants, starting compilation...
    finished in 0.00 seconds. Local cache hits 9, remote cache hits 0, compiled 0 variants
Compiling shader "PXR/Hand"
  Pass "Depth" (vp)
    Target graphics API: gles3
    Full variant space:         4
    After settings filtering:   4
    After built-in stripping:   6
    After scriptable stripping: 6
    Processed in 0.00 seconds
  Pass "BaseColor" (vp)
    Target graphics API: gles3
    Full variant space:         1
    After settings filtering:   1
    After built-in stripping:   6
    After scriptable stripping: 6
    Processed in 0.00 seconds
  Pass "Depth" (vp)
    Target graphics API: gles3
    Full variant space:         4
    After settings filtering:   4
    After built-in stripping:   6
    After scriptable stripping: 6
    Processed in 0.00 seconds
  Pass "Interior" (vp)
    Target graphics API: gles3
    Full variant space:         1
    After settings filtering:   1
    After built-in stripping:   6
    After scriptable stripping: 6
    Processed in 0.00 seconds
  Pass Depth (vp, gles3) finished in 0.00 seconds. Local cache hits 6 (0.02s CPU time), remote cache hits 0 (0.00s CPU time), compiled 0 variants (0.00s CPU time), skipped 0 variants.
    Prepared data for serialisation in 0.00s
  Pass BaseColor (vp, gles3) finished in 0.00 seconds. Local cache hits 6 (0.01s CPU time), remote cache hits 0 (0.00s CPU time), compiled 0 variants (0.00s CPU time), skipped 0 variants.
    Prepared data for serialisation in 0.00s
  Pass Depth (vp, gles3) finished in 0.00 seconds. Local cache hits 6 (0.01s CPU time), remote cache hits 0 (0.00s CPU time), compiled 0 variants (0.00s CPU time), skipped 0 variants.
    Prepared data for serialisation in 0.00s
  Pass Interior (vp, gles3) finished in 0.00 seconds. Local cache hits 6 (0.00s CPU time), remote cache hits 0 (0.00s CPU time), compiled 0 variants (0.00s CPU time), skipped 0 variants.
    Prepared data for serialisation in 0.00s
Serialized binary data for shader PXR/Hand in 0.00s
    gles3 (total internal programs: 24, unique: 4)
Compiling shader "Hidden/Sentis/Copy"
  Pass "" (vp)
    Target graphics API: gles3
    Full variant space:         2
    After settings filtering:   2
    After built-in stripping:   12
    After scriptable stripping: 12
    Processed in 0.00 seconds
  Pass  (vp, gles3) finished in 0.00 seconds. Local cache hits 12 (0.00s CPU time), remote cache hits 0 (0.00s CPU time), compiled 0 variants (0.00s CPU time), skipped 0 variants.
    Prepared data for serialisation in 0.00s
Serialized binary data for shader Hidden/Sentis/Copy in 0.00s
    gles3 (total internal programs: 12, unique: 4)
Compiling compute shader "TextureToTensor"
    starting stripping...
    finished in 0.00 seconds. 4 of 4 variants left
    4 variants, starting compilation...
    finished in 0.00 seconds. Local cache hits 4, remote cache hits 0, compiled 0 variants
Compiling shader "Hidden/Sentis/RMSNormalizationTail"
  Pass "" (vp)
    Target graphics API: gles3
    Full variant space:         1
    After settings filtering:   1
    After built-in stripping:   6
    After scriptable stripping: 6
    Processed in 0.00 seconds
  Pass  (vp, gles3) finished in 0.00 seconds. Local cache hits 6 (0.00s CPU time), remote cache hits 0 (0.00s CPU time), compiled 0 variants (0.00s CPU time), skipped 0 variants.
    Prepared data for serialisation in 0.00s
Serialized binary data for shader Hidden/Sentis/RMSNormalizationTail in 0.00s
    gles3 (total internal programs: 6, unique: 2)
Compiling shader "Hidden/Sentis/Upsample"
  Pass "" (vp)
    Target graphics API: gles3
    Full variant space:         9
    After settings filtering:   9
    After built-in stripping:   54
    After scriptable stripping: 54
    Processed in 0.00 seconds
  Pass  (vp, gles3) finished in 0.00 seconds. Local cache hits 54 (0.02s CPU time), remote cache hits 0 (0.00s CPU time), compiled 0 variants (0.00s CPU time), skipped 0 variants.
    Prepared data for serialisation in 0.00s
Serialized binary data for shader Hidden/Sentis/Upsample in 0.00s
    gles3 (total internal programs: 54, unique: 18)
Compiling compute shader "LocalResponseNormalization"
    starting stripping...
    finished in 0.00 seconds. 1 of 1 variants left
    1 variants, starting compilation...
    finished in 0.00 seconds. Local cache hits 1, remote cache hits 0, compiled 0 variants
Compiling shader "Hidden/Sentis/SliceSet"
  Pass "" (vp)
    Target graphics API: gles3
    Full variant space:         4
    After settings filtering:   4
    After built-in stripping:   24
    After scriptable stripping: 24
    Processed in 0.00 seconds
  Pass  (vp, gles3) finished in 0.01 seconds. Local cache hits 24 (0.06s CPU time), remote cache hits 0 (0.00s CPU time), compiled 0 variants (0.00s CPU time), skipped 0 variants.
    Prepared data for serialisation in 0.00s
Serialized binary data for shader Hidden/Sentis/SliceSet in 0.00s
    gles3 (total internal programs: 24, unique: 8)
Shader warning in 'Hidden/Sentis/SliceSet': integer divides may be much slower, try using uints if possible. at Packages/com.unity.ai.inference/Runtime/Core/Resources/Sentis/PixelShaders/SliceSet.shader(55) (on gles3)

Compiling Subshader: 0, Pass: , Vertex program with BLOCKWISE INT STEREO_MULTIVIEW_ON
Platform defines: SHADER_API_GLES30 SHADER_API_MOBILE UNITY_ENABLE_REFLECTION_BUFFERS UNITY_FRAMEBUFFER_FETCH_AVAILABLE UNITY_HARDWARE_TIER2 UNITY_LIGHTMAP_DLDR_ENCODING UNITY_NO_CUBEMAP_ARRAY UNITY_NO_DXT5nm UNITY_NO_RGBM UNITY_NO_SCREENSPACE_SHADOWS UNITY_PBS_USE_BRDF2 UNITY_PLATFORM_SUPPORTS_DEPTH_FETCH
Disabled keywords: SHADER_API_GLES31 SHADER_API_GLES32 UNITY_ASTC_NORMALMAP_ENCODING UNITY_COLORSPACE_GAMMA UNITY_ENABLE_DETAIL_NORMALMAP UNITY_HARDWARE_TIER1 UNITY_HARDWARE_TIER3 UNITY_LIGHTMAP_FULL_HDR UNITY_LIGHTMAP_RGBM_ENCODING UNITY_LIGHT_PROBE_PROXY_VOLUME UNITY_METAL_SHADOWS_USE_POINT_FILTERING UNITY_PBS_USE_BRDF1 UNITY_PBS_USE_BRDF3 UNITY_PRETRANSFORM_TO_DISPLAY_ORIENTATION UNITY_SPECCUBE_BLENDING UNITY_SPECCUBE_BOX_PROJECTION UNITY_UNIFIED_SHADER_PRECISION_MODEL UNITY_USE_DITHER_MASK_FOR_ALPHABLENDED_SHADOWS UNITY_VIRTUAL_TEXTURING
Shader warning in 'Hidden/Sentis/SliceSet': signed/unsigned mismatch, unsigned assumed at Packages/com.unity.ai.inference/Runtime/Core/Resources/Sentis/PixelShaders/SliceSet.shader(57) (on gles3)

Compiling Subshader: 0, Pass: , Vertex program with BLOCKWISE INT STEREO_MULTIVIEW_ON
Platform defines: SHADER_API_GLES30 SHADER_API_MOBILE UNITY_ENABLE_REFLECTION_BUFFERS UNITY_FRAMEBUFFER_FETCH_AVAILABLE UNITY_HARDWARE_TIER2 UNITY_LIGHTMAP_DLDR_ENCODING UNITY_NO_CUBEMAP_ARRAY UNITY_NO_DXT5nm UNITY_NO_RGBM UNITY_NO_SCREENSPACE_SHADOWS UNITY_PBS_USE_BRDF2 UNITY_PLATFORM_SUPPORTS_DEPTH_FETCH
Disabled keywords: SHADER_API_GLES31 SHADER_API_GLES32 UNITY_ASTC_NORMALMAP_ENCODING UNITY_COLORSPACE_GAMMA UNITY_ENABLE_DETAIL_NORMALMAP UNITY_HARDWARE_TIER1 UNITY_HARDWARE_TIER3 UNITY_LIGHTMAP_FULL_HDR UNITY_LIGHTMAP_RGBM_ENCODING UNITY_LIGHT_PROBE_PROXY_VOLUME UNITY_METAL_SHADOWS_USE_POINT_FILTERING UNITY_PBS_USE_BRDF1 UNITY_PBS_USE_BRDF3 UNITY_PRETRANSFORM_TO_DISPLAY_ORIENTATION UNITY_SPECCUBE_BLENDING UNITY_SPECCUBE_BOX_PROJECTION UNITY_UNIFIED_SHADER_PRECISION_MODEL UNITY_USE_DITHER_MASK_FOR_ALPHABLENDED_SHADOWS UNITY_VIRTUAL_TEXTURING
Shader warning in 'Hidden/Sentis/SliceSet': integer divides may be much slower, try using uints if possible. at Packages/com.unity.ai.inference/Runtime/Core/Resources/Sentis/PixelShaders/SliceSet.shader(69) (on gles3)

Compiling Subshader: 0, Pass: , Vertex program with <no keywords>
Platform defines: SHADER_API_GLES30 SHADER_API_MOBILE UNITY_ENABLE_REFLECTION_BUFFERS UNITY_FRAMEBUFFER_FETCH_AVAILABLE UNITY_HARDWARE_TIER3 UNITY_LIGHTMAP_DLDR_ENCODING UNITY_NO_CUBEMAP_ARRAY UNITY_NO_DXT5nm UNITY_NO_RGBM UNITY_NO_SCREENSPACE_SHADOWS UNITY_PBS_USE_BRDF2 UNITY_PLATFORM_SUPPORTS_DEPTH_FETCH
Disabled keywords: BLOCKWISE INT SHADER_API_GLES31 SHADER_API_GLES32 UNITY_ASTC_NORMALMAP_ENCODING UNITY_COLORSPACE_GAMMA UNITY_ENABLE_DETAIL_NORMALMAP UNITY_HARDWARE_TIER1 UNITY_HARDWARE_TIER2 UNITY_LIGHTMAP_FULL_HDR UNITY_LIGHTMAP_RGBM_ENCODING UNITY_LIGHT_PROBE_PROXY_VOLUME UNITY_METAL_SHADOWS_USE_POINT_FILTERING UNITY_PBS_USE_BRDF1 UNITY_PBS_USE_BRDF3 UNITY_PRETRANSFORM_TO_DISPLAY_ORIENTATION UNITY_SPECCUBE_BLENDING UNITY_SPECCUBE_BOX_PROJECTION UNITY_UNIFIED_SHADER_PRECISION_MODEL UNITY_USE_DITHER_MASK_FOR_ALPHABLENDED_SHADOWS UNITY_VIRTUAL_TEXTURING
Shader warning in 'Hidden/Sentis/SliceSet': signed/unsigned mismatch, unsigned assumed at Packages/com.unity.ai.inference/Runtime/Core/Resources/Sentis/PixelShaders/SliceSet.shader(71) (on gles3)

Compiling Subshader: 0, Pass: , Vertex program with <no keywords>
Platform defines: SHADER_API_GLES30 SHADER_API_MOBILE UNITY_ENABLE_REFLECTION_BUFFERS UNITY_FRAMEBUFFER_FETCH_AVAILABLE UNITY_HARDWARE_TIER3 UNITY_LIGHTMAP_DLDR_ENCODING UNITY_NO_CUBEMAP_ARRAY UNITY_NO_DXT5nm UNITY_NO_RGBM UNITY_NO_SCREENSPACE_SHADOWS UNITY_PBS_USE_BRDF2 UNITY_PLATFORM_SUPPORTS_DEPTH_FETCH
Disabled keywords: BLOCKWISE INT SHADER_API_GLES31 SHADER_API_GLES32 UNITY_ASTC_NORMALMAP_ENCODING UNITY_COLORSPACE_GAMMA UNITY_ENABLE_DETAIL_NORMALMAP UNITY_HARDWARE_TIER1 UNITY_HARDWARE_TIER2 UNITY_LIGHTMAP_FULL_HDR UNITY_LIGHTMAP_RGBM_ENCODING UNITY_LIGHT_PROBE_PROXY_VOLUME UNITY_METAL_SHADOWS_USE_POINT_FILTERING UNITY_PBS_USE_BRDF1 UNITY_PBS_USE_BRDF3 UNITY_PRETRANSFORM_TO_DISPLAY_ORIENTATION UNITY_SPECCUBE_BLENDING UNITY_SPECCUBE_BOX_PROJECTION UNITY_UNIFIED_SHADER_PRECISION_MODEL UNITY_USE_DITHER_MASK_FOR_ALPHABLENDED_SHADOWS UNITY_VIRTUAL_TEXTURING
Compiling compute shader "DepthwiseConv"
    starting stripping...
    finished in 0.00 seconds. 6 of 6 variants left
    6 variants, starting compilation...
    finished in 0.00 seconds. Local cache hits 6, remote cache hits 0, compiled 0 variants
Compiling compute shader "Compute.Shaders.ConvTranspose.gen"
    starting stripping...
    finished in 0.00 seconds. 4 of 4 variants left
    4 variants, starting compilation...
    finished in 0.00 seconds. Local cache hits 4, remote cache hits 0, compiled 0 variants
Compiling shader "Hidden/Sentis/Expand"
  Pass "" (vp)
    Target graphics API: gles3
    Full variant space:         2
    After settings filtering:   2
    After built-in stripping:   12
    After scriptable stripping: 12
    Processed in 0.00 seconds
  Pass  (vp, gles3) finished in 0.00 seconds. Local cache hits 12 (0.01s CPU time), remote cache hits 0 (0.00s CPU time), compiled 0 variants (0.00s CPU time), skipped 0 variants.
    Prepared data for serialisation in 0.00s
Serialized binary data for shader Hidden/Sentis/Expand in 0.00s
    gles3 (total internal programs: 12, unique: 4)
Compiling shader "Hidden/Sentis/GlobalPool"
  Pass "" (vp)
    Target graphics API: gles3
    Full variant space:         3
    After settings filtering:   3
    After built-in stripping:   18
    After scriptable stripping: 18
    Processed in 0.00 seconds
  Pass  (vp, gles3) finished in 0.00 seconds. Local cache hits 18 (0.02s CPU time), remote cache hits 0 (0.00s CPU time), compiled 0 variants (0.00s CPU time), skipped 0 variants.
    Prepared data for serialisation in 0.00s
Serialized binary data for shader Hidden/Sentis/GlobalPool in 0.00s
    gles3 (total internal programs: 18, unique: 6)
Compiling compute shader "Pool"
    starting stripping...
    finished in 0.00 seconds. 8 of 8 variants left
    8 variants, starting compilation...
    finished in 0.00 seconds. Local cache hits 8, remote cache hits 0, compiled 0 variants
Compiling shader "Hidden/Sentis/GroupedConv"
  Pass "" (vp)
    Target graphics API: gles3
    Full variant space:         12
    After settings filtering:   12
    After built-in stripping:   72
    After scriptable stripping: 72
    Processed in 0.00 seconds
  Pass  (vp, gles3) finished in 0.00 seconds. Local cache hits 72 (0.03s CPU time), remote cache hits 0 (0.00s CPU time), compiled 0 variants (0.00s CPU time), skipped 0 variants.
    Prepared data for serialisation in 0.00s
Serialized binary data for shader Hidden/Sentis/GroupedConv in 0.00s
    gles3 (total internal programs: 72, unique: 24)
Compiling shader "PXR_SDK/PXR_Texture2DBlit"
  Pass "" (vp)
    Target graphics API: gles3
    Full variant space:         1
    After settings filtering:   1
    After built-in stripping:   6
    After scriptable stripping: 6
    Processed in 0.00 seconds
  Pass  (vp, gles3) finished in 0.00 seconds. Local cache hits 6 (0.00s CPU time), remote cache hits 0 (0.00s CPU time), compiled 0 variants (0.00s CPU time), skipped 0 variants.
    Prepared data for serialisation in 0.00s
Serialized binary data for shader PXR_SDK/PXR_Texture2DBlit in 0.00s
    gles3 (total internal programs: 6, unique: 2)
Compiling compute shader "ReferenceImpl.Logical"
    starting stripping...
    finished in 0.00 seconds. 1 of 1 variants left
    1 variants, starting compilation...
    finished in 0.00 seconds. Local cache hits 1, remote cache hits 0, compiled 0 variants
Compiling shader "HPE/hand_Fade"
  Pass "Fade" (vp)
    Target graphics API: gles3
    Full variant space:         1
    After settings filtering:   1
    After built-in stripping:   6
    After scriptable stripping: 6
    Processed in 0.00 seconds
  Pass "Fade" (vp)
    Target graphics API: gles3
    Full variant space:         1
    After settings filtering:   1
    After built-in stripping:   6
    After scriptable stripping: 6
    Processed in 0.00 seconds
  Pass "Fade" (vp)
    Target graphics API: gles3
    Full variant space:         1
    After settings filtering:   1
    After built-in stripping:   6
    After scriptable stripping: 6
    Processed in 0.00 seconds
  Pass "Fade" (vp)
    Target graphics API: gles3
    Full variant space:         1
    After settings filtering:   1
    After built-in stripping:   6
    After scriptable stripping: 6
    Processed in 0.00 seconds
  Pass Fade (vp, gles3) finished in 0.00 seconds. Local cache hits 6 (0.00s CPU time), remote cache hits 0 (0.00s CPU time), compiled 0 variants (0.00s CPU time), skipped 0 variants.
    Prepared data for serialisation in 0.00s
  Pass Fade (vp, gles3) finished in 0.00 seconds. Local cache hits 6 (0.00s CPU time), remote cache hits 0 (0.00s CPU time), compiled 0 variants (0.00s CPU time), skipped 0 variants.
    Prepared data for serialisation in 0.00s
  Pass Fade (vp, gles3) finished in 0.00 seconds. Local cache hits 6 (0.00s CPU time), remote cache hits 0 (0.00s CPU time), compiled 0 variants (0.00s CPU time), skipped 0 variants.
    Prepared data for serialisation in 0.00s
  Pass Fade (vp, gles3) finished in 0.00 seconds. Local cache hits 6 (0.01s CPU time), remote cache hits 0 (0.00s CPU time), compiled 0 variants (0.00s CPU time), skipped 0 variants.
    Prepared data for serialisation in 0.00s
Serialized binary data for shader HPE/hand_Fade in 0.00s
    gles3 (total internal programs: 24, unique: 2)
Compiling compute shader "Compute.Shaders.PointwiseUnary.gen"
    starting stripping...
    finished in 0.00 seconds. 61 of 61 variants left
    61 variants, starting compilation...
    finished in 0.00 seconds. Local cache hits 61, remote cache hits 0, compiled 0 variants
Compiling shader "HPE/Outline"
  Pass "Depth" (vp)
    Target graphics API: gles3
    Full variant space:         4
    After settings filtering:   4
    After built-in stripping:   6
    After scriptable stripping: 6
    Processed in 0.00 seconds
  Pass "Outline" (vp)
    Target graphics API: gles3
    Full variant space:         1
    After settings filtering:   1
    After built-in stripping:   6
    After scriptable stripping: 6
    Processed in 0.00 seconds
  Pass "Depth" (vp)
    Target graphics API: gles3
    Full variant space:         4
    After settings filtering:   4
    After built-in stripping:   6
    After scriptable stripping: 6
    Processed in 0.00 seconds
  Pass "Outline" (vp)
    Target graphics API: gles3
    Full variant space:         1
    After settings filtering:   1
    After built-in stripping:   6
    After scriptable stripping: 6
    Processed in 0.00 seconds
  Pass Depth (vp, gles3) finished in 0.00 seconds. Local cache hits 6 (0.00s CPU time), remote cache hits 0 (0.00s CPU time), compiled 0 variants (0.00s CPU time), skipped 0 variants.
    Prepared data for serialisation in 0.00s
  Pass Outline (vp, gles3) finished in 0.00 seconds. Local cache hits 6 (0.00s CPU time), remote cache hits 0 (0.00s CPU time), compiled 0 variants (0.00s CPU time), skipped 0 variants.
    Prepared data for serialisation in 0.00s
  Pass Depth (vp, gles3) finished in 0.00 seconds. Local cache hits 6 (0.00s CPU time), remote cache hits 0 (0.00s CPU time), compiled 0 variants (0.00s CPU time), skipped 0 variants.
    Prepared data for serialisation in 0.00s
  Pass Outline (vp, gles3) finished in 0.00 seconds. Local cache hits 6 (0.00s CPU time), remote cache hits 0 (0.00s CPU time), compiled 0 variants (0.00s CPU time), skipped 0 variants.
    Prepared data for serialisation in 0.00s
Serialized binary data for shader HPE/Outline in 0.00s
    gles3 (total internal programs: 24, unique: 4)
Shader warning in 'HPE/Outline': Output value 'outlineVertex' is not completely initialized at Packages/com.bytedance.pico.xr/Assets/Resources/Hand/HandPose/Shaders/HPE_hand_outline.shader(91) (on gles3)

Compiling Subshader: 0, Pass: Outline, Vertex program with <no keywords>
Platform defines: SHADER_API_GLES30 SHADER_API_MOBILE UNITY_ENABLE_REFLECTION_BUFFERS UNITY_FRAMEBUFFER_FETCH_AVAILABLE UNITY_HARDWARE_TIER3 UNITY_LIGHTMAP_DLDR_ENCODING UNITY_NO_CUBEMAP_ARRAY UNITY_NO_DXT5nm UNITY_NO_RGBM UNITY_NO_SCREENSPACE_SHADOWS UNITY_PBS_USE_BRDF2 UNITY_PLATFORM_SUPPORTS_DEPTH_FETCH
Disabled keywords: SHADER_API_GLES31 SHADER_API_GLES32 UNITY_ASTC_NORMALMAP_ENCODING UNITY_COLORSPACE_GAMMA UNITY_ENABLE_DETAIL_NORMALMAP UNITY_HARDWARE_TIER1 UNITY_HARDWARE_TIER2 UNITY_LIGHTMAP_FULL_HDR UNITY_LIGHTMAP_RGBM_ENCODING UNITY_LIGHT_PROBE_PROXY_VOLUME UNITY_METAL_SHADOWS_USE_POINT_FILTERING UNITY_PBS_USE_BRDF1 UNITY_PBS_USE_BRDF3 UNITY_PRETRANSFORM_TO_DISPLAY_ORIENTATION UNITY_SPECCUBE_BLENDING UNITY_SPECCUBE_BOX_PROJECTION UNITY_UNIFIED_SHADER_PRECISION_MODEL UNITY_USE_DITHER_MASK_FOR_ALPHABLENDED_SHADOWS UNITY_VIRTUAL_TEXTURING
Shader warning in 'HPE/Outline': Output value 'outlineVertex' is not completely initialized at Packages/com.bytedance.pico.xr/Assets/Resources/Hand/HandPose/Shaders/HPE_hand_outline.shader(175) (on gles3)

Compiling Subshader: 1, Pass: Outline, Vertex program with <no keywords>
Platform defines: SHADER_API_GLES30 SHADER_API_MOBILE UNITY_ENABLE_REFLECTION_BUFFERS UNITY_FRAMEBUFFER_FETCH_AVAILABLE UNITY_HARDWARE_TIER2 UNITY_LIGHTMAP_DLDR_ENCODING UNITY_NO_CUBEMAP_ARRAY UNITY_NO_DXT5nm UNITY_NO_RGBM UNITY_NO_SCREENSPACE_SHADOWS UNITY_PBS_USE_BRDF2 UNITY_PLATFORM_SUPPORTS_DEPTH_FETCH
Disabled keywords: SHADER_API_GLES31 SHADER_API_GLES32 UNITY_ASTC_NORMALMAP_ENCODING UNITY_COLORSPACE_GAMMA UNITY_ENABLE_DETAIL_NORMALMAP UNITY_HARDWARE_TIER1 UNITY_HARDWARE_TIER3 UNITY_LIGHTMAP_FULL_HDR UNITY_LIGHTMAP_RGBM_ENCODING UNITY_LIGHT_PROBE_PROXY_VOLUME UNITY_METAL_SHADOWS_USE_POINT_FILTERING UNITY_PBS_USE_BRDF1 UNITY_PBS_USE_BRDF3 UNITY_PRETRANSFORM_TO_DISPLAY_ORIENTATION UNITY_SPECCUBE_BLENDING UNITY_SPECCUBE_BOX_PROJECTION UNITY_UNIFIED_SHADER_PRECISION_MODEL UNITY_USE_DITHER_MASK_FOR_ALPHABLENDED_SHADOWS UNITY_VIRTUAL_TEXTURING
Compiling shader "Hidden/Sentis/Split"
  Pass "" (vp)
    Target graphics API: gles3
    Full variant space:         4
    After settings filtering:   4
    After built-in stripping:   24
    After scriptable stripping: 24
    Processed in 0.00 seconds
  Pass  (vp, gles3) finished in 0.00 seconds. Local cache hits 24 (0.01s CPU time), remote cache hits 0 (0.00s CPU time), compiled 0 variants (0.00s CPU time), skipped 0 variants.
    Prepared data for serialisation in 0.00s
Serialized binary data for shader Hidden/Sentis/Split in 0.00s
    gles3 (total internal programs: 24, unique: 8)
Compiling compute shader "ReferenceImpl.PoolA"
    starting stripping...
    finished in 0.00 seconds. 6 of 6 variants left
    6 variants, starting compilation...
    finished in 0.00 seconds. Local cache hits 6, remote cache hits 0, compiled 0 variants
Compiling compute shader "ReferenceImpl.Einsum"
    starting stripping...
    finished in 0.00 seconds. 2 of 2 variants left
    2 variants, starting compilation...
    finished in 0.00 seconds. Local cache hits 2, remote cache hits 0, compiled 0 variants
Compiling shader "SpatialTowerDefense/GeneratedUiSurface"
  Pass "" (vp)
    Target graphics API: gles3
    Full variant space:         1
    After settings filtering:   1
    After built-in stripping:   6
    After scriptable stripping: 6
    Processed in 0.00 seconds
  Pass  (vp, gles3) finished in 0.00 seconds. Local cache hits 6 (0.00s CPU time), remote cache hits 0 (0.00s CPU time), compiled 0 variants (0.00s CPU time), skipped 0 variants.
    Prepared data for serialisation in 0.00s
Serialized binary data for shader SpatialTowerDefense/GeneratedUiSurface in 0.00s
    gles3 (total internal programs: 6, unique: 2)
Compiling shader "Hidden/Sentis/Range"
  Pass "" (vp)
    Target graphics API: gles3
    Full variant space:         2
    After settings filtering:   2
    After built-in stripping:   12
    After scriptable stripping: 12
    Processed in 0.00 seconds
  Pass  (vp, gles3) finished in 0.00 seconds. Local cache hits 12 (0.01s CPU time), remote cache hits 0 (0.00s CPU time), compiled 0 variants (0.00s CPU time), skipped 0 variants.
    Prepared data for serialisation in 0.00s
Serialized binary data for shader Hidden/Sentis/Range in 0.00s
    gles3 (total internal programs: 12, unique: 4)
Compiling shader "Hidden/Sentis/OneHot"
  Pass "" (vp)
    Target graphics API: gles3
    Full variant space:         2
    After settings filtering:   2
    After built-in stripping:   12
    After scriptable stripping: 12
    Processed in 0.00 seconds
  Pass  (vp, gles3) finished in 0.00 seconds. Local cache hits 12 (0.00s CPU time), remote cache hits 0 (0.00s CPU time), compiled 0 variants (0.00s CPU time), skipped 0 variants.
    Prepared data for serialisation in 0.00s
Serialized binary data for shader Hidden/Sentis/OneHot in 0.00s
    gles3 (total internal programs: 12, unique: 4)
Compiling shader "Hidden/Sentis/Resize1D"
  Pass "" (vp)
    Target graphics API: gles3
    Full variant space:         3
    After settings filtering:   3
    After built-in stripping:   18
    After scriptable stripping: 18
    Processed in 0.00 seconds
  Pass  (vp, gles3) finished in 0.00 seconds. Local cache hits 18 (0.01s CPU time), remote cache hits 0 (0.00s CPU time), compiled 0 variants (0.00s CPU time), skipped 0 variants.
    Prepared data for serialisation in 0.00s
Serialized binary data for shader Hidden/Sentis/Resize1D in 0.00s
    gles3 (total internal programs: 18, unique: 6)
Compiling compute shader "LogicalOps"
    starting stripping...
    finished in 0.00 seconds. 4 of 4 variants left
    4 variants, starting compilation...
    finished in 0.00 seconds. Local cache hits 4, remote cache hits 0, compiled 0 variants
Compiling shader "Hidden/Sentis/LocalPool"
  Pass "" (vp)
    Target graphics API: gles3
    Full variant space:         6
    After settings filtering:   6
    After built-in stripping:   36
    After scriptable stripping: 36
    Processed in 0.00 seconds
  Pass  (vp, gles3) finished in 0.00 seconds. Local cache hits 36 (0.01s CPU time), remote cache hits 0 (0.00s CPU time), compiled 0 variants (0.00s CPU time), skipped 0 variants.
    Prepared data for serialisation in 0.00s
Serialized binary data for shader Hidden/Sentis/LocalPool in 0.00s
    gles3 (total internal programs: 36, unique: 12)
Compiling shader "Hidden/Sentis/ScalarMad"
  Pass "" (vp)
    Target graphics API: gles3
    Full variant space:         2
    After settings filtering:   2
    After built-in stripping:   12
    After scriptable stripping: 12
    Processed in 0.00 seconds
  Pass  (vp, gles3) finished in 0.00 seconds. Local cache hits 12 (0.01s CPU time), remote cache hits 0 (0.00s CPU time), compiled 0 variants (0.00s CPU time), skipped 0 variants.
    Prepared data for serialisation in 0.00s
Serialized binary data for shader Hidden/Sentis/ScalarMad in 0.00s
    gles3 (total internal programs: 12, unique: 4)
Compiling compute shader "Compute.Shaders.Conv.gen"
    starting stripping...
    finished in 0.00 seconds. 8 of 8 variants left
    8 variants, starting compilation...
    finished in 0.00 seconds. Local cache hits 8, remote cache hits 0, compiled 0 variants
Compiling shader "HPE/Highlight"
  Pass "Depth" (vp)
    Target graphics API: gles3
    Full variant space:         4
    After settings filtering:   4
    After built-in stripping:   6
    After scriptable stripping: 6
    Processed in 0.00 seconds
  Pass "Highlight" (vp)
    Target graphics API: gles3
    Full variant space:         1
    After settings filtering:   1
    After built-in stripping:   6
    After scriptable stripping: 6
    Processed in 0.00 seconds
  Pass "Depth" (vp)
    Target graphics API: gles3
    Full variant space:         4
    After settings filtering:   4
    After built-in stripping:   6
    After scriptable stripping: 6
    Processed in 0.00 seconds
  Pass "Highlight" (vp)
    Target graphics API: gles3
    Full variant space:         1
    After settings filtering:   1
    After built-in stripping:   6
    After scriptable stripping: 6
    Processed in 0.00 seconds
  Pass Depth (vp, gles3) finished in 0.00 seconds. Local cache hits 6 (0.00s CPU time), remote cache hits 0 (0.00s CPU time), compiled 0 variants (0.00s CPU time), skipped 0 variants.
    Prepared data for serialisation in 0.00s
  Pass Highlight (vp, gles3) finished in 0.00 seconds. Local cache hits 6 (0.00s CPU time), remote cache hits 0 (0.00s CPU time), compiled 0 variants (0.00s CPU time), skipped 0 variants.
    Prepared data for serialisation in 0.00s
  Pass Depth (vp, gles3) finished in 0.00 seconds. Local cache hits 6 (0.00s CPU time), remote cache hits 0 (0.00s CPU time), compiled 0 variants (0.00s CPU time), skipped 0 variants.
    Prepared data for serialisation in 0.00s
  Pass Highlight (vp, gles3) finished in 0.00 seconds. Local cache hits 6 (0.00s CPU time), remote cache hits 0 (0.00s CPU time), compiled 0 variants (0.00s CPU time), skipped 0 variants.
    Prepared data for serialisation in 0.00s
Serialized binary data for shader HPE/Highlight in 0.00s
    gles3 (total internal programs: 24, unique: 4)
Compiling compute shader "RoiAlign"
    starting stripping...
    finished in 0.00 seconds. 4 of 4 variants left
    4 variants, starting compilation...
    finished in 0.00 seconds. Local cache hits 4, remote cache hits 0, compiled 0 variants
Compiling shader "Hidden/Sentis/ReduceIndices"
  Pass "" (vp)
    Target graphics API: gles3
    Full variant space:         8
    After settings filtering:   8
    After built-in stripping:   48
    After scriptable stripping: 48
    Processed in 0.00 seconds
  Pass  (vp, gles3) finished in 0.00 seconds. Local cache hits 48 (0.02s CPU time), remote cache hits 0 (0.00s CPU time), compiled 0 variants (0.00s CPU time), skipped 0 variants.
    Prepared data for serialisation in 0.00s
Serialized binary data for shader Hidden/Sentis/ReduceIndices in 0.00s
    gles3 (total internal programs: 48, unique: 16)
Compiling shader "Hidden/Sentis/Slice"
  Pass "" (vp)
    Target graphics API: gles3
    Full variant space:         4
    After settings filtering:   4
    After built-in stripping:   24
    After scriptable stripping: 24
    Processed in 0.00 seconds
  Pass  (vp, gles3) finished in 0.00 seconds. Local cache hits 24 (0.01s CPU time), remote cache hits 0 (0.00s CPU time), compiled 0 variants (0.00s CPU time), skipped 0 variants.
    Prepared data for serialisation in 0.00s
Serialized binary data for shader Hidden/Sentis/Slice in 0.00s
    gles3 (total internal programs: 24, unique: 8)
Compiling shader "Hidden/Sentis/ScaleBias"
  Pass "" (vp)
    Target graphics API: gles3
    Full variant space:         2
    After settings filtering:   2
    After built-in stripping:   12
    After scriptable stripping: 12
    Processed in 0.00 seconds
  Pass  (vp, gles3) finished in 0.00 seconds. Local cache hits 12 (0.01s CPU time), remote cache hits 0 (0.00s CPU time), compiled 0 variants (0.00s CPU time), skipped 0 variants.
    Prepared data for serialisation in 0.00s
Serialized binary data for shader Hidden/Sentis/ScaleBias in 0.00s
    gles3 (total internal programs: 12, unique: 4)
Compiling compute shader "GridSample"
    starting stripping...
    finished in 0.00 seconds. 24 of 24 variants left
    24 variants, starting compilation...
    finished in 0.00 seconds. Local cache hits 24, remote cache hits 0, compiled 0 variants
Compiling shader "Hidden/Sentis/LayoutSwitchBlockedAxis"
  Pass "" (vp)
    Target graphics API: gles3
    Full variant space:         2
    After settings filtering:   2
    After built-in stripping:   12
    After scriptable stripping: 12
    Processed in 0.00 seconds
  Pass  (vp, gles3) finished in 0.00 seconds. Local cache hits 12 (0.01s CPU time), remote cache hits 0 (0.00s CPU time), compiled 0 variants (0.00s CPU time), skipped 0 variants.
    Prepared data for serialisation in 0.00s
Serialized binary data for shader Hidden/Sentis/LayoutSwitchBlockedAxis in 0.00s
    gles3 (total internal programs: 12, unique: 4)
Compiling compute shader "Compute.Shaders.Reduction.gen"
    starting stripping...
    finished in 0.00 seconds. 38 of 38 variants left
    38 variants, starting compilation...
    finished in 0.00 seconds. Local cache hits 38, remote cache hits 0, compiled 0 variants
Compiling compute shader "CompareOps"
    starting stripping...
    finished in 0.00 seconds. 12 of 12 variants left
    12 variants, starting compilation...
    finished in 0.00 seconds. Local cache hits 12, remote cache hits 0, compiled 0 variants
Compiling shader "PXR/HandRay"
  Pass "Depth" (vp)
    Target graphics API: gles3
    Full variant space:         4
    After settings filtering:   4
    After built-in stripping:   6
    After scriptable stripping: 6
    Processed in 0.00 seconds
  Pass "Fresnel" (vp)
    Target graphics API: gles3
    Full variant space:         1
    After settings filtering:   1
    After built-in stripping:   6
    After scriptable stripping: 6
    Processed in 0.00 seconds
  Pass "Depth" (vp)
    Target graphics API: gles3
    Full variant space:         4
    After settings filtering:   4
    After built-in stripping:   6
    After scriptable stripping: 6
    Processed in 0.00 seconds
  Pass "Fresnel" (vp)
    Target graphics API: gles3
    Full variant space:         1
    After settings filtering:   1
    After built-in stripping:   6
    After scriptable stripping: 6
    Processed in 0.00 seconds
  Pass Depth (vp, gles3) finished in 0.00 seconds. Local cache hits 6 (0.00s CPU time), remote cache hits 0 (0.00s CPU time), compiled 0 variants (0.00s CPU time), skipped 0 variants.
    Prepared data for serialisation in 0.00s
  Pass Fresnel (vp, gles3) finished in 0.00 seconds. Local cache hits 6 (0.00s CPU time), remote cache hits 0 (0.00s CPU time), compiled 0 variants (0.00s CPU time), skipped 0 variants.
    Prepared data for serialisation in 0.00s
  Pass Depth (vp, gles3) finished in 0.00 seconds. Local cache hits 6 (0.00s CPU time), remote cache hits 0 (0.00s CPU time), compiled 0 variants (0.00s CPU time), skipped 0 variants.
    Prepared data for serialisation in 0.00s
  Pass Fresnel (vp, gles3) finished in 0.00 seconds. Local cache hits 6 (0.00s CPU time), remote cache hits 0 (0.00s CPU time), compiled 0 variants (0.00s CPU time), skipped 0 variants.
    Prepared data for serialisation in 0.00s
Serialized binary data for shader PXR/HandRay in 0.00s
    gles3 (total internal programs: 24, unique: 4)
Compiling shader "Hidden/Sentis/TopP"
  Pass "" (vp)
    Target graphics API: gles3
    Full variant space:         1
    After settings filtering:   1
    After built-in stripping:   6
    After scriptable stripping: 6
    Processed in 0.00 seconds
  Pass  (vp, gles3) finished in 0.00 seconds. Local cache hits 6 (0.00s CPU time), remote cache hits 0 (0.00s CPU time), compiled 0 variants (0.00s CPU time), skipped 0 variants.
    Prepared data for serialisation in 0.00s
Serialized binary data for shader Hidden/Sentis/TopP in 0.00s
    gles3 (total internal programs: 6, unique: 2)
Compiling shader "Hidden/TerrainEngine/Details/Vertexlit"
  Pass "FORWARD" (vp)
    Target graphics API: gles3
    Full variant space:         664
    After settings filtering:   664
    After built-in stripping:   48
    After scriptable stripping: 48
    Processed in 0.00 seconds
  Pass "FORWARD" (vp)
    Target graphics API: gles3
    Full variant space:         20
    After settings filtering:   20
    After built-in stripping:   30
    After scriptable stripping: 30
    Processed in 0.00 seconds
  Pass "DEFERRED" (vp)
    Target graphics API: gles3
    Full variant space:         76
    After settings filtering:   76
    After built-in stripping:   24
    After scriptable stripping: 24
    Processed in 0.00 seconds
  Pass "" (vp)
    Target graphics API: gles3
    Full variant space:         12
    After settings filtering:   12
    After built-in stripping:   18
    After scriptable stripping: 18
    Processed in 0.00 seconds
  Pass "" (vp)
    Target graphics API: gles3
    Full variant space:         4
    After settings filtering:   4
    After built-in stripping:   6
    After scriptable stripping: 6
    Processed in 0.00 seconds
  Pass FORWARD (vp, gles3) finished in 0.00 seconds. Local cache hits 48 (0.02s CPU time), remote cache hits 0 (0.00s CPU time), compiled 0 variants (0.00s CPU time), skipped 0 variants.
    Prepared data for serialisation in 0.00s
  Pass FORWARD (vp, gles3) finished in 0.00 seconds. Local cache hits 30 (0.01s CPU time), remote cache hits 0 (0.00s CPU time), compiled 0 variants (0.00s CPU time), skipped 0 variants.
    Prepared data for serialisation in 0.00s
  Pass DEFERRED (vp, gles3) finished in 0.00 seconds. Local cache hits 24 (0.01s CPU time), remote cache hits 0 (0.00s CPU time), compiled 0 variants (0.00s CPU time), skipped 0 variants.
    Prepared data for serialisation in 0.00s
  Pass  (vp, gles3) finished in 0.00 seconds. Local cache hits 18 (0.01s CPU time), remote cache hits 0 (0.00s CPU time), compiled 0 variants (0.00s CPU time), skipped 0 variants.
    Prepared data for serialisation in 0.00s
  Pass  (vp, gles3) finished in 0.00 seconds. Local cache hits 6 (0.00s CPU time), remote cache hits 0 (0.00s CPU time), compiled 0 variants (0.00s CPU time), skipped 0 variants.
    Prepared data for serialisation in 0.00s
Serialized binary data for shader Hidden/TerrainEngine/Details/Vertexlit in 0.00s
    gles3 (total internal programs: 126, unique: 42)
Compiling shader "Hidden/TerrainEngine/Details/WavingDoublePass"
  Pass "FORWARD" (vp)
    Target graphics API: gles3
    Full variant space:         664
    After settings filtering:   664
    After built-in stripping:   48
    After scriptable stripping: 48
    Processed in 0.00 seconds
  Pass "FORWARD" (vp)
    Target graphics API: gles3
    Full variant space:         188
    After settings filtering:   188
    After built-in stripping:   78
    After scriptable stripping: 78
    Processed in 0.00 seconds
  Pass "ShadowCaster" (vp)
    Target graphics API: gles3
    Full variant space:         4
    After settings filtering:   4
    After built-in stripping:   12
    After scriptable stripping: 12
    Processed in 0.00 seconds
  Pass "" (vp)
    Target graphics API: gles3
    Full variant space:         12
    After settings filtering:   12
    After built-in stripping:   18
    After scriptable stripping: 18
    Processed in 0.00 seconds
  Pass "" (vp)
    Target graphics API: gles3
    Full variant space:         4
    After settings filtering:   4
    After built-in stripping:   6
    After scriptable stripping: 6
    Processed in 0.00 seconds
  Pass FORWARD (vp, gles3) finished in 0.00 seconds. Local cache hits 48 (0.01s CPU time), remote cache hits 0 (0.00s CPU time), compiled 0 variants (0.00s CPU time), skipped 0 variants.
    Prepared data for serialisation in 0.00s
  Pass FORWARD (vp, gles3) finished in 0.00 seconds. Local cache hits 78 (0.02s CPU time), remote cache hits 0 (0.00s CPU time), compiled 0 variants (0.00s CPU time), skipped 0 variants.
    Prepared data for serialisation in 0.00s
  Pass ShadowCaster (vp, gles3) finished in 0.00 seconds. Local cache hits 12 (0.00s CPU time), remote cache hits 0 (0.00s CPU time), compiled 0 variants (0.00s CPU time), skipped 0 variants.
    Prepared data for serialisation in 0.00s
  Pass  (vp, gles3) finished in 0.00 seconds. Local cache hits 18 (0.01s CPU time), remote cache hits 0 (0.00s CPU time), compiled 0 variants (0.00s CPU time), skipped 0 variants.
    Prepared data for serialisation in 0.00s
  Pass  (vp, gles3) finished in 0.00 seconds. Local cache hits 6 (0.00s CPU time), remote cache hits 0 (0.00s CPU time), compiled 0 variants (0.00s CPU time), skipped 0 variants.
    Prepared data for serialisation in 0.00s
Serialized binary data for shader Hidden/TerrainEngine/Details/WavingDoublePass in 0.00s
    gles3 (total internal programs: 162, unique: 54)
Compiling shader "Hidden/TerrainEngine/Details/BillboardWavingDoublePass"
  Pass "FORWARD" (vp)
    Target graphics API: gles3
    Full variant space:         664
    After settings filtering:   664
    After built-in stripping:   48
    After scriptable stripping: 48
    Processed in 0.00 seconds
  Pass "FORWARD" (vp)
    Target graphics API: gles3
    Full variant space:         188
    After settings filtering:   188
    After built-in stripping:   78
    After scriptable stripping: 78
    Processed in 0.00 seconds
  Pass "ShadowCaster" (vp)
    Target graphics API: gles3
    Full variant space:         4
    After settings filtering:   4
    After built-in stripping:   12
    After scriptable stripping: 12
    Processed in 0.00 seconds
  Pass FORWARD (vp, gles3) finished in 0.00 seconds. Local cache hits 48 (0.01s CPU time), remote cache hits 0 (0.00s CPU time), compiled 0 variants (0.00s CPU time), skipped 0 variants.
    Prepared data for serialisation in 0.00s
  Pass FORWARD (vp, gles3) finished in 0.00 seconds. Local cache hits 78 (0.02s CPU time), remote cache hits 0 (0.00s CPU time), compiled 0 variants (0.00s CPU time), skipped 0 variants.
    Prepared data for serialisation in 0.00s
  Pass ShadowCaster (vp, gles3) finished in 0.00 seconds. Local cache hits 12 (0.00s CPU time), remote cache hits 0 (0.00s CPU time), compiled 0 variants (0.00s CPU time), skipped 0 variants.
    Prepared data for serialisation in 0.00s
Serialized binary data for shader Hidden/TerrainEngine/Details/BillboardWavingDoublePass in 0.00s
    gles3 (total internal programs: 138, unique: 46)
Compiling shader "Hidden/TerrainEngine/BillboardTree"
  Pass "" (vp)
    Target graphics API: gles3
    Full variant space:         4
    After settings filtering:   4
    After built-in stripping:   6
    After scriptable stripping: 6
    Processed in 0.00 seconds
  Pass  (vp, gles3) finished in 0.00 seconds. Local cache hits 6 (0.00s CPU time), remote cache hits 0 (0.00s CPU time), compiled 0 variants (0.00s CPU time), skipped 0 variants.
    Prepared data for serialisation in 0.00s
Serialized binary data for shader Hidden/TerrainEngine/BillboardTree in 0.00s
    gles3 (total internal programs: 6, unique: 2)
Compiling shader "Hidden/Nature/Tree Soft Occlusion Bark Rendertex"
  Pass "" (vp)
    Target graphics API: gles3
    Full variant space:         1
    After settings filtering:   1
    After built-in stripping:   6
    After scriptable stripping: 6
    Processed in 0.00 seconds
  Pass  (vp, gles3) finished in 0.00 seconds. Local cache hits 6 (0.00s CPU time), remote cache hits 0 (0.00s CPU time), compiled 0 variants (0.00s CPU time), skipped 0 variants.
    Prepared data for serialisation in 0.00s
Serialized binary data for shader Hidden/Nature/Tree Soft Occlusion Bark Rendertex in 0.00s
    gles3 (total internal programs: 6, unique: 2)
Compiling shader "Hidden/Nature/Tree Soft Occlusion Leaves Rendertex"
  Pass "" (vp)
    Target graphics API: gles3
    Full variant space:         1
    After settings filtering:   1
    After built-in stripping:   6
    After scriptable stripping: 6
    Processed in 0.00 seconds
  Pass  (vp, gles3) finished in 0.00 seconds. Local cache hits 6 (0.00s CPU time), remote cache hits 0 (0.00s CPU time), compiled 0 variants (0.00s CPU time), skipped 0 variants.
    Prepared data for serialisation in 0.00s
Serialized binary data for shader Hidden/Nature/Tree Soft Occlusion Leaves Rendertex in 0.00s
    gles3 (total internal programs: 6, unique: 2)
Compiling shader "Hidden/TerrainEngine/CameraFacingBillboardTree"
  Pass "" (vp)
    Target graphics API: gles3
    Full variant space:         4
    After settings filtering:   4
    After built-in stripping:   6
    After scriptable stripping: 6
    Processed in 0.00 seconds
  Pass  (vp, gles3) finished in 0.00 seconds. Local cache hits 6 (0.00s CPU time), remote cache hits 0 (0.00s CPU time), compiled 0 variants (0.00s CPU time), skipped 0 variants.
    Prepared data for serialisation in 0.00s
Serialized binary data for shader Hidden/TerrainEngine/CameraFacingBillboardTree in 0.00s
    gles3 (total internal programs: 6, unique: 2)
Compiling shader "Hidden/Nature/Tree Creator Albedo Rendertex"
  Pass "" (vp)
    Target graphics API: gles3
    Full variant space:         1
    After settings filtering:   1
    After built-in stripping:   6
    After scriptable stripping: 6
    Processed in 0.00 seconds
  Pass  (vp, gles3) finished in 0.00 seconds. Local cache hits 6 (0.00s CPU time), remote cache hits 0 (0.00s CPU time), compiled 0 variants (0.00s CPU time), skipped 0 variants.
    Prepared data for serialisation in 0.00s
Serialized binary data for shader Hidden/Nature/Tree Creator Albedo Rendertex in 0.00s
    gles3 (total internal programs: 6, unique: 2)
Compiling shader "Hidden/Nature/Tree Creator Normal Rendertex"
  Pass "" (vp)
    Target graphics API: gles3
    Full variant space:         1
    After settings filtering:   1
    After built-in stripping:   6
    After scriptable stripping: 6
    Processed in 0.00 seconds
  Pass  (vp, gles3) finished in 0.00 seconds. Local cache hits 6 (0.00s CPU time), remote cache hits 0 (0.00s CPU time), compiled 0 variants (0.00s CPU time), skipped 0 variants.
    Prepared data for serialisation in 0.00s
Serialized binary data for shader Hidden/Nature/Tree Creator Normal Rendertex in 0.00s
    gles3 (total internal programs: 6, unique: 2)
Compiling shader "Hidden/TerrainEngine/Splatmap/Standard-BaseGen"
  Pass "" (vp)
    Target graphics API: gles3
    Full variant space:         1
    After settings filtering:   1
    After built-in stripping:   6
    After scriptable stripping: 6
    Processed in 0.00 seconds
  Pass "" (vp)
    Target graphics API: gles3
    Full variant space:         1
    After settings filtering:   1
    After built-in stripping:   6
    After scriptable stripping: 6
    Processed in 0.00 seconds
  Pass "" (vp)
    Target graphics API: gles3
    Full variant space:         1
    After settings filtering:   1
    After built-in stripping:   6
    After scriptable stripping: 6
    Processed in 0.00 seconds
  Pass  (vp, gles3) finished in 0.00 seconds. Local cache hits 6 (0.00s CPU time), remote cache hits 0 (0.00s CPU time), compiled 0 variants (0.00s CPU time), skipped 0 variants.
    Prepared data for serialisation in 0.00s
  Pass  (vp, gles3) finished in 0.00 seconds. Local cache hits 6 (0.00s CPU time), remote cache hits 0 (0.00s CPU time), compiled 0 variants (0.00s CPU time), skipped 0 variants.
    Prepared data for serialisation in 0.00s
  Pass  (vp, gles3) finished in 0.00 seconds. Local cache hits 6 (0.00s CPU time), remote cache hits 0 (0.00s CPU time), compiled 0 variants (0.00s CPU time), skipped 0 variants.
    Prepared data for serialisation in 0.00s
Serialized binary data for shader Hidden/TerrainEngine/Splatmap/Standard-BaseGen in 0.00s
    gles3 (total internal programs: 18, unique: 6)
Compiling shader "Hidden/TerrainEngine/PaintHeight"
  Pass "Raise/Lower Heights" (vp)
    Target graphics API: gles3
    Full variant space:         1
    After settings filtering:   1
    After built-in stripping:   6
    After scriptable stripping: 6
    Processed in 0.00 seconds
  Pass "Stamp Heights" (vp)
    Target graphics API: gles3
    Full variant space:         1
    After settings filtering:   1
    After built-in stripping:   6
    After scriptable stripping: 6
    Processed in 0.00 seconds
  Pass "Set Heights" (vp)
    Target graphics API: gles3
    Full variant space:         1
    After settings filtering:   1
    After built-in stripping:   6
    After scriptable stripping: 6
    Processed in 0.00 seconds
  Pass "Smooth Heights" (vp)
    Target graphics API: gles3
    Full variant space:         1
    After settings filtering:   1
    After built-in stripping:   6
    After scriptable stripping: 6
    Processed in 0.00 seconds
  Pass "Paint Texture" (vp)
    Target graphics API: gles3
    Full variant space:         1
    After settings filtering:   1
    After built-in stripping:   6
    After scriptable stripping: 6
    Processed in 0.00 seconds
  Pass "Paint Holes" (vp)
    Target graphics API: gles3
    Full variant space:         1
    After settings filtering:   1
    After built-in stripping:   6
    After scriptable stripping: 6
    Processed in 0.00 seconds
  Pass Raise/Lower Heights (vp, gles3) finished in 0.00 seconds. Local cache hits 6 (0.00s CPU time), remote cache hits 0 (0.00s CPU time), compiled 0 variants (0.00s CPU time), skipped 0 variants.
    Prepared data for serialisation in 0.00s
  Pass Stamp Heights (vp, gles3) finished in 0.00 seconds. Local cache hits 6 (0.00s CPU time), remote cache hits 0 (0.00s CPU time), compiled 0 variants (0.00s CPU time), skipped 0 variants.
    Prepared data for serialisation in 0.00s
  Pass Set Heights (vp, gles3) finished in 0.00 seconds. Local cache hits 6 (0.00s CPU time), remote cache hits 0 (0.00s CPU time), compiled 0 variants (0.00s CPU time), skipped 0 variants.
    Prepared data for serialisation in 0.00s
  Pass Smooth Heights (vp, gles3) finished in 0.00 seconds. Local cache hits 6 (0.00s CPU time), remote cache hits 0 (0.00s CPU time), compiled 0 variants (0.00s CPU time), skipped 0 variants.
    Prepared data for serialisation in 0.00s
  Pass Paint Texture (vp, gles3) finished in 0.00 seconds. Local cache hits 6 (0.00s CPU time), remote cache hits 0 (0.00s CPU time), compiled 0 variants (0.00s CPU time), skipped 0 variants.
    Prepared data for serialisation in 0.00s
  Pass Paint Holes (vp, gles3) finished in 0.00 seconds. Local cache hits 6 (0.00s CPU time), remote cache hits 0 (0.00s CPU time), compiled 0 variants (0.00s CPU time), skipped 0 variants.
    Prepared data for serialisation in 0.00s
Serialized binary data for shader Hidden/TerrainEngine/PaintHeight in 0.00s
    gles3 (total internal programs: 36, unique: 12)
Compiling shader "Hidden/TerrainEngine/HeightBlitCopy"
  Pass "" (vp)
    Target graphics API: gles3
    Full variant space:         1
    After settings filtering:   1
    After built-in stripping:   6
    After scriptable stripping: 6
    Processed in 0.00 seconds
  Pass  (vp, gles3) finished in 0.00 seconds. Local cache hits 6 (0.00s CPU time), remote cache hits 0 (0.00s CPU time), compiled 0 variants (0.00s CPU time), skipped 0 variants.
    Prepared data for serialisation in 0.00s
Serialized binary data for shader Hidden/TerrainEngine/HeightBlitCopy in 0.00s
    gles3 (total internal programs: 6, unique: 2)
Compiling shader "Hidden/TerrainEngine/GenerateNormalmap"
  Pass "" (vp)
    Target graphics API: gles3
    Full variant space:         1
    After settings filtering:   1
    After built-in stripping:   6
    After scriptable stripping: 6
    Processed in 0.00 seconds
  Pass  (vp, gles3) finished in 0.00 seconds. Local cache hits 6 (0.00s CPU time), remote cache hits 0 (0.00s CPU time), compiled 0 variants (0.00s CPU time), skipped 0 variants.
    Prepared data for serialisation in 0.00s
Serialized binary data for shader Hidden/TerrainEngine/GenerateNormalmap in 0.00s
    gles3 (total internal programs: 6, unique: 2)
Compiling shader "Hidden/TerrainEngine/TerrainLayerUtils"
  Pass "Get Terrain Layer Channel" (vp)
    Target graphics API: gles3
    Full variant space:         1
    After settings filtering:   1
    After built-in stripping:   6
    After scriptable stripping: 6
    Processed in 0.00 seconds
  Pass "Set Terrain Layer Channel" (vp)
    Target graphics API: gles3
    Full variant space:         1
    After settings filtering:   1
    After built-in stripping:   6
    After scriptable stripping: 6
    Processed in 0.00 seconds
  Pass "Blit Copy Highest Mip" (vp)
    Target graphics API: gles3
    Full variant space:         1
    After settings filtering:   1
    After built-in stripping:   6
    After scriptable stripping: 6
    Processed in 0.00 seconds
  Pass Get Terrain Layer Channel (vp, gles3) finished in 0.00 seconds. Local cache hits 6 (0.00s CPU time), remote cache hits 0 (0.00s CPU time), compiled 0 variants (0.00s CPU time), skipped 0 variants.
    Prepared data for serialisation in 0.00s
  Pass Set Terrain Layer Channel (vp, gles3) finished in 0.00 seconds. Local cache hits 6 (0.00s CPU time), remote cache hits 0 (0.00s CPU time), compiled 0 variants (0.00s CPU time), skipped 0 variants.
    Prepared data for serialisation in 0.00s
  Pass Blit Copy Highest Mip (vp, gles3) finished in 0.00 seconds. Local cache hits 6 (0.00s CPU time), remote cache hits 0 (0.00s CPU time), compiled 0 variants (0.00s CPU time), skipped 0 variants.
    Prepared data for serialisation in 0.00s
Serialized binary data for shader Hidden/TerrainEngine/TerrainLayerUtils in 0.00s
    gles3 (total internal programs: 18, unique: 6)
Compiling shader "Hidden/TerrainEngine/CrossBlendNeighbors"
  Pass "" (vp)
    Target graphics API: gles3
    Full variant space:         1
    After settings filtering:   1
    After built-in stripping:   6
    After scriptable stripping: 6
    Processed in 0.00 seconds
  Pass  (vp, gles3) finished in 0.00 seconds. Local cache hits 6 (0.00s CPU time), remote cache hits 0 (0.00s CPU time), compiled 0 variants (0.00s CPU time), skipped 0 variants.
    Prepared data for serialisation in 0.00s
Serialized binary data for shader Hidden/TerrainEngine/CrossBlendNeighbors in 0.00s
    gles3 (total internal programs: 6, unique: 2)
Compiling shader "Legacy Shaders/VertexLit"
  Pass "" (vp)
    Target graphics API: gles3
    Full variant space:         12
    After settings filtering:   12
    After built-in stripping:   18
    After scriptable stripping: 18
    Processed in 0.00 seconds
  Pass "" (vp)
    Target graphics API: gles3
    Full variant space:         4
    After settings filtering:   4
    After built-in stripping:   6
    After scriptable stripping: 6
    Processed in 0.00 seconds
  Pass "ShadowCaster" (vp)
    Target graphics API: gles3
    Full variant space:         4
    After settings filtering:   4
    After built-in stripping:   12
    After scriptable stripping: 12
    Processed in 0.00 seconds
  Pass  (vp, gles3) finished in 0.00 seconds. Local cache hits 18 (0.01s CPU time), remote cache hits 0 (0.00s CPU time), compiled 0 variants (0.00s CPU time), skipped 0 variants.
    Prepared data for serialisation in 0.00s
  Pass  (vp, gles3) finished in 0.00 seconds. Local cache hits 6 (0.00s CPU time), remote cache hits 0 (0.00s CPU time), compiled 0 variants (0.00s CPU time), skipped 0 variants.
    Prepared data for serialisation in 0.00s
  Pass ShadowCaster (vp, gles3) finished in 0.00 seconds. Local cache hits 12 (0.00s CPU time), remote cache hits 0 (0.00s CPU time), compiled 0 variants (0.00s CPU time), skipped 0 variants.
    Prepared data for serialisation in 0.00s
Serialized binary data for shader Legacy Shaders/VertexLit in 0.00s
    gles3 (total internal programs: 36, unique: 12)
Compiling shader "Legacy Shaders/Diffuse"
  Pass "FORWARD" (vp)
    Target graphics API: gles3
    Full variant space:         664
    After settings filtering:   664
    After built-in stripping:   48
    After scriptable stripping: 48
    Processed in 0.00 seconds
  Pass "FORWARD" (vp)
    Target graphics API: gles3
    Full variant space:         20
    After settings filtering:   20
    After built-in stripping:   30
    After scriptable stripping: 30
    Processed in 0.00 seconds
  Pass "DEFERRED" (vp)
    Target graphics API: gles3
    Full variant space:         76
    After settings filtering:   76
    After built-in stripping:   24
    After scriptable stripping: 24
    Processed in 0.00 seconds
  Pass FORWARD (vp, gles3) finished in 0.00 seconds. Local cache hits 48 (0.01s CPU time), remote cache hits 0 (0.00s CPU time), compiled 0 variants (0.00s CPU time), skipped 0 variants.
    Prepared data for serialisation in 0.00s
  Pass FORWARD (vp, gles3) finished in 0.00 seconds. Local cache hits 30 (0.01s CPU time), remote cache hits 0 (0.00s CPU time), compiled 0 variants (0.00s CPU time), skipped 0 variants.
    Prepared data for serialisation in 0.00s
  Pass DEFERRED (vp, gles3) finished in 0.00 seconds. Local cache hits 24 (0.00s CPU time), remote cache hits 0 (0.00s CPU time), compiled 0 variants (0.00s CPU time), skipped 0 variants.
    Prepared data for serialisation in 0.00s
Serialized binary data for shader Legacy Shaders/Diffuse in 0.00s
    gles3 (total internal programs: 102, unique: 34)
Compiling shader "Hidden/Internal-StencilWrite"
  Pass "" (vp)
    Target graphics API: gles3
    Full variant space:         1
    After settings filtering:   1
    After built-in stripping:   6
    After scriptable stripping: 6
    Processed in 0.00 seconds
  Pass  (vp, gles3) finished in 0.00 seconds. Local cache hits 6 (0.00s CPU time), remote cache hits 0 (0.00s CPU time), compiled 0 variants (0.00s CPU time), skipped 0 variants.
    Prepared data for serialisation in 0.00s
Serialized binary data for shader Hidden/Internal-StencilWrite in 0.00s
    gles3 (total internal programs: 6, unique: 2)
Compiling shader "Standard"
  Pass "FORWARD" (vp)
    Target graphics API: gles3
    Full variant space:         664
    After settings filtering:   664
    After built-in stripping:   48
    After scriptable stripping: 48
    Processed in 0.00 seconds
  Pass "FORWARD_DELTA" (vp)
    Target graphics API: gles3
    Full variant space:         188
    After settings filtering:   188
    After built-in stripping:   78
    After scriptable stripping: 78
    Processed in 0.00 seconds
  Pass "ShadowCaster" (vp)
    Target graphics API: gles3
    Full variant space:         4
    After settings filtering:   4
    After built-in stripping:   12
    After scriptable stripping: 12
    Processed in 0.00 seconds
  Pass "DEFERRED" (vp)
    Target graphics API: gles3
    Full variant space:         76
    After settings filtering:   76
    After built-in stripping:   24
    After scriptable stripping: 24
    Processed in 0.00 seconds
  Pass "FORWARD" (vp)
    Target graphics API: gles3
    Full variant space:         208
    After settings filtering:   208
    After built-in stripping:   48
    After scriptable stripping: 48
    Processed in 0.00 seconds
  Pass "FORWARD_DELTA" (vp)
    Target graphics API: gles3
    Full variant space:         140
    After settings filtering:   140
    After built-in stripping:   60
    After scriptable stripping: 60
    Processed in 0.00 seconds
  Pass "ShadowCaster" (vp)
    Target graphics API: gles3
    Full variant space:         2
    After settings filtering:   2
    After built-in stripping:   12
    After scriptable stripping: 12
    Processed in 0.00 seconds
  Pass FORWARD (vp, gles3) finished in 0.00 seconds. Local cache hits 48 (0.01s CPU time), remote cache hits 0 (0.00s CPU time), compiled 0 variants (0.00s CPU time), skipped 0 variants.
    Prepared data for serialisation in 0.00s
  Pass FORWARD_DELTA (vp, gles3) finished in 0.00 seconds. Local cache hits 78 (0.02s CPU time), remote cache hits 0 (0.00s CPU time), compiled 0 variants (0.00s CPU time), skipped 0 variants.
    Prepared data for serialisation in 0.00s
  Pass ShadowCaster (vp, gles3) finished in 0.00 seconds. Local cache hits 12 (0.00s CPU time), remote cache hits 0 (0.00s CPU time), compiled 0 variants (0.00s CPU time), skipped 0 variants.
    Prepared data for serialisation in 0.00s
  Pass DEFERRED (vp, gles3) finished in 0.00 seconds. Local cache hits 24 (0.00s CPU time), remote cache hits 0 (0.00s CPU time), compiled 0 variants (0.00s CPU time), skipped 0 variants.
    Prepared data for serialisation in 0.00s
  Pass FORWARD (vp, gles3) finished in 0.00 seconds. Local cache hits 48 (0.01s CPU time), remote cache hits 0 (0.00s CPU time), compiled 0 variants (0.00s CPU time), skipped 0 variants.
    Prepared data for serialisation in 0.00s
  Pass FORWARD_DELTA (vp, gles3) finished in 0.00 seconds. Local cache hits 60 (0.01s CPU time), remote cache hits 0 (0.00s CPU time), compiled 0 variants (0.00s CPU time), skipped 0 variants.
    Prepared data for serialisation in 0.00s
  Pass ShadowCaster (vp, gles3) finished in 0.00 seconds. Local cache hits 12 (0.00s CPU time), remote cache hits 0 (0.00s CPU time), compiled 0 variants (0.00s CPU time), skipped 0 variants.
    Prepared data for serialisation in 0.00s
Serialized binary data for shader Standard in 0.00s
    gles3 (total internal programs: 282, unique: 108)
Compressed shader 'Standard' on gles3 from 1.01MB to 0.03MB
Compressed shader 'Standard' in 0.00s
Compiling shader "Hidden/Internal-DepthNormalsTexture"
  Pass "" (vp)
    Target graphics API: gles3
    Full variant space:         1
    After settings filtering:   1
    After built-in stripping:   6
    After scriptable stripping: 6
    Processed in 0.00 seconds
  Pass "" (vp)
    Target graphics API: gles3
    Full variant space:         1
    After settings filtering:   1
    After built-in stripping:   6
    After scriptable stripping: 6
    Processed in 0.00 seconds
  Pass "" (vp)
    Target graphics API: gles3
    Full variant space:         1
    After settings filtering:   1
    After built-in stripping:   6
    After scriptable stripping: 6
    Processed in 0.00 seconds
  Pass "" (vp)
    Target graphics API: gles3
    Full variant space:         1
    After settings filtering:   1
    After built-in stripping:   6
    After scriptable stripping: 6
    Processed in 0.00 seconds
  Pass "" (vp)
    Target graphics API: gles3
    Full variant space:         1
    After settings filtering:   1
    After built-in stripping:   6
    After scriptable stripping: 6
    Processed in 0.00 seconds
  Pass "" (vp)
    Target graphics API: gles3
    Full variant space:         1
    After settings filtering:   1
    After built-in stripping:   6
    After scriptable stripping: 6
    Processed in 0.00 seconds
  Pass "" (vp)
    Target graphics API: gles3
    Full variant space:         1
    After settings filtering:   1
    After built-in stripping:   6
    After scriptable stripping: 6
    Processed in 0.00 seconds
  Pass "" (vp)
    Target graphics API: gles3
    Full variant space:         1
    After settings filtering:   1
    After built-in stripping:   6
    After scriptable stripping: 6
    Processed in 0.00 seconds
  Pass "" (vp)
    Target graphics API: gles3
    Full variant space:         1
    After settings filtering:   1
    After built-in stripping:   6
    After scriptable stripping: 6
    Processed in 0.00 seconds
  Pass "" (vp)
    Target graphics API: gles3
    Full variant space:         1
    After settings filtering:   1
    After built-in stripping:   6
    After scriptable stripping: 6
    Processed in 0.00 seconds
  Pass  (vp, gles3) finished in 0.00 seconds. Local cache hits 6 (0.00s CPU time), remote cache hits 0 (0.00s CPU time), compiled 0 variants (0.00s CPU time), skipped 0 variants.
    Prepared data for serialisation in 0.00s
  Pass  (vp, gles3) finished in 0.00 seconds. Local cache hits 6 (0.00s CPU time), remote cache hits 0 (0.00s CPU time), compiled 0 variants (0.00s CPU time), skipped 0 variants.
    Prepared data for serialisation in 0.00s
  Pass  (vp, gles3) finished in 0.00 seconds. Local cache hits 6 (0.00s CPU time), remote cache hits 0 (0.00s CPU time), compiled 0 variants (0.00s CPU time), skipped 0 variants.
    Prepared data for serialisation in 0.00s
  Pass  (vp, gles3) finished in 0.00 seconds. Local cache hits 6 (0.00s CPU time), remote cache hits 0 (0.00s CPU time), compiled 0 variants (0.00s CPU time), skipped 0 variants.
    Prepared data for serialisation in 0.00s
  Pass  (vp, gles3) finished in 0.00 seconds. Local cache hits 6 (0.00s CPU time), remote cache hits 0 (0.00s CPU time), compiled 0 variants (0.00s CPU time), skipped 0 variants.
    Prepared data for serialisation in 0.00s
  Pass  (vp, gles3) finished in 0.00 seconds. Local cache hits 6 (0.00s CPU time), remote cache hits 0 (0.00s CPU time), compiled 0 variants (0.00s CPU time), skipped 0 variants.
    Prepared data for serialisation in 0.00s
  Pass  (vp, gles3) finished in 0.00 seconds. Local cache hits 6 (0.00s CPU time), remote cache hits 0 (0.00s CPU time), compiled 0 variants (0.00s CPU time), skipped 0 variants.
    Prepared data for serialisation in 0.00s
  Pass  (vp, gles3) finished in 0.00 seconds. Local cache hits 6 (0.00s CPU time), remote cache hits 0 (0.00s CPU time), compiled 0 variants (0.00s CPU time), skipped 0 variants.
    Prepared data for serialisation in 0.00s
  Pass  (vp, gles3) finished in 0.00 seconds. Local cache hits 6 (0.00s CPU time), remote cache hits 0 (0.00s CPU time), compiled 0 variants (0.00s CPU time), skipped 0 variants.
    Prepared data for serialisation in 0.00s
  Pass  (vp, gles3) finished in 0.00 seconds. Local cache hits 6 (0.00s CPU time), remote cache hits 0 (0.00s CPU time), compiled 0 variants (0.00s CPU time), skipped 0 variants.
    Prepared data for serialisation in 0.00s
Serialized binary data for shader Hidden/Internal-DepthNormalsTexture in 0.00s
    gles3 (total internal programs: 60, unique: 20)
Compiling shader "Hidden/Internal-ScreenSpaceShadows"
  Pass "" (vp)
    Target graphics API: gles3
    Full variant space:         4
    After settings filtering:   4
    After built-in stripping:   24
    After scriptable stripping: 24
    Processed in 0.00 seconds
  Pass "" (vp)
    Target graphics API: gles3
    Full variant space:         4
    After settings filtering:   4
    After built-in stripping:   24
    After scriptable stripping: 24
    Processed in 0.00 seconds
  Pass "" (vp)
    Target graphics API: gles3
    Full variant space:         4
    After settings filtering:   4
    After built-in stripping:   24
    After scriptable stripping: 24
    Processed in 0.00 seconds
  Pass "" (vp)
    Target graphics API: gles3
    Full variant space:         4
    After settings filtering:   4
    After built-in stripping:   24
    After scriptable stripping: 24
    Processed in 0.00 seconds
  Pass  (vp, gles3) finished in 0.00 seconds. Local cache hits 24 (0.01s CPU time), remote cache hits 0 (0.00s CPU time), compiled 0 variants (0.00s CPU time), skipped 0 variants.
    Prepared data for serialisation in 0.00s
  Pass  (vp, gles3) finished in 0.00 seconds. Local cache hits 24 (0.01s CPU time), remote cache hits 0 (0.00s CPU time), compiled 0 variants (0.00s CPU time), skipped 0 variants.
    Prepared data for serialisation in 0.00s
  Pass  (vp, gles3) finished in 0.00 seconds. Local cache hits 24 (0.01s CPU time), remote cache hits 0 (0.00s CPU time), compiled 0 variants (0.00s CPU time), skipped 0 variants.
    Prepared data for serialisation in 0.00s
  Pass  (vp, gles3) finished in 0.00 seconds. Local cache hits 24 (0.00s CPU time), remote cache hits 0 (0.00s CPU time), compiled 0 variants (0.00s CPU time), skipped 0 variants.
    Prepared data for serialisation in 0.00s
Serialized binary data for shader Hidden/Internal-ScreenSpaceShadows in 0.00s
    gles3 (total internal programs: 96, unique: 32)
Compiling shader "Hidden/Internal-CombineDepthNormals"
  Pass "" (vp)
    Target graphics API: gles3
    Full variant space:         1
    After settings filtering:   1
    After built-in stripping:   6
    After scriptable stripping: 6
    Processed in 0.00 seconds
  Pass  (vp, gles3) finished in 0.00 seconds. Local cache hits 6 (0.00s CPU time), remote cache hits 0 (0.00s CPU time), compiled 0 variants (0.00s CPU time), skipped 0 variants.
    Prepared data for serialisation in 0.00s
Serialized binary data for shader Hidden/Internal-CombineDepthNormals in 0.00s
    gles3 (total internal programs: 6, unique: 2)
Compiling shader "Hidden/BlitCopy"
  Pass "" (vp)
    Target graphics API: gles3
    Full variant space:         1
    After settings filtering:   1
    After built-in stripping:   6
    After scriptable stripping: 6
    Processed in 0.00 seconds
  Pass  (vp, gles3) finished in 0.00 seconds. Local cache hits 6 (0.00s CPU time), remote cache hits 0 (0.00s CPU time), compiled 0 variants (0.00s CPU time), skipped 0 variants.
    Prepared data for serialisation in 0.00s
Serialized binary data for shader Hidden/BlitCopy in 0.00s
    gles3 (total internal programs: 6, unique: 2)
Compiling shader "Hidden/BlitCopyDepth"
  Pass "" (vp)
    Target graphics API: gles3
    Full variant space:         1
    After settings filtering:   1
    After built-in stripping:   6
    After scriptable stripping: 6
    Processed in 0.00 seconds
  Pass  (vp, gles3) finished in 0.00 seconds. Local cache hits 6 (0.00s CPU time), remote cache hits 0 (0.00s CPU time), compiled 0 variants (0.00s CPU time), skipped 0 variants.
    Prepared data for serialisation in 0.00s
Serialized binary data for shader Hidden/BlitCopyDepth in 0.00s
    gles3 (total internal programs: 6, unique: 2)
Compiling shader "Hidden/ConvertTexture"
  Pass "" (vp)
    Target graphics API: gles3
    Full variant space:         1
    After settings filtering:   1
    After built-in stripping:   6
    After scriptable stripping: 6
    Processed in 0.00 seconds
  Pass  (vp, gles3) finished in 0.00 seconds. Local cache hits 6 (0.00s CPU time), remote cache hits 0 (0.00s CPU time), compiled 0 variants (0.00s CPU time), skipped 0 variants.
    Prepared data for serialisation in 0.00s
Serialized binary data for shader Hidden/ConvertTexture in 0.00s
    gles3 (total internal programs: 6, unique: 2)
Compiling shader "Hidden/Internal-DeferredShading"
  Pass "" (vp)
    Target graphics API: gles3
    Full variant space:         94
    After settings filtering:   94
    After built-in stripping:   156
    After scriptable stripping: 156
    Processed in 0.00 seconds
  Pass "" (vp)
    Target graphics API: gles3
    Full variant space:         1
    After settings filtering:   1
    After built-in stripping:   6
    After scriptable stripping: 6
    Processed in 0.00 seconds
  Pass  (vp, gles3) finished in 0.00 seconds. Local cache hits 156 (0.04s CPU time), remote cache hits 0 (0.00s CPU time), compiled 0 variants (0.00s CPU time), skipped 0 variants.
    Prepared data for serialisation in 0.00s
  Pass  (vp, gles3) finished in 0.00 seconds. Local cache hits 6 (0.00s CPU time), remote cache hits 0 (0.00s CPU time), compiled 0 variants (0.00s CPU time), skipped 0 variants.
    Prepared data for serialisation in 0.00s
Serialized binary data for shader Hidden/Internal-DeferredShading in 0.00s
    gles3 (total internal programs: 162, unique: 106)
Compiling shader "Hidden/Internal-DeferredReflections"
  Pass "" (vp)
    Target graphics API: gles3
    Full variant space:         1
    After settings filtering:   1
    After built-in stripping:   6
    After scriptable stripping: 6
    Processed in 0.00 seconds
  Pass "" (vp)
    Target graphics API: gles3
    Full variant space:         2
    After settings filtering:   2
    After built-in stripping:   12
    After scriptable stripping: 12
    Processed in 0.00 seconds
  Pass  (vp, gles3) finished in 0.00 seconds. Local cache hits 6 (0.00s CPU time), remote cache hits 0 (0.00s CPU time), compiled 0 variants (0.00s CPU time), skipped 0 variants.
    Prepared data for serialisation in 0.00s
  Pass  (vp, gles3) finished in 0.00 seconds. Local cache hits 12 (0.00s CPU time), remote cache hits 0 (0.00s CPU time), compiled 0 variants (0.00s CPU time), skipped 0 variants.
    Prepared data for serialisation in 0.00s
Serialized binary data for shader Hidden/Internal-DeferredReflections in 0.00s
    gles3 (total internal programs: 18, unique: 8)
Compiling shader "Hidden/Internal-MotionVectors"
  Pass "" (vp)
    Target graphics API: gles3
    Full variant space:         1
    After settings filtering:   1
    After built-in stripping:   6
    After scriptable stripping: 6
    Processed in 0.00 seconds
  Pass "" (vp)
    Target graphics API: gles3
    Full variant space:         1
    After settings filtering:   1
    After built-in stripping:   6
    After scriptable stripping: 6
    Processed in 0.00 seconds
  Pass "" (vp)
    Target graphics API: gles3
    Full variant space:         1
    After settings filtering:   1
    After built-in stripping:   6
    After scriptable stripping: 6
    Processed in 0.00 seconds
  Pass  (vp, gles3) finished in 0.00 seconds. Local cache hits 6 (0.00s CPU time), remote cache hits 0 (0.00s CPU time), compiled 0 variants (0.00s CPU time), skipped 0 variants.
    Prepared data for serialisation in 0.00s
  Pass  (vp, gles3) finished in 0.00 seconds. Local cache hits 6 (0.00s CPU time), remote cache hits 0 (0.00s CPU time), compiled 0 variants (0.00s CPU time), skipped 0 variants.
    Prepared data for serialisation in 0.00s
  Pass  (vp, gles3) finished in 0.00 seconds. Local cache hits 6 (0.00s CPU time), remote cache hits 0 (0.00s CPU time), compiled 0 variants (0.00s CPU time), skipped 0 variants.
    Prepared data for serialisation in 0.00s
Serialized binary data for shader Hidden/Internal-MotionVectors in 0.00s
    gles3 (total internal programs: 18, unique: 6)
Compiling shader "Hidden/Internal-Flare"
  Pass "" (vp)
    Target graphics API: gles3
    Full variant space:         1
    After settings filtering:   1
    After built-in stripping:   6
    After scriptable stripping: 6
    Processed in 0.00 seconds
  Pass  (vp, gles3) finished in 0.00 seconds. Local cache hits 6 (0.00s CPU time), remote cache hits 0 (0.00s CPU time), compiled 0 variants (0.00s CPU time), skipped 0 variants.
    Prepared data for serialisation in 0.00s
Serialized binary data for shader Hidden/Internal-Flare in 0.00s
    gles3 (total internal programs: 6, unique: 2)
Compiling shader "Hidden/Internal-Halo"
  Pass "" (vp)
    Target graphics API: gles3
    Full variant space:         4
    After settings filtering:   4
    After built-in stripping:   6
    After scriptable stripping: 6
    Processed in 0.00 seconds
  Pass  (vp, gles3) finished in 0.00 seconds. Local cache hits 6 (0.00s CPU time), remote cache hits 0 (0.00s CPU time), compiled 0 variants (0.00s CPU time), skipped 0 variants.
    Prepared data for serialisation in 0.00s
Serialized binary data for shader Hidden/Internal-Halo in 0.00s
    gles3 (total internal programs: 6, unique: 2)
Compiling shader "Skybox/Procedural"
  Pass "" (vp)
    Target graphics API: gles3
    Full variant space:         3
    After settings filtering:   3
    After built-in stripping:   18
    After scriptable stripping: 18
    Processed in 0.00 seconds
  Pass  (vp, gles3) finished in 0.00 seconds. Local cache hits 18 (0.01s CPU time), remote cache hits 0 (0.00s CPU time), compiled 0 variants (0.00s CPU time), skipped 0 variants.
    Prepared data for serialisation in 0.00s
Serialized binary data for shader Skybox/Procedural in 0.00s
    gles3 (total internal programs: 18, unique: 6)
Compiling shader "Hidden/BlitCopyWithDepth"
  Pass "" (vp)
    Target graphics API: gles3
    Full variant space:         1
    After settings filtering:   1
    After built-in stripping:   6
    After scriptable stripping: 6
    Processed in 0.00 seconds
  Pass  (vp, gles3) finished in 0.00 seconds. Local cache hits 6 (0.00s CPU time), remote cache hits 0 (0.00s CPU time), compiled 0 variants (0.00s CPU time), skipped 0 variants.
    Prepared data for serialisation in 0.00s
Serialized binary data for shader Hidden/BlitCopyWithDepth in 0.00s
    gles3 (total internal programs: 6, unique: 2)
Compiling shader "Hidden/BlitToDepth"
  Pass "" (vp)
    Target graphics API: gles3
    Full variant space:         1
    After settings filtering:   1
    After built-in stripping:   6
    After scriptable stripping: 6
    Processed in 0.00 seconds
  Pass  (vp, gles3) finished in 0.00 seconds. Local cache hits 6 (0.00s CPU time), remote cache hits 0 (0.00s CPU time), compiled 0 variants (0.00s CPU time), skipped 0 variants.
    Prepared data for serialisation in 0.00s
Serialized binary data for shader Hidden/BlitToDepth in 0.00s
    gles3 (total internal programs: 6, unique: 2)
Compiling shader "Hidden/BlitToDepth_MSAA"
  Pass "" (vp)
    Target graphics API: gles3
    Full variant space:         1
    After settings filtering:   1
    After built-in stripping:   6
    After scriptable stripping: 6
    Processed in 0.00 seconds
  Pass  (vp, gles3) finished in 0.00 seconds. Local cache hits 6 (0.00s CPU time), remote cache hits 0 (0.00s CPU time), compiled 0 variants (0.00s CPU time), skipped 0 variants.
    Prepared data for serialisation in 0.00s
Serialized binary data for shader Hidden/BlitToDepth_MSAA in 0.00s
    gles3 (total internal programs: 6, unique: 2)
Compiling shader "Hidden/BlitCopyHDRTonemap"
  Pass "" (vp)
    Target graphics API: gles3
    Full variant space:         1
    After settings filtering:   1
    After built-in stripping:   6
    After scriptable stripping: 6
    Processed in 0.00 seconds
  Pass  (vp, gles3) finished in 0.00 seconds. Local cache hits 6 (0.00s CPU time), remote cache hits 0 (0.00s CPU time), compiled 0 variants (0.00s CPU time), skipped 0 variants.
    Prepared data for serialisation in 0.00s
Serialized binary data for shader Hidden/BlitCopyHDRTonemap in 0.00s
    gles3 (total internal programs: 6, unique: 2)
Compiling shader "Hidden/Internal-DebugPattern"
  Pass "Target Color and DepthStencil" (vp)
    Target graphics API: gles3
    Full variant space:         1
    After settings filtering:   1
    After built-in stripping:   6
    After scriptable stripping: 6
    Processed in 0.00 seconds
  Pass "Target only Color" (vp)
    Target graphics API: gles3
    Full variant space:         1
    After settings filtering:   1
    After built-in stripping:   6
    After scriptable stripping: 6
    Processed in 0.00 seconds
  Pass "Target only DepthStencil" (vp)
    Target graphics API: gles3
    Full variant space:         1
    After settings filtering:   1
    After built-in stripping:   6
    After scriptable stripping: 6
    Processed in 0.00 seconds
  Pass Target Color and DepthStencil (vp, gles3) finished in 0.00 seconds. Local cache hits 6 (0.00s CPU time), remote cache hits 0 (0.00s CPU time), compiled 0 variants (0.00s CPU time), skipped 0 variants.
    Prepared data for serialisation in 0.00s
  Pass Target only Color (vp, gles3) finished in 0.00 seconds. Local cache hits 6 (0.00s CPU time), remote cache hits 0 (0.00s CPU time), compiled 0 variants (0.00s CPU time), skipped 0 variants.
    Prepared data for serialisation in 0.00s
  Pass Target only DepthStencil (vp, gles3) finished in 0.00 seconds. Local cache hits 6 (0.00s CPU time), remote cache hits 0 (0.00s CPU time), compiled 0 variants (0.00s CPU time), skipped 0 variants.
    Prepared data for serialisation in 0.00s
Serialized binary data for shader Hidden/Internal-DebugPattern in 0.00s
    gles3 (total internal programs: 18, unique: 6)
Compiling shader "Hidden/Internal-GUITextureClip"
  Pass "" (vp)
    Target graphics API: gles3
    Full variant space:         1
    After settings filtering:   1
    After built-in stripping:   6
    After scriptable stripping: 6
    Processed in 0.00 seconds
  Pass "" (vp)
    Target graphics API: gles3
    Full variant space:         1
    After settings filtering:   1
    After built-in stripping:   6
    After scriptable stripping: 6
    Processed in 0.00 seconds
  Pass  (vp, gles3) finished in 0.00 seconds. Local cache hits 6 (0.00s CPU time), remote cache hits 0 (0.00s CPU time), compiled 0 variants (0.00s CPU time), skipped 0 variants.
    Prepared data for serialisation in 0.00s
  Pass  (vp, gles3) finished in 0.00 seconds. Local cache hits 6 (0.00s CPU time), remote cache hits 0 (0.00s CPU time), compiled 0 variants (0.00s CPU time), skipped 0 variants.
    Prepared data for serialisation in 0.00s
Serialized binary data for shader Hidden/Internal-GUITextureClip in 0.00s
    gles3 (total internal programs: 12, unique: 2)
Compiling shader "Hidden/Internal-GUITextureClipText"
  Pass "" (vp)
    Target graphics API: gles3
    Full variant space:         1
    After settings filtering:   1
    After built-in stripping:   6
    After scriptable stripping: 6
    Processed in 0.00 seconds
  Pass "" (vp)
    Target graphics API: gles3
    Full variant space:         1
    After settings filtering:   1
    After built-in stripping:   6
    After scriptable stripping: 6
    Processed in 0.00 seconds
  Pass  (vp, gles3) finished in 0.00 seconds. Local cache hits 6 (0.00s CPU time), remote cache hits 0 (0.00s CPU time), compiled 0 variants (0.00s CPU time), skipped 0 variants.
    Prepared data for serialisation in 0.00s
  Pass  (vp, gles3) finished in 0.00 seconds. Local cache hits 6 (0.00s CPU time), remote cache hits 0 (0.00s CPU time), compiled 0 variants (0.00s CPU time), skipped 0 variants.
    Prepared data for serialisation in 0.00s
Serialized binary data for shader Hidden/Internal-GUITextureClipText in 0.00s
    gles3 (total internal programs: 12, unique: 2)
Compiling shader "Hidden/Internal-GUITexture"
  Pass "" (vp)
    Target graphics API: gles3
    Full variant space:         1
    After settings filtering:   1
    After built-in stripping:   6
    After scriptable stripping: 6
    Processed in 0.00 seconds
  Pass "" (vp)
    Target graphics API: gles3
    Full variant space:         1
    After settings filtering:   1
    After built-in stripping:   6
    After scriptable stripping: 6
    Processed in 0.00 seconds
  Pass  (vp, gles3) finished in 0.00 seconds. Local cache hits 6 (0.00s CPU time), remote cache hits 0 (0.00s CPU time), compiled 0 variants (0.00s CPU time), skipped 0 variants.
    Prepared data for serialisation in 0.00s
  Pass  (vp, gles3) finished in 0.00 seconds. Local cache hits 6 (0.00s CPU time), remote cache hits 0 (0.00s CPU time), compiled 0 variants (0.00s CPU time), skipped 0 variants.
    Prepared data for serialisation in 0.00s
Serialized binary data for shader Hidden/Internal-GUITexture in 0.00s
    gles3 (total internal programs: 12, unique: 2)
Compiling shader "Hidden/Internal-GUITextureBlit"
  Pass "" (vp)
    Target graphics API: gles3
    Full variant space:         1
    After settings filtering:   1
    After built-in stripping:   6
    After scriptable stripping: 6
    Processed in 0.00 seconds
  Pass "" (vp)
    Target graphics API: gles3
    Full variant space:         1
    After settings filtering:   1
    After built-in stripping:   6
    After scriptable stripping: 6
    Processed in 0.00 seconds
  Pass  (vp, gles3) finished in 0.00 seconds. Local cache hits 6 (0.00s CPU time), remote cache hits 0 (0.00s CPU time), compiled 0 variants (0.00s CPU time), skipped 0 variants.
    Prepared data for serialisation in 0.00s
  Pass  (vp, gles3) finished in 0.00 seconds. Local cache hits 6 (0.00s CPU time), remote cache hits 0 (0.00s CPU time), compiled 0 variants (0.00s CPU time), skipped 0 variants.
    Prepared data for serialisation in 0.00s
Serialized binary data for shader Hidden/Internal-GUITextureBlit in 0.00s
    gles3 (total internal programs: 12, unique: 2)
Compiling shader "Hidden/Internal-GUIRoundedRect"
  Pass "" (vp)
    Target graphics API: gles3
    Full variant space:         1
    After settings filtering:   1
    After built-in stripping:   6
    After scriptable stripping: 6
    Processed in 0.00 seconds
  Pass "" (vp)
    Target graphics API: gles3
    Full variant space:         1
    After settings filtering:   1
    After built-in stripping:   6
    After scriptable stripping: 6
    Processed in 0.00 seconds
  Pass  (vp, gles3) finished in 0.00 seconds. Local cache hits 6 (0.00s CPU time), remote cache hits 0 (0.00s CPU time), compiled 0 variants (0.00s CPU time), skipped 0 variants.
    Prepared data for serialisation in 0.00s
  Pass  (vp, gles3) finished in 0.00 seconds. Local cache hits 6 (0.00s CPU time), remote cache hits 0 (0.00s CPU time), compiled 0 variants (0.00s CPU time), skipped 0 variants.
    Prepared data for serialisation in 0.00s
Serialized binary data for shader Hidden/Internal-GUIRoundedRect in 0.00s
    gles3 (total internal programs: 12, unique: 2)
Compiling shader "Hidden/Internal-GUIRoundedRectWithColorPerBorder"
  Pass "" (vp)
    Target graphics API: gles3
    Full variant space:         1
    After settings filtering:   1
    After built-in stripping:   6
    After scriptable stripping: 6
    Processed in 0.00 seconds
  Pass "" (vp)
    Target graphics API: gles3
    Full variant space:         1
    After settings filtering:   1
    After built-in stripping:   6
    After scriptable stripping: 6
    Processed in 0.00 seconds
  Pass  (vp, gles3) finished in 0.00 seconds. Local cache hits 6 (0.00s CPU time), remote cache hits 0 (0.00s CPU time), compiled 0 variants (0.00s CPU time), skipped 0 variants.
    Prepared data for serialisation in 0.00s
  Pass  (vp, gles3) finished in 0.00 seconds. Local cache hits 6 (0.00s CPU time), remote cache hits 0 (0.00s CPU time), compiled 0 variants (0.00s CPU time), skipped 0 variants.
    Prepared data for serialisation in 0.00s
Serialized binary data for shader Hidden/Internal-GUIRoundedRectWithColorPerBorder in 0.00s
    gles3 (total internal programs: 12, unique: 2)
Compiling shader "Hidden/Internal-UIRDefault"
  Pass "" (vp)
    Target graphics API: gles3
    Full variant space:         40
    After settings filtering:   40
    After built-in stripping:   240
    After scriptable stripping: 240
    Processed in 0.00 seconds
  Pass  (vp, gles3) finished in 0.01 seconds. Local cache hits 240 (0.06s CPU time), remote cache hits 0 (0.00s CPU time), compiled 0 variants (0.00s CPU time), skipped 0 variants.
    Prepared data for serialisation in 0.00s
Serialized binary data for shader Hidden/Internal-UIRDefault in 0.00s
    gles3 (total internal programs: 240, unique: 80)
Compressed shader 'Hidden/Internal-UIRDefault' on gles3 from 1.40MB to 0.07MB
Compressed shader 'Hidden/Internal-UIRDefault' in 0.01s
Compiling shader "Hidden/Internal-UIRAtlasBlitCopy"
  Pass "" (vp)
    Target graphics API: gles3
    Full variant space:         1
    After settings filtering:   1
    After built-in stripping:   6
    After scriptable stripping: 6
    Processed in 0.00 seconds
  Pass  (vp, gles3) finished in 0.00 seconds. Local cache hits 6 (0.00s CPU time), remote cache hits 0 (0.00s CPU time), compiled 0 variants (0.00s CPU time), skipped 0 variants.
    Prepared data for serialisation in 0.00s
Serialized binary data for shader Hidden/Internal-UIRAtlasBlitCopy in 0.00s
    gles3 (total internal programs: 6, unique: 2)
Compiling shader "Unlit/Transparent"
  Pass "" (vp)
    Target graphics API: gles3
    Full variant space:         4
    After settings filtering:   4
    After built-in stripping:   6
    After scriptable stripping: 6
    Processed in 0.00 seconds
  Pass  (vp, gles3) finished in 0.00 seconds. Local cache hits 6 (0.00s CPU time), remote cache hits 0 (0.00s CPU time), compiled 0 variants (0.00s CPU time), skipped 0 variants.
    Prepared data for serialisation in 0.00s
Serialized binary data for shader Unlit/Transparent in 0.00s
    gles3 (total internal programs: 6, unique: 2)
Compiling shader "Sprites/Default"
  Pass "" (vp)
    Target graphics API: gles3
    Full variant space:         8
    After settings filtering:   8
    After built-in stripping:   24
    After scriptable stripping: 24
    Processed in 0.00 seconds
  Pass  (vp, gles3) finished in 0.00 seconds. Local cache hits 24 (0.01s CPU time), remote cache hits 0 (0.00s CPU time), compiled 0 variants (0.00s CPU time), skipped 0 variants.
    Prepared data for serialisation in 0.00s
Serialized binary data for shader Sprites/Default in 0.00s
    gles3 (total internal programs: 24, unique: 8)
Compiling shader "Sprites/Mask"
  Pass "" (vp)
    Target graphics API: gles3
    Full variant space:         4
    After settings filtering:   4
    After built-in stripping:   24
    After scriptable stripping: 24
    Processed in 0.00 seconds
  Pass  (vp, gles3) finished in 0.00 seconds. Local cache hits 24 (0.01s CPU time), remote cache hits 0 (0.00s CPU time), compiled 0 variants (0.00s CPU time), skipped 0 variants.
    Prepared data for serialisation in 0.00s
Serialized binary data for shader Sprites/Mask in 0.00s
    gles3 (total internal programs: 24, unique: 8)
Compiling shader "UI/Default"
  Pass "Default" (vp)
    Target graphics API: gles3
    Full variant space:         4
    After settings filtering:   4
    After built-in stripping:   24
    After scriptable stripping: 24
    Processed in 0.00 seconds
  Pass "XRMotionVectors" (vp)
    Target graphics API: gles3
    Full variant space:         4
    After settings filtering:   4
    After built-in stripping:   24
    After scriptable stripping: 24
    Processed in 0.00 seconds
  Pass Default (vp, gles3) finished in 0.00 seconds. Local cache hits 24 (0.01s CPU time), remote cache hits 0 (0.00s CPU time), compiled 0 variants (0.00s CPU time), skipped 0 variants.
    Prepared data for serialisation in 0.00s
  Pass XRMotionVectors (vp, gles3) finished in 0.00 seconds. Local cache hits 24 (0.01s CPU time), remote cache hits 0 (0.00s CPU time), compiled 0 variants (0.00s CPU time), skipped 0 variants.
    Prepared data for serialisation in 0.00s
Serialized binary data for shader UI/Default in 0.00s
    gles3 (total internal programs: 48, unique: 16)
Compiling shader "UI/DefaultETC1"
  Pass "Default" (vp)
    Target graphics API: gles3
    Full variant space:         4
    After settings filtering:   4
    After built-in stripping:   24
    After scriptable stripping: 24
    Processed in 0.00 seconds
  Pass "XRMotionVectors" (vp)
    Target graphics API: gles3
    Full variant space:         4
    After settings filtering:   4
    After built-in stripping:   24
    After scriptable stripping: 24
    Processed in 0.00 seconds
  Pass Default (vp, gles3) finished in 0.00 seconds. Local cache hits 24 (0.01s CPU time), remote cache hits 0 (0.00s CPU time), compiled 0 variants (0.00s CPU time), skipped 0 variants.
    Prepared data for serialisation in 0.00s
  Pass XRMotionVectors (vp, gles3) finished in 0.00 seconds. Local cache hits 24 (0.01s CPU time), remote cache hits 0 (0.00s CPU time), compiled 0 variants (0.00s CPU time), skipped 0 variants.
    Prepared data for serialisation in 0.00s
Serialized binary data for shader UI/DefaultETC1 in 0.00s
    gles3 (total internal programs: 48, unique: 16)
Compiling shader "Hidden/CubeBlur"
  Pass "" (vp)
    Target graphics API: gles3
    Full variant space:         1
    After settings filtering:   1
    After built-in stripping:   6
    After scriptable stripping: 6
    Processed in 0.00 seconds
  Pass "" (vp)
    Target graphics API: gles3
    Full variant space:         1
    After settings filtering:   1
    After built-in stripping:   6
    After scriptable stripping: 6
    Processed in 0.00 seconds
  Pass  (vp, gles3) finished in 0.00 seconds. Local cache hits 6 (0.00s CPU time), remote cache hits 0 (0.00s CPU time), compiled 0 variants (0.00s CPU time), skipped 0 variants.
    Prepared data for serialisation in 0.00s
  Pass  (vp, gles3) finished in 0.00 seconds. Local cache hits 6 (0.00s CPU time), remote cache hits 0 (0.00s CPU time), compiled 0 variants (0.00s CPU time), skipped 0 variants.
    Prepared data for serialisation in 0.00s
Serialized binary data for shader Hidden/CubeBlur in 0.00s
    gles3 (total internal programs: 12, unique: 3)
Compiling shader "Hidden/CubeCopy"
  Pass "" (vp)
    Target graphics API: gles3
    Full variant space:         1
    After settings filtering:   1
    After built-in stripping:   6
    After scriptable stripping: 6
    Processed in 0.00 seconds
  Pass "" (vp)
    Target graphics API: gles3
    Full variant space:         1
    After settings filtering:   1
    After built-in stripping:   6
    After scriptable stripping: 6
    Processed in 0.00 seconds
  Pass  (vp, gles3) finished in 0.00 seconds. Local cache hits 6 (0.00s CPU time), remote cache hits 0 (0.00s CPU time), compiled 0 variants (0.00s CPU time), skipped 0 variants.
    Prepared data for serialisation in 0.00s
  Pass  (vp, gles3) finished in 0.00 seconds. Local cache hits 6 (0.00s CPU time), remote cache hits 0 (0.00s CPU time), compiled 0 variants (0.00s CPU time), skipped 0 variants.
    Prepared data for serialisation in 0.00s
Serialized binary data for shader Hidden/CubeCopy in 0.00s
    gles3 (total internal programs: 12, unique: 2)
Compiling shader "Hidden/CubeBlend"
  Pass "" (vp)
    Target graphics API: gles3
    Full variant space:         1
    After settings filtering:   1
    After built-in stripping:   6
    After scriptable stripping: 6
    Processed in 0.00 seconds
  Pass "" (vp)
    Target graphics API: gles3
    Full variant space:         1
    After settings filtering:   1
    After built-in stripping:   6
    After scriptable stripping: 6
    Processed in 0.00 seconds
  Pass  (vp, gles3) finished in 0.00 seconds. Local cache hits 6 (0.00s CPU time), remote cache hits 0 (0.00s CPU time), compiled 0 variants (0.00s CPU time), skipped 0 variants.
    Prepared data for serialisation in 0.00s
  Pass  (vp, gles3) finished in 0.00 seconds. Local cache hits 6 (0.00s CPU time), remote cache hits 0 (0.00s CPU time), compiled 0 variants (0.00s CPU time), skipped 0 variants.
    Prepared data for serialisation in 0.00s
Serialized binary data for shader Hidden/CubeBlend in 0.00s
    gles3 (total internal programs: 12, unique: 2)
Compiling shader "Hidden/VR/BlitTexArraySlice"
  Pass "" (vp)
    Target graphics API: gles3
    Full variant space:         1
    After settings filtering:   1
    After built-in stripping:   6
    After scriptable stripping: 6
    Processed in 0.00 seconds
  Pass  (vp, gles3) finished in 0.00 seconds. Local cache hits 6 (0.00s CPU time), remote cache hits 0 (0.00s CPU time), compiled 0 variants (0.00s CPU time), skipped 0 variants.
    Prepared data for serialisation in 0.00s
Serialized binary data for shader Hidden/VR/BlitTexArraySlice in 0.00s
    gles3 (total internal programs: 6, unique: 2)
Compiling shader "Hidden/VR/BlitTexArraySliceToDepth"
  Pass "" (vp)
    Target graphics API: gles3
    Full variant space:         1
    After settings filtering:   1
    After built-in stripping:   6
    After scriptable stripping: 6
    Processed in 0.00 seconds
  Pass  (vp, gles3) finished in 0.00 seconds. Local cache hits 6 (0.00s CPU time), remote cache hits 0 (0.00s CPU time), compiled 0 variants (0.00s CPU time), skipped 0 variants.
    Prepared data for serialisation in 0.00s
Serialized binary data for shader Hidden/VR/BlitTexArraySliceToDepth in 0.00s
    gles3 (total internal programs: 6, unique: 2)
Compiling shader "Hidden/VR/BlitTexArraySliceToDepth_MSAA"
  Pass "" (vp)
    Target graphics API: gles3
    Full variant space:         1
    After settings filtering:   1
    After built-in stripping:   6
    After scriptable stripping: 6
    Processed in 0.00 seconds
  Pass  (vp, gles3) finished in 0.00 seconds. Local cache hits 6 (0.00s CPU time), remote cache hits 0 (0.00s CPU time), compiled 0 variants (0.00s CPU time), skipped 0 variants.
    Prepared data for serialisation in 0.00s
Serialized binary data for shader Hidden/VR/BlitTexArraySliceToDepth_MSAA in 0.00s
    gles3 (total internal programs: 6, unique: 2)
Compiling shader "Hidden/Internal-ODSWorldTexture"
  Pass "" (vp)
    Target graphics API: gles3
    Full variant space:         1
    After settings filtering:   1
    After built-in stripping:   6
    After scriptable stripping: 6
    Processed in 0.00 seconds
  Pass "" (vp)
    Target graphics API: gles3
    Full variant space:         1
    After settings filtering:   1
    After built-in stripping:   6
    After scriptable stripping: 6
    Processed in 0.00 seconds
  Pass "" (vp)
    Target graphics API: gles3
    Full variant space:         1
    After settings filtering:   1
    After built-in stripping:   6
    After scriptable stripping: 6
    Processed in 0.00 seconds
  Pass "" (vp)
    Target graphics API: gles3
    Full variant space:         1
    After settings filtering:   1
    After built-in stripping:   6
    After scriptable stripping: 6
    Processed in 0.00 seconds
  Pass "" (vp)
    Target graphics API: gles3
    Full variant space:         1
    After settings filtering:   1
    After built-in stripping:   6
    After scriptable stripping: 6
    Processed in 0.00 seconds
  Pass "" (vp)
    Target graphics API: gles3
    Full variant space:         1
    After settings filtering:   1
    After built-in stripping:   6
    After scriptable stripping: 6
    Processed in 0.00 seconds
  Pass "" (vp)
    Target graphics API: gles3
    Full variant space:         1
    After settings filtering:   1
    After built-in stripping:   6
    After scriptable stripping: 6
    Processed in 0.00 seconds
  Pass "" (vp)
    Target graphics API: gles3
    Full variant space:         1
    After settings filtering:   1
    After built-in stripping:   6
    After scriptable stripping: 6
    Processed in 0.00 seconds
  Pass "" (vp)
    Target graphics API: gles3
    Full variant space:         1
    After settings filtering:   1
    After built-in stripping:   6
    After scriptable stripping: 6
    Processed in 0.00 seconds
  Pass "" (vp)
    Target graphics API: gles3
    Full variant space:         1
    After settings filtering:   1
    After built-in stripping:   6
    After scriptable stripping: 6
    Processed in 0.00 seconds
  Pass  (vp, gles3) finished in 0.00 seconds. Local cache hits 6 (0.00s CPU time), remote cache hits 0 (0.00s CPU time), compiled 0 variants (0.00s CPU time), skipped 0 variants.
    Prepared data for serialisation in 0.00s
  Pass  (vp, gles3) finished in 0.00 seconds. Local cache hits 6 (0.00s CPU time), remote cache hits 0 (0.00s CPU time), compiled 0 variants (0.00s CPU time), skipped 0 variants.
    Prepared data for serialisation in 0.00s
  Pass  (vp, gles3) finished in 0.00 seconds. Local cache hits 6 (0.00s CPU time), remote cache hits 0 (0.00s CPU time), compiled 0 variants (0.00s CPU time), skipped 0 variants.
    Prepared data for serialisation in 0.00s
  Pass  (vp, gles3) finished in 0.00 seconds. Local cache hits 6 (0.00s CPU time), remote cache hits 0 (0.00s CPU time), compiled 0 variants (0.00s CPU time), skipped 0 variants.
    Prepared data for serialisation in 0.00s
  Pass  (vp, gles3) finished in 0.00 seconds. Local cache hits 6 (0.00s CPU time), remote cache hits 0 (0.00s CPU time), compiled 0 variants (0.00s CPU time), skipped 0 variants.
    Prepared data for serialisation in 0.00s
  Pass  (vp, gles3) finished in 0.00 seconds. Local cache hits 6 (0.00s CPU time), remote cache hits 0 (0.00s CPU time), compiled 0 variants (0.00s CPU time), skipped 0 variants.
    Prepared data for serialisation in 0.00s
  Pass  (vp, gles3) finished in 0.00 seconds. Local cache hits 6 (0.00s CPU time), remote cache hits 0 (0.00s CPU time), compiled 0 variants (0.00s CPU time), skipped 0 variants.
    Prepared data for serialisation in 0.00s
  Pass  (vp, gles3) finished in 0.00 seconds. Local cache hits 6 (0.00s CPU time), remote cache hits 0 (0.00s CPU time), compiled 0 variants (0.00s CPU time), skipped 0 variants.
    Prepared data for serialisation in 0.00s
  Pass  (vp, gles3) finished in 0.00 seconds. Local cache hits 6 (0.00s CPU time), remote cache hits 0 (0.00s CPU time), compiled 0 variants (0.00s CPU time), skipped 0 variants.
    Prepared data for serialisation in 0.00s
  Pass  (vp, gles3) finished in 0.00 seconds. Local cache hits 6 (0.00s CPU time), remote cache hits 0 (0.00s CPU time), compiled 0 variants (0.00s CPU time), skipped 0 variants.
    Prepared data for serialisation in 0.00s
Serialized binary data for shader Hidden/Internal-ODSWorldTexture in 0.00s
    gles3 (total internal programs: 60, unique: 18)
Compiling shader "Hidden/Internal-CubemapToEquirect"
  Pass "" (vp)
    Target graphics API: gles3
    Full variant space:         1
    After settings filtering:   1
    After built-in stripping:   6
    After scriptable stripping: 6
    Processed in 0.00 seconds
  Pass  (vp, gles3) finished in 0.00 seconds. Local cache hits 6 (0.00s CPU time), remote cache hits 0 (0.00s CPU time), compiled 0 variants (0.00s CPU time), skipped 0 variants.
    Prepared data for serialisation in 0.00s
Serialized binary data for shader Hidden/Internal-CubemapToEquirect in 0.00s
    gles3 (total internal programs: 6, unique: 2)
Compiling shader "Hidden/VR/BlitFromTex2DToTexArraySlice"
  Pass "" (vp)
    Target graphics API: gles3
    Full variant space:         1
    After settings filtering:   1
    After built-in stripping:   6
    After scriptable stripping: 6
    Processed in 0.00 seconds
  Pass "" (vp)
    Target graphics API: gles3
    Full variant space:         1
    After settings filtering:   1
    After built-in stripping:   6
    After scriptable stripping: 6
    Processed in 0.00 seconds
  Pass  (vp, gles3) finished in 0.00 seconds. Local cache hits 6 (0.00s CPU time), remote cache hits 0 (0.00s CPU time), compiled 0 variants (0.00s CPU time), skipped 0 variants.
    Prepared data for serialisation in 0.00s
  Pass  (vp, gles3) finished in 0.00 seconds. Local cache hits 6 (0.00s CPU time), remote cache hits 0 (0.00s CPU time), compiled 0 variants (0.00s CPU time), skipped 0 variants.
    Prepared data for serialisation in 0.00s
Serialized binary data for shader Hidden/VR/BlitFromTex2DToTexArraySlice in 0.00s
    gles3 (total internal programs: 12, unique: 4)
Compiling shader "Hidden/VideoComposite"
  Pass "Default" (vp)
    Target graphics API: gles3
    Full variant space:         1
    After settings filtering:   1
    After built-in stripping:   6
    After scriptable stripping: 6
    Processed in 0.00 seconds
  Pass Default (vp, gles3) finished in 0.00 seconds. Local cache hits 6 (0.00s CPU time), remote cache hits 0 (0.00s CPU time), compiled 0 variants (0.00s CPU time), skipped 0 variants.
    Prepared data for serialisation in 0.00s
Serialized binary data for shader Hidden/VideoComposite in 0.00s
    gles3 (total internal programs: 6, unique: 2)
Compiling shader "Hidden/VideoDecode"
  Pass "YCbCr_To_RGB1" (vp)
    Target graphics API: gles3
    Full variant space:         2
    After settings filtering:   2
    After built-in stripping:   12
    After scriptable stripping: 12
    Processed in 0.00 seconds
  Pass "YCbCrA_To_RGBAFull" (vp)
    Target graphics API: gles3
    Full variant space:         2
    After settings filtering:   2
    After built-in stripping:   12
    After scriptable stripping: 12
    Processed in 0.00 seconds
  Pass "YCbCrA_To_RGBA" (vp)
    Target graphics API: gles3
    Full variant space:         2
    After settings filtering:   2
    After built-in stripping:   12
    After scriptable stripping: 12
    Processed in 0.00 seconds
  Pass "Flip_RGBA_To_RGBA" (vp)
    Target graphics API: gles3
    Full variant space:         2
    After settings filtering:   2
    After built-in stripping:   12
    After scriptable stripping: 12
    Processed in 0.00 seconds
  Pass "Flip_RGBASplit_To_RGBA" (vp)
    Target graphics API: gles3
    Full variant space:         2
    After settings filtering:   2
    After built-in stripping:   12
    After scriptable stripping: 12
    Processed in 0.00 seconds
  Pass "Flip_NV12_To_RGB1" (vp)
    Target graphics API: gles3
    Full variant space:         2
    After settings filtering:   2
    After built-in stripping:   12
    After scriptable stripping: 12
    Processed in 0.00 seconds
  Pass "Flip_NV12_To_RGBA" (vp)
    Target graphics API: gles3
    Full variant space:         2
    After settings filtering:   2
    After built-in stripping:   12
    After scriptable stripping: 12
    Processed in 0.00 seconds
  Pass "Flip_P010_To_RGB1" (vp)
    Target graphics API: gles3
    Full variant space:         1
    After settings filtering:   1
    After built-in stripping:   6
    After scriptable stripping: 6
    Processed in 0.00 seconds
  Pass YCbCr_To_RGB1 (vp, gles3) finished in 0.00 seconds. Local cache hits 12 (0.01s CPU time), remote cache hits 0 (0.00s CPU time), compiled 0 variants (0.00s CPU time), skipped 0 variants.
    Prepared data for serialisation in 0.00s
  Pass YCbCrA_To_RGBAFull (vp, gles3) finished in 0.00 seconds. Local cache hits 12 (0.00s CPU time), remote cache hits 0 (0.00s CPU time), compiled 0 variants (0.00s CPU time), skipped 0 variants.
    Prepared data for serialisation in 0.00s
  Pass YCbCrA_To_RGBA (vp, gles3) finished in 0.00 seconds. Local cache hits 12 (0.00s CPU time), remote cache hits 0 (0.00s CPU time), compiled 0 variants (0.00s CPU time), skipped 0 variants.
    Prepared data for serialisation in 0.00s
  Pass Flip_RGBA_To_RGBA (vp, gles3) finished in 0.00 seconds. Local cache hits 12 (0.00s CPU time), remote cache hits 0 (0.00s CPU time), compiled 0 variants (0.00s CPU time), skipped 0 variants.
    Prepared data for serialisation in 0.00s
  Pass Flip_RGBASplit_To_RGBA (vp, gles3) finished in 0.00 seconds. Local cache hits 12 (0.00s CPU time), remote cache hits 0 (0.00s CPU time), compiled 0 variants (0.00s CPU time), skipped 0 variants.
    Prepared data for serialisation in 0.00s
  Pass Flip_NV12_To_RGB1 (vp, gles3) finished in 0.00 seconds. Local cache hits 12 (0.00s CPU time), remote cache hits 0 (0.00s CPU time), compiled 0 variants (0.00s CPU time), skipped 0 variants.
    Prepared data for serialisation in 0.00s
  Pass Flip_NV12_To_RGBA (vp, gles3) finished in 0.00 seconds. Local cache hits 12 (0.00s CPU time), remote cache hits 0 (0.00s CPU time), compiled 0 variants (0.00s CPU time), skipped 0 variants.
    Prepared data for serialisation in 0.00s
  Pass Flip_P010_To_RGB1 (vp, gles3) finished in 0.00 seconds. Local cache hits 6 (0.00s CPU time), remote cache hits 0 (0.00s CPU time), compiled 0 variants (0.00s CPU time), skipped 0 variants.
    Prepared data for serialisation in 0.00s
Serialized binary data for shader Hidden/VideoDecode in 0.00s
    gles3 (total internal programs: 90, unique: 30)
Compiling shader "Hidden/VideoDecodeAndroid"
  Pass "RGBAExternal_To_RGBA" (vp)
    Target graphics API: gles3
    Full variant space:         2
    After settings filtering:   2
    After built-in stripping:   12
    After scriptable stripping: 12
    Processed in 0.00 seconds
  Pass "RGBASplitExternal_To_RGBA" (vp)
    Target graphics API: gles3
    Full variant space:         2
    After settings filtering:   2
    After built-in stripping:   12
    After scriptable stripping: 12
    Processed in 0.00 seconds
  Pass RGBAExternal_To_RGBA (vp, gles3) finished in 0.00 seconds. Local cache hits 12 (0.00s CPU time), remote cache hits 0 (0.00s CPU time), compiled 0 variants (0.00s CPU time), skipped 0 variants.
    Prepared data for serialisation in 0.00s
  Pass RGBASplitExternal_To_RGBA (vp, gles3) finished in 0.00 seconds. Local cache hits 12 (0.00s CPU time), remote cache hits 0 (0.00s CPU time), compiled 0 variants (0.00s CPU time), skipped 0 variants.
    Prepared data for serialisation in 0.00s
Serialized binary data for shader Hidden/VideoDecodeAndroid in 0.00s
    gles3 (total internal programs: 24, unique: 24)
Compiling shader "Hidden/TextCore/Distance Field SSD"
  Pass "" (vp)
    Target graphics API: gles3
    Full variant space:         1
    After settings filtering:   1
    After built-in stripping:   6
    After scriptable stripping: 6
    Processed in 0.00 seconds
  Pass  (vp, gles3) finished in 0.00 seconds. Local cache hits 6 (0.00s CPU time), remote cache hits 0 (0.00s CPU time), compiled 0 variants (0.00s CPU time), skipped 0 variants.
    Prepared data for serialisation in 0.00s
Serialized binary data for shader Hidden/TextCore/Distance Field SSD in 0.00s
    gles3 (total internal programs: 6, unique: 2)
Compiling shader "Hidden/Physics2D/SDF_CircleGeometry"
  Pass "" (vp)
    Target graphics API: gles3
    Full variant space:         2
    After settings filtering:   2
    After built-in stripping:   6
    After scriptable stripping: 6
    Processed in 0.00 seconds
  Pass  (vp, gles3) finished in 0.00 seconds. Local cache hits 6 (0.00s CPU time), remote cache hits 0 (0.00s CPU time), compiled 0 variants (0.00s CPU time), skipped 0 variants.
    Prepared data for serialisation in 0.00s
Serialized binary data for shader Hidden/Physics2D/SDF_CircleGeometry in 0.00s
    gles3 (total internal programs: 6, unique: 2)
Compiling shader "Hidden/Physics2D/SDF_CapsuleGeometry"
  Pass "" (vp)
    Target graphics API: gles3
    Full variant space:         2
    After settings filtering:   2
    After built-in stripping:   6
    After scriptable stripping: 6
    Processed in 0.00 seconds
  Pass  (vp, gles3) finished in 0.00 seconds. Local cache hits 6 (0.00s CPU time), remote cache hits 0 (0.00s CPU time), compiled 0 variants (0.00s CPU time), skipped 0 variants.
    Prepared data for serialisation in 0.00s
Serialized binary data for shader Hidden/Physics2D/SDF_CapsuleGeometry in 0.00s
    gles3 (total internal programs: 6, unique: 2)
Compiling shader "Hidden/Physics2D/SDF_PolygonGeometry"
  Pass "" (vp)
    Target graphics API: gles3
    Full variant space:         2
    After settings filtering:   2
    After built-in stripping:   6
    After scriptable stripping: 6
    Processed in 0.00 seconds
  Pass  (vp, gles3) finished in 0.00 seconds. Local cache hits 6 (0.00s CPU time), remote cache hits 0 (0.00s CPU time), compiled 0 variants (0.00s CPU time), skipped 0 variants.
    Prepared data for serialisation in 0.00s
Serialized binary data for shader Hidden/Physics2D/SDF_PolygonGeometry in 0.00s
    gles3 (total internal programs: 6, unique: 2)
Compiling shader "Hidden/Physics2D/SDF_Line"
  Pass "" (vp)
    Target graphics API: gles3
    Full variant space:         2
    After settings filtering:   2
    After built-in stripping:   6
    After scriptable stripping: 6
    Processed in 0.00 seconds
  Pass  (vp, gles3) finished in 0.00 seconds. Local cache hits 6 (0.00s CPU time), remote cache hits 0 (0.00s CPU time), compiled 0 variants (0.00s CPU time), skipped 0 variants.
    Prepared data for serialisation in 0.00s
Serialized binary data for shader Hidden/Physics2D/SDF_Line in 0.00s
    gles3 (total internal programs: 6, unique: 2)
Compiling shader "Hidden/Physics2D/SDF_Point"
  Pass "" (vp)
    Target graphics API: gles3
    Full variant space:         2
    After settings filtering:   2
    After built-in stripping:   6
    After scriptable stripping: 6
    Processed in 0.00 seconds
  Pass  (vp, gles3) finished in 0.00 seconds. Local cache hits 6 (0.00s CPU time), remote cache hits 0 (0.00s CPU time), compiled 0 variants (0.00s CPU time), skipped 0 variants.
    Prepared data for serialisation in 0.00s
Serialized binary data for shader Hidden/Physics2D/SDF_Point in 0.00s
    gles3 (total internal programs: 6, unique: 2)
SpriteAtlasDatabase::Cleanup
Compressed texture YiNianLotusCity_AppIcon_2048 is used as icon. This might compromise visual quality of the final image. Uncompressed format might be considered as better import option.
UnityEngine.Debug:ExtractStackTraceNoAlloc (byte*,int,string)
UnityEngine.StackTraceUtility:ExtractStackTrace () (at /Users/bokken/build/output/unity/unity/Runtime/Export/Scripting/StackTrace.cs:35)
UnityEngine.DebugLogHandler:Internal_Log (UnityEngine.LogType,UnityEngine.LogOption,string,UnityEngine.Object)
UnityEngine.DebugLogHandler:LogFormat (UnityEngine.LogType,UnityEngine.Object,string,object[])
UnityEngine.Logger:Log (UnityEngine.LogType,object)
UnityEngine.Debug:LogWarning (object)
UnityEditor.Utils.IconUtility:ExportImageToPath (string,UnityEngine.Texture2D,UnityEditor.Utils.ImageDescription) (at /Users/bokken/build/output/unity/unity/Editor/Mono/Utils/IconUtility.bindings.cs:82)
UnityEditor.Utils.IconUtility:ExportImage (string,UnityEngine.Texture2D,UnityEditor.Utils.ImageDescription) (at /Users/bokken/build/output/unity/unity/Editor/Mono/Utils/IconUtility.bindings.cs:118)
UnityEditor.Utils.IconUtility:ExportIcon (string,string,UnityEditor.Utils.ImageDescription,int) (at /Users/bokken/build/output/unity/unity/Editor/Mono/Utils/IconUtility.bindings.cs:145)
UnityEditor.Android.AndroidBuildPostprocessor:AddIconsToBuild (UnityEditor.Modules.AddIconsArgs) (at /home/bokken/build/output/unity/unity/PlatformDependent/AndroidPlayer/Editor/Managed/ExtensionModule.cs:1394)
UnityEditor.PostprocessBuildPlayer:Postprocess (UnityEditor.BuildTarget,int,string,string,string,UnityEditor.BuildOptions,UnityEditor.RuntimeClassRegistry,UnityEditor.Build.Reporting.BuildReport) (at /Users/bokken/build/output/unity/unity/Editor/Mono/BuildPipeline/PostprocessBuildPlayer.cs:328)
UnityEditor.BuildPipeline:BuildPlayerInternal (string[],string,string,UnityEditor.BuildTargetGroup,UnityEditor.BuildTarget,int,UnityEditor.BuildOptions,string[],string[],bool)
UnityEditor.BuildPipeline:BuildPlayer (UnityEditor.BuildPlayerOptions) (at /Users/bokken/build/output/unity/unity/Editor/Mono/BuildPipeline/BuildPipeline.bindings.cs:267)
PicoTowerDefenseEditor.ProjectSetup:BuildDevelopmentApk () (at Assets/SpatialTowerDefense/Editor/ProjectSetup.cs:463)

(Filename: /Users/bokken/build/output/unity/unity/Editor/Mono/Utils/IconUtility.bindings.cs Line: 82)

Compressed texture YiNianLotusCity_AppIcon_2048 is used as icon. This might compromise visual quality of the final image. Uncompressed format might be considered as better import option.
UnityEngine.Debug:ExtractStackTraceNoAlloc (byte*,int,string)
UnityEngine.StackTraceUtility:ExtractStackTrace () (at /Users/bokken/build/output/unity/unity/Runtime/Export/Scripting/StackTrace.cs:35)
UnityEngine.DebugLogHandler:Internal_Log (UnityEngine.LogType,UnityEngine.LogOption,string,UnityEngine.Object)
UnityEngine.DebugLogHandler:LogFormat (UnityEngine.LogType,UnityEngine.Object,string,object[])
UnityEngine.Logger:Log (UnityEngine.LogType,object)
UnityEngine.Debug:LogWarning (object)
UnityEditor.Utils.IconUtility:ExportImageToPath (string,UnityEngine.Texture2D,UnityEditor.Utils.ImageDescription) (at /Users/bokken/build/output/unity/unity/Editor/Mono/Utils/IconUtility.bindings.cs:82)
UnityEditor.Utils.IconUtility:ExportImage (string,UnityEngine.Texture2D,UnityEditor.Utils.ImageDescription) (at /Users/bokken/build/output/unity/unity/Editor/Mono/Utils/IconUtility.bindings.cs:118)
UnityEditor.Utils.IconUtility:ExportIcon (string,string,UnityEditor.Utils.ImageDescription,int) (at /Users/bokken/build/output/unity/unity/Editor/Mono/Utils/IconUtility.bindings.cs:145)
UnityEditor.Android.AndroidBuildPostprocessor:AddIconsToBuild (UnityEditor.Modules.AddIconsArgs) (at /home/bokken/build/output/unity/unity/PlatformDependent/AndroidPlayer/Editor/Managed/ExtensionModule.cs:1394)
UnityEditor.PostprocessBuildPlayer:Postprocess (UnityEditor.BuildTarget,int,string,string,string,UnityEditor.BuildOptions,UnityEditor.RuntimeClassRegistry,UnityEditor.Build.Reporting.BuildReport) (at /Users/bokken/build/output/unity/unity/Editor/Mono/BuildPipeline/PostprocessBuildPlayer.cs:328)
UnityEditor.BuildPipeline:BuildPlayerInternal (string[],string,string,UnityEditor.BuildTargetGroup,UnityEditor.BuildTarget,int,UnityEditor.BuildOptions,string[],string[],bool)
UnityEditor.BuildPipeline:BuildPlayer (UnityEditor.BuildPlayerOptions) (at /Users/bokken/build/output/unity/unity/Editor/Mono/BuildPipeline/BuildPipeline.bindings.cs:267)
PicoTowerDefenseEditor.ProjectSetup:BuildDevelopmentApk () (at Assets/SpatialTowerDefense/Editor/ProjectSetup.cs:463)

(Filename: /Users/bokken/build/output/unity/unity/Editor/Mono/Utils/IconUtility.bindings.cs Line: 82)

Compressed texture YiNianLotusCity_AppIcon_2048 is used as icon. This might compromise visual quality of the final image. Uncompressed format might be considered as better import option.
UnityEngine.Debug:ExtractStackTraceNoAlloc (byte*,int,string)
UnityEngine.StackTraceUtility:ExtractStackTrace () (at /Users/bokken/build/output/unity/unity/Runtime/Export/Scripting/StackTrace.cs:35)
UnityEngine.DebugLogHandler:Internal_Log (UnityEngine.LogType,UnityEngine.LogOption,string,UnityEngine.Object)
UnityEngine.DebugLogHandler:LogFormat (UnityEngine.LogType,UnityEngine.Object,string,object[])
UnityEngine.Logger:Log (UnityEngine.LogType,object)
UnityEngine.Debug:LogWarning (object)
UnityEditor.Utils.IconUtility:ExportImageToPath (string,UnityEngine.Texture2D,UnityEditor.Utils.ImageDescription) (at /Users/bokken/build/output/unity/unity/Editor/Mono/Utils/IconUtility.bindings.cs:82)
UnityEditor.Utils.IconUtility:ExportImage (string,UnityEngine.Texture2D,UnityEditor.Utils.ImageDescription) (at /Users/bokken/build/output/unity/unity/Editor/Mono/Utils/IconUtility.bindings.cs:118)
UnityEditor.Utils.IconUtility:ExportIcon (string,string,UnityEditor.Utils.ImageDescription,int) (at /Users/bokken/build/output/unity/unity/Editor/Mono/Utils/IconUtility.bindings.cs:145)
UnityEditor.Android.AndroidBuildPostprocessor:AddIconsToBuild (UnityEditor.Modules.AddIconsArgs) (at /home/bokken/build/output/unity/unity/PlatformDependent/AndroidPlayer/Editor/Managed/ExtensionModule.cs:1394)
UnityEditor.PostprocessBuildPlayer:Postprocess (UnityEditor.BuildTarget,int,string,string,string,UnityEditor.BuildOptions,UnityEditor.RuntimeClassRegistry,UnityEditor.Build.Reporting.BuildReport) (at /Users/bokken/build/output/unity/unity/Editor/Mono/BuildPipeline/PostprocessBuildPlayer.cs:328)
UnityEditor.BuildPipeline:BuildPlayerInternal (string[],string,string,UnityEditor.BuildTargetGroup,UnityEditor.BuildTarget,int,UnityEditor.BuildOptions,string[],string[],bool)
UnityEditor.BuildPipeline:BuildPlayer (UnityEditor.BuildPlayerOptions) (at /Users/bokken/build/output/unity/unity/Editor/Mono/BuildPipeline/BuildPipeline.bindings.cs:267)
PicoTowerDefenseEditor.ProjectSetup:BuildDevelopmentApk () (at Assets/SpatialTowerDefense/Editor/ProjectSetup.cs:463)

(Filename: /Users/bokken/build/output/unity/unity/Editor/Mono/Utils/IconUtility.bindings.cs Line: 82)

Compressed texture YiNianLotusCity_AppIcon_2048 is used as icon. This might compromise visual quality of the final image. Uncompressed format might be considered as better import option.
UnityEngine.Debug:ExtractStackTraceNoAlloc (byte*,int,string)
UnityEngine.StackTraceUtility:ExtractStackTrace () (at /Users/bokken/build/output/unity/unity/Runtime/Export/Scripting/StackTrace.cs:35)
UnityEngine.DebugLogHandler:Internal_Log (UnityEngine.LogType,UnityEngine.LogOption,string,UnityEngine.Object)
UnityEngine.DebugLogHandler:LogFormat (UnityEngine.LogType,UnityEngine.Object,string,object[])
UnityEngine.Logger:Log (UnityEngine.LogType,object)
UnityEngine.Debug:LogWarning (object)
UnityEditor.Utils.IconUtility:ExportImageToPath (string,UnityEngine.Texture2D,UnityEditor.Utils.ImageDescription) (at /Users/bokken/build/output/unity/unity/Editor/Mono/Utils/IconUtility.bindings.cs:82)
UnityEditor.Utils.IconUtility:ExportImage (string,UnityEngine.Texture2D,UnityEditor.Utils.ImageDescription) (at /Users/bokken/build/output/unity/unity/Editor/Mono/Utils/IconUtility.bindings.cs:118)
UnityEditor.Utils.IconUtility:ExportIcon (string,string,UnityEditor.Utils.ImageDescription,int) (at /Users/bokken/build/output/unity/unity/Editor/Mono/Utils/IconUtility.bindings.cs:145)
UnityEditor.Android.AndroidBuildPostprocessor:AddIconsToBuild (UnityEditor.Modules.AddIconsArgs) (at /home/bokken/build/output/unity/unity/PlatformDependent/AndroidPlayer/Editor/Managed/ExtensionModule.cs:1394)
UnityEditor.PostprocessBuildPlayer:Postprocess (UnityEditor.BuildTarget,int,string,string,string,UnityEditor.BuildOptions,UnityEditor.RuntimeClassRegistry,UnityEditor.Build.Reporting.BuildReport) (at /Users/bokken/build/output/unity/unity/Editor/Mono/BuildPipeline/PostprocessBuildPlayer.cs:328)
UnityEditor.BuildPipeline:BuildPlayerInternal (string[],string,string,UnityEditor.BuildTargetGroup,UnityEditor.BuildTarget,int,UnityEditor.BuildOptions,string[],string[],bool)
UnityEditor.BuildPipeline:BuildPlayer (UnityEditor.BuildPlayerOptions) (at /Users/bokken/build/output/unity/unity/Editor/Mono/BuildPipeline/BuildPipeline.bindings.cs:267)
PicoTowerDefenseEditor.ProjectSetup:BuildDevelopmentApk () (at Assets/SpatialTowerDefense/Editor/ProjectSetup.cs:463)

(Filename: /Users/bokken/build/output/unity/unity/Editor/Mono/Utils/IconUtility.bindings.cs Line: 82)

Compressed texture YiNianLotusCity_AppIcon_2048 is used as icon. This might compromise visual quality of the final image. Uncompressed format might be considered as better import option.
UnityEngine.Debug:ExtractStackTraceNoAlloc (byte*,int,string)
UnityEngine.StackTraceUtility:ExtractStackTrace () (at /Users/bokken/build/output/unity/unity/Runtime/Export/Scripting/StackTrace.cs:35)
UnityEngine.DebugLogHandler:Internal_Log (UnityEngine.LogType,UnityEngine.LogOption,string,UnityEngine.Object)
UnityEngine.DebugLogHandler:LogFormat (UnityEngine.LogType,UnityEngine.Object,string,object[])
UnityEngine.Logger:Log (UnityEngine.LogType,object)
UnityEngine.Debug:LogWarning (object)
UnityEditor.Utils.IconUtility:ExportImageToPath (string,UnityEngine.Texture2D,UnityEditor.Utils.ImageDescription) (at /Users/bokken/build/output/unity/unity/Editor/Mono/Utils/IconUtility.bindings.cs:82)
UnityEditor.Utils.IconUtility:ExportImage (string,UnityEngine.Texture2D,UnityEditor.Utils.ImageDescription) (at /Users/bokken/build/output/unity/unity/Editor/Mono/Utils/IconUtility.bindings.cs:118)
UnityEditor.Utils.IconUtility:ExportIcon (string,string,UnityEditor.Utils.ImageDescription,int) (at /Users/bokken/build/output/unity/unity/Editor/Mono/Utils/IconUtility.bindings.cs:145)
UnityEditor.Android.AndroidBuildPostprocessor:AddIconsToBuild (UnityEditor.Modules.AddIconsArgs) (at /home/bokken/build/output/unity/unity/PlatformDependent/AndroidPlayer/Editor/Managed/ExtensionModule.cs:1394)
UnityEditor.PostprocessBuildPlayer:Postprocess (UnityEditor.BuildTarget,int,string,string,string,UnityEditor.BuildOptions,UnityEditor.RuntimeClassRegistry,UnityEditor.Build.Reporting.BuildReport) (at /Users/bokken/build/output/unity/unity/Editor/Mono/BuildPipeline/PostprocessBuildPlayer.cs:328)
UnityEditor.BuildPipeline:BuildPlayerInternal (string[],string,string,UnityEditor.BuildTargetGroup,UnityEditor.BuildTarget,int,UnityEditor.BuildOptions,string[],string[],bool)
UnityEditor.BuildPipeline:BuildPlayer (UnityEditor.BuildPlayerOptions) (at /Users/bokken/build/output/unity/unity/Editor/Mono/BuildPipeline/BuildPipeline.bindings.cs:267)
PicoTowerDefenseEditor.ProjectSetup:BuildDevelopmentApk () (at Assets/SpatialTowerDefense/Editor/ProjectSetup.cs:463)

(Filename: /Users/bokken/build/output/unity/unity/Editor/Mono/Utils/IconUtility.bindings.cs Line: 82)

Compressed texture YiNianLotusCity_AppIcon_2048 is used as icon. This might compromise visual quality of the final image. Uncompressed format might be considered as better import option.
UnityEngine.Debug:ExtractStackTraceNoAlloc (byte*,int,string)
UnityEngine.StackTraceUtility:ExtractStackTrace () (at /Users/bokken/build/output/unity/unity/Runtime/Export/Scripting/StackTrace.cs:35)
UnityEngine.DebugLogHandler:Internal_Log (UnityEngine.LogType,UnityEngine.LogOption,string,UnityEngine.Object)
UnityEngine.DebugLogHandler:LogFormat (UnityEngine.LogType,UnityEngine.Object,string,object[])
UnityEngine.Logger:Log (UnityEngine.LogType,object)
UnityEngine.Debug:LogWarning (object)
UnityEditor.Utils.IconUtility:ExportImageToPath (string,UnityEngine.Texture2D,UnityEditor.Utils.ImageDescription) (at /Users/bokken/build/output/unity/unity/Editor/Mono/Utils/IconUtility.bindings.cs:82)
UnityEditor.Utils.IconUtility:ExportImage (string,UnityEngine.Texture2D,UnityEditor.Utils.ImageDescription) (at /Users/bokken/build/output/unity/unity/Editor/Mono/Utils/IconUtility.bindings.cs:118)
UnityEditor.Utils.IconUtility:ExportIcon (string,string,UnityEditor.Utils.ImageDescription,int) (at /Users/bokken/build/output/unity/unity/Editor/Mono/Utils/IconUtility.bindings.cs:145)
UnityEditor.Android.AndroidBuildPostprocessor:AddIconsToBuild (UnityEditor.Modules.AddIconsArgs) (at /home/bokken/build/output/unity/unity/PlatformDependent/AndroidPlayer/Editor/Managed/ExtensionModule.cs:1394)
UnityEditor.PostprocessBuildPlayer:Postprocess (UnityEditor.BuildTarget,int,string,string,string,UnityEditor.BuildOptions,UnityEditor.RuntimeClassRegistry,UnityEditor.Build.Reporting.BuildReport) (at /Users/bokken/build/output/unity/unity/Editor/Mono/BuildPipeline/PostprocessBuildPlayer.cs:328)
UnityEditor.BuildPipeline:BuildPlayerInternal (string[],string,string,UnityEditor.BuildTargetGroup,UnityEditor.BuildTarget,int,UnityEditor.BuildOptions,string[],string[],bool)
UnityEditor.BuildPipeline:BuildPlayer (UnityEditor.BuildPlayerOptions) (at /Users/bokken/build/output/unity/unity/Editor/Mono/BuildPipeline/BuildPipeline.bindings.cs:267)
PicoTowerDefenseEditor.ProjectSetup:BuildDevelopmentApk () (at Assets/SpatialTowerDefense/Editor/ProjectSetup.cs:463)

(Filename: /Users/bokken/build/output/unity/unity/Editor/Mono/Utils/IconUtility.bindings.cs Line: 82)

DisplayProgressbar: Initializing
Android PostProcess task "Initializing" took 0.4462 ms
DisplayProgressbar: Check gradle project collisions
Android PostProcess task "Check gradle project collisions" took 0.1283 ms
DisplayProgressbar: Preparing banner
Android PostProcess task "Preparing banner" took 0.348 ms
info: Microsoft.AspNetCore.Hosting.Diagnostics[1]
      Request starting HTTP/2 POST http://ilpp/UnityILPP.PostProcessing/Ping - application/grpc -
info: Microsoft.AspNetCore.Routing.EndpointMiddleware[0]
      Executing endpoint 'gRPC - /UnityILPP.PostProcessing/Ping'
info: Microsoft.AspNetCore.Routing.EndpointMiddleware[1]
      Executed endpoint 'gRPC - /UnityILPP.PostProcessing/Ping'
info: Microsoft.AspNetCore.Hosting.Diagnostics[2]
      Request finished HTTP/2 POST http://ilpp/UnityILPP.PostProcessing/Ping - 200 - application/grpc 0.1797ms
    Call "AppUIAndroidProjectFilesModifier.Setup" from assembly 'Unity.AppUI.Editor'
Plugin 'Packages/com.bytedance.pico.xr/SpatialAudio/Plugins/Android/libs/arm64-v8a/libPicoAudioSDKUnityNativePlugin.so' is not 16KB-aligned. This may cause issues on ARM64 devices running Android 15+.
More info: <a href="https://developer.android.com/guide/practices/page-sizes">https://developer.android.com/guide/practices/page-sizes</a>.
UnityEngine.Debug:ExtractStackTraceNoAlloc (byte*,int,string)
UnityEngine.StackTraceUtility:ExtractStackTrace () (at /Users/bokken/build/output/unity/unity/Runtime/Export/Scripting/StackTrace.cs:35)
UnityEngine.DebugLogHandler:Internal_Log (UnityEngine.LogType,UnityEngine.LogOption,string,UnityEngine.Object)
UnityEngine.DebugLogHandler:LogFormat (UnityEngine.LogType,UnityEngine.Object,string,object[])
UnityEngine.Logger:Log (UnityEngine.LogType,object)
UnityEngine.Debug:LogWarning (object)
UnityEditor.Android.AndroidBuildPostprocessor:CollectPlugin (string,Unity.Android.Types.AndroidGradleDependee,Unity.Android.Types.AndroidArchitecture,System.Collections.Generic.Dictionary`2<string, UnityEditor.Android.AndroidBuildPostprocessor/AndroidSourcePlugin>,bool) (at /home/bokken/build/output/unity/unity/PlatformDependent/AndroidPlayer/Editor/Managed/ExtensionModule.cs:564)
UnityEditor.Android.AndroidBuildPostprocessor:PluginsDataFor (UnityEditor.Modules.BuildPostProcessArgs) (at /home/bokken/build/output/unity/unity/PlatformDependent/AndroidPlayer/Editor/Managed/ExtensionModule.cs:632)
UnityEditor.Modules.BeeBuildPostprocessor/<GetDataForBuildProgramFor>d__65:MoveNext () (at /Users/bokken/build/output/unity/unity/Editor/Mono/Modules/BeeBuildPostprocessor.cs:571)
UnityEditor.Android.AndroidBuildPostprocessor/<GetDataForBuildProgramFor>d__31:MoveNext () (at /home/bokken/build/output/unity/unity/PlatformDependent/AndroidPlayer/Editor/Managed/ExtensionModule.cs:843)
System.Linq.Enumerable/WhereEnumerableIterator`1<object>:MoveNext ()
Bee.BeeDriver.BeeDriver:WriteDataForBuildProgram (Bee.BeeDriver.InternalState,System.Threading.Tasks.TaskCompletionSource`1<int>) (at /Users/bokken/build/output/unity/unity/Tools/Bee/Bee.BeeDriver2/BeeDriver.cs:99)
Bee.BeeDriver.BeeDriver/<>c__DisplayClass0_0:<BuildAsync>g__WriteData|0 () (at /Users/bokken/build/output/unity/unity/Tools/Bee/Bee.BeeDriver2/BeeDriver.cs:74)
Bee.BeeDriver.BeeDriver:BuildAsync (Bee.BeeDriver.BuildRequest,System.Threading.CancellationToken) (at /Users/bokken/build/output/unity/unity/Tools/Bee/Bee.BeeDriver2/BeeDriver.cs:77)
UnityEditor.Modules.BeeBuildPostprocessor:PostProcess (UnityEditor.Modules.BuildPostProcessArgs) (at /Users/bokken/build/output/unity/unity/Editor/Mono/Modules/BeeBuildPostprocessor.cs:784)
UnityEditor.Modules.BeeBuildPostprocessor:PostProcess (UnityEditor.Modules.BuildPostProcessArgs,UnityEditor.BuildProperties&) (at /Users/bokken/build/output/unity/unity/Editor/Mono/Modules/BeeBuildPostprocessor.cs:40)
UnityEditor.Android.AndroidBuildPostprocessor:PostProcess (UnityEditor.Modules.BuildPostProcessArgs,UnityEditor.BuildProperties&) (at /home/bokken/build/output/unity/unity/PlatformDependent/AndroidPlayer/Editor/Managed/ExtensionModule.cs:418)
UnityEditor.PostprocessBuildPlayer:Postprocess (UnityEditor.BuildTarget,int,string,string,string,UnityEditor.BuildOptions,UnityEditor.RuntimeClassRegistry,UnityEditor.Build.Reporting.BuildReport) (at /Users/bokken/build/output/unity/unity/Editor/Mono/BuildPipeline/PostprocessBuildPlayer.cs:347)
UnityEditor.BuildPipeline:BuildPlayerInternal (string[],string,string,UnityEditor.BuildTargetGroup,UnityEditor.BuildTarget,int,UnityEditor.BuildOptions,string[],string[],bool)
UnityEditor.BuildPipeline:BuildPlayer (UnityEditor.BuildPlayerOptions) (at /Users/bokken/build/output/unity/unity/Editor/Mono/BuildPipeline/BuildPipeline.bindings.cs:267)
PicoTowerDefenseEditor.ProjectSetup:BuildDevelopmentApk () (at Assets/SpatialTowerDefense/Editor/ProjectSetup.cs:463)

(Filename: /home/bokken/build/output/unity/unity/PlatformDependent/AndroidPlayer/Editor/Managed/ExtensionModule.cs Line: 564)

Plugin 'Packages/com.bytedance.pico.xr/SpatialAudio/Plugins/Android/libs/arm64-v8a/libPicoAmbisonicDecoder.so' is not 16KB-aligned. This may cause issues on ARM64 devices running Android 15+.
More info: <a href="https://developer.android.com/guide/practices/page-sizes">https://developer.android.com/guide/practices/page-sizes</a>.
UnityEngine.Debug:ExtractStackTraceNoAlloc (byte*,int,string)
UnityEngine.StackTraceUtility:ExtractStackTrace () (at /Users/bokken/build/output/unity/unity/Runtime/Export/Scripting/StackTrace.cs:35)
UnityEngine.DebugLogHandler:Internal_Log (UnityEngine.LogType,UnityEngine.LogOption,string,UnityEngine.Object)
UnityEngine.DebugLogHandler:LogFormat (UnityEngine.LogType,UnityEngine.Object,string,object[])
UnityEngine.Logger:Log (UnityEngine.LogType,object)
UnityEngine.Debug:LogWarning (object)
UnityEditor.Android.AndroidBuildPostprocessor:CollectPlugin (string,Unity.Android.Types.AndroidGradleDependee,Unity.Android.Types.AndroidArchitecture,System.Collections.Generic.Dictionary`2<string, UnityEditor.Android.AndroidBuildPostprocessor/AndroidSourcePlugin>,bool) (at /home/bokken/build/output/unity/unity/PlatformDependent/AndroidPlayer/Editor/Managed/ExtensionModule.cs:564)
UnityEditor.Android.AndroidBuildPostprocessor:PluginsDataFor (UnityEditor.Modules.BuildPostProcessArgs) (at /home/bokken/build/output/unity/unity/PlatformDependent/AndroidPlayer/Editor/Managed/ExtensionModule.cs:632)
UnityEditor.Modules.BeeBuildPostprocessor/<GetDataForBuildProgramFor>d__65:MoveNext () (at /Users/bokken/build/output/unity/unity/Editor/Mono/Modules/BeeBuildPostprocessor.cs:571)
UnityEditor.Android.AndroidBuildPostprocessor/<GetDataForBuildProgramFor>d__31:MoveNext () (at /home/bokken/build/output/unity/unity/PlatformDependent/AndroidPlayer/Editor/Managed/ExtensionModule.cs:843)
System.Linq.Enumerable/WhereEnumerableIterator`1<object>:MoveNext ()
Bee.BeeDriver.BeeDriver:WriteDataForBuildProgram (Bee.BeeDriver.InternalState,System.Threading.Tasks.TaskCompletionSource`1<int>) (at /Users/bokken/build/output/unity/unity/Tools/Bee/Bee.BeeDriver2/BeeDriver.cs:99)
Bee.BeeDriver.BeeDriver/<>c__DisplayClass0_0:<BuildAsync>g__WriteData|0 () (at /Users/bokken/build/output/unity/unity/Tools/Bee/Bee.BeeDriver2/BeeDriver.cs:74)
Bee.BeeDriver.BeeDriver:BuildAsync (Bee.BeeDriver.BuildRequest,System.Threading.CancellationToken) (at /Users/bokken/build/output/unity/unity/Tools/Bee/Bee.BeeDriver2/BeeDriver.cs:77)
UnityEditor.Modules.BeeBuildPostprocessor:PostProcess (UnityEditor.Modules.BuildPostProcessArgs) (at /Users/bokken/build/output/unity/unity/Editor/Mono/Modules/BeeBuildPostprocessor.cs:784)
UnityEditor.Modules.BeeBuildPostprocessor:PostProcess (UnityEditor.Modules.BuildPostProcessArgs,UnityEditor.BuildProperties&) (at /Users/bokken/build/output/unity/unity/Editor/Mono/Modules/BeeBuildPostprocessor.cs:40)
UnityEditor.Android.AndroidBuildPostprocessor:PostProcess (UnityEditor.Modules.BuildPostProcessArgs,UnityEditor.BuildProperties&) (at /home/bokken/build/output/unity/unity/PlatformDependent/AndroidPlayer/Editor/Managed/ExtensionModule.cs:418)
UnityEditor.PostprocessBuildPlayer:Postprocess (UnityEditor.BuildTarget,int,string,string,string,UnityEditor.BuildOptions,UnityEditor.RuntimeClassRegistry,UnityEditor.Build.Reporting.BuildReport) (at /Users/bokken/build/output/unity/unity/Editor/Mono/BuildPipeline/PostprocessBuildPlayer.cs:347)
UnityEditor.BuildPipeline:BuildPlayerInternal (string[],string,string,UnityEditor.BuildTargetGroup,UnityEditor.BuildTarget,int,UnityEditor.BuildOptions,string[],string[],bool)
UnityEditor.BuildPipeline:BuildPlayer (UnityEditor.BuildPlayerOptions) (at /Users/bokken/build/output/unity/unity/Editor/Mono/BuildPipeline/BuildPipeline.bindings.cs:267)
PicoTowerDefenseEditor.ProjectSetup:BuildDevelopmentApk () (at Assets/SpatialTowerDefense/Editor/ProjectSetup.cs:463)

(Filename: /home/bokken/build/output/unity/unity/PlatformDependent/AndroidPlayer/Editor/Managed/ExtensionModule.cs Line: 564)

Plugin 'Packages/com.bytedance.pico.xr/SpatialAudio/Plugins/Android/libs/arm64-v8a/libPicoAudioRouter.so' is not 16KB-aligned. This may cause issues on ARM64 devices running Android 15+.
More info: <a href="https://developer.android.com/guide/practices/page-sizes">https://developer.android.com/guide/practices/page-sizes</a>.
UnityEngine.Debug:ExtractStackTraceNoAlloc (byte*,int,string)
UnityEngine.StackTraceUtility:ExtractStackTrace () (at /Users/bokken/build/output/unity/unity/Runtime/Export/Scripting/StackTrace.cs:35)
UnityEngine.DebugLogHandler:Internal_Log (UnityEngine.LogType,UnityEngine.LogOption,string,UnityEngine.Object)
UnityEngine.DebugLogHandler:LogFormat (UnityEngine.LogType,UnityEngine.Object,string,object[])
UnityEngine.Logger:Log (UnityEngine.LogType,object)
UnityEngine.Debug:LogWarning (object)
UnityEditor.Android.AndroidBuildPostprocessor:CollectPlugin (string,Unity.Android.Types.AndroidGradleDependee,Unity.Android.Types.AndroidArchitecture,System.Collections.Generic.Dictionary`2<string, UnityEditor.Android.AndroidBuildPostprocessor/AndroidSourcePlugin>,bool) (at /home/bokken/build/output/unity/unity/PlatformDependent/AndroidPlayer/Editor/Managed/ExtensionModule.cs:564)
UnityEditor.Android.AndroidBuildPostprocessor:PluginsDataFor (UnityEditor.Modules.BuildPostProcessArgs) (at /home/bokken/build/output/unity/unity/PlatformDependent/AndroidPlayer/Editor/Managed/ExtensionModule.cs:632)
UnityEditor.Modules.BeeBuildPostprocessor/<GetDataForBuildProgramFor>d__65:MoveNext () (at /Users/bokken/build/output/unity/unity/Editor/Mono/Modules/BeeBuildPostprocessor.cs:571)
UnityEditor.Android.AndroidBuildPostprocessor/<GetDataForBuildProgramFor>d__31:MoveNext () (at /home/bokken/build/output/unity/unity/PlatformDependent/AndroidPlayer/Editor/Managed/ExtensionModule.cs:843)
System.Linq.Enumerable/WhereEnumerableIterator`1<object>:MoveNext ()
Bee.BeeDriver.BeeDriver:WriteDataForBuildProgram (Bee.BeeDriver.InternalState,System.Threading.Tasks.TaskCompletionSource`1<int>) (at /Users/bokken/build/output/unity/unity/Tools/Bee/Bee.BeeDriver2/BeeDriver.cs:99)
Bee.BeeDriver.BeeDriver/<>c__DisplayClass0_0:<BuildAsync>g__WriteData|0 () (at /Users/bokken/build/output/unity/unity/Tools/Bee/Bee.BeeDriver2/BeeDriver.cs:74)
Bee.BeeDriver.BeeDriver:BuildAsync (Bee.BeeDriver.BuildRequest,System.Threading.CancellationToken) (at /Users/bokken/build/output/unity/unity/Tools/Bee/Bee.BeeDriver2/BeeDriver.cs:77)
UnityEditor.Modules.BeeBuildPostprocessor:PostProcess (UnityEditor.Modules.BuildPostProcessArgs) (at /Users/bokken/build/output/unity/unity/Editor/Mono/Modules/BeeBuildPostprocessor.cs:784)
UnityEditor.Modules.BeeBuildPostprocessor:PostProcess (UnityEditor.Modules.BuildPostProcessArgs,UnityEditor.BuildProperties&) (at /Users/bokken/build/output/unity/unity/Editor/Mono/Modules/BeeBuildPostprocessor.cs:40)
UnityEditor.Android.AndroidBuildPostprocessor:PostProcess (UnityEditor.Modules.BuildPostProcessArgs,UnityEditor.BuildProperties&) (at /home/bokken/build/output/unity/unity/PlatformDependent/AndroidPlayer/Editor/Managed/ExtensionModule.cs:418)
UnityEditor.PostprocessBuildPlayer:Postprocess (UnityEditor.BuildTarget,int,string,string,string,UnityEditor.BuildOptions,UnityEditor.RuntimeClassRegistry,UnityEditor.Build.Reporting.BuildReport) (at /Users/bokken/build/output/unity/unity/Editor/Mono/BuildPipeline/PostprocessBuildPlayer.cs:347)
UnityEditor.BuildPipeline:BuildPlayerInternal (string[],string,string,UnityEditor.BuildTargetGroup,UnityEditor.BuildTarget,int,UnityEditor.BuildOptions,string[],string[],bool)
UnityEditor.BuildPipeline:BuildPlayer (UnityEditor.BuildPlayerOptions) (at /Users/bokken/build/output/unity/unity/Editor/Mono/BuildPipeline/BuildPipeline.bindings.cs:267)
PicoTowerDefenseEditor.ProjectSetup:BuildDevelopmentApk () (at Assets/SpatialTowerDefense/Editor/ProjectSetup.cs:463)

(Filename: /home/bokken/build/output/unity/unity/PlatformDependent/AndroidPlayer/Editor/Managed/ExtensionModule.cs Line: 564)

Starting: /Applications/Unity/Hub/Editor/6000.5.5f1/Unity.app/Contents/Resources/BuildPipeline/bee_backend --ipc --dagfile="Library/Bee/Playerfcd15f47.dag" --profile="Library/Bee/backend1.traceevents" Player
WorkingDir: /Users/ld/Documents/Codex/2026-08-03/http-localhost-8080-codex-text-link/outputs/SpatialTowerDefensePICO
Rebuilding DAG because directory contents changed: Library/PlayerDataCache/Android/Data
DisplayProgressbar: Incremental Player Build
*** Tundra requires additional run (0.10 seconds), 0 items updated, 0 evaluated
Starting: /Applications/Unity/Hub/Editor/6000.5.5f1/Unity.app/Contents/Resources/Scripting/netcorerun/netcorerun "/Applications/Unity/Hub/Editor/6000.5.5f1/PlaybackEngines/AndroidPlayer/AndroidPlayerBuildProgram.exe" "/Applications/Unity/Hub/Editor/6000.5.5f1/PlaybackEngines/AndroidPlayer/Bee:/Applications/Unity/Hub/Editor/6000.5.5f1/Unity.app/Contents/Resources/BuildPipeline" "Library/Bee/Playerfcd15f47.dag.json" "Library/Bee/Playerfcd15f47-inputdata.json" "Library/Bee/buildprogram0.traceevents"
WorkingDir: /Users/ld/Documents/Codex/2026-08-03/http-localhost-8080-codex-text-link/outputs/SpatialTowerDefensePICO
ExitCode: 4 Duration: 0s221ms
ExitCode: 0 Duration: 0s594ms
Starting: /Applications/Unity/Hub/Editor/6000.5.5f1/Unity.app/Contents/Resources/BuildPipeline/bee_backend --ipc --dagfile="Library/Bee/Playerfcd15f47.dag" --dagfilejson="Library/Bee/Playerfcd15f47.dag.json" --profile="Library/Bee/backend2.traceevents" Player
WorkingDir: /Users/ld/Documents/Codex/2026-08-03/http-localhost-8080-codex-text-link/outputs/SpatialTowerDefensePICO
Finished compiling graph: 1673 nodes, 4296 flattened edges (4291 ToBuild, 5 ToUse), maximum node priority 2147483647
[           0s] Delete 2 artifact files that are no longer in use. (like /Users/ld/Documents/Codex/2026-08-03/http-localhost-8080-codex-text-link/outputs/SpatialTowerDefensePICO/Library/Bee/Android/Prj/IL2CPP/Gradle/unityLibrary/src/main/assets/bin/Data/df7d420d85ffc41ce978bb8129768588)
[ 104/1480  0s] WriteText Library/Bee/artifacts/csharpactions/unity_app_guid_23by.info
[ 105/1480  0s] WriteText Library/Bee/artifacts/csharpactions/boot.config_x4e9.info
[ 118/1480  0s] CopyFiles /Users/ld/Documents/Codex/2026-08-03/http-localhost-8080-codex-text-link/outputs/SpatialTowerDefensePICO/Library/Bee/Android/Prj/IL2CPP/Gradle/unityLibrary/xrmanifest.androidlib/AndroidManifest.xml
[ 119/1480  0s] CopyFiles /Users/ld/Documents/Codex/2026-08-03/http-localhost-8080-codex-text-link/outputs/SpatialTowerDefensePICO/Library/Bee/Android/Prj/IL2CPP/Gradle/unityLibrary/src/main/assets/bin/Data/Resources/unity_builtin_extra
[ 120/1480  0s] CopyFiles /Users/ld/Documents/Codex/2026-08-03/http-localhost-8080-codex-text-link/outputs/SpatialTowerDefensePICO/Library/Bee/Android/Prj/IL2CPP/Gradle/unityLibrary/src/main/assets/bin/Data/ff1fe5f1b5ed548fbac8fad7df8bc35b
[ 121/1480  0s] CopyFiles /Users/ld/Documents/Codex/2026-08-03/http-localhost-8080-codex-text-link/outputs/SpatialTowerDefensePICO/Library/Bee/Android/Prj/IL2CPP/Gradle/unityLibrary/src/main/assets/bin/Data/globalgamemanagers
[ 122/1480  0s] CopyFiles /Users/ld/Documents/Codex/2026-08-03/http-localhost-8080-codex-text-link/outputs/SpatialTowerDefensePICO/Library/Bee/Android/Prj/IL2CPP/Gradle/unityLibrary/src/main/assets/bin/Data/ffa001780e4c26b4c8ecd6d9f780d254
[ 123/1480  0s] CopyFiles /Users/ld/Documents/Codex/2026-08-03/http-localhost-8080-codex-text-link/outputs/SpatialTowerDefensePICO/Library/Bee/Android/Prj/IL2CPP/Gradle/unityLibrary/src/main/assets/bin/Data/fe8f7cd36e24d495c91d49ab5dcedc71
[ 124/1480  0s] CopyFiles /Users/ld/Documents/Codex/2026-08-03/http-localhost-8080-codex-text-link/outputs/SpatialTowerDefensePICO/Library/Bee/Android/Prj/IL2CPP/Gradle/unityLibrary/src/main/assets/bin/Data/fecbf02c50d091d45bcab8716ebe97e5
[ 125/1480  0s] CopyFiles /Users/ld/Documents/Codex/2026-08-03/http-localhost-8080-codex-text-link/outputs/SpatialTowerDefensePICO/Library/Bee/Android/Prj/IL2CPP/Gradle/unityLibrary/src/main/assets/bin/Data/fda24eea6016c4a369a2b29162e8a06f
[ 126/1480  0s] CopyFiles /Users/ld/Documents/Codex/2026-08-03/http-localhost-8080-codex-text-link/outputs/SpatialTowerDefensePICO/Library/Bee/Android/Prj/IL2CPP/Gradle/unityLibrary/src/main/assets/bin/Data/fe1d808cca9fc4493ad9f6d6b17929e0
[ 127/1480  0s] CopyFiles /Users/ld/Documents/Codex/2026-08-03/http-localhost-8080-codex-text-link/outputs/SpatialTowerDefensePICO/Library/Bee/Android/Prj/IL2CPP/Gradle/unityLibrary/src/main/assets/bin/Data/fe8d9fd131b04ed4a8be3355cb9d4aa9
[ 128/1480  0s] CopyFiles /Users/ld/Documents/Codex/2026-08-03/http-localhost-8080-codex-text-link/outputs/SpatialTowerDefensePICO/Library/Bee/Android/Prj/IL2CPP/Gradle/unityLibrary/src/main/assets/bin/Data/fdb3ea5dcc705e94992d7ad588c40ecb
[ 129/1480  0s] CopyFiles /Users/ld/Documents/Codex/2026-08-03/http-localhost-8080-codex-text-link/outputs/SpatialTowerDefensePICO/Library/Bee/Android/Prj/IL2CPP/Gradle/unityLibrary/src/main/assets/bin/Data/fd108e0bc5ad34e25a82ee77fa31ac1f
[ 130/1480  0s] CopyFiles /Users/ld/Documents/Codex/2026-08-03/http-localhost-8080-codex-text-link/outputs/SpatialTowerDefensePICO/Library/Bee/Android/Prj/IL2CPP/Gradle/unityLibrary/src/main/assets/bin/Data/fc6e7a385688aa54ba106892397e8354
[ 131/1480  0s] CopyFiles /Users/ld/Documents/Codex/2026-08-03/http-localhost-8080-codex-text-link/outputs/SpatialTowerDefensePICO/Library/Bee/Android/Prj/IL2CPP/Gradle/unityLibrary/src/main/assets/bin/Data/fc822ab21acf24271abd7fcf0d3a33f9
[ 132/1480  0s] CopyFiles /Users/ld/Documents/Codex/2026-08-03/http-localhost-8080-codex-text-link/outputs/SpatialTowerDefensePICO/Library/Bee/Android/Prj/IL2CPP/Gradle/unityLibrary/src/main/assets/bin/Data/faf88df9fae0748438ea9807963c3787
[ 133/1480  0s] CopyFiles /Users/ld/Documents/Codex/2026-08-03/http-localhost-8080-codex-text-link/outputs/SpatialTowerDefensePICO/Library/Bee/Android/Prj/IL2CPP/Gradle/unityLibrary/src/main/assets/bin/Data/fbaf5bb6262710e469cc9f94a1e0e517
[ 134/1480  0s] CopyFiles /Users/ld/Documents/Codex/2026-08-03/http-localhost-8080-codex-text-link/outputs/SpatialTowerDefensePICO/Library/Bee/Android/Prj/IL2CPP/Gradle/unityLibrary/src/main/assets/bin/Data/faf436b1cdd9ef34096a70eed3780261
[ 135/1480  0s] CopyFiles /Users/ld/Documents/Codex/2026-08-03/http-localhost-8080-codex-text-link/outputs/SpatialTowerDefensePICO/Library/Bee/Android/Prj/IL2CPP/Gradle/unityLibrary/src/main/assets/bin/Data/fae675275dbfabd4fa5554e262a14d83
[ 136/1480  0s] CopyFiles /Users/ld/Documents/Codex/2026-08-03/http-localhost-8080-codex-text-link/outputs/SpatialTowerDefensePICO/Library/Bee/Android/Prj/IL2CPP/Gradle/unityLibrary/src/main/assets/bin/Data/fb2396ddc12854b4b9002a233c8050bc
[ 137/1480  0s] CopyFiles /Users/ld/Documents/Codex/2026-08-03/http-localhost-8080-codex-text-link/outputs/SpatialTowerDefensePICO/Library/Bee/Android/Prj/IL2CPP/Gradle/unityLibrary/src/main/assets/bin/Data/fa1230abc8a80ab4dbda1a39300e6ae9
[ 138/1480  0s] CopyFiles /Users/ld/Documents/Codex/2026-08-03/http-localhost-8080-codex-text-link/outputs/SpatialTowerDefensePICO/Library/Bee/Android/Prj/IL2CPP/Gradle/unityLibrary/src/main/assets/bin/Data/fa81cec4ef495964295e19ee18428ddf
[ 139/1480  0s] CopyFiles /Users/ld/Documents/Codex/2026-08-03/http-localhost-8080-codex-text-link/outputs/SpatialTowerDefensePICO/Library/Bee/Android/Prj/IL2CPP/Gradle/unityLibrary/src/main/assets/bin/Data/f9a9551ce1bacf649bf8ebce2fd5247c
[ 140/1480  0s] CopyFiles /Users/ld/Documents/Codex/2026-08-03/http-localhost-8080-codex-text-link/outputs/SpatialTowerDefensePICO/Library/Bee/Android/Prj/IL2CPP/Gradle/unityLibrary/src/main/assets/bin/Data/f7bbf9636e2534ccdb7f634a21e52c00
[ 141/1480  0s] CopyFiles /Users/ld/Documents/Codex/2026-08-03/http-localhost-8080-codex-text-link/outputs/SpatialTowerDefensePICO/Library/Bee/Android/Prj/IL2CPP/Gradle/unityLibrary/src/main/assets/bin/Data/f8ac02e5e051a384ea4184a3dc488e7b
[ 142/1480  0s] CopyFiles /Users/ld/Documents/Codex/2026-08-03/http-localhost-8080-codex-text-link/outputs/SpatialTowerDefensePICO/Library/Bee/Android/Prj/IL2CPP/Gradle/unityLibrary/src/main/assets/bin/Data/f819a5fb044d1024baccaa5a88501df2
[ 143/1480  0s] CopyFiles /Users/ld/Documents/Codex/2026-08-03/http-localhost-8080-codex-text-link/outputs/SpatialTowerDefensePICO/Library/Bee/Android/Prj/IL2CPP/Gradle/unityLibrary/src/main/assets/bin/Data/f67fc87666fd34cc7bd91a1afb69dc33
[ 144/1480  0s] CopyFiles /Users/ld/Documents/Codex/2026-08-03/http-localhost-8080-codex-text-link/outputs/SpatialTowerDefensePICO/Library/Bee/Android/Prj/IL2CPP/Gradle/unityLibrary/src/main/assets/bin/Data/f5fa9de3fcd4f06498a4534435ec3240
[ 145/1480  0s] CopyFiles /Users/ld/Documents/Codex/2026-08-03/http-localhost-8080-codex-text-link/outputs/SpatialTowerDefensePICO/Library/Bee/Android/Prj/IL2CPP/Gradle/unityLibrary/src/main/assets/bin/Data/f71c806f5c65746f39b89ccda0f22cb1
[ 146/1480  0s] CopyFiles /Users/ld/Documents/Codex/2026-08-03/http-localhost-8080-codex-text-link/outputs/SpatialTowerDefensePICO/Library/Bee/Android/Prj/IL2CPP/Gradle/unityLibrary/src/main/assets/bin/Data/f6df54f2f80714ad6b167400ee00de79
[ 147/1480  0s] CopyFiles /Users/ld/Documents/Codex/2026-08-03/http-localhost-8080-codex-text-link/outputs/SpatialTowerDefensePICO/Library/Bee/Android/Prj/IL2CPP/Gradle/unityLibrary/src/main/assets/bin/Data/f556bef586df81147920236aa139c992
[ 148/1480  0s] CopyFiles /Users/ld/Documents/Codex/2026-08-03/http-localhost-8080-codex-text-link/outputs/SpatialTowerDefensePICO/Library/Bee/Android/Prj/IL2CPP/Gradle/unityLibrary/src/main/assets/bin/Data/f5feaf3e556104dbc8cd7f17f69f3417
[ 149/1480  0s] CopyFiles /Users/ld/Documents/Codex/2026-08-03/http-localhost-8080-codex-text-link/outputs/SpatialTowerDefensePICO/Library/Bee/Android/Prj/IL2CPP/Gradle/unityLibrary/src/main/assets/bin/Data/f54fd97c0f7164435ab006ef1146fdc4
[ 150/1480  0s] CopyFiles /Users/ld/Documents/Codex/2026-08-03/http-localhost-8080-codex-text-link/outputs/SpatialTowerDefensePICO/Library/Bee/Android/Prj/IL2CPP/Gradle/unityLibrary/src/main/assets/bin/Data/f5d41aec1a532a34486a303124f530b4
[ 151/1480  0s] CopyFiles /Users/ld/Documents/Codex/2026-08-03/http-localhost-8080-codex-text-link/outputs/SpatialTowerDefensePICO/Library/Bee/Android/Prj/IL2CPP/Gradle/unityLibrary/src/main/assets/bin/Data/f54638bf083de834cbc20e29a059186e
[ 152/1480  0s] CopyFiles /Users/ld/Documents/Codex/2026-08-03/http-localhost-8080-codex-text-link/outputs/SpatialTowerDefensePICO/Library/Bee/Android/Prj/IL2CPP/Gradle/unityLibrary/src/main/assets/bin/Data/f29a0ab70d309499c9c2d61a919d5020
[ 153/1480  0s] CopyFiles /Users/ld/Documents/Codex/2026-08-03/http-localhost-8080-codex-text-link/outputs/SpatialTowerDefensePICO/Library/Bee/Android/Prj/IL2CPP/Gradle/unityLibrary/src/main/assets/bin/Data/f33f87dc47e7e9148a2a203d30060197
[ 154/1480  0s] CopyFiles /Users/ld/Documents/Codex/2026-08-03/http-localhost-8080-codex-text-link/outputs/SpatialTowerDefensePICO/Library/Bee/Android/Prj/IL2CPP/Gradle/unityLibrary/src/main/assets/bin/Data/f14d590507ce4f858ce6b0d7423bc4d3
[ 155/1480  0s] CopyFiles /Users/ld/Documents/Codex/2026-08-03/http-localhost-8080-codex-text-link/outputs/SpatialTowerDefensePICO/Library/Bee/Android/Prj/IL2CPP/Gradle/unityLibrary/src/main/assets/bin/Data/f50e0a1ad2f8aa04c922ae30e674fbce
[ 156/1480  0s] CopyFiles /Users/ld/Documents/Codex/2026-08-03/http-localhost-8080-codex-text-link/outputs/SpatialTowerDefensePICO/Library/Bee/Android/Prj/IL2CPP/Gradle/unityLibrary/src/main/assets/bin/Data/f300c79d4ed897348a3b46fc5d04b63a
[ 157/1480  0s] CopyFiles /Users/ld/Documents/Codex/2026-08-03/http-localhost-8080-codex-text-link/outputs/SpatialTowerDefensePICO/Library/Bee/Android/Prj/IL2CPP/Gradle/unityLibrary/src/main/assets/bin/Data/f01f5070a583b46428e65bf7a927bd16
[ 158/1480  0s] CopyFiles /Users/ld/Documents/Codex/2026-08-03/http-localhost-8080-codex-text-link/outputs/SpatialTowerDefensePICO/Library/Bee/Android/Prj/IL2CPP/Gradle/unityLibrary/src/main/assets/bin/Data/f0353ad683ac84325be9a093b333710f
[ 159/1480  0s] CopyFiles /Users/ld/Documents/Codex/2026-08-03/http-localhost-8080-codex-text-link/outputs/SpatialTowerDefensePICO/Library/Bee/Android/Prj/IL2CPP/Gradle/unityLibrary/src/main/assets/bin/Data/ef269a72d9c5bff4d92983b06a83716f
[ 160/1480  0s] CopyFiles /Users/ld/Documents/Codex/2026-08-03/http-localhost-8080-codex-text-link/outputs/SpatialTowerDefensePICO/Library/Bee/Android/Prj/IL2CPP/Gradle/unityLibrary/src/main/assets/bin/Data/ec194f0bc3d9ae14082c5e7cff8fb17c
[ 161/1480  0s] CopyFiles /Users/ld/Documents/Codex/2026-08-03/http-localhost-8080-codex-text-link/outputs/SpatialTowerDefensePICO/Library/Bee/Android/Prj/IL2CPP/Gradle/unityLibrary/src/main/assets/bin/Data/eea6615b75ad849c4b56d2169c44a7fa
[ 162/1480  0s] CopyFiles /Users/ld/Documents/Codex/2026-08-03/http-localhost-8080-codex-text-link/outputs/SpatialTowerDefensePICO/Library/Bee/Android/Prj/IL2CPP/Gradle/unityLibrary/src/main/assets/bin/Data/eb1360987a5f7bb42beef649d8ca2d42
[ 163/1480  0s] CopyFiles /Users/ld/Documents/Codex/2026-08-03/http-localhost-8080-codex-text-link/outputs/SpatialTowerDefensePICO/Library/Bee/Android/Prj/IL2CPP/Gradle/unityLibrary/src/main/assets/bin/Data/ea2d7d491467e1843b44bdae610f0c2f
[ 164/1480  0s] CopyFiles /Users/ld/Documents/Codex/2026-08-03/http-localhost-8080-codex-text-link/outputs/SpatialTowerDefensePICO/Library/Bee/Android/Prj/IL2CPP/Gradle/unityLibrary/src/main/assets/bin/Data/e6ba9ac609f94a7419cfabbc37593eec
[ 165/1480  0s] CopyFiles /Users/ld/Documents/Codex/2026-08-03/http-localhost-8080-codex-text-link/outputs/SpatialTowerDefensePICO/Library/Bee/Android/Prj/IL2CPP/Gradle/unityLibrary/src/main/assets/bin/Data/ea57697f22d46ae47b42cb69c6da0a6e
[ 166/1480  0s] CopyFiles /Users/ld/Documents/Codex/2026-08-03/http-localhost-8080-codex-text-link/outputs/SpatialTowerDefensePICO/Library/Bee/Android/Prj/IL2CPP/Gradle/unityLibrary/src/main/assets/bin/Data/e5b6ac4d6ccc1f5478908d0aa32ea1b2
[ 167/1480  0s] CopyFiles /Users/ld/Documents/Codex/2026-08-03/http-localhost-8080-codex-text-link/outputs/SpatialTowerDefensePICO/Library/Bee/Android/Prj/IL2CPP/Gradle/unityLibrary/src/main/assets/bin/Data/e664d688bb65af54a9146781a2b6f500
[ 168/1480  0s] CopyFiles /Users/ld/Documents/Codex/2026-08-03/http-localhost-8080-codex-text-link/outputs/SpatialTowerDefensePICO/Library/Bee/Android/Prj/IL2CPP/Gradle/unityLibrary/src/main/assets/bin/Data/e5d23cb97e44b93469029f476f8ebd37
[ 169/1480  0s] CopyFiles /Users/ld/Documents/Codex/2026-08-03/http-localhost-8080-codex-text-link/outputs/SpatialTowerDefensePICO/Library/Bee/Android/Prj/IL2CPP/Gradle/unityLibrary/src/main/assets/bin/Data/e88f7e8badceff84bbfc496e83b8bd9e
[ 170/1480  0s] CopyFiles /Users/ld/Documents/Codex/2026-08-03/http-localhost-8080-codex-text-link/outputs/SpatialTowerDefensePICO/Library/Bee/Android/Prj/IL2CPP/Gradle/unityLibrary/src/main/assets/bin/Data/e697a10fb6911e44aabbf79cbcd09cab
[ 171/1480  0s] CopyFiles /Users/ld/Documents/Codex/2026-08-03/http-localhost-8080-codex-text-link/outputs/SpatialTowerDefensePICO/Library/Bee/Android/Prj/IL2CPP/Gradle/unityLibrary/src/main/assets/bin/Data/e4ba67e3eb617634c824223f6fb235f9
[ 172/1480  0s] CopyFiles /Users/ld/Documents/Codex/2026-08-03/http-localhost-8080-codex-text-link/outputs/SpatialTowerDefensePICO/Library/Bee/Android/Prj/IL2CPP/Gradle/unityLibrary/src/main/assets/bin/Data/e5167d5597ba3044fb87bb8920a61cb4
[ 173/1480  0s] CopyFiles /Users/ld/Documents/Codex/2026-08-03/http-localhost-8080-codex-text-link/outputs/SpatialTowerDefensePICO/Library/Bee/Android/Prj/IL2CPP/Gradle/unityLibrary/src/main/assets/bin/Data/e48687d83dda543fa857248efbe7c929
[ 174/1480  0s] CopyFiles /Users/ld/Documents/Codex/2026-08-03/http-localhost-8080-codex-text-link/outputs/SpatialTowerDefensePICO/Library/Bee/Android/Prj/IL2CPP/Gradle/unityLibrary/src/main/assets/bin/Data/e5b6164e7d4f7e94fa1b1e7ac41fd5e9
[ 175/1480  0s] CopyFiles /Users/ld/Documents/Codex/2026-08-03/http-localhost-8080-codex-text-link/outputs/SpatialTowerDefensePICO/Library/Bee/Android/Prj/IL2CPP/Gradle/unityLibrary/src/main/assets/bin/Data/e5331dddda17a48708cec80c068b9e6a
[ 176/1480  0s] CopyFiles /Users/ld/Documents/Codex/2026-08-03/http-localhost-8080-codex-text-link/outputs/SpatialTowerDefensePICO/Library/Bee/Android/Prj/IL2CPP/Gradle/unityLibrary/src/main/assets/bin/Data/e2e56f25585aba74f8b763341de4bd95
[ 177/1480  0s] CopyFiles /Users/ld/Documents/Codex/2026-08-03/http-localhost-8080-codex-text-link/outputs/SpatialTowerDefensePICO/Library/Bee/Android/Prj/IL2CPP/Gradle/unityLibrary/src/main/assets/bin/Data/e3cffdee9c9c242f6a8bfc5036f53915
[ 178/1480  0s] CopyFiles /Users/ld/Documents/Codex/2026-08-03/http-localhost-8080-codex-text-link/outputs/SpatialTowerDefensePICO/Library/Bee/Android/Prj/IL2CPP/Gradle/unityLibrary/src/main/assets/bin/Data/e2682e90ea58c406ebd58785c7529926
[ 179/1480  0s] CopyFiles /Users/ld/Documents/Codex/2026-08-03/http-localhost-8080-codex-text-link/outputs/SpatialTowerDefensePICO/Library/Bee/Android/Prj/IL2CPP/Gradle/unityLibrary/src/main/assets/bin/Data/e23a81f305c34a6479e1aa1421c3bc63
[ 180/1480  0s] CopyFiles /Users/ld/Documents/Codex/2026-08-03/http-localhost-8080-codex-text-link/outputs/SpatialTowerDefensePICO/Library/Bee/Android/Prj/IL2CPP/Gradle/unityLibrary/src/main/assets/bin/Data/e173931a61b20334c816019c984efc67
[ 181/1480  0s] CopyFiles /Users/ld/Documents/Codex/2026-08-03/http-localhost-8080-codex-text-link/outputs/SpatialTowerDefensePICO/Library/Bee/Android/Prj/IL2CPP/Gradle/unityLibrary/src/main/assets/bin/Data/e0595e1df515fa64fa99e3017d4ace24
[ 182/1480  0s] CopyFiles /Users/ld/Documents/Codex/2026-08-03/http-localhost-8080-codex-text-link/outputs/SpatialTowerDefensePICO/Library/Bee/Android/Prj/IL2CPP/Gradle/unityLibrary/src/main/assets/bin/Data/e14cd19e783de4331ab45995950640b3
[ 183/1480  0s] CopyFiles /Users/ld/Documents/Codex/2026-08-03/http-localhost-8080-codex-text-link/outputs/SpatialTowerDefensePICO/Library/Bee/Android/Prj/IL2CPP/Gradle/unityLibrary/src/main/assets/bin/Data/e12b49fd61de44f69b66976ce419b975
[ 184/1480  0s] CopyFiles /Users/ld/Documents/Codex/2026-08-03/http-localhost-8080-codex-text-link/outputs/SpatialTowerDefensePICO/Library/Bee/Android/Prj/IL2CPP/Gradle/unityLibrary/src/main/assets/bin/Data/e1721d77f8f68c941899d270ca2b57f5
[ 185/1480  0s] CopyFiles /Users/ld/Documents/Codex/2026-08-03/http-localhost-8080-codex-text-link/outputs/SpatialTowerDefensePICO/Library/Bee/Android/Prj/IL2CPP/Gradle/unityLibrary/src/main/assets/bin/Data/dfb7a3f5f19871845a31d50ebca45cbd
[ 186/1480  0s] CopyFiles /Users/ld/Documents/Codex/2026-08-03/http-localhost-8080-codex-text-link/outputs/SpatialTowerDefensePICO/Library/Bee/Android/Prj/IL2CPP/Gradle/unityLibrary/src/main/assets/bin/Data/dc3a6c378aee9d74b99902d620f54e62
[ 187/1480  0s] CopyFiles /Users/ld/Documents/Codex/2026-08-03/http-localhost-8080-codex-text-link/outputs/SpatialTowerDefensePICO/Library/Bee/Android/Prj/IL2CPP/Gradle/unityLibrary/src/main/assets/bin/Data/df77afbafe58348d4bc8f00476aeda06
[ 188/1480  0s] CopyFiles /Users/ld/Documents/Codex/2026-08-03/http-localhost-8080-codex-text-link/outputs/SpatialTowerDefensePICO/Library/Bee/Android/Prj/IL2CPP/Gradle/unityLibrary/src/main/assets/bin/Data/db020a991b80c96478dce69b0dbd14c5
[ 189/1480  0s] CopyFiles /Users/ld/Documents/Codex/2026-08-03/http-localhost-8080-codex-text-link/outputs/SpatialTowerDefensePICO/Library/Bee/Android/Prj/IL2CPP/Gradle/unityLibrary/src/main/assets/bin/Data/db41a89f1eb73be458b8e3860497f2b2
[ 190/1480  0s] CopyFiles /Users/ld/Documents/Codex/2026-08-03/http-localhost-8080-codex-text-link/outputs/SpatialTowerDefensePICO/Library/Bee/Android/Prj/IL2CPP/Gradle/unityLibrary/src/main/assets/bin/Data/dbe9547280a944f89b760d4ae6d24f5f
[ 191/1480  0s] CopyFiles /Users/ld/Documents/Codex/2026-08-03/http-localhost-8080-codex-text-link/outputs/SpatialTowerDefensePICO/Library/Bee/Android/Prj/IL2CPP/Gradle/unityLibrary/src/main/assets/bin/Data/dba11ee6c324e46f8bd36ffa00d5b6a2
[ 192/1480  0s] CopyFiles /Users/ld/Documents/Codex/2026-08-03/http-localhost-8080-codex-text-link/outputs/SpatialTowerDefensePICO/Library/Bee/Android/Prj/IL2CPP/Gradle/unityLibrary/src/main/assets/bin/Data/da2bf9c72e4199340af64e2d379620d3
[ 193/1480  0s] CopyFiles /Users/ld/Documents/Codex/2026-08-03/http-localhost-8080-codex-text-link/outputs/SpatialTowerDefensePICO/Library/Bee/Android/Prj/IL2CPP/Gradle/unityLibrary/src/main/assets/bin/Data/dc6770cfd8c464e12b11318922fd2b82
[ 194/1480  0s] CopyFiles /Users/ld/Documents/Codex/2026-08-03/http-localhost-8080-codex-text-link/outputs/SpatialTowerDefensePICO/Library/Bee/Android/Prj/IL2CPP/Gradle/unityLibrary/src/main/assets/bin/Data/dab3a6ae6b2154e3b8fcd98bac263189
[ 195/1480  0s] CopyFiles /Users/ld/Documents/Codex/2026-08-03/http-localhost-8080-codex-text-link/outputs/SpatialTowerDefensePICO/Library/Bee/Android/Prj/IL2CPP/Gradle/unityLibrary/src/main/assets/bin/Data/da922f905c5813245affa0067d0929a9
[ 196/1480  0s] CopyFiles /Users/ld/Documents/Codex/2026-08-03/http-localhost-8080-codex-text-link/outputs/SpatialTowerDefensePICO/Library/Bee/Android/Prj/IL2CPP/Gradle/unityLibrary/src/main/assets/bin/Data/da2437649238db74ab71ffdde1345ab4
[ 197/1480  0s] CopyFiles /Users/ld/Documents/Codex/2026-08-03/http-localhost-8080-codex-text-link/outputs/SpatialTowerDefensePICO/Library/Bee/Android/Prj/IL2CPP/Gradle/unityLibrary/src/main/assets/bin/Data/d77ad19165d84b844ac6b715a2ef6998
[ 198/1480  0s] CopyFiles /Users/ld/Documents/Codex/2026-08-03/http-localhost-8080-codex-text-link/outputs/SpatialTowerDefensePICO/Library/Bee/Android/Prj/IL2CPP/Gradle/unityLibrary/src/main/assets/bin/Data/d76289bd06264004ba8a30d1d7f38edf
[ 199/1480  0s] CopyFiles /Users/ld/Documents/Codex/2026-08-03/http-localhost-8080-codex-text-link/outputs/SpatialTowerDefensePICO/Library/Bee/Android/Prj/IL2CPP/Gradle/unityLibrary/src/main/assets/bin/Data/d792b21ba2f3e6e4ba026384d6d6536f
[ 200/1480  0s] CopyFiles /Users/ld/Documents/Codex/2026-08-03/http-localhost-8080-codex-text-link/outputs/SpatialTowerDefensePICO/Library/Bee/Android/Prj/IL2CPP/Gradle/unityLibrary/src/main/assets/bin/Data/d731039ebfec33f48a9a477a1969b4c5
[ 201/1480  0s] CopyFiles /Users/ld/Documents/Codex/2026-08-03/http-localhost-8080-codex-text-link/outputs/SpatialTowerDefensePICO/Library/Bee/Android/Prj/IL2CPP/Gradle/unityLibrary/src/main/assets/bin/Data/d7540181fc229e8448f8276f14347b1b
[ 202/1480  0s] CopyFiles /Users/ld/Documents/Codex/2026-08-03/http-localhost-8080-codex-text-link/outputs/SpatialTowerDefensePICO/Library/Bee/Android/Prj/IL2CPP/Gradle/unityLibrary/src/main/assets/bin/Data/d2754f47eb19b8747870e7dd52de1e87
[ 203/1480  0s] CopyFiles /Users/ld/Documents/Codex/2026-08-03/http-localhost-8080-codex-text-link/outputs/SpatialTowerDefensePICO/Library/Bee/Android/Prj/IL2CPP/Gradle/unityLibrary/src/main/assets/bin/Data/d260d61f8f962454a898621eb73f19a6
[ 204/1480  0s] CopyFiles /Users/ld/Documents/Codex/2026-08-03/http-localhost-8080-codex-text-link/outputs/SpatialTowerDefensePICO/Library/Bee/Android/Prj/IL2CPP/Gradle/unityLibrary/src/main/assets/bin/Data/d4f0c93a8d9784ffe9d5ea9b814e5751
[ 205/1480  0s] CopyFiles /Users/ld/Documents/Codex/2026-08-03/http-localhost-8080-codex-text-link/outputs/SpatialTowerDefensePICO/Library/Bee/Android/Prj/IL2CPP/Gradle/unityLibrary/src/main/assets/bin/Data/d30a9ff45293ba24e8aa582b0dc654f1
[ 206/1480  0s] CopyFiles /Users/ld/Documents/Codex/2026-08-03/http-localhost-8080-codex-text-link/outputs/SpatialTowerDefensePICO/Library/Bee/Android/Prj/IL2CPP/Gradle/unityLibrary/src/main/assets/bin/Data/d600af752179d4343b26d6d3eab89e8d
[ 207/1480  0s] CopyFiles /Users/ld/Documents/Codex/2026-08-03/http-localhost-8080-codex-text-link/outputs/SpatialTowerDefensePICO/Library/Bee/Android/Prj/IL2CPP/Gradle/unityLibrary/src/main/assets/bin/Data/d2456ac9f78a08a439794819b9ca43c6
[ 208/1480  0s] CopyFiles /Users/ld/Documents/Codex/2026-08-03/http-localhost-8080-codex-text-link/outputs/SpatialTowerDefensePICO/Library/Bee/Android/Prj/IL2CPP/Gradle/unityLibrary/src/main/assets/bin/Data/d22bd72bebc3950409d2de288cdcabd2
[ 209/1480  0s] CopyFiles /Users/ld/Documents/Codex/2026-08-03/http-localhost-8080-codex-text-link/outputs/SpatialTowerDefensePICO/Library/Bee/Android/Prj/IL2CPP/Gradle/unityLibrary/src/main/assets/bin/Data/d105636b7d36f0c478a7b50d9a091bca
[ 210/1480  0s] CopyFiles /Users/ld/Documents/Codex/2026-08-03/http-localhost-8080-codex-text-link/outputs/SpatialTowerDefensePICO/Library/Bee/Android/Prj/IL2CPP/Gradle/unityLibrary/src/main/assets/bin/Data/d05ce379079bdc24981764bf92992d1c
[ 211/1480  0s] CopyFiles /Users/ld/Documents/Codex/2026-08-03/http-localhost-8080-codex-text-link/outputs/SpatialTowerDefensePICO/Library/Bee/Android/Prj/IL2CPP/Gradle/unityLibrary/src/main/assets/bin/Data/cfd242c98ab12cc40b8b74aedee1ba0c
[ 212/1480  0s] CopyFiles /Users/ld/Documents/Codex/2026-08-03/http-localhost-8080-codex-text-link/outputs/SpatialTowerDefensePICO/Library/Bee/Android/Prj/IL2CPP/Gradle/unityLibrary/src/main/assets/bin/Data/d0fe476fb61c94daba33fdf483fb262c
[ 213/1480  0s] CopyFiles /Users/ld/Documents/Codex/2026-08-03/http-localhost-8080-codex-text-link/outputs/SpatialTowerDefensePICO/Library/Bee/Android/Prj/IL2CPP/Gradle/unityLibrary/src/main/assets/bin/Data/cfe24d04b120a8d4496b0755340a99e6
[ 214/1480  0s] CopyFiles /Users/ld/Documents/Codex/2026-08-03/http-localhost-8080-codex-text-link/outputs/SpatialTowerDefensePICO/Library/Bee/Android/Prj/IL2CPP/Gradle/unityLibrary/src/main/assets/bin/Data/ced2af96c3ee74067a507a4577a7bd28
[ 215/1480  0s] CopyFiles /Users/ld/Documents/Codex/2026-08-03/http-localhost-8080-codex-text-link/outputs/SpatialTowerDefensePICO/Library/Bee/Android/Prj/IL2CPP/Gradle/unityLibrary/src/main/assets/bin/Data/cc2599f93b5884cdf8181f71c6c43f03
[ 216/1480  0s] CopyFiles /Users/ld/Documents/Codex/2026-08-03/http-localhost-8080-codex-text-link/outputs/SpatialTowerDefensePICO/Library/Bee/Android/Prj/IL2CPP/Gradle/unityLibrary/src/main/assets/bin/Data/cab96a62a647e024a9868ca6bb815a34
[ 217/1480  0s] CopyFiles /Users/ld/Documents/Codex/2026-08-03/http-localhost-8080-codex-text-link/outputs/SpatialTowerDefensePICO/Library/Bee/Android/Prj/IL2CPP/Gradle/unityLibrary/src/main/assets/bin/Data/cba4896faa1594ce6a9e1831a6cd0f91
[ 218/1480  0s] CopyFiles /Users/ld/Documents/Codex/2026-08-03/http-localhost-8080-codex-text-link/outputs/SpatialTowerDefensePICO/Library/Bee/Android/Prj/IL2CPP/Gradle/unityLibrary/src/main/assets/bin/Data/c8f6a9fe365b9dd40a3886228ff5b74c
[ 219/1480  0s] CopyFiles /Users/ld/Documents/Codex/2026-08-03/http-localhost-8080-codex-text-link/outputs/SpatialTowerDefensePICO/Library/Bee/Android/Prj/IL2CPP/Gradle/unityLibrary/src/main/assets/bin/Data/c9f498d7b4627461b84e1943a72c7a69
[ 220/1480  0s] CopyFiles /Users/ld/Documents/Codex/2026-08-03/http-localhost-8080-codex-text-link/outputs/SpatialTowerDefensePICO/Library/Bee/Android/Prj/IL2CPP/Gradle/unityLibrary/src/main/assets/bin/Data/c874b39fd1d35274cb34a60847385eb5
[ 221/1480  0s] CopyFiles /Users/ld/Documents/Codex/2026-08-03/http-localhost-8080-codex-text-link/outputs/SpatialTowerDefensePICO/Library/Bee/Android/Prj/IL2CPP/Gradle/unityLibrary/src/main/assets/bin/Data/c8278de8b25824341ad8deaa1220326f
[ 222/1480  0s] CopyFiles /Users/ld/Documents/Codex/2026-08-03/http-localhost-8080-codex-text-link/outputs/SpatialTowerDefensePICO/Library/Bee/Android/Prj/IL2CPP/Gradle/unityLibrary/src/main/assets/bin/Data/ca900e2b17b244523b471eff5e00ac6d
[ 223/1480  0s] CopyFiles /Users/ld/Documents/Codex/2026-08-03/http-localhost-8080-codex-text-link/outputs/SpatialTowerDefensePICO/Library/Bee/Android/Prj/IL2CPP/Gradle/unityLibrary/src/main/assets/bin/Data/c81c96aaa9dc80c459afd5c99920549f
[ 224/1480  0s] CopyFiles /Users/ld/Documents/Codex/2026-08-03/http-localhost-8080-codex-text-link/outputs/SpatialTowerDefensePICO/Library/Bee/Android/Prj/IL2CPP/Gradle/unityLibrary/src/main/assets/bin/Data/c6e64859a7f30401f9a1ed7ad955fc6d
[ 225/1480  0s] CopyFiles /Users/ld/Documents/Codex/2026-08-03/http-localhost-8080-codex-text-link/outputs/SpatialTowerDefensePICO/Library/Bee/Android/Prj/IL2CPP/Gradle/unityLibrary/src/main/assets/bin/Data/c78f57667d2444140b9ea7f972235274
[ 226/1480  0s] CopyFiles /Users/ld/Documents/Codex/2026-08-03/http-localhost-8080-codex-text-link/outputs/SpatialTowerDefensePICO/Library/Bee/Android/Prj/IL2CPP/Gradle/unityLibrary/src/main/assets/bin/Data/c78d03001c45ee547b26761bb1266448
[ 227/1480  0s] CopyFiles /Users/ld/Documents/Codex/2026-08-03/http-localhost-8080-codex-text-link/outputs/SpatialTowerDefensePICO/Library/Bee/Android/Prj/IL2CPP/Gradle/unityLibrary/src/main/assets/bin/Data/c79610721bbad6e458d9fae3c565e23e
[ 228/1480  0s] CopyFiles /Users/ld/Documents/Codex/2026-08-03/http-localhost-8080-codex-text-link/outputs/SpatialTowerDefensePICO/Library/Bee/Android/Prj/IL2CPP/Gradle/unityLibrary/src/main/assets/bin/Data/c6458d63cdcbc1a42acb5982d18a0fa1
[ 229/1480  0s] CopyFiles /Users/ld/Documents/Codex/2026-08-03/http-localhost-8080-codex-text-link/outputs/SpatialTowerDefensePICO/Library/Bee/Android/Prj/IL2CPP/Gradle/unityLibrary/src/main/assets/bin/Data/c5de7a38ff3606248a1e166169e71cff
[ 230/1480  0s] CopyFiles /Users/ld/Documents/Codex/2026-08-03/http-localhost-8080-codex-text-link/outputs/SpatialTowerDefensePICO/Library/Bee/Android/Prj/IL2CPP/Gradle/unityLibrary/src/main/assets/bin/Data/c66659348633e544c91f1d7edc5e2791
[ 231/1480  0s] CopyFiles /Users/ld/Documents/Codex/2026-08-03/http-localhost-8080-codex-text-link/outputs/SpatialTowerDefensePICO/Library/Bee/Android/Prj/IL2CPP/Gradle/unityLibrary/src/main/assets/bin/Data/c604503c60e932a4fb5924b662b82aff
[ 232/1480  0s] CopyFiles /Users/ld/Documents/Codex/2026-08-03/http-localhost-8080-codex-text-link/outputs/SpatialTowerDefensePICO/Library/Bee/Android/Prj/IL2CPP/Gradle/unityLibrary/src/main/assets/bin/Data/c54ddb767702f4102888cea31227a88b
[ 233/1480  0s] CopyFiles /Users/ld/Documents/Codex/2026-08-03/http-localhost-8080-codex-text-link/outputs/SpatialTowerDefensePICO/Library/Bee/Android/Prj/IL2CPP/Gradle/unityLibrary/src/main/assets/bin/Data/c4959a0adbe7a874cb1b2b7641284ede
[ 234/1480  0s] CopyFiles /Users/ld/Documents/Codex/2026-08-03/http-localhost-8080-codex-text-link/outputs/SpatialTowerDefensePICO/Library/Bee/Android/Prj/IL2CPP/Gradle/unityLibrary/src/main/assets/bin/Data/c5365c6b6f861ed4ebbf709f331de625
[ 235/1480  0s] CopyFiles /Users/ld/Documents/Codex/2026-08-03/http-localhost-8080-codex-text-link/outputs/SpatialTowerDefensePICO/Library/Bee/Android/Prj/IL2CPP/Gradle/unityLibrary/src/main/assets/bin/Data/c4258eb37b7e64af6a75a749b9b61f4a
[ 236/1480  0s] CopyFiles /Users/ld/Documents/Codex/2026-08-03/http-localhost-8080-codex-text-link/outputs/SpatialTowerDefensePICO/Library/Bee/Android/Prj/IL2CPP/Gradle/unityLibrary/src/main/assets/bin/Data/c2955aa4959aca5459e31244e2c15c75
[ 237/1480  0s] CopyFiles /Users/ld/Documents/Codex/2026-08-03/http-localhost-8080-codex-text-link/outputs/SpatialTowerDefensePICO/Library/Bee/Android/Prj/IL2CPP/Gradle/unityLibrary/src/main/assets/bin/Data/c3f0fb50d69cee845a4ac364fcce9d1a
[ 238/1480  0s] CopyFiles /Users/ld/Documents/Codex/2026-08-03/http-localhost-8080-codex-text-link/outputs/SpatialTowerDefensePICO/Library/Bee/Android/Prj/IL2CPP/Gradle/unityLibrary/src/main/assets/bin/Data/c26f3085d9135a54a94a9b180e4e3b03
[ 239/1480  0s] CopyFiles /Users/ld/Documents/Codex/2026-08-03/http-localhost-8080-codex-text-link/outputs/SpatialTowerDefensePICO/Library/Bee/Android/Prj/IL2CPP/Gradle/unityLibrary/src/main/assets/bin/Data/c0ec7e5a3213644fc935356fe1b2b265
[ 240/1480  0s] CopyFiles /Users/ld/Documents/Codex/2026-08-03/http-localhost-8080-codex-text-link/outputs/SpatialTowerDefensePICO/Library/Bee/Android/Prj/IL2CPP/Gradle/unityLibrary/src/main/assets/bin/Data/c0d2df7d2ce6247dca4e6671f3955481
[ 241/1480  0s] CopyFiles /Users/ld/Documents/Codex/2026-08-03/http-localhost-8080-codex-text-link/outputs/SpatialTowerDefensePICO/Library/Bee/Android/Prj/IL2CPP/Gradle/unityLibrary/src/main/assets/bin/Data/c097f47a26972414d93241c55296c220
[ 242/1480  0s] CopyFiles /Users/ld/Documents/Codex/2026-08-03/http-localhost-8080-codex-text-link/outputs/SpatialTowerDefensePICO/Library/Bee/Android/Prj/IL2CPP/Gradle/unityLibrary/src/main/assets/bin/Data/bf4e473d0088b462fbd7a0683b559bbd
[ 243/1480  0s] CopyFiles /Users/ld/Documents/Codex/2026-08-03/http-localhost-8080-codex-text-link/outputs/SpatialTowerDefensePICO/Library/Bee/Android/Prj/IL2CPP/Gradle/unityLibrary/src/main/assets/bin/Data/be856c9e1a47247068ebfc44ad402df6
[ 244/1480  0s] CopyFiles /Users/ld/Documents/Codex/2026-08-03/http-localhost-8080-codex-text-link/outputs/SpatialTowerDefensePICO/Library/Bee/Android/Prj/IL2CPP/Gradle/unityLibrary/src/main/assets/bin/Data/bd0b0e9bb92fb4d5096741ab47ddc9eb
[ 245/1480  0s] CopyFiles /Users/ld/Documents/Codex/2026-08-03/http-localhost-8080-codex-text-link/outputs/SpatialTowerDefensePICO/Library/Bee/Android/Prj/IL2CPP/Gradle/unityLibrary/src/main/assets/bin/Data/be3816afc0895d64db936897dae06a26
[ 246/1480  0s] CopyFiles /Users/ld/Documents/Codex/2026-08-03/http-localhost-8080-codex-text-link/outputs/SpatialTowerDefensePICO/Library/Bee/Android/Prj/IL2CPP/Gradle/unityLibrary/src/main/assets/bin/Data/bcb754b4c4e924b4e911a618920f693d
[ 247/1480  0s] CopyFiles /Users/ld/Documents/Codex/2026-08-03/http-localhost-8080-codex-text-link/outputs/SpatialTowerDefensePICO/Library/Bee/Android/Prj/IL2CPP/Gradle/unityLibrary/src/main/assets/bin/Data/be2fce9270e7fa74285e34c689587b06
[ 248/1480  0s] CopyFiles /Users/ld/Documents/Codex/2026-08-03/http-localhost-8080-codex-text-link/outputs/SpatialTowerDefensePICO/Library/Bee/Android/Prj/IL2CPP/Gradle/unityLibrary/src/main/assets/bin/Data/bd452ee420c4d4945abec2c258c1f3b0
[ 249/1480  0s] CopyFiles /Users/ld/Documents/Codex/2026-08-03/http-localhost-8080-codex-text-link/outputs/SpatialTowerDefensePICO/Library/Bee/Android/Prj/IL2CPP/Gradle/unityLibrary/src/main/assets/bin/Data/bbb43fe65b38f4083bc5e644fe958f95
[ 250/1480  0s] CopyFiles /Users/ld/Documents/Codex/2026-08-03/http-localhost-8080-codex-text-link/outputs/SpatialTowerDefensePICO/Library/Bee/Android/Prj/IL2CPP/Gradle/unityLibrary/src/main/assets/bin/Data/b815659d673da4345ac8fac9299ee3a2
[ 251/1480  0s] CopyFiles /Users/ld/Documents/Codex/2026-08-03/http-localhost-8080-codex-text-link/outputs/SpatialTowerDefensePICO/Library/Bee/Android/Prj/IL2CPP/Gradle/unityLibrary/src/main/assets/bin/Data/b635a8976224c5a4fad12d705bcf5e00
[ 252/1480  0s] CopyFiles /Users/ld/Documents/Codex/2026-08-03/http-localhost-8080-codex-text-link/outputs/SpatialTowerDefensePICO/Library/Bee/Android/Prj/IL2CPP/Gradle/unityLibrary/src/main/assets/bin/Data/b7410e24f4a814744908f71452b28277
[ 253/1480  0s] CopyFiles /Users/ld/Documents/Codex/2026-08-03/http-localhost-8080-codex-text-link/outputs/SpatialTowerDefensePICO/Library/Bee/Android/Prj/IL2CPP/Gradle/unityLibrary/src/main/assets/bin/Data/b71baad181ac4094eb51882aea91996f
[ 254/1480  0s] CopyFiles /Users/ld/Documents/Codex/2026-08-03/http-localhost-8080-codex-text-link/outputs/SpatialTowerDefensePICO/Library/Bee/Android/Prj/IL2CPP/Gradle/unityLibrary/src/main/assets/bin/Data/b5fc9f40a72c54877a6dd304083d8386
[ 255/1480  0s] CopyFiles /Users/ld/Documents/Codex/2026-08-03/http-localhost-8080-codex-text-link/outputs/SpatialTowerDefensePICO/Library/Bee/Android/Prj/IL2CPP/Gradle/unityLibrary/src/main/assets/bin/Data/b5083e3567735415f840cdf41f5436b0.resource
[ 256/1480  0s] CopyFiles /Users/ld/Documents/Codex/2026-08-03/http-localhost-8080-codex-text-link/outputs/SpatialTowerDefensePICO/Library/Bee/Android/Prj/IL2CPP/Gradle/unityLibrary/src/main/assets/bin/Data/b5083e3567735415f840cdf41f5436b0
[ 257/1480  0s] CopyFiles /Users/ld/Documents/Codex/2026-08-03/http-localhost-8080-codex-text-link/outputs/SpatialTowerDefensePICO/Library/Bee/Android/Prj/IL2CPP/Gradle/unityLibrary/src/main/assets/bin/Data/b357b560d85dd4660a59d2c642820a26
[ 258/1480  0s] CopyFiles /Users/ld/Documents/Codex/2026-08-03/http-localhost-8080-codex-text-link/outputs/SpatialTowerDefensePICO/Library/Bee/Android/Prj/IL2CPP/Gradle/unityLibrary/src/main/assets/bin/Data/b164e7767f1088a458acb6f692c01d83
[ 259/1480  0s] CopyFiles /Users/ld/Documents/Codex/2026-08-03/http-localhost-8080-codex-text-link/outputs/SpatialTowerDefensePICO/Library/Bee/Android/Prj/IL2CPP/Gradle/unityLibrary/src/main/assets/bin/Data/b12bcf1b2bfdc440999b5f1bc7dde1a2
[ 260/1480  0s] CopyFiles /Users/ld/Documents/Codex/2026-08-03/http-localhost-8080-codex-text-link/outputs/SpatialTowerDefensePICO/Library/Bee/Android/Prj/IL2CPP/Gradle/unityLibrary/src/main/assets/bin/Data/b036d9835cc41bb44a9435deab7c065f
[ 261/1480  0s] CopyFiles /Users/ld/Documents/Codex/2026-08-03/http-localhost-8080-codex-text-link/outputs/SpatialTowerDefensePICO/Library/Bee/Android/Prj/IL2CPP/Gradle/unityLibrary/src/main/assets/bin/Data/b02e518f0cffb0b44b334e65ff253c29
[ 262/1480  0s] CopyFiles /Users/ld/Documents/Codex/2026-08-03/http-localhost-8080-codex-text-link/outputs/SpatialTowerDefensePICO/Library/Bee/Android/Prj/IL2CPP/Gradle/unityLibrary/src/main/assets/bin/Data/ade054604bac1eb4181f08a974ab866f
[ 263/1480  0s] CopyFiles /Users/ld/Documents/Codex/2026-08-03/http-localhost-8080-codex-text-link/outputs/SpatialTowerDefensePICO/Library/Bee/Android/Prj/IL2CPP/Gradle/unityLibrary/src/main/assets/bin/Data/af135a35702834f20bb1e953c31f88ab
[ 264/1480  0s] CopyFiles /Users/ld/Documents/Codex/2026-08-03/http-localhost-8080-codex-text-link/outputs/SpatialTowerDefensePICO/Library/Bee/Android/Prj/IL2CPP/Gradle/unityLibrary/src/main/assets/bin/Data/adaa285a80407144d8700e2cdada0126
[ 265/1480  0s] CopyFiles /Users/ld/Documents/Codex/2026-08-03/http-localhost-8080-codex-text-link/outputs/SpatialTowerDefensePICO/Library/Bee/Android/Prj/IL2CPP/Gradle/unityLibrary/src/main/assets/bin/Data/add26d782c2f14487a27bc09c2d6f4a6
[ 266/1480  0s] CopyFiles /Users/ld/Documents/Codex/2026-08-03/http-localhost-8080-codex-text-link/outputs/SpatialTowerDefensePICO/Library/Bee/Android/Prj/IL2CPP/Gradle/unityLibrary/src/main/assets/bin/Data/aea4d84708231e64a958384a7bb914ae
[ 267/1480  0s] CopyFiles /Users/ld/Documents/Codex/2026-08-03/http-localhost-8080-codex-text-link/outputs/SpatialTowerDefensePICO/Library/Bee/Android/Prj/IL2CPP/Gradle/unityLibrary/src/main/assets/bin/Data/aec8263c8b09c4b7c883688f687fc920
[ 268/1480  0s] CopyFiles /Users/ld/Documents/Codex/2026-08-03/http-localhost-8080-codex-text-link/outputs/SpatialTowerDefensePICO/Library/Bee/Android/Prj/IL2CPP/Gradle/unityLibrary/src/main/assets/bin/Data/ad8827df856b77c48911d03893186baa
[ 269/1480  0s] CopyFiles /Users/ld/Documents/Codex/2026-08-03/http-localhost-8080-codex-text-link/outputs/SpatialTowerDefensePICO/Library/Bee/Android/Prj/IL2CPP/Gradle/unityLibrary/src/main/assets/bin/Data/ac8818945755185409a09289d09dda7a
[ 270/1480  0s] CopyFiles /Users/ld/Documents/Codex/2026-08-03/http-localhost-8080-codex-text-link/outputs/SpatialTowerDefensePICO/Library/Bee/Android/Prj/IL2CPP/Gradle/unityLibrary/src/main/assets/bin/Data/aed934811164f40a8ae809e3faf501e6
[ 271/1480  0s] CopyFiles /Users/ld/Documents/Codex/2026-08-03/http-localhost-8080-codex-text-link/outputs/SpatialTowerDefensePICO/Library/Bee/Android/Prj/IL2CPP/Gradle/unityLibrary/src/main/assets/bin/Data/ad88f1cd021f7e84193410be2350800d
[ 272/1480  0s] CopyFiles /Users/ld/Documents/Codex/2026-08-03/http-localhost-8080-codex-text-link/outputs/SpatialTowerDefensePICO/Library/Bee/Android/Prj/IL2CPP/Gradle/unityLibrary/src/main/assets/bin/Data/ad20dacf4b9790246baf957cfb1caf6b
[ 273/1480  0s] CopyFiles /Users/ld/Documents/Codex/2026-08-03/http-localhost-8080-codex-text-link/outputs/SpatialTowerDefensePICO/Library/Bee/Android/Prj/IL2CPP/Gradle/unityLibrary/src/main/assets/bin/Data/ac929d0705242468fb21958c2d08002f
[ 274/1480  0s] CopyFiles /Users/ld/Documents/Codex/2026-08-03/http-localhost-8080-codex-text-link/outputs/SpatialTowerDefensePICO/Library/Bee/Android/Prj/IL2CPP/Gradle/unityLibrary/src/main/assets/bin/Data/aba29443b18be4a2baf746852c2b3759
[ 275/1480  0s] CopyFiles /Users/ld/Documents/Codex/2026-08-03/http-localhost-8080-codex-text-link/outputs/SpatialTowerDefensePICO/Library/Bee/Android/Prj/IL2CPP/Gradle/unityLibrary/src/main/assets/bin/Data/ac1e3853863c0854f8868e6b6a754e49
[ 276/1480  0s] CopyFiles /Users/ld/Documents/Codex/2026-08-03/http-localhost-8080-codex-text-link/outputs/SpatialTowerDefensePICO/Library/Bee/Android/Prj/IL2CPP/Gradle/unityLibrary/src/main/assets/bin/Data/ab854e81d8fcde04eb1603f397457afc
[ 277/1480  0s] CopyFiles /Users/ld/Documents/Codex/2026-08-03/http-localhost-8080-codex-text-link/outputs/SpatialTowerDefensePICO/Library/Bee/Android/Prj/IL2CPP/Gradle/unityLibrary/src/main/assets/bin/Data/a64e62992bd5dd74f9e9de5cc476f4a8
[ 278/1480  0s] CopyFiles /Users/ld/Documents/Codex/2026-08-03/http-localhost-8080-codex-text-link/outputs/SpatialTowerDefensePICO/Library/Bee/Android/Prj/IL2CPP/Gradle/unityLibrary/src/main/assets/bin/Data/a6cb34d0ab58a45b99e72f6e91ab2f6a
[ 279/1480  0s] CopyFiles /Users/ld/Documents/Codex/2026-08-03/http-localhost-8080-codex-text-link/outputs/SpatialTowerDefensePICO/Library/Bee/Android/Prj/IL2CPP/Gradle/unityLibrary/src/main/assets/bin/Data/aa8fe408f0ce6da4d990fc4950202f22
[ 280/1480  0s] CopyFiles /Users/ld/Documents/Codex/2026-08-03/http-localhost-8080-codex-text-link/outputs/SpatialTowerDefensePICO/Library/Bee/Android/Prj/IL2CPP/Gradle/unityLibrary/src/main/assets/bin/Data/a6b5eea4af99d4d7f927dcaeb0276484
[ 281/1480  0s] CopyFiles /Users/ld/Documents/Codex/2026-08-03/http-localhost-8080-codex-text-link/outputs/SpatialTowerDefensePICO/Library/Bee/Android/Prj/IL2CPP/Gradle/unityLibrary/src/main/assets/bin/Data/a9229f83992ae6c439fd8eb7c677e0e8
[ 282/1480  0s] CopyFiles /Users/ld/Documents/Codex/2026-08-03/http-localhost-8080-codex-text-link/outputs/SpatialTowerDefensePICO/Library/Bee/Android/Prj/IL2CPP/Gradle/unityLibrary/src/main/assets/bin/Data/a61bb8866d6be47e8936e475ce08f952
[ 283/1480  0s] CopyFiles /Users/ld/Documents/Codex/2026-08-03/http-localhost-8080-codex-text-link/outputs/SpatialTowerDefensePICO/Library/Bee/Android/Prj/IL2CPP/Gradle/unityLibrary/src/main/assets/bin/Data/a4d597e5b60a4054ba2bd32e5aa8d401
[ 284/1480  0s] CopyFiles /Users/ld/Documents/Codex/2026-08-03/http-localhost-8080-codex-text-link/outputs/SpatialTowerDefensePICO/Library/Bee/Android/Prj/IL2CPP/Gradle/unityLibrary/src/main/assets/bin/Data/a612f75a6b65ab441a0d8045fbfe42f1
[ 285/1480  0s] CopyFiles /Users/ld/Documents/Codex/2026-08-03/http-localhost-8080-codex-text-link/outputs/SpatialTowerDefensePICO/Library/Bee/Android/Prj/IL2CPP/Gradle/unityLibrary/src/main/assets/bin/Data/a5213871881102045b338a30ed91f3d8
[ 286/1480  0s] CopyFiles /Users/ld/Documents/Codex/2026-08-03/http-localhost-8080-codex-text-link/outputs/SpatialTowerDefensePICO/Library/Bee/Android/Prj/IL2CPP/Gradle/unityLibrary/src/main/assets/bin/Data/a4b970a3609f4f94ea150a6f10e8e540
[ 287/1480  0s] CopyFiles /Users/ld/Documents/Codex/2026-08-03/http-localhost-8080-codex-text-link/outputs/SpatialTowerDefensePICO/Library/Bee/Android/Prj/IL2CPP/Gradle/unityLibrary/src/main/assets/bin/Data/a4b0a38b01ec549c48f69d20e5e9d30f
[ 288/1480  0s] SplitFile Library/Bee/artifacts/Android/Split/level1
[ 289/1480  0s] SplitFile Library/Bee/artifacts/Android/Split/level0
[ 290/1480  0s] CopyFiles /Users/ld/Documents/Codex/2026-08-03/http-localhost-8080-codex-text-link/outputs/SpatialTowerDefensePICO/Library/Bee/Android/Prj/IL2CPP/Gradle/unityLibrary/src/main/assets/bin/Data/a4af1060f39034d4aa001de56e934fe2
[ 291/1480  0s] CopyFiles /Users/ld/Documents/Codex/2026-08-03/http-localhost-8080-codex-text-link/outputs/SpatialTowerDefensePICO/Library/Bee/Android/Prj/IL2CPP/Gradle/unityLibrary/src/main/assets/bin/Data/a2a6c64e5d92a444da3adc7088459f03
[ 292/1480  0s] CopyFiles /Users/ld/Documents/Codex/2026-08-03/http-localhost-8080-codex-text-link/outputs/SpatialTowerDefensePICO/Library/Bee/Android/Prj/IL2CPP/Gradle/unityLibrary/src/main/assets/bin/Data/a30d38dbd4f684e649839ea816b51c92
[ 293/1480  0s] CopyFiles /Users/ld/Documents/Codex/2026-08-03/http-localhost-8080-codex-text-link/outputs/SpatialTowerDefensePICO/Library/Bee/Android/Prj/IL2CPP/Gradle/unityLibrary/src/main/assets/bin/Data/a46f059c710f4d4448336f95461ea483
[ 294/1480  0s] CopyFiles /Users/ld/Documents/Codex/2026-08-03/http-localhost-8080-codex-text-link/outputs/SpatialTowerDefensePICO/Library/Bee/Android/Prj/IL2CPP/Gradle/unityLibrary/src/main/assets/bin/Data/a23f5344aa9d4451b90e22891a667407
[ 295/1480  0s] SplitFile Library/Bee/artifacts/Android/Split/sharedassets0.assets
[ 296/1480  0s] SplitFile Library/Bee/artifacts/Android/Split/globalgamemanagers.assets
[ 297/1480  0s] CopyFiles /Users/ld/Documents/Codex/2026-08-03/http-localhost-8080-codex-text-link/outputs/SpatialTowerDefensePICO/Library/Bee/Android/Prj/IL2CPP/Gradle/unityLibrary/src/main/assets/bin/Data/level1
[ 298/1480  0s] CopyFiles /Users/ld/Documents/Codex/2026-08-03/http-localhost-8080-codex-text-link/outputs/SpatialTowerDefensePICO/Library/Bee/Android/Prj/IL2CPP/Gradle/unityLibrary/src/main/assets/bin/Data/level0
[ 299/1480  0s] CopyFiles /Users/ld/Documents/Codex/2026-08-03/http-localhost-8080-codex-text-link/outputs/SpatialTowerDefensePICO/Library/Bee/Android/Prj/IL2CPP/Gradle/unityLibrary/src/main/assets/bin/Data/a1b3dee6f3915d041b67ebcd32db75de
[ 300/1480  0s] CopyFiles /Users/ld/Documents/Codex/2026-08-03/http-localhost-8080-codex-text-link/outputs/SpatialTowerDefensePICO/Library/Bee/Android/Prj/IL2CPP/Gradle/unityLibrary/src/main/assets/bin/Data/9fa1d3526951939429ded4eb1a585615
[ 301/1480  0s] CopyFiles /Users/ld/Documents/Codex/2026-08-03/http-localhost-8080-codex-text-link/outputs/SpatialTowerDefensePICO/Library/Bee/Android/Prj/IL2CPP/Gradle/unityLibrary/src/main/assets/bin/Data/a0967be76a24d48428a3f5bff9c73fed
[ 302/1480  0s] CopyFiles /Users/ld/Documents/Codex/2026-08-03/http-localhost-8080-codex-text-link/outputs/SpatialTowerDefensePICO/Library/Bee/Android/Prj/IL2CPP/Gradle/unityLibrary/src/main/assets/bin/Data/9ee07069c4dfb4032be5d48db14cf3b5
[ 303/1480  0s] CopyFiles /Users/ld/Documents/Codex/2026-08-03/http-localhost-8080-codex-text-link/outputs/SpatialTowerDefensePICO/Library/Bee/Android/Prj/IL2CPP/Gradle/unityLibrary/src/main/assets/bin/Data/a12a0e3ab0496e54688b85ba2e1d4ea7
[ 304/1480  0s] CopyFiles /Users/ld/Documents/Codex/2026-08-03/http-localhost-8080-codex-text-link/outputs/SpatialTowerDefensePICO/Library/Bee/Android/Prj/IL2CPP/Gradle/unityLibrary/src/main/assets/bin/Data/a0d171ecb61251f499e61977161e37fe
[ 305/1480  0s] CopyFiles /Users/ld/Documents/Codex/2026-08-03/http-localhost-8080-codex-text-link/outputs/SpatialTowerDefensePICO/Library/Bee/Android/Prj/IL2CPP/Gradle/unityLibrary/src/main/assets/bin/Data/9e6bc5f83ecdc4cb9bede2b93779df88
[ 306/1480  0s] CopyFiles /Users/ld/Documents/Codex/2026-08-03/http-localhost-8080-codex-text-link/outputs/SpatialTowerDefensePICO/Library/Bee/Android/Prj/IL2CPP/Gradle/unityLibrary/src/main/assets/bin/Data/9e752c9feccf14a67ab95caaff3e982d
[ 307/1480  0s] CopyFiles /Users/ld/Documents/Codex/2026-08-03/http-localhost-8080-codex-text-link/outputs/SpatialTowerDefensePICO/Library/Bee/Android/Prj/IL2CPP/Gradle/unityLibrary/src/main/assets/bin/Data/sharedassets0.assets
[ 308/1480  0s] CopyFiles /Users/ld/Documents/Codex/2026-08-03/http-localhost-8080-codex-text-link/outputs/SpatialTowerDefensePICO/Library/Bee/Android/Prj/IL2CPP/Gradle/unityLibrary/src/main/assets/bin/Data/globalgamemanagers.assets.split2
[ 309/1480  0s] CopyFiles /Users/ld/Documents/Codex/2026-08-03/http-localhost-8080-codex-text-link/outputs/SpatialTowerDefensePICO/Library/Bee/Android/Prj/IL2CPP/Gradle/unityLibrary/src/main/assets/bin/Data/9e0e8180144845d2b3c5dd5a663b9b87
[ 310/1480  0s] CopyFiles /Users/ld/Documents/Codex/2026-08-03/http-localhost-8080-codex-text-link/outputs/SpatialTowerDefensePICO/Library/Bee/Android/Prj/IL2CPP/Gradle/unityLibrary/src/main/assets/bin/Data/9e0bdc7e646eb4c41901d1440741c569
[ 311/1480  0s] CopyFiles /Users/ld/Documents/Codex/2026-08-03/http-localhost-8080-codex-text-link/outputs/SpatialTowerDefensePICO/Library/Bee/Android/Prj/IL2CPP/Gradle/unityLibrary/src/main/assets/bin/Data/9d5040a910ef8471f8ff64ffe875fdc1
[ 312/1480  0s] CopyFiles /Users/ld/Documents/Codex/2026-08-03/http-localhost-8080-codex-text-link/outputs/SpatialTowerDefensePICO/Library/Bee/Android/Prj/IL2CPP/Gradle/unityLibrary/src/main/assets/bin/Data/globalgamemanagers.assets.split0
[ 313/1480  0s] CopyFiles /Users/ld/Documents/Codex/2026-08-03/http-localhost-8080-codex-text-link/outputs/SpatialTowerDefensePICO/Library/Bee/Android/Prj/IL2CPP/Gradle/unityLibrary/src/main/assets/bin/Data/9d3720e74aa770c4ab771954af51c36b
[ 314/1480  0s] CopyFiles /Users/ld/Documents/Codex/2026-08-03/http-localhost-8080-codex-text-link/outputs/SpatialTowerDefensePICO/Library/Bee/Android/Prj/IL2CPP/Gradle/unityLibrary/src/main/assets/bin/Data/globalgamemanagers.assets.split1
[ 315/1480  0s] CopyFiles /Users/ld/Documents/Codex/2026-08-03/http-localhost-8080-codex-text-link/outputs/SpatialTowerDefensePICO/Library/Bee/Android/Prj/IL2CPP/Gradle/unityLibrary/src/main/assets/bin/Data/9cfce579de4d59b4ab6b1a9f8ae13c20
[ 316/1480  0s] CopyFiles /Users/ld/Documents/Codex/2026-08-03/http-localhost-8080-codex-text-link/outputs/SpatialTowerDefensePICO/Library/Bee/Android/Prj/IL2CPP/Gradle/unityLibrary/src/main/assets/bin/Data/9d30f0eb592b91d4da9bee161ece17c3
[ 317/1480  0s] CopyFiles /Users/ld/Documents/Codex/2026-08-03/http-localhost-8080-codex-text-link/outputs/SpatialTowerDefensePICO/Library/Bee/Android/Prj/IL2CPP/Gradle/unityLibrary/src/main/assets/bin/Data/9d3442355a7464693b43a7b6e739c086
[ 318/1480  0s] CopyFiles /Users/ld/Documents/Codex/2026-08-03/http-localhost-8080-codex-text-link/outputs/SpatialTowerDefensePICO/Library/Bee/Android/Prj/IL2CPP/Gradle/unityLibrary/src/main/assets/bin/Data/9c81d7c8f6be1124ca35cda21d76a228
[ 319/1480  0s] AddBootConfigGUID Library/Bee/artifacts/Android/boot.config
[ 320/1480  0s] CopyFiles /Users/ld/Documents/Codex/2026-08-03/http-localhost-8080-codex-text-link/outputs/SpatialTowerDefensePICO/Library/Bee/Android/Prj/IL2CPP/Gradle/unityLibrary/src/main/assets/bin/Data/9c13540b5501a5a4a9389aeda03947ea
[ 321/1480  0s] CopyFiles /Users/ld/Documents/Codex/2026-08-03/http-localhost-8080-codex-text-link/outputs/SpatialTowerDefensePICO/Library/Bee/Android/Prj/IL2CPP/Gradle/unityLibrary/src/main/assets/bin/Data/98163469307528a4d81ec6a9148afb5f
[ 322/1480  0s] CopyFiles /Users/ld/Documents/Codex/2026-08-03/http-localhost-8080-codex-text-link/outputs/SpatialTowerDefensePICO/Library/Bee/Android/Prj/IL2CPP/Gradle/unityLibrary/src/main/assets/bin/Data/9a993e003cd304ee9b10e2c8a65fbdb1
[ 323/1480  0s] CopyFiles /Users/ld/Documents/Codex/2026-08-03/http-localhost-8080-codex-text-link/outputs/SpatialTowerDefensePICO/Library/Bee/Android/Prj/IL2CPP/Gradle/unityLibrary/src/main/assets/bin/Data/9af703cc8c575554780a53c073fcdc99
[ 324/1480  0s] CopyFiles /Users/ld/Documents/Codex/2026-08-03/http-localhost-8080-codex-text-link/outputs/SpatialTowerDefensePICO/Library/Bee/Android/Prj/IL2CPP/Gradle/unityLibrary/src/main/assets/bin/Data/98595991fd68c5e419d1d37fed8658ff
[ 325/1480  0s] CopyFiles /Users/ld/Documents/Codex/2026-08-03/http-localhost-8080-codex-text-link/outputs/SpatialTowerDefensePICO/Library/Bee/Android/Prj/IL2CPP/Gradle/unityLibrary/src/main/assets/bin/Data/9c4266a79a9d1774cb85fd1ce8a6431c
[ 326/1480  0s] CopyFiles /Users/ld/Documents/Codex/2026-08-03/http-localhost-8080-codex-text-link/outputs/SpatialTowerDefensePICO/Library/Bee/Android/Prj/IL2CPP/Gradle/unityLibrary/src/main/assets/bin/Data/9828d2ad9cf725844aa703e61445ec06
[ 327/1480  0s] CopyFiles /Users/ld/Documents/Codex/2026-08-03/http-localhost-8080-codex-text-link/outputs/SpatialTowerDefensePICO/Library/Bee/Android/Prj/IL2CPP/Gradle/unityLibrary/src/main/assets/bin/Data/9c7f4cf5275ac447c8dc5b6e96c6b339
[ 328/1480  0s] SplitFile Library/Bee/artifacts/Android/Split/sharedassets1.assets
[ 329/1480  0s] CopyFiles /Users/ld/Documents/Codex/2026-08-03/http-localhost-8080-codex-text-link/outputs/SpatialTowerDefensePICO/Library/Bee/Android/Prj/IL2CPP/Gradle/unityLibrary/src/main/assets/bin/Data/96071472ed1b841ddb13555bb3a2e3b3
[ 330/1480  0s] CopyFiles /Users/ld/Documents/Codex/2026-08-03/http-localhost-8080-codex-text-link/outputs/SpatialTowerDefensePICO/Library/Bee/Android/Prj/IL2CPP/Gradle/unityLibrary/src/main/assets/bin/Data/95bbecfad388985419c0d7ea707d0ddd
[ 331/1480  0s] CopyFiles /Users/ld/Documents/Codex/2026-08-03/http-localhost-8080-codex-text-link/outputs/SpatialTowerDefensePICO/Library/Bee/Android/Prj/IL2CPP/Gradle/unityLibrary/src/main/assets/bin/Data/9577c72d318c94dd4be00dadbf2f7690
[ 332/1480  0s] CopyFiles /Users/ld/Documents/Codex/2026-08-03/http-localhost-8080-codex-text-link/outputs/SpatialTowerDefensePICO/Library/Bee/Android/Prj/IL2CPP/Gradle/unityLibrary/src/main/assets/bin/Data/96c2ff4651c824de0a8b2085a29b82d5
[ 333/1480  0s] CopyFiles /Users/ld/Documents/Codex/2026-08-03/http-localhost-8080-codex-text-link/outputs/SpatialTowerDefensePICO/Library/Bee/Android/Prj/IL2CPP/Gradle/unityLibrary/src/main/assets/bin/Data/9484d70ce488745749ed2ab790a23524
[ 334/1480  0s] CopyFiles /Users/ld/Documents/Codex/2026-08-03/http-localhost-8080-codex-text-link/outputs/SpatialTowerDefensePICO/Library/Bee/Android/Prj/IL2CPP/Gradle/unityLibrary/src/main/assets/bin/Data/953b40f69364b414bb1ddd6a023d730b
[ 335/1480  0s] CopyFiles /Users/ld/Documents/Codex/2026-08-03/http-localhost-8080-codex-text-link/outputs/SpatialTowerDefensePICO/Library/Bee/Android/Prj/IL2CPP/Gradle/unityLibrary/src/main/assets/bin/Data/95228cb87bc1fcf4b8b99b626dcf102c
[ 336/1480  0s] CopyFiles /Users/ld/Documents/Codex/2026-08-03/http-localhost-8080-codex-text-link/outputs/SpatialTowerDefensePICO/Library/Bee/Android/Prj/IL2CPP/Gradle/unityLibrary/src/main/assets/bin/Data/94f7925a0585b274fbc5fe6b8f9b1f4e
[ 337/1480  0s] CopyFiles /Users/ld/Documents/Codex/2026-08-03/http-localhost-8080-codex-text-link/outputs/SpatialTowerDefensePICO/Library/Bee/Android/Prj/IL2CPP/Gradle/unityLibrary/src/main/assets/bin/Data/95584b6bb643f46a6b26b5c0753aedc5
[ 338/1480  0s] CopyFiles /Users/ld/Documents/Codex/2026-08-03/http-localhost-8080-codex-text-link/outputs/SpatialTowerDefensePICO/Library/Bee/Android/Prj/IL2CPP/Gradle/unityLibrary/src/main/assets/bin/Data/sharedassets1.assets.split0
[ 339/1480  0s] CopyFiles /Users/ld/Documents/Codex/2026-08-03/http-localhost-8080-codex-text-link/outputs/SpatialTowerDefensePICO/Library/Bee/Android/Prj/IL2CPP/Gradle/unityLibrary/src/main/assets/bin/Data/sharedassets1.assets.split9
[ 340/1480  0s] CopyFiles /Users/ld/Documents/Codex/2026-08-03/http-localhost-8080-codex-text-link/outputs/SpatialTowerDefensePICO/Library/Bee/Android/Prj/IL2CPP/Gradle/unityLibrary/src/main/assets/bin/Data/sharedassets1.assets.split12
[ 341/1480  0s] CopyFiles /Users/ld/Documents/Codex/2026-08-03/http-localhost-8080-codex-text-link/outputs/SpatialTowerDefensePICO/Library/Bee/Android/Prj/IL2CPP/Gradle/unityLibrary/src/main/assets/bin/Data/sharedassets1.assets.split16
[ 342/1480  0s] CopyFiles /Users/ld/Documents/Codex/2026-08-03/http-localhost-8080-codex-text-link/outputs/SpatialTowerDefensePICO/Library/Bee/Android/Prj/IL2CPP/Gradle/unityLibrary/src/main/assets/bin/Data/sharedassets1.assets.split15
[ 343/1480  0s] CopyFiles /Users/ld/Documents/Codex/2026-08-03/http-localhost-8080-codex-text-link/outputs/SpatialTowerDefensePICO/Library/Bee/Android/Prj/IL2CPP/Gradle/unityLibrary/src/main/assets/bin/Data/sharedassets1.assets.split14
[ 344/1480  0s] CopyFiles /Users/ld/Documents/Codex/2026-08-03/http-localhost-8080-codex-text-link/outputs/SpatialTowerDefensePICO/Library/Bee/Android/Prj/IL2CPP/Gradle/unityLibrary/src/main/assets/bin/Data/sharedassets1.assets.split19
[ 345/1480  0s] CopyFiles /Users/ld/Documents/Codex/2026-08-03/http-localhost-8080-codex-text-link/outputs/SpatialTowerDefensePICO/Library/Bee/Android/Prj/IL2CPP/Gradle/unityLibrary/src/main/assets/bin/Data/boot.config
[ 346/1480  0s] CopyFiles /Users/ld/Documents/Codex/2026-08-03/http-localhost-8080-codex-text-link/outputs/SpatialTowerDefensePICO/Library/Bee/Android/Prj/IL2CPP/Gradle/unityLibrary/src/main/assets/bin/Data/sharedassets1.assets.split13
[ 347/1480  0s] CopyFiles /Users/ld/Documents/Codex/2026-08-03/http-localhost-8080-codex-text-link/outputs/SpatialTowerDefensePICO/Library/Bee/Android/Prj/IL2CPP/Gradle/unityLibrary/src/main/assets/bin/Data/sharedassets1.assets.split1
[ 348/1480  0s] CopyFiles /Users/ld/Documents/Codex/2026-08-03/http-localhost-8080-codex-text-link/outputs/SpatialTowerDefensePICO/Library/Bee/Android/Prj/IL2CPP/Gradle/unityLibrary/src/main/assets/bin/Data/sharedassets1.assets.split10
[ 349/1480  0s] CopyFiles /Users/ld/Documents/Codex/2026-08-03/http-localhost-8080-codex-text-link/outputs/SpatialTowerDefensePICO/Library/Bee/Android/Prj/IL2CPP/Gradle/unityLibrary/src/main/assets/bin/Data/sharedassets1.assets.split6
[ 350/1480  0s] CopyFiles /Users/ld/Documents/Codex/2026-08-03/http-localhost-8080-codex-text-link/outputs/SpatialTowerDefensePICO/Library/Bee/Android/Prj/IL2CPP/Gradle/unityLibrary/src/main/assets/bin/Data/sharedassets1.assets.split18
[ 351/1480  0s] CopyFiles /Users/ld/Documents/Codex/2026-08-03/http-localhost-8080-codex-text-link/outputs/SpatialTowerDefensePICO/Library/Bee/Android/Prj/IL2CPP/Gradle/unityLibrary/src/main/assets/bin/Data/sharedassets1.assets.split5
[ 352/1480  0s] CopyFiles /Users/ld/Documents/Codex/2026-08-03/http-localhost-8080-codex-text-link/outputs/SpatialTowerDefensePICO/Library/Bee/Android/Prj/IL2CPP/Gradle/unityLibrary/src/main/assets/bin/Data/sharedassets1.assets.split17
[ 353/1480  0s] CopyFiles /Users/ld/Documents/Codex/2026-08-03/http-localhost-8080-codex-text-link/outputs/SpatialTowerDefensePICO/Library/Bee/Android/Prj/IL2CPP/Gradle/unityLibrary/src/main/assets/bin/Data/sharedassets1.assets.split8
[ 354/1480  0s] CopyFiles /Users/ld/Documents/Codex/2026-08-03/http-localhost-8080-codex-text-link/outputs/SpatialTowerDefensePICO/Library/Bee/Android/Prj/IL2CPP/Gradle/unityLibrary/src/main/assets/bin/Data/sharedassets1.assets.split2
[ 355/1480  0s] CopyFiles /Users/ld/Documents/Codex/2026-08-03/http-localhost-8080-codex-text-link/outputs/SpatialTowerDefensePICO/Library/Bee/Android/Prj/IL2CPP/Gradle/unityLibrary/src/main/assets/bin/Data/sharedassets1.assets.split4
[ 356/1480  0s] CopyFiles /Users/ld/Documents/Codex/2026-08-03/http-localhost-8080-codex-text-link/outputs/SpatialTowerDefensePICO/Library/Bee/Android/Prj/IL2CPP/Gradle/unityLibrary/src/main/assets/bin/Data/sharedassets1.assets.split11
[ 357/1480  0s] CopyFiles /Users/ld/Documents/Codex/2026-08-03/http-localhost-8080-codex-text-link/outputs/SpatialTowerDefensePICO/Library/Bee/Android/Prj/IL2CPP/Gradle/unityLibrary/src/main/assets/bin/Data/sharedassets1.assets.split3
[ 358/1480  0s] CopyFiles /Users/ld/Documents/Codex/2026-08-03/http-localhost-8080-codex-text-link/outputs/SpatialTowerDefensePICO/Library/Bee/Android/Prj/IL2CPP/Gradle/unityLibrary/src/main/assets/bin/Data/sharedassets1.assets.split7
[ 359/1480  0s] CopyFiles /Users/ld/Documents/Codex/2026-08-03/http-localhost-8080-codex-text-link/outputs/SpatialTowerDefensePICO/Library/Bee/Android/Prj/IL2CPP/Gradle/unityLibrary/src/main/assets/bin/Data/91b751ebc53e829478d4818ca84266c3
[ 360/1480  0s] CopyFiles /Users/ld/Documents/Codex/2026-08-03/http-localhost-8080-codex-text-link/outputs/SpatialTowerDefensePICO/Library/Bee/Android/Prj/IL2CPP/Gradle/unityLibrary/src/main/assets/bin/Data/8d99b31c7444c73479bb9169420ddad9
[ 361/1480  0s] CopyFiles /Users/ld/Documents/Codex/2026-08-03/http-localhost-8080-codex-text-link/outputs/SpatialTowerDefensePICO/Library/Bee/Android/Prj/IL2CPP/Gradle/unityLibrary/src/main/assets/bin/Data/8d4fc6d393f4243c6a6b170e90c0e7eb
[ 362/1480  0s] CopyFiles /Users/ld/Documents/Codex/2026-08-03/http-localhost-8080-codex-text-link/outputs/SpatialTowerDefensePICO/Library/Bee/Android/Prj/IL2CPP/Gradle/unityLibrary/src/main/assets/bin/Data/8bc837c9cb3f760448bfd88ed47169ff
[ 363/1480  0s] CopyFiles /Users/ld/Documents/Codex/2026-08-03/http-localhost-8080-codex-text-link/outputs/SpatialTowerDefensePICO/Library/Bee/Android/Prj/IL2CPP/Gradle/unityLibrary/src/main/assets/bin/Data/8bf4a683f58b84d7fa12ffb3445e645d
[ 364/1480  0s] CopyFiles /Users/ld/Documents/Codex/2026-08-03/http-localhost-8080-codex-text-link/outputs/SpatialTowerDefensePICO/Library/Bee/Android/Prj/IL2CPP/Gradle/unityLibrary/src/main/assets/bin/Data/910d789e746dd8e4bbe4961a7e41ef1c
[ 365/1480  0s] CopyFiles /Users/ld/Documents/Codex/2026-08-03/http-localhost-8080-codex-text-link/outputs/SpatialTowerDefensePICO/Library/Bee/Android/Prj/IL2CPP/Gradle/unityLibrary/src/main/assets/bin/Data/8ca4fbcf208c84a5985809b2e777ae59
[ 366/1480  0s] CopyFiles /Users/ld/Documents/Codex/2026-08-03/http-localhost-8080-codex-text-link/outputs/SpatialTowerDefensePICO/Library/Bee/Android/Prj/IL2CPP/Gradle/unityLibrary/src/main/assets/bin/Data/8b3eb5dc68bcb0543993d824868695e1
[ 367/1480  0s] CopyFiles /Users/ld/Documents/Codex/2026-08-03/http-localhost-8080-codex-text-link/outputs/SpatialTowerDefensePICO/Library/Bee/Android/Prj/IL2CPP/Gradle/unityLibrary/src/main/assets/bin/Data/8ed47df963cf6f9409874a2ddbf1f096
[ 368/1480  0s] CopyFiles /Users/ld/Documents/Codex/2026-08-03/http-localhost-8080-codex-text-link/outputs/SpatialTowerDefensePICO/Library/Bee/Android/Prj/IL2CPP/Gradle/unityLibrary/src/main/assets/bin/Data/8cc8ede5d8e0c4cc98a1f54baf7c6266
[ 369/1480  0s] CopyFiles /Users/ld/Documents/Codex/2026-08-03/http-localhost-8080-codex-text-link/outputs/SpatialTowerDefensePICO/Library/Bee/Android/Prj/IL2CPP/Gradle/unityLibrary/src/main/assets/bin/Data/8b3745a660fe21a4db96dacec14d653e
[ 370/1480  0s] CopyFiles /Users/ld/Documents/Codex/2026-08-03/http-localhost-8080-codex-text-link/outputs/SpatialTowerDefensePICO/Library/Bee/Android/Prj/IL2CPP/Gradle/unityLibrary/src/main/assets/bin/Data/8de0b4906117b4f10b0ea7f6b63bbfeb
[ 371/1480  0s] CopyFiles /Users/ld/Documents/Codex/2026-08-03/http-localhost-8080-codex-text-link/outputs/SpatialTowerDefensePICO/Library/Bee/Android/Prj/IL2CPP/Gradle/unityLibrary/src/main/assets/bin/Data/867788aacfc0b46c7b2b157d100350e0
[ 372/1480  0s] CopyFiles /Users/ld/Documents/Codex/2026-08-03/http-localhost-8080-codex-text-link/outputs/SpatialTowerDefensePICO/Library/Bee/Android/Prj/IL2CPP/Gradle/unityLibrary/src/main/assets/bin/Data/89939a917a9c35648a30ca15048f9e01
[ 373/1480  0s] CopyFiles /Users/ld/Documents/Codex/2026-08-03/http-localhost-8080-codex-text-link/outputs/SpatialTowerDefensePICO/Library/Bee/Android/Prj/IL2CPP/Gradle/unityLibrary/src/main/assets/bin/Data/850f34a4baa4b4545af156ceeb07a90d
[ 374/1480  0s] CopyFiles /Users/ld/Documents/Codex/2026-08-03/http-localhost-8080-codex-text-link/outputs/SpatialTowerDefensePICO/Library/Bee/Android/Prj/IL2CPP/Gradle/unityLibrary/src/main/assets/bin/Data/853840c5196b2486a97e1785f3a68575
[ 375/1480  0s] CopyFiles /Users/ld/Documents/Codex/2026-08-03/http-localhost-8080-codex-text-link/outputs/SpatialTowerDefensePICO/Library/Bee/Android/Prj/IL2CPP/Gradle/unityLibrary/src/main/assets/bin/Data/8a32e873523a4f248aa73b0f2d2eb54a
[ 376/1480  0s] CopyFiles /Users/ld/Documents/Codex/2026-08-03/http-localhost-8080-codex-text-link/outputs/SpatialTowerDefensePICO/Library/Bee/Android/Prj/IL2CPP/Gradle/unityLibrary/src/main/assets/bin/Data/88bfe5792559c2a448ff56e488736d7e
[ 377/1480  0s] CopyFiles /Users/ld/Documents/Codex/2026-08-03/http-localhost-8080-codex-text-link/outputs/SpatialTowerDefensePICO/Library/Bee/Android/Prj/IL2CPP/Gradle/unityLibrary/src/main/assets/bin/Data/897317900dfc6584ba4874765def2253
[ 378/1480  0s] CopyFiles /Users/ld/Documents/Codex/2026-08-03/http-localhost-8080-codex-text-link/outputs/SpatialTowerDefensePICO/Library/Bee/Android/Prj/IL2CPP/Gradle/unityLibrary/src/main/assets/bin/Data/8908485ec07c64718b3256e0137a379d
[ 379/1480  0s] CopyFiles /Users/ld/Documents/Codex/2026-08-03/http-localhost-8080-codex-text-link/outputs/SpatialTowerDefensePICO/Library/Bee/Android/Prj/IL2CPP/Gradle/unityLibrary/src/main/assets/bin/Data/89969b2a6b51f5e4a90da8a71cec1861
[ 380/1480  0s] CopyFiles /Users/ld/Documents/Codex/2026-08-03/http-localhost-8080-codex-text-link/outputs/SpatialTowerDefensePICO/Library/Bee/Android/Prj/IL2CPP/Gradle/unityLibrary/src/main/assets/bin/Data/88d8ac3ceef6b33439f56e9ca1e2fccd
[ 381/1480  0s] CopyFiles /Users/ld/Documents/Codex/2026-08-03/http-localhost-8080-codex-text-link/outputs/SpatialTowerDefensePICO/Library/Bee/Android/Prj/IL2CPP/Gradle/unityLibrary/src/main/assets/bin/Data/85601fedf8a9794499989ae0ccb88a86
[ 382/1480  0s] CopyFiles /Users/ld/Documents/Codex/2026-08-03/http-localhost-8080-codex-text-link/outputs/SpatialTowerDefensePICO/Library/Bee/Android/Prj/IL2CPP/Gradle/unityLibrary/src/main/assets/bin/Data/85013fab55cf932458682912756a4fcb
[ 383/1480  0s] CopyFiles /Users/ld/Documents/Codex/2026-08-03/http-localhost-8080-codex-text-link/outputs/SpatialTowerDefensePICO/Library/Bee/Android/Prj/IL2CPP/Gradle/unityLibrary/src/main/assets/bin/Data/80f1a9c0e9fe344e0b42826a162f438f
[ 384/1480  0s] CopyFiles /Users/ld/Documents/Codex/2026-08-03/http-localhost-8080-codex-text-link/outputs/SpatialTowerDefensePICO/Library/Bee/Android/Prj/IL2CPP/Gradle/unityLibrary/src/main/assets/bin/Data/83d5259263ef7e544b6ef74f579d0479
[ 385/1480  0s] CopyFiles /Users/ld/Documents/Codex/2026-08-03/http-localhost-8080-codex-text-link/outputs/SpatialTowerDefensePICO/Library/Bee/Android/Prj/IL2CPP/Gradle/unityLibrary/src/main/assets/bin/Data/84c55ae4bc75f4fdfaa21c4692baef47
[ 386/1480  0s] CopyFiles /Users/ld/Documents/Codex/2026-08-03/http-localhost-8080-codex-text-link/outputs/SpatialTowerDefensePICO/Library/Bee/Android/Prj/IL2CPP/Gradle/unityLibrary/src/main/assets/bin/Data/81539a3831cfa5944b74078f776ccbe7
[ 387/1480  0s] CopyFiles /Users/ld/Documents/Codex/2026-08-03/http-localhost-8080-codex-text-link/outputs/SpatialTowerDefensePICO/Library/Bee/Android/Prj/IL2CPP/Gradle/unityLibrary/src/main/assets/bin/Data/81c1ddc36cc1f4e75ab298fc147bafcb
[ 388/1480  0s] CopyFiles /Users/ld/Documents/Codex/2026-08-03/http-localhost-8080-codex-text-link/outputs/SpatialTowerDefensePICO/Library/Bee/Android/Prj/IL2CPP/Gradle/unityLibrary/src/main/assets/bin/Data/81eabe824afe93d449780d8235c418f7
[ 389/1480  0s] CopyFiles /Users/ld/Documents/Codex/2026-08-03/http-localhost-8080-codex-text-link/outputs/SpatialTowerDefensePICO/Library/Bee/Android/Prj/IL2CPP/Gradle/unityLibrary/src/main/assets/bin/Data/7f0c88fd892e74df9b33cba13cbb856a
[ 390/1480  0s] CopyFiles /Users/ld/Documents/Codex/2026-08-03/http-localhost-8080-codex-text-link/outputs/SpatialTowerDefensePICO/Library/Bee/Android/Prj/IL2CPP/Gradle/unityLibrary/src/main/assets/bin/Data/7f071d74e2aa6484c9453dd99187f6d7
[ 391/1480  0s] CopyFiles /Users/ld/Documents/Codex/2026-08-03/http-localhost-8080-codex-text-link/outputs/SpatialTowerDefensePICO/Library/Bee/Android/Prj/IL2CPP/Gradle/unityLibrary/src/main/assets/bin/Data/8084c36da60e8d346909caecf324fb4e
[ 392/1480  0s] CopyFiles /Users/ld/Documents/Codex/2026-08-03/http-localhost-8080-codex-text-link/outputs/SpatialTowerDefensePICO/Library/Bee/Android/Prj/IL2CPP/Gradle/unityLibrary/src/main/assets/bin/Data/7f02d06d918c66447b93d9819461d94a
[ 393/1480  0s] CopyFiles /Users/ld/Documents/Codex/2026-08-03/http-localhost-8080-codex-text-link/outputs/SpatialTowerDefensePICO/Library/Bee/Android/Prj/IL2CPP/Gradle/unityLibrary/src/main/assets/bin/Data/8394ef05c8bac4603a5ade20c735aac1
[ 394/1480  0s] CopyFiles /Users/ld/Documents/Codex/2026-08-03/http-localhost-8080-codex-text-link/outputs/SpatialTowerDefensePICO/Library/Bee/Android/Prj/IL2CPP/Gradle/unityLibrary/src/main/assets/bin/Data/7a225a456fc1fd34993bc39a9536138c
[ 395/1480  0s] CopyFiles /Users/ld/Documents/Codex/2026-08-03/http-localhost-8080-codex-text-link/outputs/SpatialTowerDefensePICO/Library/Bee/Android/Prj/IL2CPP/Gradle/unityLibrary/src/main/assets/bin/Data/7eda6912c3c4c489eacfc07e191ea0ba
[ 396/1480  0s] CopyFiles /Users/ld/Documents/Codex/2026-08-03/http-localhost-8080-codex-text-link/outputs/SpatialTowerDefensePICO/Library/Bee/Android/Prj/IL2CPP/Gradle/unityLibrary/src/main/assets/bin/Data/7e87f149581595d42a492f0f5ad5290b
[ 397/1480  0s] CopyFiles /Users/ld/Documents/Codex/2026-08-03/http-localhost-8080-codex-text-link/outputs/SpatialTowerDefensePICO/Library/Bee/Android/Prj/IL2CPP/Gradle/unityLibrary/src/main/assets/bin/Data/7a8c9f207e20a43cb81c1d74e5019a1f
[ 398/1480  0s] CopyFiles /Users/ld/Documents/Codex/2026-08-03/http-localhost-8080-codex-text-link/outputs/SpatialTowerDefensePICO/Library/Bee/Android/Prj/IL2CPP/Gradle/unityLibrary/src/main/assets/bin/Data/7d4c4a5297b240442b26b0a15942fe1b
[ 399/1480  0s] CopyFiles /Users/ld/Documents/Codex/2026-08-03/http-localhost-8080-codex-text-link/outputs/SpatialTowerDefensePICO/Library/Bee/Android/Prj/IL2CPP/Gradle/unityLibrary/src/main/assets/bin/Data/7a424ef8cd6e9456fa0284c70460ce38
[ 400/1480  0s] CopyFiles /Users/ld/Documents/Codex/2026-08-03/http-localhost-8080-codex-text-link/outputs/SpatialTowerDefensePICO/Library/Bee/Android/Prj/IL2CPP/Gradle/unityLibrary/src/main/assets/bin/Data/796e3706ceb704247adb957915a9edaf
[ 401/1480  0s] CopyFiles /Users/ld/Documents/Codex/2026-08-03/http-localhost-8080-codex-text-link/outputs/SpatialTowerDefensePICO/Library/Bee/Android/Prj/IL2CPP/Gradle/unityLibrary/src/main/assets/bin/Data/7eff928b71cfd46f298284c8e67429ed
[ 402/1480  0s] CopyFiles /Users/ld/Documents/Codex/2026-08-03/http-localhost-8080-codex-text-link/outputs/SpatialTowerDefensePICO/Library/Bee/Android/Prj/IL2CPP/Gradle/unityLibrary/src/main/assets/bin/Data/7dcb4dd1c19da40eabd5c6909dbc945e
[ 403/1480  0s] CopyFiles /Users/ld/Documents/Codex/2026-08-03/http-localhost-8080-codex-text-link/outputs/SpatialTowerDefensePICO/Library/Bee/Android/Prj/IL2CPP/Gradle/unityLibrary/src/main/assets/bin/Data/7a13e642186f4196824b16fd668928b1
[ 404/1480  0s] CopyFiles /Users/ld/Documents/Codex/2026-08-03/http-localhost-8080-codex-text-link/outputs/SpatialTowerDefensePICO/Library/Bee/Android/Prj/IL2CPP/Gradle/unityLibrary/src/main/assets/bin/Data/78d79a09d8de447b39905713d1e978f3
[ 405/1480  0s] CopyFiles /Users/ld/Documents/Codex/2026-08-03/http-localhost-8080-codex-text-link/outputs/SpatialTowerDefensePICO/Library/Bee/Android/Prj/IL2CPP/Gradle/unityLibrary/src/main/assets/bin/Data/7dfa52c3c61f61542881145b740c7635
[ 406/1480  0s] CopyFiles /Users/ld/Documents/Codex/2026-08-03/http-localhost-8080-codex-text-link/outputs/SpatialTowerDefensePICO/Library/Bee/Android/Prj/IL2CPP/Gradle/unityLibrary/src/main/assets/bin/Data/77c7eb2aadfa27c40bbae105b90de610
[ 407/1480  0s] CopyFiles /Users/ld/Documents/Codex/2026-08-03/http-localhost-8080-codex-text-link/outputs/SpatialTowerDefensePICO/Library/Bee/Android/Prj/IL2CPP/Gradle/unityLibrary/src/main/assets/bin/Data/78866482fc7128b4e929cd71636834b8
[ 408/1480  0s] CopyFiles /Users/ld/Documents/Codex/2026-08-03/http-localhost-8080-codex-text-link/outputs/SpatialTowerDefensePICO/Library/Bee/Android/Prj/IL2CPP/Gradle/unityLibrary/src/main/assets/bin/Data/77c53608d0ab97044a88bdac2a324944
[ 409/1480  0s] CopyFiles /Users/ld/Documents/Codex/2026-08-03/http-localhost-8080-codex-text-link/outputs/SpatialTowerDefensePICO/Library/Bee/Android/Prj/IL2CPP/Gradle/unityLibrary/src/main/assets/bin/Data/7428b175bcc8fd5448c4a0e0f19287ab
[ 410/1480  0s] CopyFiles /Users/ld/Documents/Codex/2026-08-03/http-localhost-8080-codex-text-link/outputs/SpatialTowerDefensePICO/Library/Bee/Android/Prj/IL2CPP/Gradle/unityLibrary/src/main/assets/bin/Data/730b35d2a61a0402999fef7755ab7266
[ 411/1480  0s] CopyFiles /Users/ld/Documents/Codex/2026-08-03/http-localhost-8080-codex-text-link/outputs/SpatialTowerDefensePICO/Library/Bee/Android/Prj/IL2CPP/Gradle/unityLibrary/src/main/assets/bin/Data/72f7ddbcba35e8141a47d3da990ac988
[ 412/1480  0s] CopyFiles /Users/ld/Documents/Codex/2026-08-03/http-localhost-8080-codex-text-link/outputs/SpatialTowerDefensePICO/Library/Bee/Android/Prj/IL2CPP/Gradle/unityLibrary/src/main/assets/bin/Data/714ba0de2c09f4a4fa1235d27b71efea
[ 413/1480  0s] CopyFiles /Users/ld/Documents/Codex/2026-08-03/http-localhost-8080-codex-text-link/outputs/SpatialTowerDefensePICO/Library/Bee/Android/Prj/IL2CPP/Gradle/unityLibrary/src/main/assets/bin/Data/71e33d4839cc24be2bcea63e02ce185a
[ 414/1480  0s] CopyFiles /Users/ld/Documents/Codex/2026-08-03/http-localhost-8080-codex-text-link/outputs/SpatialTowerDefensePICO/Library/Bee/Android/Prj/IL2CPP/Gradle/unityLibrary/src/main/assets/bin/Data/70d480ee3ff06b841b6e998587e025ac
[ 415/1480  0s] CopyFiles /Users/ld/Documents/Codex/2026-08-03/http-localhost-8080-codex-text-link/outputs/SpatialTowerDefensePICO/Library/Bee/Android/Prj/IL2CPP/Gradle/unityLibrary/src/main/assets/bin/Data/705de375340c5b845879d8cb7b962a53
[ 416/1480  0s] CopyFiles /Users/ld/Documents/Codex/2026-08-03/http-localhost-8080-codex-text-link/outputs/SpatialTowerDefensePICO/Library/Bee/Android/Prj/IL2CPP/Gradle/unityLibrary/src/main/assets/bin/Data/768b1dc8c63b0c44d91c84b5cf367592
[ 417/1480  0s] CopyFiles /Users/ld/Documents/Codex/2026-08-03/http-localhost-8080-codex-text-link/outputs/SpatialTowerDefensePICO/Library/Bee/Android/Prj/IL2CPP/Gradle/unityLibrary/src/main/assets/bin/Data/6ef3b626fe013c64cb2a9e4c0bb5c885
[ 418/1480  0s] CopyFiles /Users/ld/Documents/Codex/2026-08-03/http-localhost-8080-codex-text-link/outputs/SpatialTowerDefensePICO/Library/Bee/Android/Prj/IL2CPP/Gradle/unityLibrary/src/main/assets/bin/Data/737ad6bca37f849a1b62d6c78797e3e9
[ 419/1480  0s] CopyFiles /Users/ld/Documents/Codex/2026-08-03/http-localhost-8080-codex-text-link/outputs/SpatialTowerDefensePICO/Library/Bee/Android/Prj/IL2CPP/Gradle/unityLibrary/src/main/assets/bin/Data/701fd8bcd92259745b56acd7a98edeaf
[ 420/1480  0s] CopyFiles /Users/ld/Documents/Codex/2026-08-03/http-localhost-8080-codex-text-link/outputs/SpatialTowerDefensePICO/Library/Bee/Android/Prj/IL2CPP/Gradle/unityLibrary/src/main/assets/bin/Data/6db878f4f09cdea478e3c469c5070ebc
[ 421/1480  0s] CopyFiles /Users/ld/Documents/Codex/2026-08-03/http-localhost-8080-codex-text-link/outputs/SpatialTowerDefensePICO/Library/Bee/Android/Prj/IL2CPP/Gradle/unityLibrary/src/main/assets/bin/Data/6cb5c15824d604b01bea9dd0dc13e1bb
[ 422/1480  0s] CopyFiles /Users/ld/Documents/Codex/2026-08-03/http-localhost-8080-codex-text-link/outputs/SpatialTowerDefensePICO/Library/Bee/Android/Prj/IL2CPP/Gradle/unityLibrary/src/main/assets/bin/Data/6c66c79e7ec8e46f7ba5ac0ef2b78e15
[ 423/1480  0s] CopyFiles /Users/ld/Documents/Codex/2026-08-03/http-localhost-8080-codex-text-link/outputs/SpatialTowerDefensePICO/Library/Bee/Android/Prj/IL2CPP/Gradle/unityLibrary/src/main/assets/bin/Data/6c66c79e7ec8e46f7ba5ac0ef2b78e15.resource
[ 424/1480  0s] CopyFiles /Users/ld/Documents/Codex/2026-08-03/http-localhost-8080-codex-text-link/outputs/SpatialTowerDefensePICO/Library/Bee/Android/Prj/IL2CPP/Gradle/unityLibrary/src/main/assets/bin/Data/6c558750aaf135b4f926ab11237dbcaf
[ 425/1480  0s] CopyFiles /Users/ld/Documents/Codex/2026-08-03/http-localhost-8080-codex-text-link/outputs/SpatialTowerDefensePICO/Library/Bee/Android/Prj/IL2CPP/Gradle/unityLibrary/src/main/assets/bin/Data/6abc76b40b133154a91d14528cc20ba5
[ 426/1480  0s] CopyFiles /Users/ld/Documents/Codex/2026-08-03/http-localhost-8080-codex-text-link/outputs/SpatialTowerDefensePICO/Library/Bee/Android/Prj/IL2CPP/Gradle/unityLibrary/src/main/assets/bin/Data/674f1e818695b7f4590fd6af6b114ddc
[ 427/1480  0s] CopyFiles /Users/ld/Documents/Codex/2026-08-03/http-localhost-8080-codex-text-link/outputs/SpatialTowerDefensePICO/Library/Bee/Android/Prj/IL2CPP/Gradle/unityLibrary/src/main/assets/bin/Data/6837ed7aa7a8c8d4597569922ffcbca5
[ 428/1480  0s] CopyFiles /Users/ld/Documents/Codex/2026-08-03/http-localhost-8080-codex-text-link/outputs/SpatialTowerDefensePICO/Library/Bee/Android/Prj/IL2CPP/Gradle/unityLibrary/src/main/assets/bin/Data/6c51dba462962144995b368f08dbc85f
[ 429/1480  0s] CopyFiles /Users/ld/Documents/Codex/2026-08-03/http-localhost-8080-codex-text-link/outputs/SpatialTowerDefensePICO/Library/Bee/Android/Prj/IL2CPP/Gradle/unityLibrary/src/main/assets/bin/Data/66f8401a4c881134f8803eceae302347
[ 430/1480  0s] CopyFiles /Users/ld/Documents/Codex/2026-08-03/http-localhost-8080-codex-text-link/outputs/SpatialTowerDefensePICO/Library/Bee/Android/Prj/IL2CPP/Gradle/unityLibrary/src/main/assets/bin/Data/6697e1f185bc8b840a2f02567abf15b5
[ 431/1480  0s] CopyFiles /Users/ld/Documents/Codex/2026-08-03/http-localhost-8080-codex-text-link/outputs/SpatialTowerDefensePICO/Library/Bee/Android/Prj/IL2CPP/Gradle/unityLibrary/src/main/assets/bin/Data/6a8f8e966738570459db901ed84ef9b6
[ 432/1480  0s] CopyFiles /Users/ld/Documents/Codex/2026-08-03/http-localhost-8080-codex-text-link/outputs/SpatialTowerDefensePICO/Library/Bee/Android/Prj/IL2CPP/Gradle/unityLibrary/src/main/assets/bin/Data/66c4183e4760c1e4d9071d23d0bf4fac
[ 433/1480  0s] CopyFiles /Users/ld/Documents/Codex/2026-08-03/http-localhost-8080-codex-text-link/outputs/SpatialTowerDefensePICO/Library/Bee/Android/Prj/IL2CPP/Gradle/unityLibrary/src/main/assets/bin/Data/6af7e3f15b70343408f686caaf16d033
[ 434/1480  0s] CopyFiles /Users/ld/Documents/Codex/2026-08-03/http-localhost-8080-codex-text-link/outputs/SpatialTowerDefensePICO/Library/Bee/Android/Prj/IL2CPP/Gradle/unityLibrary/src/main/assets/bin/Data/6719f7b9ed639fc4e8834469021f1c25
[ 435/1480  0s] CopyFiles /Users/ld/Documents/Codex/2026-08-03/http-localhost-8080-codex-text-link/outputs/SpatialTowerDefensePICO/Library/Bee/Android/Prj/IL2CPP/Gradle/unityLibrary/src/main/assets/bin/Data/662636a9f17994b80839abc58fe52769
[ 436/1480  0s] CopyFiles /Users/ld/Documents/Codex/2026-08-03/http-localhost-8080-codex-text-link/outputs/SpatialTowerDefensePICO/Library/Bee/Android/Prj/IL2CPP/Gradle/unityLibrary/src/main/assets/bin/Data/655e2c6145ca34a27a9e504b5cfafb42
[ 437/1480  0s] CopyFiles /Users/ld/Documents/Codex/2026-08-03/http-localhost-8080-codex-text-link/outputs/SpatialTowerDefensePICO/Library/Bee/Android/Prj/IL2CPP/Gradle/unityLibrary/src/main/assets/bin/Data/650336bc71564104bb90727f54f81f92
[ 438/1480  0s] CopyFiles /Users/ld/Documents/Codex/2026-08-03/http-localhost-8080-codex-text-link/outputs/SpatialTowerDefensePICO/Library/Bee/Android/Prj/IL2CPP/Gradle/unityLibrary/src/main/assets/bin/Data/618e026a94e14184ca67698c5e8fa58a
[ 439/1480  0s] CopyFiles /Users/ld/Documents/Codex/2026-08-03/http-localhost-8080-codex-text-link/outputs/SpatialTowerDefensePICO/Library/Bee/Android/Prj/IL2CPP/Gradle/unityLibrary/src/main/assets/bin/Data/623000f165ee0624a8924a4bc2a4ee76
[ 440/1480  0s] CopyFiles /Users/ld/Documents/Codex/2026-08-03/http-localhost-8080-codex-text-link/outputs/SpatialTowerDefensePICO/Library/Bee/Android/Prj/IL2CPP/Gradle/unityLibrary/src/main/assets/bin/Data/64ef9f1f0ce622b4095b58cdfbfee342
[ 441/1480  0s] CopyFiles /Users/ld/Documents/Codex/2026-08-03/http-localhost-8080-codex-text-link/outputs/SpatialTowerDefensePICO/Library/Bee/Android/Prj/IL2CPP/Gradle/unityLibrary/src/main/assets/bin/Data/6126865a5c82ffe469c330dee64b2ead
[ 442/1480  0s] CopyFiles /Users/ld/Documents/Codex/2026-08-03/http-localhost-8080-codex-text-link/outputs/SpatialTowerDefensePICO/Library/Bee/Android/Prj/IL2CPP/Gradle/unityLibrary/src/main/assets/bin/Data/64029f435f4d71f4999ea9c75b80c91a
[ 443/1480  0s] CopyFiles /Users/ld/Documents/Codex/2026-08-03/http-localhost-8080-codex-text-link/outputs/SpatialTowerDefensePICO/Library/Bee/Android/Prj/IL2CPP/Gradle/unityLibrary/src/main/assets/bin/Data/61dc2ebdd095115469ace4fae36bfbdb
[ 444/1480  0s] CopyFiles /Users/ld/Documents/Codex/2026-08-03/http-localhost-8080-codex-text-link/outputs/SpatialTowerDefensePICO/Library/Bee/Android/Prj/IL2CPP/Gradle/unityLibrary/src/main/assets/bin/Data/61bd2c2eeeb234d3ba1f33d4d7717731
[ 445/1480  0s] CopyFiles /Users/ld/Documents/Codex/2026-08-03/http-localhost-8080-codex-text-link/outputs/SpatialTowerDefensePICO/Library/Bee/Android/Prj/IL2CPP/Gradle/unityLibrary/src/main/assets/bin/Data/653e69364a94c0e44af62210998ac051
[ 446/1480  0s] CopyFiles /Users/ld/Documents/Codex/2026-08-03/http-localhost-8080-codex-text-link/outputs/SpatialTowerDefensePICO/Library/Bee/Android/Prj/IL2CPP/Gradle/unityLibrary/src/main/assets/bin/Data/6177f4665baace146a3dd9de9c3276b0
[ 447/1480  0s] CopyFiles /Users/ld/Documents/Codex/2026-08-03/http-localhost-8080-codex-text-link/outputs/SpatialTowerDefensePICO/Library/Bee/Android/Prj/IL2CPP/Gradle/unityLibrary/src/main/assets/bin/Data/60c344f0ae3974ffc8fab6f6d2ccf314
[ 448/1480  0s] CopyFiles /Users/ld/Documents/Codex/2026-08-03/http-localhost-8080-codex-text-link/outputs/SpatialTowerDefensePICO/Library/Bee/Android/Prj/IL2CPP/Gradle/unityLibrary/src/main/assets/bin/Data/60c1336dba399784497b47bdcffb4b47
[ 449/1480  0s] CopyFiles /Users/ld/Documents/Codex/2026-08-03/http-localhost-8080-codex-text-link/outputs/SpatialTowerDefensePICO/Library/Bee/Android/Prj/IL2CPP/Gradle/unityLibrary/src/main/assets/bin/Data/5b1af4ed4b31c144ab3ac444a8f66217
[ 450/1480  0s] CopyFiles /Users/ld/Documents/Codex/2026-08-03/http-localhost-8080-codex-text-link/outputs/SpatialTowerDefensePICO/Library/Bee/Android/Prj/IL2CPP/Gradle/unityLibrary/src/main/assets/bin/Data/57a3dc08611701544aed26d1a541f642
[ 451/1480  0s] CopyFiles /Users/ld/Documents/Codex/2026-08-03/http-localhost-8080-codex-text-link/outputs/SpatialTowerDefensePICO/Library/Bee/Android/Prj/IL2CPP/Gradle/unityLibrary/src/main/assets/bin/Data/5b670b470d1b64368901166ffb20d7ed
[ 452/1480  0s] CopyFiles /Users/ld/Documents/Codex/2026-08-03/http-localhost-8080-codex-text-link/outputs/SpatialTowerDefensePICO/Library/Bee/Android/Prj/IL2CPP/Gradle/unityLibrary/src/main/assets/bin/Data/5e47dadffd59f471ea9ce661ce8443d1
[ 453/1480  0s] CopyFiles /Users/ld/Documents/Codex/2026-08-03/http-localhost-8080-codex-text-link/outputs/SpatialTowerDefensePICO/Library/Bee/Android/Prj/IL2CPP/Gradle/unityLibrary/src/main/assets/bin/Data/599cadea8d92434fb728c181a214b8e0
[ 454/1480  0s] CopyFiles /Users/ld/Documents/Codex/2026-08-03/http-localhost-8080-codex-text-link/outputs/SpatialTowerDefensePICO/Library/Bee/Android/Prj/IL2CPP/Gradle/unityLibrary/src/main/assets/bin/Data/60580f3955898e04bb2f7401cd521e89
[ 455/1480  0s] CopyFiles /Users/ld/Documents/Codex/2026-08-03/http-localhost-8080-codex-text-link/outputs/SpatialTowerDefensePICO/Library/Bee/Android/Prj/IL2CPP/Gradle/unityLibrary/src/main/assets/bin/Data/5e9131fe657dd784ea93afffb7fb1219
[ 456/1480  0s] CopyFiles /Users/ld/Documents/Codex/2026-08-03/http-localhost-8080-codex-text-link/outputs/SpatialTowerDefensePICO/Library/Bee/Android/Prj/IL2CPP/Gradle/unityLibrary/src/main/assets/bin/Data/6064e4e3e79a3a1408ee2059beaa066b
[ 457/1480  0s] CopyFiles /Users/ld/Documents/Codex/2026-08-03/http-localhost-8080-codex-text-link/outputs/SpatialTowerDefensePICO/Library/Bee/Android/Prj/IL2CPP/Gradle/unityLibrary/src/main/assets/bin/Data/5a1853146bbffc74cb5976f74d24205a
[ 458/1480  0s] CopyFiles /Users/ld/Documents/Codex/2026-08-03/http-localhost-8080-codex-text-link/outputs/SpatialTowerDefensePICO/Library/Bee/Android/Prj/IL2CPP/Gradle/unityLibrary/src/main/assets/bin/Data/608c2ee069a9f4ef6b78db88b0d7d10b
[ 459/1480  0s] CopyFiles /Users/ld/Documents/Codex/2026-08-03/http-localhost-8080-codex-text-link/outputs/SpatialTowerDefensePICO/Library/Bee/Android/Prj/IL2CPP/Gradle/unityLibrary/src/main/assets/bin/Data/57d9d8ea6f75d472381c83167a801fae
[ 460/1480  0s] CopyFiles /Users/ld/Documents/Codex/2026-08-03/http-localhost-8080-codex-text-link/outputs/SpatialTowerDefensePICO/Library/Bee/Android/Prj/IL2CPP/Gradle/unityLibrary/src/main/assets/bin/Data/5787eef0e908d4feaa9153d41307ad68
[ 461/1480  0s] CopyFiles /Users/ld/Documents/Codex/2026-08-03/http-localhost-8080-codex-text-link/outputs/SpatialTowerDefensePICO/Library/Bee/Android/Prj/IL2CPP/Gradle/unityLibrary/src/main/assets/bin/Data/574ae8e957555df43b4cd9257e834e36
[ 462/1480  0s] CopyFiles /Users/ld/Documents/Codex/2026-08-03/http-localhost-8080-codex-text-link/outputs/SpatialTowerDefensePICO/Library/Bee/Android/Prj/IL2CPP/Gradle/unityLibrary/src/main/assets/bin/Data/5496c96b97fb7ee469f4ca36671c32d0
[ 463/1480  0s] CopyFiles /Users/ld/Documents/Codex/2026-08-03/http-localhost-8080-codex-text-link/outputs/SpatialTowerDefensePICO/Library/Bee/Android/Prj/IL2CPP/Gradle/unityLibrary/src/main/assets/bin/Data/4ff92632f801a7444958bb72ef6aee53
[ 464/1480  0s] CopyFiles /Users/ld/Documents/Codex/2026-08-03/http-localhost-8080-codex-text-link/outputs/SpatialTowerDefensePICO/Library/Bee/Android/Prj/IL2CPP/Gradle/unityLibrary/src/main/assets/bin/Data/4f3c1260c5bd8c64985946fc6af20f00
[ 465/1480  0s] CopyFiles /Users/ld/Documents/Codex/2026-08-03/http-localhost-8080-codex-text-link/outputs/SpatialTowerDefensePICO/Library/Bee/Android/Prj/IL2CPP/Gradle/unityLibrary/src/main/assets/bin/Data/5634e707c55cdb447bdab8f9fbba03a3
[ 466/1480  0s] CopyFiles /Users/ld/Documents/Codex/2026-08-03/http-localhost-8080-codex-text-link/outputs/SpatialTowerDefensePICO/Library/Bee/Android/Prj/IL2CPP/Gradle/unityLibrary/src/main/assets/bin/Data/53d7a0215ab864607ba04ee6b8c8d7d2
[ 467/1480  0s] CopyFiles /Users/ld/Documents/Codex/2026-08-03/http-localhost-8080-codex-text-link/outputs/SpatialTowerDefensePICO/Library/Bee/Android/Prj/IL2CPP/Gradle/unityLibrary/src/main/assets/bin/Data/521ceafff1ffd164294938dd33dbc3ab
[ 468/1480  0s] CopyFiles /Users/ld/Documents/Codex/2026-08-03/http-localhost-8080-codex-text-link/outputs/SpatialTowerDefensePICO/Library/Bee/Android/Prj/IL2CPP/Gradle/unityLibrary/src/main/assets/bin/Data/559b0277d5f635545a7b034007f4f42c
[ 469/1480  0s] CopyFiles /Users/ld/Documents/Codex/2026-08-03/http-localhost-8080-codex-text-link/outputs/SpatialTowerDefensePICO/Library/Bee/Android/Prj/IL2CPP/Gradle/unityLibrary/src/main/assets/bin/Data/50d1c06e2a5646f4180d52168365d2ef
[ 470/1480  0s] CopyFiles /Users/ld/Documents/Codex/2026-08-03/http-localhost-8080-codex-text-link/outputs/SpatialTowerDefensePICO/Library/Bee/Android/Prj/IL2CPP/Gradle/unityLibrary/src/main/assets/bin/Data/521fbaf5c95414e9e8208ab3ea4ad868
[ 471/1480  0s] CopyFiles /Users/ld/Documents/Codex/2026-08-03/http-localhost-8080-codex-text-link/outputs/SpatialTowerDefensePICO/Library/Bee/Android/Prj/IL2CPP/Gradle/unityLibrary/src/main/assets/bin/Data/4edb45e088808554f94b9545fe25772d
[ 472/1480  0s] CopyFiles /Users/ld/Documents/Codex/2026-08-03/http-localhost-8080-codex-text-link/outputs/SpatialTowerDefensePICO/Library/Bee/Android/Prj/IL2CPP/Gradle/unityLibrary/src/main/assets/bin/Data/4bfadd3e60167a44fa27c370bfe2ae26
[ 473/1480  0s] CopyFiles /Users/ld/Documents/Codex/2026-08-03/http-localhost-8080-codex-text-link/outputs/SpatialTowerDefensePICO/Library/Bee/Android/Prj/IL2CPP/Gradle/unityLibrary/src/main/assets/bin/Data/4a1294d789b914d428541b480a16682c
[ 474/1480  0s] CopyFiles /Users/ld/Documents/Codex/2026-08-03/http-localhost-8080-codex-text-link/outputs/SpatialTowerDefensePICO/Library/Bee/Android/Prj/IL2CPP/Gradle/unityLibrary/src/main/assets/bin/Data/4c58a28a510ad4a488fde1059ac74cb2
[ 475/1480  0s] CopyFiles /Users/ld/Documents/Codex/2026-08-03/http-localhost-8080-codex-text-link/outputs/SpatialTowerDefensePICO/Library/Bee/Android/Prj/IL2CPP/Gradle/unityLibrary/src/main/assets/bin/Data/4ef37ef333c3dc149b842dd2a3534ca1
[ 476/1480  0s] CopyFiles /Users/ld/Documents/Codex/2026-08-03/http-localhost-8080-codex-text-link/outputs/SpatialTowerDefensePICO/Library/Bee/Android/Prj/IL2CPP/Gradle/unityLibrary/src/main/assets/bin/Data/4e85f53470581cf47a1feb7558495287
[ 477/1480  0s] CopyFiles /Users/ld/Documents/Codex/2026-08-03/http-localhost-8080-codex-text-link/outputs/SpatialTowerDefensePICO/Library/Bee/Android/Prj/IL2CPP/Gradle/unityLibrary/src/main/assets/bin/Data/4a887bf25b2d04a1bae1669ae6747419
[ 478/1480  0s] CopyFiles /Users/ld/Documents/Codex/2026-08-03/http-localhost-8080-codex-text-link/outputs/SpatialTowerDefensePICO/Library/Bee/Android/Prj/IL2CPP/Gradle/unityLibrary/src/main/assets/bin/Data/4d57a351382cc4d4384f14d67b4a1382
[ 479/1480  0s] CopyFiles /Users/ld/Documents/Codex/2026-08-03/http-localhost-8080-codex-text-link/outputs/SpatialTowerDefensePICO/Library/Bee/Android/Prj/IL2CPP/Gradle/unityLibrary/src/main/assets/bin/Data/4ad509e13d22b412bb620e1a958dbdb9
[ 480/1480  0s] CopyFiles /Users/ld/Documents/Codex/2026-08-03/http-localhost-8080-codex-text-link/outputs/SpatialTowerDefensePICO/Library/Bee/Android/Prj/IL2CPP/Gradle/unityLibrary/src/main/assets/bin/Data/4e71feb780ba59542bfe93bb5d3a6dbe
[ 481/1480  0s] CopyFiles /Users/ld/Documents/Codex/2026-08-03/http-localhost-8080-codex-text-link/outputs/SpatialTowerDefensePICO/Library/Bee/Android/Prj/IL2CPP/Gradle/unityLibrary/src/main/assets/bin/Data/49e8769b9ef53de4fbf0d69b5fa61946
[ 482/1480  0s] CopyFiles /Users/ld/Documents/Codex/2026-08-03/http-localhost-8080-codex-text-link/outputs/SpatialTowerDefensePICO/Library/Bee/Android/Prj/IL2CPP/Gradle/unityLibrary/src/main/assets/bin/Data/477857ae78587411bbeb85778bad017f
[ 483/1480  0s] CopyFiles /Users/ld/Documents/Codex/2026-08-03/http-localhost-8080-codex-text-link/outputs/SpatialTowerDefensePICO/Library/Bee/Android/Prj/IL2CPP/Gradle/unityLibrary/src/main/assets/bin/Data/4761bfc7de5950049b09d42773534fbf
[ 484/1480  0s] CopyFiles /Users/ld/Documents/Codex/2026-08-03/http-localhost-8080-codex-text-link/outputs/SpatialTowerDefensePICO/Library/Bee/Android/Prj/IL2CPP/Gradle/unityLibrary/src/main/assets/bin/Data/45c160cca437e8f4b80736d356e92034
[ 485/1480  0s] CopyFiles /Users/ld/Documents/Codex/2026-08-03/http-localhost-8080-codex-text-link/outputs/SpatialTowerDefensePICO/Library/Bee/Android/Prj/IL2CPP/Gradle/unityLibrary/src/main/assets/bin/Data/443dde1cabf4f5049818dd233855b86c
[ 486/1480  0s] CopyFiles /Users/ld/Documents/Codex/2026-08-03/http-localhost-8080-codex-text-link/outputs/SpatialTowerDefensePICO/Library/Bee/Android/Prj/IL2CPP/Gradle/unityLibrary/src/main/assets/bin/Data/470e0b57cd32e6d469848c020bba7a98
[ 487/1480  0s] CopyFiles /Users/ld/Documents/Codex/2026-08-03/http-localhost-8080-codex-text-link/outputs/SpatialTowerDefensePICO/Library/Bee/Android/Prj/IL2CPP/Gradle/unityLibrary/src/main/assets/bin/Data/45ba65e688a074400b9380971795c4db
[ 488/1480  0s] CopyFiles /Users/ld/Documents/Codex/2026-08-03/http-localhost-8080-codex-text-link/outputs/SpatialTowerDefensePICO/Library/Bee/Android/Prj/IL2CPP/Gradle/unityLibrary/src/main/assets/bin/Data/420152448d7407d41a1086704d430427
[ 489/1480  0s] CopyFiles /Users/ld/Documents/Codex/2026-08-03/http-localhost-8080-codex-text-link/outputs/SpatialTowerDefensePICO/Library/Bee/Android/Prj/IL2CPP/Gradle/unityLibrary/src/main/assets/bin/Data/42507a0fd42be13429d5656a130c057b
[ 490/1480  0s] CopyFiles /Users/ld/Documents/Codex/2026-08-03/http-localhost-8080-codex-text-link/outputs/SpatialTowerDefensePICO/Library/Bee/Android/Prj/IL2CPP/Gradle/unityLibrary/src/main/assets/bin/Data/46eff69f4f8c8e64ca295ba7356521f1
[ 491/1480  0s] CopyFiles /Users/ld/Documents/Codex/2026-08-03/http-localhost-8080-codex-text-link/outputs/SpatialTowerDefensePICO/Library/Bee/Android/Prj/IL2CPP/Gradle/unityLibrary/src/main/assets/bin/Data/4632f3d33fc5ea94e8a7673306cbb3e2
[ 492/1480  0s] CopyFiles /Users/ld/Documents/Codex/2026-08-03/http-localhost-8080-codex-text-link/outputs/SpatialTowerDefensePICO/Library/Bee/Android/Prj/IL2CPP/Gradle/unityLibrary/src/main/assets/bin/Data/4718ce466e2248946a4c915e1df242d7
[ 493/1480  0s] CopyFiles /Users/ld/Documents/Codex/2026-08-03/http-localhost-8080-codex-text-link/outputs/SpatialTowerDefensePICO/Library/Bee/Android/Prj/IL2CPP/Gradle/unityLibrary/src/main/assets/bin/Data/44423fbc73cf1334c8ab8ec0d0d79aa0
[ 494/1480  0s] CopyFiles /Users/ld/Documents/Codex/2026-08-03/http-localhost-8080-codex-text-link/outputs/SpatialTowerDefensePICO/Library/Bee/Android/Prj/IL2CPP/Gradle/unityLibrary/src/main/assets/bin/Data/44d50c7ed27ce6e4eb04e397ed2a591c
[ 495/1480  0s] CopyFiles /Users/ld/Documents/Codex/2026-08-03/http-localhost-8080-codex-text-link/outputs/SpatialTowerDefensePICO/Library/Bee/Android/Prj/IL2CPP/Gradle/unityLibrary/src/main/assets/bin/Data/3b78eeaee0b7b489588c33e00ad1ff27
[ 496/1480  0s] CopyFiles /Users/ld/Documents/Codex/2026-08-03/http-localhost-8080-codex-text-link/outputs/SpatialTowerDefensePICO/Library/Bee/Android/Prj/IL2CPP/Gradle/unityLibrary/src/main/assets/bin/Data/3e6da93ce58c14438a129fc637235b7d
[ 497/1480  0s] CopyFiles /Users/ld/Documents/Codex/2026-08-03/http-localhost-8080-codex-text-link/outputs/SpatialTowerDefensePICO/Library/Bee/Android/Prj/IL2CPP/Gradle/unityLibrary/src/main/assets/bin/Data/4199a601545ad164badaad1fe1733439
[ 498/1480  0s] CopyFiles /Users/ld/Documents/Codex/2026-08-03/http-localhost-8080-codex-text-link/outputs/SpatialTowerDefensePICO/Library/Bee/Android/Prj/IL2CPP/Gradle/unityLibrary/src/main/assets/bin/Data/4126783ba382e42e782df5952ca72307
[ 499/1480  0s] CopyFiles /Users/ld/Documents/Codex/2026-08-03/http-localhost-8080-codex-text-link/outputs/SpatialTowerDefensePICO/Library/Bee/Android/Prj/IL2CPP/Gradle/unityLibrary/src/main/assets/bin/Data/3d6b84d1149bad144863fee6122979a2
[ 500/1480  0s] CopyFiles /Users/ld/Documents/Codex/2026-08-03/http-localhost-8080-codex-text-link/outputs/SpatialTowerDefensePICO/Library/Bee/Android/Prj/IL2CPP/Gradle/unityLibrary/src/main/assets/bin/Data/41faa744b4574744d9dfc5f41cf2feed
[ 501/1480  0s] CopyFiles /Users/ld/Documents/Codex/2026-08-03/http-localhost-8080-codex-text-link/outputs/SpatialTowerDefensePICO/Library/Bee/Android/Prj/IL2CPP/Gradle/unityLibrary/src/main/assets/bin/Data/41938f04a6f4d884f82644a294f64a74
[ 502/1480  0s] CopyFiles /Users/ld/Documents/Codex/2026-08-03/http-localhost-8080-codex-text-link/outputs/SpatialTowerDefensePICO/Library/Bee/Android/Prj/IL2CPP/Gradle/unityLibrary/src/main/assets/bin/Data/412d7b60e44e3c14eb26c2ebf8714e8d
[ 503/1480  0s] CopyFiles /Users/ld/Documents/Codex/2026-08-03/http-localhost-8080-codex-text-link/outputs/SpatialTowerDefensePICO/Library/Bee/Android/Prj/IL2CPP/Gradle/unityLibrary/src/main/assets/bin/Data/3ca01142054c997498fd413b391cbfcc
[ 504/1480  0s] CopyFiles /Users/ld/Documents/Codex/2026-08-03/http-localhost-8080-codex-text-link/outputs/SpatialTowerDefensePICO/Library/Bee/Android/Prj/IL2CPP/Gradle/unityLibrary/src/main/assets/bin/Data/405800810ee4b4747acb277e56c89952
[ 505/1480  0s] CopyFiles /Users/ld/Documents/Codex/2026-08-03/http-localhost-8080-codex-text-link/outputs/SpatialTowerDefensePICO/Library/Bee/Android/Prj/IL2CPP/Gradle/unityLibrary/src/main/assets/bin/Data/417fa020772413b488cc80ba8b487504
[ 506/1480  0s] CopyFiles /Users/ld/Documents/Codex/2026-08-03/http-localhost-8080-codex-text-link/outputs/SpatialTowerDefensePICO/Library/Bee/Android/Prj/IL2CPP/Gradle/unityLibrary/src/main/assets/bin/Data/3a5f20f82a5224d7d969e99da633fc69
[ 507/1480  0s] CopyFiles /Users/ld/Documents/Codex/2026-08-03/http-localhost-8080-codex-text-link/outputs/SpatialTowerDefensePICO/Library/Bee/Android/Prj/IL2CPP/Gradle/unityLibrary/src/main/assets/bin/Data/39b4fe910d1f8744295ef435fdc0e725
[ 508/1480  0s] CopyFiles /Users/ld/Documents/Codex/2026-08-03/http-localhost-8080-codex-text-link/outputs/SpatialTowerDefensePICO/Library/Bee/Android/Prj/IL2CPP/Gradle/unityLibrary/src/main/assets/bin/Data/3928fe46c1997be45a7e169b0eb63625
[ 509/1480  0s] CopyFiles /Users/ld/Documents/Codex/2026-08-03/http-localhost-8080-codex-text-link/outputs/SpatialTowerDefensePICO/Library/Bee/Android/Prj/IL2CPP/Gradle/unityLibrary/src/main/assets/bin/Data/330dce2842aacaa46ad499d912723b4f
[ 510/1480  0s] CopyFiles /Users/ld/Documents/Codex/2026-08-03/http-localhost-8080-codex-text-link/outputs/SpatialTowerDefensePICO/Library/Bee/Android/Prj/IL2CPP/Gradle/unityLibrary/src/main/assets/bin/Data/398bb746b335d6d4b8a6f96251c516a5
[ 511/1480  0s] CopyFiles /Users/ld/Documents/Codex/2026-08-03/http-localhost-8080-codex-text-link/outputs/SpatialTowerDefensePICO/Library/Bee/Android/Prj/IL2CPP/Gradle/unityLibrary/src/main/assets/bin/Data/3139ff825b4a742199c68d02ed019cb9.resource
[ 512/1480  0s] CopyFiles /Users/ld/Documents/Codex/2026-08-03/http-localhost-8080-codex-text-link/outputs/SpatialTowerDefensePICO/Library/Bee/Android/Prj/IL2CPP/Gradle/unityLibrary/src/main/assets/bin/Data/3373d986f5d154c2c9102dfc393fa5a0
[ 513/1480  0s] CopyFiles /Users/ld/Documents/Codex/2026-08-03/http-localhost-8080-codex-text-link/outputs/SpatialTowerDefensePICO/Library/Bee/Android/Prj/IL2CPP/Gradle/unityLibrary/src/main/assets/bin/Data/33f3b1982a31b524983126ac35015f67
[ 514/1480  0s] CopyFiles /Users/ld/Documents/Codex/2026-08-03/http-localhost-8080-codex-text-link/outputs/SpatialTowerDefensePICO/Library/Bee/Android/Prj/IL2CPP/Gradle/unityLibrary/src/main/assets/bin/Data/389054f7bc6b54dbaa9d654d7c126b63
[ 515/1480  0s] CopyFiles /Users/ld/Documents/Codex/2026-08-03/http-localhost-8080-codex-text-link/outputs/SpatialTowerDefensePICO/Library/Bee/Android/Prj/IL2CPP/Gradle/unityLibrary/src/main/assets/bin/Data/3139ff825b4a742199c68d02ed019cb9
[ 516/1480  0s] CopyFiles /Users/ld/Documents/Codex/2026-08-03/http-localhost-8080-codex-text-link/outputs/SpatialTowerDefensePICO/Library/Bee/Android/Prj/IL2CPP/Gradle/unityLibrary/src/main/assets/bin/Data/33ce0c27f4dfbf04da9d549e94760211
[ 517/1480  0s] CopyFiles /Users/ld/Documents/Codex/2026-08-03/http-localhost-8080-codex-text-link/outputs/SpatialTowerDefensePICO/Library/Bee/Android/Prj/IL2CPP/Gradle/unityLibrary/src/main/assets/bin/Data/39b162b3758bf435f97c925ab0a320a3
[ 518/1480  0s] CopyFiles /Users/ld/Documents/Codex/2026-08-03/http-localhost-8080-codex-text-link/outputs/SpatialTowerDefensePICO/Library/Bee/Android/Prj/IL2CPP/Gradle/unityLibrary/src/main/assets/bin/Data/2feddea28647636409e9100780016736
[ 519/1480  0s] CopyFiles /Users/ld/Documents/Codex/2026-08-03/http-localhost-8080-codex-text-link/outputs/SpatialTowerDefensePICO/Library/Bee/Android/Prj/IL2CPP/Gradle/unityLibrary/src/main/assets/bin/Data/2ff7a1ad33444af409a57241078abd84
[ 520/1480  0s] CopyFiles /Users/ld/Documents/Codex/2026-08-03/http-localhost-8080-codex-text-link/outputs/SpatialTowerDefensePICO/Library/Bee/Android/Prj/IL2CPP/Gradle/unityLibrary/src/main/assets/bin/Data/2bae8243edd794ac6bc737c6434acde3
[ 521/1480  0s] CopyFiles /Users/ld/Documents/Codex/2026-08-03/http-localhost-8080-codex-text-link/outputs/SpatialTowerDefensePICO/Library/Bee/Android/Prj/IL2CPP/Gradle/unityLibrary/src/main/assets/bin/Data/2aa6309ac12fd9342b1031ae5063657c
[ 522/1480  0s] CopyFiles /Users/ld/Documents/Codex/2026-08-03/http-localhost-8080-codex-text-link/outputs/SpatialTowerDefensePICO/Library/Bee/Android/Prj/IL2CPP/Gradle/unityLibrary/src/main/assets/bin/Data/2ea78a964eae8e443bd2c8c91a5f8434
[ 523/1480  0s] CopyFiles /Users/ld/Documents/Codex/2026-08-03/http-localhost-8080-codex-text-link/outputs/SpatialTowerDefensePICO/Library/Bee/Android/Prj/IL2CPP/Gradle/unityLibrary/src/main/assets/bin/Data/2f872c920e7224f889cde9b63d7311cc
[ 524/1480  0s] CopyFiles /Users/ld/Documents/Codex/2026-08-03/http-localhost-8080-codex-text-link/outputs/SpatialTowerDefensePICO/Library/Bee/Android/Prj/IL2CPP/Gradle/unityLibrary/src/main/assets/bin/Data/2ed156a13b31f403f8cce7b163ac0a99
[ 525/1480  0s] CopyFiles /Users/ld/Documents/Codex/2026-08-03/http-localhost-8080-codex-text-link/outputs/SpatialTowerDefensePICO/Library/Bee/Android/Prj/IL2CPP/Gradle/unityLibrary/src/main/assets/bin/Data/2c170f454afe12e469e1f5d33434caa4
[ 526/1480  0s] CopyFiles /Users/ld/Documents/Codex/2026-08-03/http-localhost-8080-codex-text-link/outputs/SpatialTowerDefensePICO/Library/Bee/Android/Prj/IL2CPP/Gradle/unityLibrary/src/main/assets/bin/Data/2c6815f105104a74fb6768accf5ae590
[ 527/1480  0s] CopyFiles /Users/ld/Documents/Codex/2026-08-03/http-localhost-8080-codex-text-link/outputs/SpatialTowerDefensePICO/Library/Bee/Android/Prj/IL2CPP/Gradle/unityLibrary/src/main/assets/bin/Data/2fc108a4d4e9d5d41bf34f493b563d76
[ 528/1480  0s] CopyFiles /Users/ld/Documents/Codex/2026-08-03/http-localhost-8080-codex-text-link/outputs/SpatialTowerDefensePICO/Library/Bee/Android/Prj/IL2CPP/Gradle/unityLibrary/src/main/assets/bin/Data/2b03046402f644c48a7bd290d2e10ba3
[ 529/1480  0s] CopyFiles /Users/ld/Documents/Codex/2026-08-03/http-localhost-8080-codex-text-link/outputs/SpatialTowerDefensePICO/Library/Bee/Android/Prj/IL2CPP/Gradle/unityLibrary/src/main/assets/bin/Data/2f6758bd4ad8fd34180ad73f9dfaee0c
[ 530/1480  0s] CopyFiles /Users/ld/Documents/Codex/2026-08-03/http-localhost-8080-codex-text-link/outputs/SpatialTowerDefensePICO/Library/Bee/Android/Prj/IL2CPP/Gradle/unityLibrary/src/main/assets/bin/Data/2fc3abf7028c94d11a0a152ab4b5b41e
[ 531/1480  0s] CopyFiles /Users/ld/Documents/Codex/2026-08-03/http-localhost-8080-codex-text-link/outputs/SpatialTowerDefensePICO/Library/Bee/Android/Prj/IL2CPP/Gradle/unityLibrary/src/main/assets/bin/Data/2a7d5b9c3168ed34f8f8151718a3a505
[ 532/1480  0s] CopyFiles /Users/ld/Documents/Codex/2026-08-03/http-localhost-8080-codex-text-link/outputs/SpatialTowerDefensePICO/Library/Bee/Android/Prj/IL2CPP/Gradle/unityLibrary/src/main/assets/bin/Data/27bd3d1f8f2c1b4429ee6baacaa28ebe
[ 533/1480  0s] CopyFiles /Users/ld/Documents/Codex/2026-08-03/http-localhost-8080-codex-text-link/outputs/SpatialTowerDefensePICO/Library/Bee/Android/Prj/IL2CPP/Gradle/unityLibrary/src/main/assets/bin/Data/294ccfee9dad0472c9a3ed5cfaf1915a
[ 534/1480  0s] CopyFiles /Users/ld/Documents/Codex/2026-08-03/http-localhost-8080-codex-text-link/outputs/SpatialTowerDefensePICO/Library/Bee/Android/Prj/IL2CPP/Gradle/unityLibrary/src/main/assets/bin/Data/24a90fa16ab24507abdec53849b3a02e
[ 535/1480  0s] CopyFiles /Users/ld/Documents/Codex/2026-08-03/http-localhost-8080-codex-text-link/outputs/SpatialTowerDefensePICO/Library/Bee/Android/Prj/IL2CPP/Gradle/unityLibrary/src/main/assets/bin/Data/262c747a1aabe464bab63ec0ac92d3c3
[ 536/1480  0s] CopyFiles /Users/ld/Documents/Codex/2026-08-03/http-localhost-8080-codex-text-link/outputs/SpatialTowerDefensePICO/Library/Bee/Android/Prj/IL2CPP/Gradle/unityLibrary/src/main/assets/bin/Data/26d3f2516c7974565a4df2a0f48ba672
[ 537/1480  0s] CopyFiles /Users/ld/Documents/Codex/2026-08-03/http-localhost-8080-codex-text-link/outputs/SpatialTowerDefensePICO/Library/Bee/Android/Prj/IL2CPP/Gradle/unityLibrary/src/main/assets/bin/Data/25f6d0fd2614da34b862ef9505c0dc80
[ 538/1480  0s] CopyFiles /Users/ld/Documents/Codex/2026-08-03/http-localhost-8080-codex-text-link/outputs/SpatialTowerDefensePICO/Library/Bee/Android/Prj/IL2CPP/Gradle/unityLibrary/src/main/assets/bin/Data/2478cd5bf9724b0438405d8b8a7f8d9b
[ 539/1480  0s] CopyFiles /Users/ld/Documents/Codex/2026-08-03/http-localhost-8080-codex-text-link/outputs/SpatialTowerDefensePICO/Library/Bee/Android/Prj/IL2CPP/Gradle/unityLibrary/src/main/assets/bin/Data/276a39a5a210b124885f0eff3e80f1f3
[ 540/1480  0s] CopyFiles /Users/ld/Documents/Codex/2026-08-03/http-localhost-8080-codex-text-link/outputs/SpatialTowerDefensePICO/Library/Bee/Android/Prj/IL2CPP/Gradle/unityLibrary/src/main/assets/bin/Data/296b2106775d132469d4ddadfa937fc4
[ 541/1480  0s] CopyFiles /Users/ld/Documents/Codex/2026-08-03/http-localhost-8080-codex-text-link/outputs/SpatialTowerDefensePICO/Library/Bee/Android/Prj/IL2CPP/Gradle/unityLibrary/src/main/assets/bin/Data/243f0f28da0564663a4bd7281f7b36dd
[ 542/1480  0s] CopyFiles /Users/ld/Documents/Codex/2026-08-03/http-localhost-8080-codex-text-link/outputs/SpatialTowerDefensePICO/Library/Bee/Android/Prj/IL2CPP/Gradle/unityLibrary/src/main/assets/bin/Data/273ffb934f098494493fa0a0161681e9
[ 543/1480  0s] CopyFiles /Users/ld/Documents/Codex/2026-08-03/http-localhost-8080-codex-text-link/outputs/SpatialTowerDefensePICO/Library/Bee/Android/Prj/IL2CPP/Gradle/unityLibrary/src/main/assets/bin/Data/23af6ce9ca88149be8b704b1f835a30b
[ 544/1480  0s] CopyFiles /Users/ld/Documents/Codex/2026-08-03/http-localhost-8080-codex-text-link/outputs/SpatialTowerDefensePICO/Library/Bee/Android/Prj/IL2CPP/Gradle/unityLibrary/src/main/assets/bin/Data/1ee5ba7cc57c8074b81f3fba4c0c3dba
[ 545/1480  0s] CopyFiles /Users/ld/Documents/Codex/2026-08-03/http-localhost-8080-codex-text-link/outputs/SpatialTowerDefensePICO/Library/Bee/Android/Prj/IL2CPP/Gradle/unityLibrary/src/main/assets/bin/Data/1e92d500684864863ac5af9f4ac8cebe
[ 546/1480  0s] CopyFiles /Users/ld/Documents/Codex/2026-08-03/http-localhost-8080-codex-text-link/outputs/SpatialTowerDefensePICO/Library/Bee/Android/Prj/IL2CPP/Gradle/unityLibrary/src/main/assets/bin/Data/240c08727a0035f4aa36ec8c656981ed
[ 547/1480  0s] CopyFiles /Users/ld/Documents/Codex/2026-08-03/http-localhost-8080-codex-text-link/outputs/SpatialTowerDefensePICO/Library/Bee/Android/Prj/IL2CPP/Gradle/unityLibrary/src/main/assets/bin/Data/20f88c5c29f4847e8a000f43362fcbfd
[ 548/1480  0s] CopyFiles /Users/ld/Documents/Codex/2026-08-03/http-localhost-8080-codex-text-link/outputs/SpatialTowerDefensePICO/Library/Bee/Android/Prj/IL2CPP/Gradle/unityLibrary/src/main/assets/bin/Data/2214f4e63cc456a42971de68df6d4295
[ 549/1480  0s] CopyFiles /Users/ld/Documents/Codex/2026-08-03/http-localhost-8080-codex-text-link/outputs/SpatialTowerDefensePICO/Library/Bee/Android/Prj/IL2CPP/Gradle/unityLibrary/src/main/assets/bin/Data/1d7e8d46a8f4548e7a5b3fdbf3067434
[ 550/1480  0s] CopyFiles /Users/ld/Documents/Codex/2026-08-03/http-localhost-8080-codex-text-link/outputs/SpatialTowerDefensePICO/Library/Bee/Android/Prj/IL2CPP/Gradle/unityLibrary/src/main/assets/bin/Data/21efdbaf368369a4c9315999314fe951
[ 551/1480  0s] CopyFiles /Users/ld/Documents/Codex/2026-08-03/http-localhost-8080-codex-text-link/outputs/SpatialTowerDefensePICO/Library/Bee/Android/Prj/IL2CPP/Gradle/unityLibrary/src/main/assets/bin/Data/21916bd92136f024bb137a4ed23e9a2e
[ 552/1480  0s] CopyFiles /Users/ld/Documents/Codex/2026-08-03/http-localhost-8080-codex-text-link/outputs/SpatialTowerDefensePICO/Library/Bee/Android/Prj/IL2CPP/Gradle/unityLibrary/src/main/assets/bin/Data/205b20a3c7d2a4651ae6509f5670e091
[ 553/1480  0s] CopyFiles /Users/ld/Documents/Codex/2026-08-03/http-localhost-8080-codex-text-link/outputs/SpatialTowerDefensePICO/Library/Bee/Android/Prj/IL2CPP/Gradle/unityLibrary/src/main/assets/bin/Data/1fc5f47805e00457ca97da2351c04180
[ 554/1480  0s] CopyFiles /Users/ld/Documents/Codex/2026-08-03/http-localhost-8080-codex-text-link/outputs/SpatialTowerDefensePICO/Library/Bee/Android/Prj/IL2CPP/Gradle/unityLibrary/src/main/assets/bin/Data/1e0c3b7a84ffc85488b34869c5e20318
[ 555/1480  0s] CopyFiles /Users/ld/Documents/Codex/2026-08-03/http-localhost-8080-codex-text-link/outputs/SpatialTowerDefensePICO/Library/Bee/Android/Prj/IL2CPP/Gradle/unityLibrary/src/main/assets/bin/Data/1adbdd5ea9a76d247a3f262569b3e059
[ 556/1480  0s] CopyFiles /Users/ld/Documents/Codex/2026-08-03/http-localhost-8080-codex-text-link/outputs/SpatialTowerDefensePICO/Library/Bee/Android/Prj/IL2CPP/Gradle/unityLibrary/src/main/assets/bin/Data/1b56e8a91240340f680e83c4dbb770da
[ 557/1480  0s] CopyFiles /Users/ld/Documents/Codex/2026-08-03/http-localhost-8080-codex-text-link/outputs/SpatialTowerDefensePICO/Library/Bee/Android/Prj/IL2CPP/Gradle/unityLibrary/src/main/assets/bin/Data/1a1333616d23d473a9564f02435a3d0b
[ 558/1480  0s] CopyFiles /Users/ld/Documents/Codex/2026-08-03/http-localhost-8080-codex-text-link/outputs/SpatialTowerDefensePICO/Library/Bee/Android/Prj/IL2CPP/Gradle/unityLibrary/src/main/assets/bin/Data/1a07c691324387740b607ae6b8b478e0
[ 559/1480  0s] CopyFiles /Users/ld/Documents/Codex/2026-08-03/http-localhost-8080-codex-text-link/outputs/SpatialTowerDefensePICO/Library/Bee/Android/Prj/IL2CPP/Gradle/unityLibrary/src/main/assets/bin/Data/19363699162b3b842a8355f3f58473a7
[ 560/1480  0s] CopyFiles /Users/ld/Documents/Codex/2026-08-03/http-localhost-8080-codex-text-link/outputs/SpatialTowerDefensePICO/Library/Bee/Android/Prj/IL2CPP/Gradle/unityLibrary/src/main/assets/bin/Data/19109cae5d3dd4a21ab383ac58d3eb7d
[ 561/1480  0s] CopyFiles /Users/ld/Documents/Codex/2026-08-03/http-localhost-8080-codex-text-link/outputs/SpatialTowerDefensePICO/Library/Bee/Android/Prj/IL2CPP/Gradle/unityLibrary/src/main/assets/bin/Data/1b2c7186dfaf444188d50101091fc352
[ 562/1480  0s] CopyFiles /Users/ld/Documents/Codex/2026-08-03/http-localhost-8080-codex-text-link/outputs/SpatialTowerDefensePICO/Library/Bee/Android/Prj/IL2CPP/Gradle/unityLibrary/src/main/assets/bin/Data/1ad904b919efe444585d30d515fcdccf
[ 563/1480  0s] CopyFiles /Users/ld/Documents/Codex/2026-08-03/http-localhost-8080-codex-text-link/outputs/SpatialTowerDefensePICO/Library/Bee/Android/Prj/IL2CPP/Gradle/unityLibrary/src/main/assets/bin/Data/1a83bdbbf87e1334c947405c3c4ed019
[ 564/1480  0s] CopyFiles /Users/ld/Documents/Codex/2026-08-03/http-localhost-8080-codex-text-link/outputs/SpatialTowerDefensePICO/Library/Bee/Android/Prj/IL2CPP/Gradle/unityLibrary/src/main/assets/bin/Data/199096e77c22b4da5958e4a3c04364cc
[ 565/1480  0s] CopyFiles /Users/ld/Documents/Codex/2026-08-03/http-localhost-8080-codex-text-link/outputs/SpatialTowerDefensePICO/Library/Bee/Android/Prj/IL2CPP/Gradle/unityLibrary/src/main/assets/bin/Data/196522ca0f611744fa187099d38ee9a4
[ 566/1480  0s] CopyFiles /Users/ld/Documents/Codex/2026-08-03/http-localhost-8080-codex-text-link/outputs/SpatialTowerDefensePICO/Library/Bee/Android/Prj/IL2CPP/Gradle/unityLibrary/src/main/assets/bin/Data/173621e98c19c493a8f0288d8a933bed
[ 567/1480  0s] CopyFiles /Users/ld/Documents/Codex/2026-08-03/http-localhost-8080-codex-text-link/outputs/SpatialTowerDefensePICO/Library/Bee/Android/Prj/IL2CPP/Gradle/unityLibrary/src/main/assets/bin/Data/17392393f8ad840af8b7e17d7f3f2d56
[ 568/1480  0s] CopyFiles /Users/ld/Documents/Codex/2026-08-03/http-localhost-8080-codex-text-link/outputs/SpatialTowerDefensePICO/Library/Bee/Android/Prj/IL2CPP/Gradle/unityLibrary/src/main/assets/bin/Data/14827edc725ef4268abeafa415ba82f3
[ 569/1480  0s] CopyFiles /Users/ld/Documents/Codex/2026-08-03/http-localhost-8080-codex-text-link/outputs/SpatialTowerDefensePICO/Library/Bee/Android/Prj/IL2CPP/Gradle/unityLibrary/src/main/assets/bin/Data/1622cb2c88d4c064dbe97b28cbdb5a1e
[ 570/1480  0s] CopyFiles /Users/ld/Documents/Codex/2026-08-03/http-localhost-8080-codex-text-link/outputs/SpatialTowerDefensePICO/Library/Bee/Android/Prj/IL2CPP/Gradle/unityLibrary/src/main/assets/bin/Data/18234d0dd8e148248a2b11f182e2519a
[ 571/1480  0s] CopyFiles /Users/ld/Documents/Codex/2026-08-03/http-localhost-8080-codex-text-link/outputs/SpatialTowerDefensePICO/Library/Bee/Android/Prj/IL2CPP/Gradle/unityLibrary/src/main/assets/bin/Data/15a0aa31c9b91c041925cc3de29c4e26
[ 572/1480  0s] CopyFiles /Users/ld/Documents/Codex/2026-08-03/http-localhost-8080-codex-text-link/outputs/SpatialTowerDefensePICO/Library/Bee/Android/Prj/IL2CPP/Gradle/unityLibrary/src/main/assets/bin/Data/16f6765321ffa364a89806e925d59d69
[ 573/1480  0s] CopyFiles /Users/ld/Documents/Codex/2026-08-03/http-localhost-8080-codex-text-link/outputs/SpatialTowerDefensePICO/Library/Bee/Android/Prj/IL2CPP/Gradle/unityLibrary/src/main/assets/bin/Data/166b3d4f510e047ab9e97a27b546eca5
[ 574/1480  0s] CopyFiles /Users/ld/Documents/Codex/2026-08-03/http-localhost-8080-codex-text-link/outputs/SpatialTowerDefensePICO/Library/Bee/Android/Prj/IL2CPP/Gradle/unityLibrary/src/main/assets/bin/Data/140260594244d6343adb4806e23bfef6
[ 575/1480  0s] CopyFiles /Users/ld/Documents/Codex/2026-08-03/http-localhost-8080-codex-text-link/outputs/SpatialTowerDefensePICO/Library/Bee/Android/Prj/IL2CPP/Gradle/unityLibrary/src/main/assets/bin/Data/179b55003179e06419be7dc32d85be23
[ 576/1480  0s] CopyFiles /Users/ld/Documents/Codex/2026-08-03/http-localhost-8080-codex-text-link/outputs/SpatialTowerDefensePICO/Library/Bee/Android/Prj/IL2CPP/Gradle/unityLibrary/src/main/assets/bin/Data/15f5447a55aa4024cb5a8ca05ca1e3d4
[ 577/1480  0s] CopyFiles /Users/ld/Documents/Codex/2026-08-03/http-localhost-8080-codex-text-link/outputs/SpatialTowerDefensePICO/Library/Bee/Android/Prj/IL2CPP/Gradle/unityLibrary/src/main/assets/bin/Data/0e8851bbd4d7b2b4787a54d6d1f11f80
[ 578/1480  0s] CopyFiles /Users/ld/Documents/Codex/2026-08-03/http-localhost-8080-codex-text-link/outputs/SpatialTowerDefensePICO/Library/Bee/Android/Prj/IL2CPP/Gradle/unityLibrary/src/main/assets/bin/Data/0f37039b4a5cd3f48bff00c92911c80c
[ 579/1480  0s] CopyFiles /Users/ld/Documents/Codex/2026-08-03/http-localhost-8080-codex-text-link/outputs/SpatialTowerDefensePICO/Library/Bee/Android/Prj/IL2CPP/Gradle/unityLibrary/src/main/assets/bin/Data/126a6b15060a41b4fb93ca8ea360fea0
[ 580/1480  0s] CopyFiles /Users/ld/Documents/Codex/2026-08-03/http-localhost-8080-codex-text-link/outputs/SpatialTowerDefensePICO/Library/Bee/Android/Prj/IL2CPP/Gradle/unityLibrary/src/main/assets/bin/Data/119b1da74a8d931419afaa5b9d750321
[ 581/1480  0s] CopyFiles /Users/ld/Documents/Codex/2026-08-03/http-localhost-8080-codex-text-link/outputs/SpatialTowerDefensePICO/Library/Bee/Android/Prj/IL2CPP/Gradle/unityLibrary/src/main/assets/bin/Data/0fb52fb4f7d5d414d85c6e51bf915eee
[ 582/1480  0s] CopyFiles /Users/ld/Documents/Codex/2026-08-03/http-localhost-8080-codex-text-link/outputs/SpatialTowerDefensePICO/Library/Bee/Android/Prj/IL2CPP/Gradle/unityLibrary/src/main/assets/bin/Data/12a19b71643cd314291e0f6c3e9a2ac9
[ 583/1480  0s] CopyFiles /Users/ld/Documents/Codex/2026-08-03/http-localhost-8080-codex-text-link/outputs/SpatialTowerDefensePICO/Library/Bee/Android/Prj/IL2CPP/Gradle/unityLibrary/src/main/assets/bin/Data/12956b51986598647b8f8efc56c79728
[ 584/1480  0s] CopyFiles /Users/ld/Documents/Codex/2026-08-03/http-localhost-8080-codex-text-link/outputs/SpatialTowerDefensePICO/Library/Bee/Android/Prj/IL2CPP/Gradle/unityLibrary/src/main/assets/bin/Data/0d52dfdd137e545f1b9ddc729aed0afb
[ 585/1480  0s] CopyFiles /Users/ld/Documents/Codex/2026-08-03/http-localhost-8080-codex-text-link/outputs/SpatialTowerDefensePICO/Library/Bee/Android/Prj/IL2CPP/Gradle/unityLibrary/src/main/assets/bin/Data/0f2aa787ebfed6948971b49259ce7bdd
[ 586/1480  0s] CopyFiles /Users/ld/Documents/Codex/2026-08-03/http-localhost-8080-codex-text-link/outputs/SpatialTowerDefensePICO/Library/Bee/Android/Prj/IL2CPP/Gradle/unityLibrary/src/main/assets/bin/Data/0dfba648561a14bc09da72e96b526624
[ 587/1480  0s] CopyFiles /Users/ld/Documents/Codex/2026-08-03/http-localhost-8080-codex-text-link/outputs/SpatialTowerDefensePICO/Library/Bee/Android/Prj/IL2CPP/Gradle/unityLibrary/src/main/assets/bin/Data/128abf3126529bb428b679b56ce22561
[ 588/1480  0s] CopyFiles /Users/ld/Documents/Codex/2026-08-03/http-localhost-8080-codex-text-link/outputs/SpatialTowerDefensePICO/Library/Bee/Android/Prj/IL2CPP/Gradle/unityLibrary/src/main/assets/bin/Data/0caebc90d3e9cf34ab027d9ac1f3f862
[ 589/1480  0s] CopyFiles /Users/ld/Documents/Codex/2026-08-03/http-localhost-8080-codex-text-link/outputs/SpatialTowerDefensePICO/Library/Bee/Android/Prj/IL2CPP/Gradle/unityLibrary/src/main/assets/bin/Data/0bf71c103029a4801aa66e96870279ae
[ 590/1480  0s] CopyFiles /Users/ld/Documents/Codex/2026-08-03/http-localhost-8080-codex-text-link/outputs/SpatialTowerDefensePICO/Library/Bee/Android/Prj/IL2CPP/Gradle/unityLibrary/src/main/assets/bin/Data/07cb6b40d8cbd4a03af2a0ac038894e5
[ 591/1480  0s] CopyFiles /Users/ld/Documents/Codex/2026-08-03/http-localhost-8080-codex-text-link/outputs/SpatialTowerDefensePICO/Library/Bee/Android/Prj/IL2CPP/Gradle/unityLibrary/src/main/assets/bin/Data/0827b00529ab34d9da539c291740760e
[ 592/1480  0s] CopyFiles /Users/ld/Documents/Codex/2026-08-03/http-localhost-8080-codex-text-link/outputs/SpatialTowerDefensePICO/Library/Bee/Android/Prj/IL2CPP/Gradle/unityLibrary/src/main/assets/bin/Data/0b25a979fca8ac84ab6ed05213a2f3af
[ 593/1480  0s] CopyFiles /Users/ld/Documents/Codex/2026-08-03/http-localhost-8080-codex-text-link/outputs/SpatialTowerDefensePICO/Library/Bee/Android/Prj/IL2CPP/Gradle/unityLibrary/src/main/assets/bin/Data/0ad7fb24f28a84d368aa365c9b3981a9
[ 594/1480  0s] CopyFiles /Users/ld/Documents/Codex/2026-08-03/http-localhost-8080-codex-text-link/outputs/SpatialTowerDefensePICO/Library/Bee/Android/Prj/IL2CPP/Gradle/unityLibrary/src/main/assets/bin/Data/081528f6308b1134db2b9871766dd820
[ 595/1480  0s] CopyFiles /Users/ld/Documents/Codex/2026-08-03/http-localhost-8080-codex-text-link/outputs/SpatialTowerDefensePICO/Library/Bee/Android/Prj/IL2CPP/Gradle/unityLibrary/src/main/assets/bin/Data/0be26f6b657a34214ad11074e0052a35
[ 596/1480  0s] CopyFiles /Users/ld/Documents/Codex/2026-08-03/http-localhost-8080-codex-text-link/outputs/SpatialTowerDefensePICO/Library/Bee/Android/Prj/IL2CPP/Gradle/unityLibrary/src/main/assets/bin/Data/0c707c0ce1bfd22408c52e496dec07d2
[ 597/1480  0s] CopyFiles /Users/ld/Documents/Codex/2026-08-03/http-localhost-8080-codex-text-link/outputs/SpatialTowerDefensePICO/Library/Bee/Android/Prj/IL2CPP/Gradle/unityLibrary/src/main/assets/bin/Data/063346ae0d043c442916db0b9ec57a0f
[ 598/1480  0s] CopyFiles /Users/ld/Documents/Codex/2026-08-03/http-localhost-8080-codex-text-link/outputs/SpatialTowerDefensePICO/Library/Bee/Android/Prj/IL2CPP/Gradle/unityLibrary/src/main/assets/bin/Data/0828b9acdcc5eae46aa140c95771740c
[ 599/1480  0s] CopyFiles /Users/ld/Documents/Codex/2026-08-03/http-localhost-8080-codex-text-link/outputs/SpatialTowerDefensePICO/Library/Bee/Android/Prj/IL2CPP/Gradle/unityLibrary/src/main/assets/bin/Data/0b059227bd2954f478ffb40ca189d39d
[ 600/1480  0s] CopyFiles /Users/ld/Documents/Codex/2026-08-03/http-localhost-8080-codex-text-link/outputs/SpatialTowerDefensePICO/Library/Bee/Android/Prj/IL2CPP/Gradle/unityLibrary/src/main/assets/bin/Data/05101c81489cd764ebd35d33ec4e0900
[ 601/1480  0s] CopyFiles /Users/ld/Documents/Codex/2026-08-03/http-localhost-8080-codex-text-link/outputs/SpatialTowerDefensePICO/Library/Bee/Android/Prj/IL2CPP/Gradle/unityLibrary/src/main/assets/bin/Data/00203bc285eee1949bba54824bd30b35
[ 602/1480  0s] CopyFiles /Users/ld/Documents/Codex/2026-08-03/http-localhost-8080-codex-text-link/outputs/SpatialTowerDefensePICO/Library/Bee/Android/Prj/IL2CPP/Gradle/unityLibrary/src/main/assets/bin/Data/03b1a861a358e4d47bed8f39804b5214
[ 603/1480  0s] CopyFiles /Users/ld/Documents/Codex/2026-08-03/http-localhost-8080-codex-text-link/outputs/SpatialTowerDefensePICO/Library/Bee/Android/Prj/IL2CPP/Gradle/unityLibrary/src/main/assets/bin/Data/0000000000000000f000000000000000
[ 604/1480  0s] CopyFiles /Users/ld/Documents/Codex/2026-08-03/http-localhost-8080-codex-text-link/outputs/SpatialTowerDefensePICO/Library/Bee/Android/Prj/IL2CPP/Gradle/unityLibrary/src/main/assets/bin/Data/02b48b9ce5077ab4dad3610ab31cec68
[ 605/1480  0s] CopyFiles /Users/ld/Documents/Codex/2026-08-03/http-localhost-8080-codex-text-link/outputs/SpatialTowerDefensePICO/Library/Bee/Android/Prj/IL2CPP/Gradle/unityLibrary/src/main/assets/bin/Data/059549276313d2f439e017403c57d387
[ 606/1480  0s] CopyFiles /Users/ld/Documents/Codex/2026-08-03/http-localhost-8080-codex-text-link/outputs/SpatialTowerDefensePICO/Library/Bee/Android/Prj/IL2CPP/Gradle/unityLibrary/src/main/assets/bin/Data/0340143410a274c79896524febb3cbde
[ 607/1480  0s] CopyFiles /Users/ld/Documents/Codex/2026-08-03/http-localhost-8080-codex-text-link/outputs/SpatialTowerDefensePICO/Library/Bee/Android/Prj/IL2CPP/Gradle/unityLibrary/src/main/assets/bin/Data/00b918d38c21608499365dcf824b50ac
[ 608/1480  0s] CopyFiles /Users/ld/Documents/Codex/2026-08-03/http-localhost-8080-codex-text-link/outputs/SpatialTowerDefensePICO/Library/Bee/Android/Prj/IL2CPP/Gradle/unityLibrary/src/main/assets/bin/Data/01e92b6b2795b354ba57e218f2acd000
[ 609/1480  0s] CopyFiles /Users/ld/Documents/Codex/2026-08-03/http-localhost-8080-codex-text-link/outputs/SpatialTowerDefensePICO/Library/Bee/Android/Prj/IL2CPP/Gradle/unityLibrary/src/main/assets/bin/Data/04d4cd0b2ee7c4f4d82564e860f18e39
[ 610/1480  0s] CopyFiles /Users/ld/Documents/Codex/2026-08-03/http-localhost-8080-codex-text-link/outputs/SpatialTowerDefensePICO/Library/Bee/Android/Prj/IL2CPP/Gradle/unityLibrary/src/main/assets/bin/Data/052f5e26371f76f459d134c70df3603d
[           0s] ComputeLeafInputSignature Lib_Android_arm64 Library/Bee/artifacts/Android/87lik/il2cpp.a [success 925f4840408bca02a09ab18bf738eae4]
[ 612/1480  2s] UnityLinker /Users/ld/Documents/Codex/2026-08-03/http-localhost-8080-codex-text-link/outputs/SpatialTowerDefensePICO/Library/Bee/artifacts/unitylinker_xy1a.traceevents
/Applications/Unity/Hub/Editor/6000.5.5f1/Unity.app/Contents/Resources/Scripting/il2cpp/build/deploy/UnityLinker --out=Library/Bee/artifacts/Android/ManagedStripped --include-link-xml=/Users/ld/Documents/Codex/2026-08-03/http-localhost-8080-codex-text-link/outputs/SpatialTowerDefensePICO/Library/Bee/artifacts/UnityLinkerInputs/MethodsToPreserve.xml --include-link-xml=/Users/ld/Documents/Codex/2026-08-03/http-localhost-8080-codex-text-link/outputs/SpatialTowerDefensePICO/Library/Bee/artifacts/UnityLinkerInputs/TypesInScenes.xml --include-link-xml=/Users/ld/Documents/Codex/2026-08-03/http-localhost-8080-codex-text-link/outputs/SpatialTowerDefensePICO/Library/Bee/artifacts/UnityLinkerInputs/SerializedTypes.xml --include-link-xml=/Users/ld/Documents/Codex/2026-08-03/http-localhost-8080-codex-text-link/outputs/SpatialTowerDefensePICO/Library/InputSystem/AndroidLink.xml --include-link-xml=/Applications/Unity/Hub/Editor/6000.5.5f1/PlaybackEngines/AndroidPlayer/Tools/AndroidNativeLink.xml --include-directory=/Users/ld/Documents/Codex/2026-08-03/http-localhost-8080-codex-text-link/outputs/SpatialTowerDefensePICO/Library/Bee/PlayerScriptAssemblies --include-directory=/Applications/Unity/Hub/Editor/6000.5.5f1/Unity.app/Contents/Resources/Scripting/BCLExtensions/runtime/netstandard2.1 --include-directory=/Applications/Unity/Hub/Editor/6000.5.5f1/Unity.app/Contents/Resources/Scripting/MonoBleedingEdge/lib/mono/unityaot-linux --include-directory=/Applications/Unity/Hub/Editor/6000.5.5f1/Unity.app/Contents/Resources/Scripting/MonoBleedingEdge/lib/mono/unityaot-linux/Facades --include-directory=/Applications/Unity/Hub/Editor/6000.5.5f1/PlaybackEngines/AndroidPlayer/Variations/il2cpp/Managed --include-directory=/Users/ld/Documents/Codex/2026-08-03/http-localhost-8080-codex-text-link/outputs/SpatialTowerDefensePICO/Library/PackageCache/com.unity.collections@a43cabe808ca/Unity.Collections.LowLevel.ILSupport --include-directory=/Users/ld/Documents/Codex/2026-08-03/http-localhost-8080-codex-text-link/outputs/SpatialTowerDefensePICO/Library/PackageCache/com.unity.burst@6bb9aca3ef38 --include-directory=/Users/ld/Documents/Codex/2026-08-03/http-localhost-8080-codex-text-link/outputs/SpatialTowerDefensePICO/Library/PackageCache/com.unity.nuget.newtonsoft-json@4dfd81071c64/Runtime/AOT --include-directory=/Users/ld/Library/PICO/UnitySDK/6.0.0/PICO-Unity-SDK/XR/Runtime/Android --rule-set=Aggressive --profiler-report --profiler-output-file=/Users/ld/Documents/Codex/2026-08-03/http-localhost-8080-codex-text-link/outputs/SpatialTowerDefensePICO/Library/Bee/artifacts/unitylinker_xy1a.traceevents --dotnetprofile=unityaot-linux --dotnetruntime=Il2Cpp --architecture=Arm64 --platform=Android --use-editor-options --editor-settings-flag=Development --enable-engine-module-stripping --engine-modules-asset-file=/Applications/Unity/Hub/Editor/6000.5.5f1/PlaybackEngines/AndroidPlayer/modules.asset --editor-data-file=/Users/ld/Documents/Codex/2026-08-03/http-localhost-8080-codex-text-link/outputs/SpatialTowerDefensePICO/Library/Bee/artifacts/UnityLinkerInputs/EditorToUnityLinkerData.json --include-unity-root-assembly=/Users/ld/Documents/Codex/2026-08-03/http-localhost-8080-codex-text-link/outputs/SpatialTowerDefensePICO/Library/Bee/PlayerScriptAssemblies/Assembly-CSharp.dll --include-unity-root-assembly=/Users/ld/Documents/Codex/2026-08-03/http-localhost-8080-codex-text-link/outputs/SpatialTowerDefensePICO/Library/Bee/PlayerScriptAssemblies/ByteDance.PICO.Debugger.dll --include-unity-root-assembly=/Users/ld/Documents/Codex/2026-08-03/http-localhost-8080-codex-text-link/outputs/SpatialTowerDefensePICO/Library/Bee/PlayerScriptAssemblies/ByteDance.PICO.Platform.dll --include-unity-root-assembly=/Users/ld/Documents/Codex/2026-08-03/http-localhost-8080-codex-text-link/outputs/SpatialTowerDefensePICO/Library/Bee/PlayerScriptAssemblies/ByteDance.PICO.SptatialUI.dll --include-unity-root-assembly=/Users/ld/Documents/Codex/2026-08-03/http-localhost-8080-codex-text-link/outputs/SpatialTowerDefensePICO/Library/Bee/PlayerScriptAssemblies/ByteDance.PICO.XR.dll --include-unity-root-assembly=/Users/ld/Documents/Codex/2026-08-03/http-localhost-8080-codex-text-link/outputs/SpatialTowerDefensePICO/Library/Bee/PlayerScriptAssemblies/Unity.InputSystem.dll --include-unity-root-assembly=/Users/ld/Documents/Codex/2026-08-03/http-localhost-8080-codex-text-link/outputs/SpatialTowerDefensePICO/Library/Bee/PlayerScriptAssemblies/Unity.TextMeshPro.dll --include-unity-root-assembly=/Users/ld/Documents/Codex/2026-08-03/http-localhost-8080-codex-text-link/outputs/SpatialTowerDefensePICO/Library/Bee/PlayerScriptAssemblies/Unity.XR.Interaction.Toolkit.dll --include-unity-root-assembly=/Users/ld/Documents/Codex/2026-08-03/http-localhost-8080-codex-text-link/outputs/SpatialTowerDefensePICO/Library/Bee/PlayerScriptAssemblies/Unity.XR.Interaction.Toolkit.Samples.StarterAssets.dll --include-unity-root-assembly=/Users/ld/Documents/Codex/2026-08-03/http-localhost-8080-codex-text-link/outputs/SpatialTowerDefensePICO/Library/Bee/PlayerScriptAssemblies/Unity.XR.Management.dll --include-unity-root-assembly=/Users/ld/Documents/Codex/2026-08-03/http-localhost-8080-codex-text-link/outputs/SpatialTowerDefensePICO/Library/Bee/PlayerScriptAssemblies/Unity.XR.OpenXR.dll --include-unity-root-assembly=/Users/ld/Documents/Codex/2026-08-03/http-localhost-8080-codex-text-link/outputs/SpatialTowerDefensePICO/Library/Bee/PlayerScriptAssemblies/Unity.XR.OpenXR.Features.ConformanceAutomation.dll --include-unity-root-assembly=/Users/ld/Documents/Codex/2026-08-03/http-localhost-8080-codex-text-link/outputs/SpatialTowerDefensePICO/Library/Bee/PlayerScriptAssemblies/Unity.XR.OpenXR.Features.MetaQuestSupport.dll --include-unity-root-assembly=/Users/ld/Documents/Codex/2026-08-03/http-localhost-8080-codex-text-link/outputs/SpatialTowerDefensePICO/Library/Bee/PlayerScriptAssemblies/Unity.XR.OpenXR.Features.MockRuntime.dll --include-unity-root-assembly=/Users/ld/Documents/Codex/2026-08-03/http-localhost-8080-codex-text-link/outputs/SpatialTowerDefensePICO/Library/Bee/PlayerScriptAssemblies/Unity.XR.OpenXR.Features.OculusQuestSupport.dll --include-unity-root-assembly=/Users/ld/Documents/Codex/2026-08-03/http-localhost-8080-codex-text-link/outputs/SpatialTowerDefensePICO/Library/Bee/PlayerScriptAssemblies/Unity.XR.OpenXR.Features.RuntimeDebugger.dll --include-unity-root-assembly=/Users/ld/Documents/Codex/2026-08-03/http-localhost-8080-codex-text-link/outputs/SpatialTowerDefensePICO/Library/Bee/PlayerScriptAssemblies/UnityEngine.UI.dll --print-command-line --enable-analytics --allowed-assembly=/Applications/Unity/Hub/Editor/6000.5.5f1/Unity.app/Contents/Resources/Scripting/BCLExtensions/runtime/netstandard2.1/Microsoft.Bcl.AsyncInterfaces.dll --allowed-assembly=/Applications/Unity/Hub/Editor/6000.5.5f1/Unity.app/Contents/Resources/Scripting/BCLExtensions/runtime/netstandard2.1/Microsoft.Extensions.DependencyInjection.Abstractions.dll --allowed-assembly=/Applications/Unity/Hub/Editor/6000.5.5f1/Unity.app/Contents/Resources/Scripting/BCLExtensions/runtime/netstandard2.1/Microsoft.Extensions.Logging.Abstractions.dll --allowed-assembly=/Applications/Unity/Hub/Editor/6000.5.5f1/Unity.app/Contents/Resources/Scripting/BCLExtensions/runtime/netstandard2.1/System.Collections.Immutable.dll --allowed-assembly=/Applications/Unity/Hub/Editor/6000.5.5f1/Unity.app/Contents/Resources/Scripting/BCLExtensions/runtime/netstandard2.1/System.Diagnostics.DiagnosticSource.dll --allowed-assembly=/Applications/Unity/Hub/Editor/6000.5.5f1/Unity.app/Contents/Resources/Scripting/BCLExtensions/runtime/netstandard2.1/System.IO.Hashing.dll --allowed-assembly=/Applications/Unity/Hub/Editor/6000.5.5f1/Unity.app/Contents/Resources/Scripting/BCLExtensions/runtime/netstandard2.1/System.Reflection.Metadata.dll --allowed-assembly=/Applications/Unity/Hub/Editor/6000.5.5f1/Unity.app/Contents/Resources/Scripting/BCLExtensions/runtime/netstandard2.1/System.Runtime.CompilerServices.Unsafe.dll --allowed-assembly=/Applications/Unity/Hub/Editor/6000.5.5f1/Unity.app/Contents/Resources/Scripting/BCLExtensions/runtime/netstandard2.1/System.Text.Encodings.Web.dll --allowed-assembly=/Applications/Unity/Hub/Editor/6000.5.5f1/Unity.app/Contents/Resources/Scripting/BCLExtensions/runtime/netstandard2.1/System.Text.Json.dll --allowed-assembly=/Applications/Unity/Hub/Editor/6000.5.5f1/Unity.app/Contents/Resources/Scripting/MonoBleedingEdge/lib/mono/unityaot-linux/Accessibility.dll --allowed-assembly=/Applications/Unity/Hub/Editor/6000.5.5f1/Unity.app/Contents/Resources/Scripting/MonoBleedingEdge/lib/mono/unityaot-linux/I18N.CJK.dll --allowed-assembly=/Applications/Unity/Hub/Editor/6000.5.5f1/Unity.app/Contents/Resources/Scripting/MonoBleedingEdge/lib/mono/unityaot-linux/I18N.MidEast.dll --allowed-assembly=/Applications/Unity/Hub/Editor/6000.5.5f1/Unity.app/Contents/Resources/Scripting/MonoBleedingEdge/lib/mono/unityaot-linux/I18N.Other.dll --allowed-assembly=/Applications/Unity/Hub/Editor/6000.5.5f1/Unity.app/Contents/Resources/Scripting/MonoBleedingEdge/lib/mono/unityaot-linux/I18N.Rare.dll --allowed-assembly=/Applications/Unity/Hub/Editor/6000.5.5f1/Unity.app/Contents/Resources/Scripting/MonoBleedingEdge/lib/mono/unityaot-linux/I18N.West.dll --allowed-assembly=/Applications/Unity/Hub/Editor/6000.5.5f1/Unity.app/Contents/Resources/Scripting/MonoBleedingEdge/lib/mono/unityaot-linux/I18N.dll --allowed-assembly=/Applications/Unity/Hub/Editor/6000.5.5f1/Unity.app/Contents/Resources/Scripting/MonoBleedingEdge/lib/mono/unityaot-linux/Microsoft.CSharp.dll --allowed-assembly=/Applications/Unity/Hub/Editor/6000.5.5f1/Unity.app/Contents/Resources/Scripting/MonoBleedingEdge/lib/mono/unityaot-linux/Mono.Data.Sqlite.dll --allowed-assembly=/Applications/Unity/Hub/Editor/6000.5.5f1/Unity.app/Contents/Resources/Scripting/MonoBleedingEdge/lib/mono/unityaot-linux/Mono.Data.Tds.dll --allowed-assembly=/Applications/Unity/Hub/Editor/6000.5.5f1/Unity.app/Contents/Resources/Scripting/MonoBleedingEdge/lib/mono/unityaot-linux/Mono.Security.dll --allowed-assembly=/Applications/Unity/Hub/Editor/6000.5.5f1/Unity.app/Contents/Resources/Scripting/MonoBleedingEdge/lib/mono/unityaot-linux/System.ComponentModel.Composition.dll --allowed-assembly=/Applications/Unity/Hub/Editor/6000.5.5f1/Unity.app/Contents/Resources/Scripting/MonoBleedingEdge/lib/mono/unityaot-linux/System.ComponentModel.DataAnnotations.dll --allowed-assembly=/Applications/Unity/Hub/Editor/6000.5.5f1/Unity.app/Contents/Resources/Scripting/MonoBleedingEdge/lib/mono/unityaot-linux/System.Configuration.Install.dll --allowed-assembly=/Applications/Unity/Hub/Editor/6000.5.5f1/Unity.app/Contents/Resources/Scripting/MonoBleedingEdge/lib/mono/unityaot-linux/System.Configuration.dll --allowed-assembly=/Applications/Unity/Hub/Editor/6000.5.5f1/Unity.app/Contents/Resources/Scripting/MonoBleedingEdge/lib/mono/unityaot-linux/System.Core.dll --allowed-assembly=/Applications/Unity/Hub/Editor/6000.5.5f1/Unity.app/Contents/Resources/Scripting/MonoBleedingEdge/lib/mono/unityaot-linux/System.Data.DataSetExtensions.dll --allowed-assembly=/Applications/Unity/Hub/Editor/6000.5.5f1/Unity.app/Contents/Resources/Scripting/MonoBleedingEdge/lib/mono/unityaot-linux/System.Data.Entity.dll --allowed-assembly=/Applications/Unity/Hub/Editor/6000.5.5f1/Unity.app/Contents/Resources/Scripting/MonoBleedingEdge/lib/mono/unityaot-linux/System.Data.Linq.dll --allowed-assembly=/Applications/Unity/Hub/Editor/6000.5.5f1/Unity.app/Contents/Resources/Scripting/MonoBleedingEdge/lib/mono/unityaot-linux/System.Data.OracleClient.dll --allowed-assembly=/Applications/Unity/Hub/Editor/6000.5.5f1/Unity.app/Contents/Resources/Scripting/MonoBleedingEdge/lib/mono/unityaot-linux/System.Data.Services.Client.dll --allowed-assembly=/Applications/Unity/Hub/Editor/6000.5.5f1/Unity.app/Contents/Resources/Scripting/MonoBleedingEdge/lib/mono/unityaot-linux/System.Data.Services.dll --allowed-assembly=/Applications/Unity/Hub/Editor/6000.5.5f1/Unity.app/Contents/Resources/Scripting/MonoBleedingEdge/lib/mono/unityaot-linux/System.Data.dll --allowed-assembly=/Applications/Unity/Hub/Editor/6000.5.5f1/Unity.app/Contents/Resources/Scripting/MonoBleedingEdge/lib/mono/unityaot-linux/System.Design.dll --allowed-assembly=/Applications/Unity/Hub/Editor/6000.5.5f1/Unity.app/Contents/Resources/Scripting/MonoBleedingEdge/lib/mono/unityaot-linux/System.DirectoryServices.Protocols.dll --allowed-assembly=/Applications/Unity/Hub/Editor/6000.5.5f1/Unity.app/Contents/Resources/Scripting/MonoBleedingEdge/lib/mono/unityaot-linux/System.DirectoryServices.dll --allowed-assembly=/Applications/Unity/Hub/Editor/6000.5.5f1/Unity.app/Contents/Resources/Scripting/MonoBleedingEdge/lib/mono/unityaot-linux/System.Drawing.Design.dll --allowed-assembly=/Applications/Unity/Hub/Editor/6000.5.5f1/Unity.app/Contents/Resources/Scripting/MonoBleedingEdge/lib/mono/unityaot-linux/System.Drawing.dll --allowed-assembly=/Applications/Unity/Hub/Editor/6000.5.5f1/Unity.app/Contents/Resources/Scripting/MonoBleedingEdge/lib/mono/unityaot-linux/System.EnterpriseServices.dll --allowed-assembly=/Applications/Unity/Hub/Editor/6000.5.5f1/Unity.app/Contents/Resources/Scripting/MonoBleedingEdge/lib/mono/unityaot-linux/System.IO.Compression.FileSystem.dll --allowed-assembly=/Applications/Unity/Hub/Editor/6000.5.5f1/Unity.app/Contents/Resources/Scripting/MonoBleedingEdge/lib/mono/unityaot-linux/System.IO.Compression.dll --allowed-assembly=/Applications/Unity/Hub/Editor/6000.5.5f1/Unity.app/Contents/Resources/Scripting/MonoBleedingEdge/lib/mono/unityaot-linux/System.IdentityModel.Selectors.dll --allowed-assembly=/Applications/Unity/Hub/Editor/6000.5.5f1/Unity.app/Contents/Resources/Scripting/MonoBleedingEdge/lib/mono/unityaot-linux/System.IdentityModel.dll --allowed-assembly=/Applications/Unity/Hub/Editor/6000.5.5f1/Unity.app/Contents/Resources/Scripting/MonoBleedingEdge/lib/mono/unityaot-linux/System.Json.dll --allowed-assembly=/Applications/Unity/Hub/Editor/6000.5.5f1/Unity.app/Contents/Resources/Scripting/MonoBleedingEdge/lib/mono/unityaot-linux/System.Management.dll --allowed-assembly=/Applications/Unity/Hub/Editor/6000.5.5f1/Unity.app/Contents/Resources/Scripting/MonoBleedingEdge/lib/mono/unityaot-linux/System.Messaging.dll --allowed-assembly=/Applications/Unity/Hub/Editor/6000.5.5f1/Unity.app/Contents/Resources/Scripting/MonoBleedingEdge/lib/mono/unityaot-linux/System.Net.Http.WebRequest.dll --allowed-assembly=/Applications/Unity/Hub/Editor/6000.5.5f1/Unity.app/Contents/Resources/Scripting/MonoBleedingEdge/lib/mono/unityaot-linux/System.Net.Http.dll --allowed-assembly=/Applications/Unity/Hub/Editor/6000.5.5f1/Unity.app/Contents/Resources/Scripting/MonoBleedingEdge/lib/mono/unityaot-linux/System.Net.dll --allowed-assembly=/Applications/Unity/Hub/Editor/6000.5.5f1/Unity.app/Contents/Resources/Scripting/MonoBleedingEdge/lib/mono/unityaot-linux/System.Numerics.Vectors.dll --allowed-assembly=/Applications/Unity/Hub/Editor/6000.5.5f1/Unity.app/Contents/Resources/Scripting/MonoBleedingEdge/lib/mono/unityaot-linux/System.Numerics.dll --allowed-assembly=/Applications/Unity/Hub/Editor/6000.5.5f1/Unity.app/Contents/Resources/Scripting/MonoBleedingEdge/lib/mono/unityaot-linux/System.Reflection.Context.dll --allowed-assembly=/Applications/Unity/Hub/Editor/6000.5.5f1/Unity.app/Contents/Resources/Scripting/MonoBleedingEdge/lib/mono/unityaot-linux/System.Runtime.Caching.dll --allowed-assembly=/Applications/Unity/Hub/Editor/6000.5.5f1/Unity.app/Contents/Resources/Scripting/MonoBleedingEdge/lib/mono/unityaot-linux/System.Runtime.DurableInstancing.dll --allowed-assembly=/Applications/Unity/Hub/Editor/6000.5.5f1/Unity.app/Contents/Resources/Scripting/MonoBleedingEdge/lib/mono/unityaot-linux/System.Runtime.Remoting.dll --allowed-assembly=/Applications/Unity/Hub/Editor/6000.5.5f1/Unity.app/Contents/Resources/Scripting/MonoBleedingEdge/lib/mono/unityaot-linux/System.Runtime.Serialization.Formatters.Soap.dll --allowed-assembly=/Applications/Unity/Hub/Editor/6000.5.5f1/Unity.app/Contents/Resources/Scripting/MonoBleedingEdge/lib/mono/unityaot-linux/System.Runtime.Serialization.dll --allowed-assembly=/Applications/Unity/Hub/Editor/6000.5.5f1/Unity.app/Contents/Resources/Scripting/MonoBleedingEdge/lib/mono/unityaot-linux/System.Security.dll --allowed-assembly=/Applications/Unity/Hub/Editor/6000.5.5f1/Unity.app/Contents/Resources/Scripting/MonoBleedingEdge/lib/mono/unityaot-linux/System.ServiceModel.Activation.dll --allowed-assembly=/Applications/Unity/Hub/Editor/6000.5.5f1/Unity.app/Contents/Resources/Scripting/MonoBleedingEdge/lib/mono/unityaot-linux/System.ServiceModel.Discovery.dll --allowed-assembly=/Applications/Unity/Hub/Editor/6000.5.5f1/Unity.app/Contents/Resources/Scripting/MonoBleedingEdge/lib/mono/unityaot-linux/System.ServiceModel.Internals.dll --allowed-assembly=/Applications/Unity/Hub/Editor/6000.5.5f1/Unity.app/Contents/Resources/Scripting/MonoBleedingEdge/lib/mono/unityaot-linux/System.ServiceModel.Routing.dll --allowed-assembly=/Applications/Unity/Hub/Editor/6000.5.5f1/Unity.app/Contents/Resources/Scripting/MonoBleedingEdge/lib/mono/unityaot-linux/System.ServiceModel.Web.dll --allowed-assembly=/Applications/Unity/Hub/Editor/6000.5.5f1/Unity.app/Contents/Resources/Scripting/MonoBleedingEdge/lib/mono/unityaot-linux/System.ServiceModel.dll --allowed-assembly=/Applications/Unity/Hub/Editor/6000.5.5f1/Unity.app/Contents/Resources/Scripting/MonoBleedingEdge/lib/mono/unityaot-linux/System.ServiceProcess.dll --allowed-assembly=/Applications/Unity/Hub/Editor/6000.5.5f1/Unity.app/Contents/Resources/Scripting/MonoBleedingEdge/lib/mono/unityaot-linux/System.Transactions.dll --allowed-assembly=/Applications/Unity/Hub/Editor/6000.5.5f1/Unity.app/Contents/Resources/Scripting/MonoBleedingEdge/lib/mono/unityaot-linux/System.Web.ApplicationServices.dll --allowed-assembly=/Applications/Unity/Hub/Editor/6000.5.5f1/Unity.app/Contents/Resources/Scripting/MonoBleedingEdge/lib/mono/unityaot-linux/System.Web.DynamicData.dll --allowed-assembly=/Applications/Unity/Hub/Editor/6000.5.5f1/Unity.app/Contents/Resources/Scripting/MonoBleedingEdge/lib/mono/unityaot-linux/System.Web.Extensions.Design.dll --allowed-assembly=/Applications/Unity/Hub/Editor/6000.5.5f1/Unity.app/Contents/Resources/Scripting/MonoBleedingEdge/lib/mono/unityaot-linux/System.Web.Extensions.dll --allowed-assembly=/Applications/Unity/Hub/Editor/6000.5.5f1/Unity.app/Contents/Resources/Scripting/MonoBleedingEdge/lib/mono/unityaot-linux/System.Web.RegularExpressions.dll --allowed-assembly=/Applications/Unity/Hub/Editor/6000.5.5f1/Unity.app/Contents/Resources/Scripting/MonoBleedingEdge/lib/mono/unityaot-linux/System.Web.Services.dll --allowed-assembly=/Applications/Unity/Hub/Editor/6000.5.5f1/Unity.app/Contents/Resources/Scripting/MonoBleedingEdge/lib/mono/unityaot-linux/System.Web.dll --allowed-assembly=/Applications/Unity/Hub/Editor/6000.5.5f1/Unity.app/Contents/Resources/Scripting/MonoBleedingEdge/lib/mono/unityaot-linux/System.Windows.Forms.DataVisualization.dll --allowed-assembly=/Applications/Unity/Hub/Editor/6000.5.5f1/Unity.app/Contents/Resources/Scripting/MonoBleedingEdge/lib/mono/unityaot-linux/System.Windows.Forms.dll --allowed-assembly=/Applications/Unity/Hub/Editor/6000.5.5f1/Unity.app/Contents/Resources/Scripting/MonoBleedingEdge/lib/mono/unityaot-linux/System.Windows.dll --allowed-assembly=/Applications/Unity/Hub/Editor/6000.5.5f1/Unity.app/Contents/Resources/Scripting/MonoBleedingEdge/lib/mono/unityaot-linux/System.Xaml.dll --allowed-assembly=/Applications/Unity/Hub/Editor/6000.5.5f1/Unity.app/Contents/Resources/Scripting/MonoBleedingEdge/lib/mono/unityaot-linux/System.Xml.Linq.dll --allowed-assembly=/Applications/Unity/Hub/Editor/6000.5.5f1/Unity.app/Contents/Resources/Scripting/MonoBleedingEdge/lib/mono/unityaot-linux/System.Xml.Serialization.dll --allowed-assembly=/Applications/Unity/Hub/Editor/6000.5.5f1/Unity.app/Contents/Resources/Scripting/MonoBleedingEdge/lib/mono/unityaot-linux/System.Xml.dll --allowed-assembly=/Applications/Unity/Hub/Editor/6000.5.5f1/Unity.app/Contents/Resources/Scripting/MonoBleedingEdge/lib/mono/unityaot-linux/System.dll --allowed-assembly=/Applications/Unity/Hub/Editor/6000.5.5f1/Unity.app/Contents/Resources/Scripting/MonoBleedingEdge/lib/mono/unityaot-linux/mscorlib.dll --allowed-assembly=/Applications/Unity/Hub/Editor/6000.5.5f1/Unity.app/Contents/Resources/Scripting/MonoBleedingEdge/lib/mono/unityaot-linux/Facades/Microsoft.Win32.Primitives.dll --allowed-assembly=/Applications/Unity/Hub/Editor/6000.5.5f1/Unity.app/Contents/Resources/Scripting/MonoBleedingEdge/lib/mono/unityaot-linux/Facades/Microsoft.Win32.Registry.AccessControl.dll --allowed-assembly=/Applications/Unity/Hub/Editor/6000.5.5f1/Unity.app/Contents/Resources/Scripting/MonoBleedingEdge/lib/mono/unityaot-linux/Facades/Microsoft.Win32.Registry.dll --allowed-assembly=/Applications/Unity/Hub/Editor/6000.5.5f1/Unity.app/Contents/Resources/Scripting/MonoBleedingEdge/lib/mono/unityaot-linux/Facades/System.AppContext.dll --allowed-assembly=/Applications/Unity/Hub/Editor/6000.5.5f1/Unity.app/Contents/Resources/Scripting/MonoBleedingEdge/lib/mono/unityaot-linux/Facades/System.Buffers.dll --allowed-assembly=/Applications/Unity/Hub/Editor/6000.5.5f1/Unity.app/Contents/Resources/Scripting/MonoBleedingEdge/lib/mono/unityaot-linux/Facades/System.Collections.Concurrent.dll --allowed-assembly=/Applications/Unity/Hub/Editor/6000.5.5f1/Unity.app/Contents/Resources/Scripting/MonoBleedingEdge/lib/mono/unityaot-linux/Facades/System.Collections.NonGeneric.dll --allowed-assembly=/Applications/Unity/Hub/Editor/6000.5.5f1/Unity.app/Contents/Resources/Scripting/MonoBleedingEdge/lib/mono/unityaot-linux/Facades/System.Collections.Specialized.dll --allowed-assembly=/Applications/Unity/Hub/Editor/6000.5.5f1/Unity.app/Contents/Resources/Scripting/MonoBleedingEdge/lib/mono/unityaot-linux/Facades/System.Collections.dll --allowed-assembly=/Applications/Unity/Hub/Editor/6000.5.5f1/Unity.app/Contents/Resources/Scripting/MonoBleedingEdge/lib/mono/unityaot-linux/Facades/System.ComponentModel.Annotations.dll --allowed-assembly=/Applications/Unity/Hub/Editor/6000.5.5f1/Unity.app/Contents/Resources/Scripting/MonoBleedingEdge/lib/mono/unityaot-linux/Facades/System.ComponentModel.EventBasedAsync.dll --allowed-assembly=/Applications/Unity/Hub/Editor/6000.5.5f1/Unity.app/Contents/Resources/Scripting/MonoBleedingEdge/lib/mono/unityaot-linux/Facades/System.ComponentModel.Primitives.dll --allowed-assembly=/Applications/Unity/Hub/Editor/6000.5.5f1/Unity.app/Contents/Resources/Scripting/MonoBleedingEdge/lib/mono/unityaot-linux/Facades/System.ComponentModel.TypeConverter.dll --allowed-assembly=/Applications/Unity/Hub/Editor/6000.5.5f1/Unity.app/Contents/Resources/Scripting/MonoBleedingEdge/lib/mono/unityaot-linux/Facades/System.ComponentModel.dll --allowed-assembly=/Applications/Unity/Hub/Editor/6000.5.5f1/Unity.app/Contents/Resources/Scripting/MonoBleedingEdge/lib/mono/unityaot-linux/Facades/System.Console.dll --allowed-assembly=/Applications/Unity/Hub/Editor/6000.5.5f1/Unity.app/Contents/Resources/Scripting/MonoBleedingEdge/lib/mono/unityaot-linux/Facades/System.Data.Common.dll --allowed-assembly=/Applications/Unity/Hub/Editor/6000.5.5f1/Unity.app/Contents/Resources/Scripting/MonoBleedingEdge/lib/mono/unityaot-linux/Facades/System.Data.SqlClient.dll --allowed-assembly=/Applications/Unity/Hub/Editor/6000.5.5f1/Unity.app/Contents/Resources/Scripting/MonoBleedingEdge/lib/mono/unityaot-linux/Facades/System.Diagnostics.Contracts.dll --allowed-assembly=/Applications/Unity/Hub/Editor/6000.5.5f1/Unity.app/Contents/Resources/Scripting/MonoBleedingEdge/lib/mono/unityaot-linux/Facades/System.Diagnostics.Debug.dll --allowed-assembly=/Applications/Unity/Hub/Editor/6000.5.5f1/Unity.app/Contents/Resources/Scripting/MonoBleedingEdge/lib/mono/unityaot-linux/Facades/System.Diagnostics.FileVersionInfo.dll --allowed-assembly=/Applications/Unity/Hub/Editor/6000.5.5f1/Unity.app/Contents/Resources/Scripting/MonoBleedingEdge/lib/mono/unityaot-linux/Facades/System.Diagnostics.Process.dll --allowed-assembly=/Applications/Unity/Hub/Editor/6000.5.5f1/Unity.app/Contents/Resources/Scripting/MonoBleedingEdge/lib/mono/unityaot-linux/Facades/System.Diagnostics.StackTrace.dll --allowed-assembly=/Applications/Unity/Hub/Editor/6000.5.5f1/Unity.app/Contents/Resources/Scripting/MonoBleedingEdge/lib/mono/unityaot-linux/Facades/System.Diagnostics.TextWriterTraceListener.dll --allowed-assembly=/Applications/Unity/Hub/Editor/6000.5.5f1/Unity.app/Contents/Resources/Scripting/MonoBleedingEdge/lib/mono/unityaot-linux/Facades/System.Diagnostics.Tools.dll --allowed-assembly=/Applications/Unity/Hub/Editor/6000.5.5f1/Unity.app/Contents/Resources/Scripting/MonoBleedingEdge/lib/mono/unityaot-linux/Facades/System.Diagnostics.TraceEvent.dll --allowed-assembly=/Applications/Unity/Hub/Editor/6000.5.5f1/Unity.app/Contents/Resources/Scripting/MonoBleedingEdge/lib/mono/unityaot-linux/Facades/System.Diagnostics.TraceSource.dll --allowed-assembly=/Applications/Unity/Hub/Editor/6000.5.5f1/Unity.app/Contents/Resources/Scripting/MonoBleedingEdge/lib/mono/unityaot-linux/Facades/System.Diagnostics.Tracing.dll --allowed-assembly=/Applications/Unity/Hub/Editor/6000.5.5f1/Unity.app/Contents/Resources/Scripting/MonoBleedingEdge/lib/mono/unityaot-linux/Facades/System.Drawing.Primitives.dll --allowed-assembly=/Applications/Unity/Hub/Editor/6000.5.5f1/Unity.app/Contents/Resources/Scripting/MonoBleedingEdge/lib/mono/unityaot-linux/Facades/System.Dynamic.Runtime.dll --allowed-assembly=/Applications/Unity/Hub/Editor/6000.5.5f1/Unity.app/Contents/Resources/Scripting/MonoBleedingEdge/lib/mono/unityaot-linux/Facades/System.Globalization.Calendars.dll --allowed-assembly=/Applications/Unity/Hub/Editor/6000.5.5f1/Unity.app/Contents/Resources/Scripting/MonoBleedingEdge/lib/mono/unityaot-linux/Facades/System.Globalization.Extensions.dll --allowed-assembly=/Applications/Unity/Hub/Editor/6000.5.5f1/Unity.app/Contents/Resources/Scripting/MonoBleedingEdge/lib/mono/unityaot-linux/Facades/System.Globalization.dll --allowed-assembly=/Applications/Unity/Hub/Editor/6000.5.5f1/Unity.app/Contents/Resources/Scripting/MonoBleedingEdge/lib/mono/unityaot-linux/Facades/System.IO.Compression.ZipFile.dll --allowed-assembly=/Applications/Unity/Hub/Editor/6000.5.5f1/Unity.app/Contents/Resources/Scripting/MonoBleedingEdge/lib/mono/unityaot-linux/Facades/System.IO.FileSystem.AccessControl.dll --allowed-assembly=/Applications/Unity/Hub/Editor/6000.5.5f1/Unity.app/Contents/Resources/Scripting/MonoBleedingEdge/lib/mono/unityaot-linux/Facades/System.IO.FileSystem.DriveInfo.dll --allowed-assembly=/Applications/Unity/Hub/Editor/6000.5.5f1/Unity.app/Contents/Resources/Scripting/MonoBleedingEdge/lib/mono/unityaot-linux/Facades/System.IO.FileSystem.Primitives.dll --allowed-assembly=/Applications/Unity/Hub/Editor/6000.5.5f1/Unity.app/Contents/Resources/Scripting/MonoBleedingEdge/lib/mono/unityaot-linux/Facades/System.IO.FileSystem.Watcher.dll --allowed-assembly=/Applications/Unity/Hub/Editor/6000.5.5f1/Unity.app/Contents/Resources/Scripting/MonoBleedingEdge/lib/mono/unityaot-linux/Facades/System.IO.FileSystem.dll --allowed-assembly=/Applications/Unity/Hub/Editor/6000.5.5f1/Unity.app/Contents/Resources/Scripting/MonoBleedingEdge/lib/mono/unityaot-linux/Facades/System.IO.IsolatedStorage.dll --allowed-assembly=/Applications/Unity/Hub/Editor/6000.5.5f1/Unity.app/Contents/Resources/Scripting/MonoBleedingEdge/lib/mono/unityaot-linux/Facades/System.IO.MemoryMappedFiles.dll --allowed-assembly=/Applications/Unity/Hub/Editor/6000.5.5f1/Unity.app/Contents/Resources/Scripting/MonoBleedingEdge/lib/mono/unityaot-linux/Facades/System.IO.Pipes.dll --allowed-assembly=/Applications/Unity/Hub/Editor/6000.5.5f1/Unity.app/Contents/Resources/Scripting/MonoBleedingEdge/lib/mono/unityaot-linux/Facades/System.IO.UnmanagedMemoryStream.dll --allowed-assembly=/Applications/Unity/Hub/Editor/6000.5.5f1/Unity.app/Contents/Resources/Scripting/MonoBleedingEdge/lib/mono/unityaot-linux/Facades/System.IO.dll --allowed-assembly=/Applications/Unity/Hub/Editor/6000.5.5f1/Unity.app/Contents/Resources/Scripting/MonoBleedingEdge/lib/mono/unityaot-linux/Facades/System.Linq.Expressions.dll --allowed-assembly=/Applications/Unity/Hub/Editor/6000.5.5f1/Unity.app/Contents/Resources/Scripting/MonoBleedingEdge/lib/mono/unityaot-linux/Facades/System.Linq.Parallel.dll --allowed-assembly=/Applications/Unity/Hub/Editor/6000.5.5f1/Unity.app/Contents/Resources/Scripting/MonoBleedingEdge/lib/mono/unityaot-linux/Facades/System.Linq.Queryable.dll --allowed-assembly=/Applications/Unity/Hub/Editor/6000.5.5f1/Unity.app/Contents/Resources/Scripting/MonoBleedingEdge/lib/mono/unityaot-linux/Facades/System.Linq.dll --allowed-assembly=/Applications/Unity/Hub/Editor/6000.5.5f1/Unity.app/Contents/Resources/Scripting/MonoBleedingEdge/lib/mono/unityaot-linux/Facades/System.Memory.dll --allowed-assembly=/Applications/Unity/Hub/Editor/6000.5.5f1/Unity.app/Contents/Resources/Scripting/MonoBleedingEdge/lib/mono/unityaot-linux/Facades/System.Net.AuthenticationManager.dll --allowed-assembly=/Applications/Unity/Hub/Editor/6000.5.5f1/Unity.app/Contents/Resources/Scripting/MonoBleedingEdge/lib/mono/unityaot-linux/Facades/System.Net.Cache.dll --allowed-assembly=/Applications/Unity/Hub/Editor/6000.5.5f1/Unity.app/Contents/Resources/Scripting/MonoBleedingEdge/lib/mono/unityaot-linux/Facades/System.Net.HttpListener.dll --allowed-assembly=/Applications/Unity/Hub/Editor/6000.5.5f1/Unity.app/Contents/Resources/Scripting/MonoBleedingEdge/lib/mono/unityaot-linux/Facades/System.Net.Mail.dll --allowed-assembly=/Applications/Unity/Hub/Editor/6000.5.5f1/Unity.app/Contents/Resources/Scripting/MonoBleedingEdge/lib/mono/unityaot-linux/Facades/System.Net.NameResolution.dll --allowed-assembly=/Applications/Unity/Hub/Editor/6000.5.5f1/Unity.app/Contents/Resources/Scripting/MonoBleedingEdge/lib/mono/unityaot-linux/Facades/System.Net.NetworkInformation.dll --allowed-assembly=/Applications/Unity/Hub/Editor/6000.5.5f1/Unity.app/Contents/Resources/Scripting/MonoBleedingEdge/lib/mono/unityaot-linux/Facades/System.Net.Ping.dll --allowed-assembly=/Applications/Unity/Hub/Editor/6000.5.5f1/Unity.app/Contents/Resources/Scripting/MonoBleedingEdge/lib/mono/unityaot-linux/Facades/System.Net.Primitives.dll --allowed-assembly=/Applications/Unity/Hub/Editor/6000.5.5f1/Unity.app/Contents/Resources/Scripting/MonoBleedingEdge/lib/mono/unityaot-linux/Facades/System.Net.Requests.dll --allowed-assembly=/Applications/Unity/Hub/Editor/6000.5.5f1/Unity.app/Contents/Resources/Scripting/MonoBleedingEdge/lib/mono/unityaot-linux/Facades/System.Net.Security.dll --allowed-assembly=/Applications/Unity/Hub/Editor/6000.5.5f1/Unity.app/Contents/Resources/Scripting/MonoBleedingEdge/lib/mono/unityaot-linux/Facades/System.Net.ServicePoint.dll --allowed-assembly=/Applications/Unity/Hub/Editor/6000.5.5f1/Unity.app/Contents/Resources/Scripting/MonoBleedingEdge/lib/mono/unityaot-linux/Facades/System.Net.Sockets.dll --allowed-assembly=/Applications/Unity/Hub/Editor/6000.5.5f1/Unity.app/Contents/Resources/Scripting/MonoBleedingEdge/lib/mono/unityaot-linux/Facades/System.Net.Utilities.dll --allowed-assembly=/Applications/Unity/Hub/Editor/6000.5.5f1/Unity.app/Contents/Resources/Scripting/MonoBleedingEdge/lib/mono/unityaot-linux/Facades/System.Net.WebHeaderCollection.dll --allowed-assembly=/Applications/Unity/Hub/Editor/6000.5.5f1/Unity.app/Contents/Resources/Scripting/MonoBleedingEdge/lib/mono/unityaot-linux/Facades/System.Net.WebSockets.Client.dll --allowed-assembly=/Applications/Unity/Hub/Editor/6000.5.5f1/Unity.app/Contents/Resources/Scripting/MonoBleedingEdge/lib/mono/unityaot-linux/Facades/System.Net.WebSockets.dll --allowed-assembly=/Applications/Unity/Hub/Editor/6000.5.5f1/Unity.app/Contents/Resources/Scripting/MonoBleedingEdge/lib/mono/unityaot-linux/Facades/System.ObjectModel.dll --allowed-assembly=/Applications/Unity/Hub/Editor/6000.5.5f1/Unity.app/Contents/Resources/Scripting/MonoBleedingEdge/lib/mono/unityaot-linux/Facades/System.Reflection.DispatchProxy.dll --allowed-assembly=/Applications/Unity/Hub/Editor/6000.5.5f1/Unity.app/Contents/Resources/Scripting/MonoBleedingEdge/lib/mono/unityaot-linux/Facades/System.Reflection.Emit.ILGeneration.dll --allowed-assembly=/Applications/Unity/Hub/Editor/6000.5.5f1/Unity.app/Contents/Resources/Scripting/MonoBleedingEdge/lib/mono/unityaot-linux/Facades/System.Reflection.Emit.Lightweight.dll --allowed-assembly=/Applications/Unity/Hub/Editor/6000.5.5f1/Unity.app/Contents/Resources/Scripting/MonoBleedingEdge/lib/mono/unityaot-linux/Facades/System.Reflection.Emit.dll --allowed-assembly=/Applications/Unity/Hub/Editor/6000.5.5f1/Unity.app/Contents/Resources/Scripting/MonoBleedingEdge/lib/mono/unityaot-linux/Facades/System.Reflection.Extensions.dll --allowed-assembly=/Applications/Unity/Hub/Editor/6000.5.5f1/Unity.app/Contents/Resources/Scripting/MonoBleedingEdge/lib/mono/unityaot-linux/Facades/System.Reflection.Primitives.dll --allowed-assembly=/Applications/Unity/Hub/Editor/6000.5.5f1/Unity.app/Contents/Resources/Scripting/MonoBleedingEdge/lib/mono/unityaot-linux/Facades/System.Reflection.TypeExtensions.dll --allowed-assembly=/Applications/Unity/Hub/Editor/6000.5.5f1/Unity.app/Contents/Resources/Scripting/MonoBleedingEdge/lib/mono/unityaot-linux/Facades/System.Reflection.dll --allowed-assembly=/Applications/Unity/Hub/Editor/6000.5.5f1/Unity.app/Contents/Resources/Scripting/MonoBleedingEdge/lib/mono/unityaot-linux/Facades/System.Resources.Reader.dll --allowed-assembly=/Applications/Unity/Hub/Editor/6000.5.5f1/Unity.app/Contents/Resources/Scripting/MonoBleedingEdge/lib/mono/unityaot-linux/Facades/System.Resources.ReaderWriter.dll --allowed-assembly=/Applications/Unity/Hub/Editor/6000.5.5f1/Unity.app/Contents/Resources/Scripting/MonoBleedingEdge/lib/mono/unityaot-linux/Facades/System.Resources.ResourceManager.dll --allowed-assembly=/Applications/Unity/Hub/Editor/6000.5.5f1/Unity.app/Contents/Resources/Scripting/MonoBleedingEdge/lib/mono/unityaot-linux/Facades/System.Resources.Writer.dll --allowed-assembly=/Applications/Unity/Hub/Editor/6000.5.5f1/Unity.app/Contents/Resources/Scripting/MonoBleedingEdge/lib/mono/unityaot-linux/Facades/System.Runtime.CompilerServices.VisualC.dll --allowed-assembly=/Applications/Unity/Hub/Editor/6000.5.5f1/Unity.app/Contents/Resources/Scripting/MonoBleedingEdge/lib/mono/unityaot-linux/Facades/System.Runtime.Extensions.dll --allowed-assembly=/Applications/Unity/Hub/Editor/6000.5.5f1/Unity.app/Contents/Resources/Scripting/MonoBleedingEdge/lib/mono/unityaot-linux/Facades/System.Runtime.Handles.dll --allowed-assembly=/Applications/Unity/Hub/Editor/6000.5.5f1/Unity.app/Contents/Resources/Scripting/MonoBleedingEdge/lib/mono/unityaot-linux/Facades/System.Runtime.InteropServices.RuntimeInformation.dll --allowed-assembly=/Applications/Unity/Hub/Editor/6000.5.5f1/Unity.app/Contents/Resources/Scripting/MonoBleedingEdge/lib/mono/unityaot-linux/Facades/System.Runtime.InteropServices.WindowsRuntime.dll --allowed-assembly=/Applications/Unity/Hub/Editor/6000.5.5f1/Unity.app/Contents/Resources/Scripting/MonoBleedingEdge/lib/mono/unityaot-linux/Facades/System.Runtime.InteropServices.dll --allowed-assembly=/Applications/Unity/Hub/Editor/6000.5.5f1/Unity.app/Contents/Resources/Scripting/MonoBleedingEdge/lib/mono/unityaot-linux/Facades/System.Runtime.Loader.dll --allowed-assembly=/Applications/Unity/Hub/Editor/6000.5.5f1/Unity.app/Contents/Resources/Scripting/MonoBleedingEdge/lib/mono/unityaot-linux/Facades/System.Runtime.Numerics.dll --allowed-assembly=/Applications/Unity/Hub/Editor/6000.5.5f1/Unity.app/Contents/Resources/Scripting/MonoBleedingEdge/lib/mono/unityaot-linux/Facades/System.Runtime.Serialization.Formatters.dll --allowed-assembly=/Applications/Unity/Hub/Editor/6000.5.5f1/Unity.app/Contents/Resources/Scripting/MonoBleedingEdge/lib/mono/unityaot-linux/Facades/System.Runtime.Serialization.Json.dll --allowed-assembly=/Applications/Unity/Hub/Editor/6000.5.5f1/Unity.app/Contents/Resources/Scripting/MonoBleedingEdge/lib/mono/unityaot-linux/Facades/System.Runtime.Serialization.Primitives.dll --allowed-assembly=/Applications/Unity/Hub/Editor/6000.5.5f1/Unity.app/Contents/Resources/Scripting/MonoBleedingEdge/lib/mono/unityaot-linux/Facades/System.Runtime.Serialization.Xml.dll --allowed-assembly=/Applications/Unity/Hub/Editor/6000.5.5f1/Unity.app/Contents/Resources/Scripting/MonoBleedingEdge/lib/mono/unityaot-linux/Facades/System.Runtime.dll --allowed-assembly=/Applications/Unity/Hub/Editor/6000.5.5f1/Unity.app/Contents/Resources/Scripting/MonoBleedingEdge/lib/mono/unityaot-linux/Facades/System.Security.AccessControl.dll --allowed-assembly=/Applications/Unity/Hub/Editor/6000.5.5f1/Unity.app/Contents/Resources/Scripting/MonoBleedingEdge/lib/mono/unityaot-linux/Facades/System.Security.Claims.dll --allowed-assembly=/Applications/Unity/Hub/Editor/6000.5.5f1/Unity.app/Contents/Resources/Scripting/MonoBleedingEdge/lib/mono/unityaot-linux/Facades/System.Security.Cryptography.Algorithms.dll --allowed-assembly=/Applications/Unity/Hub/Editor/6000.5.5f1/Unity.app/Contents/Resources/Scripting/MonoBleedingEdge/lib/mono/unityaot-linux/Facades/System.Security.Cryptography.Cng.dll --allowed-assembly=/Applications/Unity/Hub/Editor/6000.5.5f1/Unity.app/Contents/Resources/Scripting/MonoBleedingEdge/lib/mono/unityaot-linux/Facades/System.Security.Cryptography.Csp.dll --allowed-assembly=/Applications/Unity/Hub/Editor/6000.5.5f1/Unity.app/Contents/Resources/Scripting/MonoBleedingEdge/lib/mono/unityaot-linux/Facades/System.Security.Cryptography.DeriveBytes.dll --allowed-assembly=/Applications/Unity/Hub/Editor/6000.5.5f1/Unity.app/Contents/Resources/Scripting/MonoBleedingEdge/lib/mono/unityaot-linux/Facades/System.Security.Cryptography.Encoding.dll --allowed-assembly=/Applications/Unity/Hub/Editor/6000.5.5f1/Unity.app/Contents/Resources/Scripting/MonoBleedingEdge/lib/mono/unityaot-linux/Facades/System.Security.Cryptography.Encryption.Aes.dll --allowed-assembly=/Applications/Unity/Hub/Editor/6000.5.5f1/Unity.app/Contents/Resources/Scripting/MonoBleedingEdge/lib/mono/unityaot-linux/Facades/System.Security.Cryptography.Encryption.ECDiffieHellman.dll --allowed-assembly=/Applications/Unity/Hub/Editor/6000.5.5f1/Unity.app/Contents/Resources/Scripting/MonoBleedingEdge/lib/mono/unityaot-linux/Facades/System.Security.Cryptography.Encryption.ECDsa.dll --allowed-assembly=/Applications/Unity/Hub/Editor/6000.5.5f1/Unity.app/Contents/Resources/Scripting/MonoBleedingEdge/lib/mono/unityaot-linux/Facades/System.Security.Cryptography.Encryption.dll --allowed-assembly=/Applications/Unity/Hub/Editor/6000.5.5f1/Unity.app/Contents/Resources/Scripting/MonoBleedingEdge/lib/mono/unityaot-linux/Facades/System.Security.Cryptography.Hashing.Algorithms.dll --allowed-assembly=/Applications/Unity/Hub/Editor/6000.5.5f1/Unity.app/Contents/Resources/Scripting/MonoBleedingEdge/lib/mono/unityaot-linux/Facades/System.Security.Cryptography.Hashing.dll --allowed-assembly=/Applications/Unity/Hub/Editor/6000.5.5f1/Unity.app/Contents/Resources/Scripting/MonoBleedingEdge/lib/mono/unityaot-linux/Facades/System.Security.Cryptography.OpenSsl.dll --allowed-assembly=/Applications/Unity/Hub/Editor/6000.5.5f1/Unity.app/Contents/Resources/Scripting/MonoBleedingEdge/lib/mono/unityaot-linux/Facades/System.Security.Cryptography.Pkcs.dll --allowed-assembly=/Applications/Unity/Hub/Editor/6000.5.5f1/Unity.app/Contents/Resources/Scripting/MonoBleedingEdge/lib/mono/unityaot-linux/Facades/System.Security.Cryptography.Primitives.dll --allowed-assembly=/Applications/Unity/Hub/Editor/6000.5.5f1/Unity.app/Contents/Resources/Scripting/MonoBleedingEdge/lib/mono/unityaot-linux/Facades/System.Security.Cryptography.ProtectedData.dll --allowed-assembly=/Applications/Unity/Hub/Editor/6000.5.5f1/Unity.app/Contents/Resources/Scripting/MonoBleedingEdge/lib/mono/unityaot-linux/Facades/System.Security.Cryptography.RSA.dll --allowed-assembly=/Applications/Unity/Hub/Editor/6000.5.5f1/Unity.app/Contents/Resources/Scripting/MonoBleedingEdge/lib/mono/unityaot-linux/Facades/System.Security.Cryptography.RandomNumberGenerator.dll --allowed-assembly=/Applications/Unity/Hub/Editor/6000.5.5f1/Unity.app/Contents/Resources/Scripting/MonoBleedingEdge/lib/mono/unityaot-linux/Facades/System.Security.Cryptography.X509Certificates.dll --allowed-assembly=/Applications/Unity/Hub/Editor/6000.5.5f1/Unity.app/Contents/Resources/Scripting/MonoBleedingEdge/lib/mono/unityaot-linux/Facades/System.Security.Principal.Windows.dll --allowed-assembly=/Applications/Unity/Hub/Editor/6000.5.5f1/Unity.app/Contents/Resources/Scripting/MonoBleedingEdge/lib/mono/unityaot-linux/Facades/System.Security.Principal.dll --allowed-assembly=/Applications/Unity/Hub/Editor/6000.5.5f1/Unity.app/Contents/Resources/Scripting/MonoBleedingEdge/lib/mono/unityaot-linux/Facades/System.Security.SecureString.dll --allowed-assembly=/Applications/Unity/Hub/Editor/6000.5.5f1/Unity.app/Contents/Resources/Scripting/MonoBleedingEdge/lib/mono/unityaot-linux/Facades/System.ServiceModel.Duplex.dll --allowed-assembly=/Applications/Unity/Hub/Editor/6000.5.5f1/Unity.app/Contents/Resources/Scripting/MonoBleedingEdge/lib/mono/unityaot-linux/Facades/System.ServiceModel.Http.dll --allowed-assembly=/Applications/Unity/Hub/Editor/6000.5.5f1/Unity.app/Contents/Resources/Scripting/MonoBleedingEdge/lib/mono/unityaot-linux/Facades/System.ServiceModel.NetTcp.dll --allowed-assembly=/Applications/Unity/Hub/Editor/6000.5.5f1/Unity.app/Contents/Resources/Scripting/MonoBleedingEdge/lib/mono/unityaot-linux/Facades/System.ServiceModel.Primitives.dll --allowed-assembly=/Applications/Unity/Hub/Editor/6000.5.5f1/Unity.app/Contents/Resources/Scripting/MonoBleedingEdge/lib/mono/unityaot-linux/Facades/System.ServiceModel.Security.dll --allowed-assembly=/Applications/Unity/Hub/Editor/6000.5.5f1/Unity.app/Contents/Resources/Scripting/MonoBleedingEdge/lib/mono/unityaot-linux/Facades/System.ServiceProcess.ServiceController.dll --allowed-assembly=/Applications/Unity/Hub/Editor/6000.5.5f1/Unity.app/Contents/Resources/Scripting/MonoBleedingEdge/lib/mono/unityaot-linux/Facades/System.Text.Encoding.CodePages.dll --allowed-assembly=/Applications/Unity/Hub/Editor/6000.5.5f1/Unity.app/Contents/Resources/Scripting/MonoBleedingEdge/lib/mono/unityaot-linux/Facades/System.Text.Encoding.Extensions.dll --allowed-assembly=/Applications/Unity/Hub/Editor/6000.5.5f1/Unity.app/Contents/Resources/Scripting/MonoBleedingEdge/lib/mono/unityaot-linux/Facades/System.Text.Encoding.dll --allowed-assembly=/Applications/Unity/Hub/Editor/6000.5.5f1/Unity.app/Contents/Resources/Scripting/MonoBleedingEdge/lib/mono/unityaot-linux/Facades/System.Text.RegularExpressions.dll --allowed-assembly=/Applications/Unity/Hub/Editor/6000.5.5f1/Unity.app/Contents/Resources/Scripting/MonoBleedingEdge/lib/mono/unityaot-linux/Facades/System.Threading.AccessControl.dll --allowed-assembly=/Applications/Unity/Hub/Editor/6000.5.5f1/Unity.app/Contents/Resources/Scripting/MonoBleedingEdge/lib/mono/unityaot-linux/Facades/System.Threading.Overlapped.dll --allowed-assembly=/Applications/Unity/Hub/Editor/6000.5.5f1/Unity.app/Contents/Resources/Scripting/MonoBleedingEdge/lib/mono/unityaot-linux/Facades/System.Threading.Tasks.Extensions.dll --allowed-assembly=/Applications/Unity/Hub/Editor/6000.5.5f1/Unity.app/Contents/Resources/Scripting/MonoBleedingEdge/lib/mono/unityaot-linux/Facades/System.Threading.Tasks.Parallel.dll --allowed-assembly=/Applications/Unity/Hub/Editor/6000.5.5f1/Unity.app/Contents/Resources/Scripting/MonoBleedingEdge/lib/mono/unityaot-linux/Facades/System.Threading.Tasks.dll --allowed-assembly=/Applications/Unity/Hub/Editor/6000.5.5f1/Unity.app/Contents/Resources/Scripting/MonoBleedingEdge/lib/mono/unityaot-linux/Facades/System.Threading.Thread.dll --allowed-assembly=/Applications/Unity/Hub/Editor/6000.5.5f1/Unity.app/Contents/Resources/Scripting/MonoBleedingEdge/lib/mono/unityaot-linux/Facades/System.Threading.ThreadPool.dll --allowed-assembly=/Applications/Unity/Hub/Editor/6000.5.5f1/Unity.app/Contents/Resources/Scripting/MonoBleedingEdge/lib/mono/unityaot-linux/Facades/System.Threading.Timer.dll --allowed-assembly=/Applications/Unity/Hub/Editor/6000.5.5f1/Unity.app/Contents/Resources/Scripting/MonoBleedingEdge/lib/mono/unityaot-linux/Facades/System.Threading.dll --allowed-assembly=/Applications/Unity/Hub/Editor/6000.5.5f1/Unity.app/Contents/Resources/Scripting/MonoBleedingEdge/lib/mono/unityaot-linux/Facades/System.ValueTuple.dll --allowed-assembly=/Applications/Unity/Hub/Editor/6000.5.5f1/Unity.app/Contents/Resources/Scripting/MonoBleedingEdge/lib/mono/unityaot-linux/Facades/System.Xml.ReaderWriter.dll --allowed-assembly=/Applications/Unity/Hub/Editor/6000.5.5f1/Unity.app/Contents/Resources/Scripting/MonoBleedingEdge/lib/mono/unityaot-linux/Facades/System.Xml.XDocument.dll --allowed-assembly=/Applications/Unity/Hub/Editor/6000.5.5f1/Unity.app/Contents/Resources/Scripting/MonoBleedingEdge/lib/mono/unityaot-linux/Facades/System.Xml.XPath.XDocument.dll --allowed-assembly=/Applications/Unity/Hub/Editor/6000.5.5f1/Unity.app/Contents/Resources/Scripting/MonoBleedingEdge/lib/mono/unityaot-linux/Facades/System.Xml.XPath.XmlDocument.dll --allowed-assembly=/Applications/Unity/Hub/Editor/6000.5.5f1/Unity.app/Contents/Resources/Scripting/MonoBleedingEdge/lib/mono/unityaot-linux/Facades/System.Xml.XPath.dll --allowed-assembly=/Applications/Unity/Hub/Editor/6000.5.5f1/Unity.app/Contents/Resources/Scripting/MonoBleedingEdge/lib/mono/unityaot-linux/Facades/System.Xml.XmlDocument.dll --allowed-assembly=/Applications/Unity/Hub/Editor/6000.5.5f1/Unity.app/Contents/Resources/Scripting/MonoBleedingEdge/lib/mono/unityaot-linux/Facades/System.Xml.XmlSerializer.dll --allowed-assembly=/Applications/Unity/Hub/Editor/6000.5.5f1/Unity.app/Contents/Resources/Scripting/MonoBleedingEdge/lib/mono/unityaot-linux/Facades/System.Xml.Xsl.Primitives.dll --allowed-assembly=/Applications/Unity/Hub/Editor/6000.5.5f1/Unity.app/Contents/Resources/Scripting/MonoBleedingEdge/lib/mono/unityaot-linux/Facades/netstandard.dll --allowed-assembly=/Applications/Unity/Hub/Editor/6000.5.5f1/PlaybackEngines/AndroidPlayer/Variations/il2cpp/Managed/Unity.Scripting.dll --allowed-assembly=/Applications/Unity/Hub/Editor/6000.5.5f1/PlaybackEngines/AndroidPlayer/Variations/il2cpp/Managed/UnityEngine.AIModule.dll --allowed-assembly=/Applications/Unity/Hub/Editor/6000.5.5f1/PlaybackEngines/AndroidPlayer/Variations/il2cpp/Managed/UnityEngine.ARModule.dll --allowed-assembly=/Applications/Unity/Hub/Editor/6000.5.5f1/PlaybackEngines/AndroidPlayer/Variations/il2cpp/Managed/UnityEngine.AccessibilityModule.dll --allowed-assembly=/Applications/Unity/Hub/Editor/6000.5.5f1/PlaybackEngines/AndroidPlayer/Variations/il2cpp/Managed/UnityEngine.AdaptivePerformanceModule.dll --allowed-assembly=/Applications/Unity/Hub/Editor/6000.5.5f1/PlaybackEngines/AndroidPlayer/Variations/il2cpp/Managed/UnityEngine.AndroidJNIModule.dll --allowed-assembly=/Applications/Unity/Hub/Editor/6000.5.5f1/PlaybackEngines/AndroidPlayer/Variations/il2cpp/Managed/UnityEngine.AnimationModule.dll --allowed-assembly=/Applications/Unity/Hub/Editor/6000.5.5f1/PlaybackEngines/AndroidPlayer/Variations/il2cpp/Managed/UnityEngine.AssetBundleModule.dll --allowed-assembly=/Applications/Unity/Hub/Editor/6000.5.5f1/PlaybackEngines/AndroidPlayer/Variations/il2cpp/Managed/UnityEngine.AudioModule.dll --allowed-assembly=/Applications/Unity/Hub/Editor/6000.5.5f1/PlaybackEngines/AndroidPlayer/Variations/il2cpp/Managed/UnityEngine.ClothModule.dll --allowed-assembly=/Applications/Unity/Hub/Editor/6000.5.5f1/PlaybackEngines/AndroidPlayer/Variations/il2cpp/Managed/UnityEngine.ContentLoadModule.dll --allowed-assembly=/Applications/Unity/Hub/Editor/6000.5.5f1/PlaybackEngines/AndroidPlayer/Variations/il2cpp/Managed/UnityEngine.CoreModule.dll --allowed-assembly=/Applications/Unity/Hub/Editor/6000.5.5f1/PlaybackEngines/AndroidPlayer/Variations/il2cpp/Managed/UnityEngine.CrashReportingModule.dll --allowed-assembly=/Applications/Unity/Hub/Editor/6000.5.5f1/PlaybackEngines/AndroidPlayer/Variations/il2cpp/Managed/UnityEngine.DSPGraphModule.dll --allowed-assembly=/Applications/Unity/Hub/Editor/6000.5.5f1/PlaybackEngines/AndroidPlayer/Variations/il2cpp/Managed/UnityEngine.DirectorModule.dll --allowed-assembly=/Applications/Unity/Hub/Editor/6000.5.5f1/PlaybackEngines/AndroidPlayer/Variations/il2cpp/Managed/UnityEngine.GIModule.dll --allowed-assembly=/Applications/Unity/Hub/Editor/6000.5.5f1/PlaybackEngines/AndroidPlayer/Variations/il2cpp/Managed/UnityEngine.GameCenterModule.dll --allowed-assembly=/Applications/Unity/Hub/Editor/6000.5.5f1/PlaybackEngines/AndroidPlayer/Variations/il2cpp/Managed/UnityEngine.GraphicsStateCollectionSerializerModule.dll --allowed-assembly=/Applications/Unity/Hub/Editor/6000.5.5f1/PlaybackEngines/AndroidPlayer/Variations/il2cpp/Managed/UnityEngine.GridModule.dll --allowed-assembly=/Applications/Unity/Hub/Editor/6000.5.5f1/PlaybackEngines/AndroidPlayer/Variations/il2cpp/Managed/UnityEngine.HierarchyCoreModule.dll --allowed-assembly=/Applications/Unity/Hub/Editor/6000.5.5f1/PlaybackEngines/AndroidPlayer/Variations/il2cpp/Managed/UnityEngine.HierarchyModule.dll --allowed-assembly=/Applications/Unity/Hub/Editor/6000.5.5f1/PlaybackEngines/AndroidPlayer/Variations/il2cpp/Managed/UnityEngine.HotReloadModule.dll --allowed-assembly=/Applications/Unity/Hub/Editor/6000.5.5f1/PlaybackEngines/AndroidPlayer/Variations/il2cpp/Managed/UnityEngine.IMGUIModule.dll --allowed-assembly=/Applications/Unity/Hub/Editor/6000.5.5f1/PlaybackEngines/AndroidPlayer/Variations/il2cpp/Managed/UnityEngine.IdentifiersModule.dll --allowed-assembly=/Applications/Unity/Hub/Editor/6000.5.5f1/PlaybackEngines/AndroidPlayer/Variations/il2cpp/Managed/UnityEngine.ImageConversionModule.dll --allowed-assembly=/Applications/Unity/Hub/Editor/6000.5.5f1/PlaybackEngines/AndroidPlayer/Variations/il2cpp/Managed/UnityEngine.InputForUIModule.dll --allowed-assembly=/Applications/Unity/Hub/Editor/6000.5.5f1/PlaybackEngines/AndroidPlayer/Variations/il2cpp/Managed/UnityEngine.InputLegacyModule.dll --allowed-assembly=/Applications/Unity/Hub/Editor/6000.5.5f1/PlaybackEngines/AndroidPlayer/Variations/il2cpp/Managed/UnityEngine.InputModule.dll --allowed-assembly=/Applications/Unity/Hub/Editor/6000.5.5f1/PlaybackEngines/AndroidPlayer/Variations/il2cpp/Managed/UnityEngine.InsightsModule.dll --allowed-assembly=/Applications/Unity/Hub/Editor/6000.5.5f1/PlaybackEngines/AndroidPlayer/Variations/il2cpp/Managed/UnityEngine.JSONSerializeModule.dll --allowed-assembly=/Applications/Unity/Hub/Editor/6000.5.5f1/PlaybackEngines/AndroidPlayer/Variations/il2cpp/Managed/UnityEngine.LocalizationModule.dll --allowed-assembly=/Applications/Unity/Hub/Editor/6000.5.5f1/PlaybackEngines/AndroidPlayer/Variations/il2cpp/Managed/UnityEngine.MarshallingModule.dll --allowed-assembly=/Applications/Unity/Hub/Editor/6000.5.5f1/PlaybackEngines/AndroidPlayer/Variations/il2cpp/Managed/UnityEngine.MathematicsModule.dll --allowed-assembly=/Applications/Unity/Hub/Editor/6000.5.5f1/PlaybackEngines/AndroidPlayer/Variations/il2cpp/Managed/UnityEngine.MultiplayerModule.dll --allowed-assembly=/Applications/Unity/Hub/Editor/6000.5.5f1/PlaybackEngines/AndroidPlayer/Variations/il2cpp/Managed/UnityEngine.ParticleSystemModule.dll --allowed-assembly=/Applications/Unity/Hub/Editor/6000.5.5f1/PlaybackEngines/AndroidPlayer/Variations/il2cpp/Managed/UnityEngine.PerformanceReportingModule.dll --allowed-assembly=/Applications/Unity/Hub/Editor/6000.5.5f1/PlaybackEngines/AndroidPlayer/Variations/il2cpp/Managed/UnityEngine.Physics2DModule.dll --allowed-assembly=/Applications/Unity/Hub/Editor/6000.5.5f1/PlaybackEngines/AndroidPlayer/Variations/il2cpp/Managed/UnityEngine.PhysicsBackendPhysXModule.dll --allowed-assembly=/Applications/Unity/Hub/Editor/6000.5.5f1/PlaybackEngines/AndroidPlayer/Variations/il2cpp/Managed/UnityEngine.PhysicsCore2DModule.dll --allowed-assembly=/Applications/Unity/Hub/Editor/6000.5.5f1/PlaybackEngines/AndroidPlayer/Variations/il2cpp/Managed/UnityEngine.PhysicsModule.dll --allowed-assembly=/Applications/Unity/Hub/Editor/6000.5.5f1/PlaybackEngines/AndroidPlayer/Variations/il2cpp/Managed/UnityEngine.PropertiesModule.dll --allowed-assembly=/Applications/Unity/Hub/Editor/6000.5.5f1/PlaybackEngines/AndroidPlayer/Variations/il2cpp/Managed/UnityEngine.RenderAs2DModule.dll --allowed-assembly=/Applications/Unity/Hub/Editor/6000.5.5f1/PlaybackEngines/AndroidPlayer/Variations/il2cpp/Managed/UnityEngine.RuntimeInitializeOnLoadManagerInitializerModule.dll --allowed-assembly=/Applications/Unity/Hub/Editor/6000.5.5f1/PlaybackEngines/AndroidPlayer/Variations/il2cpp/Managed/UnityEngine.ScreenCaptureModule.dll --allowed-assembly=/Applications/Unity/Hub/Editor/6000.5.5f1/PlaybackEngines/AndroidPlayer/Variations/il2cpp/Managed/UnityEngine.ScriptingModule.dll --allowed-assembly=/Applications/Unity/Hub/Editor/6000.5.5f1/PlaybackEngines/AndroidPlayer/Variations/il2cpp/Managed/UnityEngine.ShaderVariantAnalyticsModule.dll --allowed-assembly=/Applications/Unity/Hub/Editor/6000.5.5f1/PlaybackEngines/AndroidPlayer/Variations/il2cpp/Managed/UnityEngine.SharedInternalsModule.dll --allowed-assembly=/Applications/Unity/Hub/Editor/6000.5.5f1/PlaybackEngines/AndroidPlayer/Variations/il2cpp/Managed/UnityEngine.SpriteMaskModule.dll --allowed-assembly=/Applications/Unity/Hub/Editor/6000.5.5f1/PlaybackEngines/AndroidPlayer/Variations/il2cpp/Managed/UnityEngine.SpriteShapeModule.dll --allowed-assembly=/Applications/Unity/Hub/Editor/6000.5.5f1/PlaybackEngines/AndroidPlayer/Variations/il2cpp/Managed/UnityEngine.StreamingModule.dll --allowed-assembly=/Applications/Unity/Hub/Editor/6000.5.5f1/PlaybackEngines/AndroidPlayer/Variations/il2cpp/Managed/UnityEngine.SubstanceModule.dll --allowed-assembly=/Applications/Unity/Hub/Editor/6000.5.5f1/PlaybackEngines/AndroidPlayer/Variations/il2cpp/Managed/UnityEngine.SubsystemsModule.dll --allowed-assembly=/Applications/Unity/Hub/Editor/6000.5.5f1/PlaybackEngines/AndroidPlayer/Variations/il2cpp/Managed/UnityEngine.TLSModule.dll --allowed-assembly=/Applications/Unity/Hub/Editor/6000.5.5f1/PlaybackEngines/AndroidPlayer/Variations/il2cpp/Managed/UnityEngine.TerrainModule.dll --allowed-assembly=/Applications/Unity/Hub/Editor/6000.5.5f1/PlaybackEngines/AndroidPlayer/Variations/il2cpp/Managed/UnityEngine.TerrainPhysicsModule.dll --allowed-assembly=/Applications/Unity/Hub/Editor/6000.5.5f1/PlaybackEngines/AndroidPlayer/Variations/il2cpp/Managed/UnityEngine.TextCoreFontEngineModule.dll --allowed-assembly=/Applications/Unity/Hub/Editor/6000.5.5f1/PlaybackEngines/AndroidPlayer/Variations/il2cpp/Managed/UnityEngine.TextCoreTextEngineModule.dll --allowed-assembly=/Applications/Unity/Hub/Editor/6000.5.5f1/PlaybackEngines/AndroidPlayer/Variations/il2cpp/Managed/UnityEngine.TextRenderingModule.dll --allowed-assembly=/Applications/Unity/Hub/Editor/6000.5.5f1/PlaybackEngines/AndroidPlayer/Variations/il2cpp/Managed/UnityEngine.TilemapModule.dll --allowed-assembly=/Applications/Unity/Hub/Editor/6000.5.5f1/PlaybackEngines/AndroidPlayer/Variations/il2cpp/Managed/UnityEngine.U2DRuntimeModule.dll --allowed-assembly=/Applications/Unity/Hub/Editor/6000.5.5f1/PlaybackEngines/AndroidPlayer/Variations/il2cpp/Managed/UnityEngine.UIElementsModule.dll --allowed-assembly=/Applications/Unity/Hub/Editor/6000.5.5f1/PlaybackEngines/AndroidPlayer/Variations/il2cpp/Managed/UnityEngine.UIModule.dll --allowed-assembly=/Applications/Unity/Hub/Editor/6000.5.5f1/PlaybackEngines/AndroidPlayer/Variations/il2cpp/Managed/UnityEngine.UmbraModule.dll --allowed-assembly=/Applications/Unity/Hub/Editor/6000.5.5f1/PlaybackEngines/AndroidPlayer/Variations/il2cpp/Managed/UnityEngine.UnityAnalyticsCommonModule.dll --allowed-assembly=/Applications/Unity/Hub/Editor/6000.5.5f1/PlaybackEngines/AndroidPlayer/Variations/il2cpp/Managed/UnityEngine.UnityAnalyticsModule.dll --allowed-assembly=/Applications/Unity/Hub/Editor/6000.5.5f1/PlaybackEngines/AndroidPlayer/Variations/il2cpp/Managed/UnityEngine.UnityConnectModule.dll --allowed-assembly=/Applications/Unity/Hub/Editor/6000.5.5f1/PlaybackEngines/AndroidPlayer/Variations/il2cpp/Managed/UnityEngine.UnityConsentModule.dll --allowed-assembly=/Applications/Unity/Hub/Editor/6000.5.5f1/PlaybackEngines/AndroidPlayer/Variations/il2cpp/Managed/UnityEngine.UnityCurlModule.dll --allowed-assembly=/Applications/Unity/Hub/Editor/6000.5.5f1/PlaybackEngines/AndroidPlayer/Variations/il2cpp/Managed/UnityEngine.UnityWebRequestAssetBundleModule.dll --allowed-assembly=/Applications/Unity/Hub/Editor/6000.5.5f1/PlaybackEngines/AndroidPlayer/Variations/il2cpp/Managed/UnityEngine.UnityWebRequestAudioModule.dll --allowed-assembly=/Applications/Unity/Hub/Editor/6000.5.5f1/PlaybackEngines/AndroidPlayer/Variations/il2cpp/Managed/UnityEngine.UnityWebRequestModule.dll --allowed-assembly=/Applications/Unity/Hub/Editor/6000.5.5f1/PlaybackEngines/AndroidPlayer/Variations/il2cpp/Managed/UnityEngine.UnityWebRequestTextureModule.dll --allowed-assembly=/Applications/Unity/Hub/Editor/6000.5.5f1/PlaybackEngines/AndroidPlayer/Variations/il2cpp/Managed/UnityEngine.UnityWebRequestWWWModule.dll --allowed-assembly=/Applications/Unity/Hub/Editor/6000.5.5f1/PlaybackEngines/AndroidPlayer/Variations/il2cpp/Managed/UnityEngine.VFXModule.dll --allowed-assembly=/Applications/Unity/Hub/Editor/6000.5.5f1/PlaybackEngines/AndroidPlayer/Variations/il2cpp/Managed/UnityEngine.VectorGraphicsModule.dll --allowed-assembly=/Applications/Unity/Hub/Editor/6000.5.5f1/PlaybackEngines/AndroidPlayer/Variations/il2cpp/Managed/UnityEngine.VehiclesModule.dll --allowed-assembly=/Applications/Unity/Hub/Editor/6000.5.5f1/PlaybackEngines/AndroidPlayer/Variations/il2cpp/Managed/UnityEngine.VideoModule.dll --allowed-assembly=/Applications/Unity/Hub/Editor/6000.5.5f1/PlaybackEngines/AndroidPlayer/Variations/il2cpp/Managed/UnityEngine.WindModule.dll --allowed-assembly=/Applications/Unity/Hub/Editor/6000.5.5f1/PlaybackEngines/AndroidPlayer/Variations/il2cpp/Managed/UnityEngine.XRModule.dll --allowed-assembly=/Applications/Unity/Hub/Editor/6000.5.5f1/PlaybackEngines/AndroidPlayer/Variations/il2cpp/Managed/UnityEngine.dll --allowed-assembly=/Users/ld/Documents/Codex/2026-08-03/http-localhost-8080-codex-text-link/outputs/SpatialTowerDefensePICO/Library/Bee/PlayerScriptAssemblies/Assembly-CSharp.dll --allowed-assembly=/Users/ld/Documents/Codex/2026-08-03/http-localhost-8080-codex-text-link/outputs/SpatialTowerDefensePICO/Library/Bee/PlayerScriptAssemblies/ByteDance.PICO.CameraPack.dll --allowed-assembly=/Users/ld/Documents/Codex/2026-08-03/http-localhost-8080-codex-text-link/outputs/SpatialTowerDefensePICO/Library/Bee/PlayerScriptAssemblies/ByteDance.PICO.Debugger.dll --allowed-assembly=/Users/ld/Documents/Codex/2026-08-03/http-localhost-8080-codex-text-link/outputs/SpatialTowerDefensePICO/Library/Bee/PlayerScriptAssemblies/ByteDance.PICO.Enterprise.dll --allowed-assembly=/Users/ld/Documents/Codex/2026-08-03/http-localhost-8080-codex-text-link/outputs/SpatialTowerDefensePICO/Library/Bee/PlayerScriptAssemblies/ByteDance.PICO.Interaction.dll --allowed-assembly=/Users/ld/Documents/Codex/2026-08-03/http-localhost-8080-codex-text-link/outputs/SpatialTowerDefensePICO/Library/Bee/PlayerScriptAssemblies/ByteDance.PICO.Platform.dll --allowed-assembly=/Users/ld/Documents/Codex/2026-08-03/http-localhost-8080-codex-text-link/outputs/SpatialTowerDefensePICO/Library/Bee/PlayerScriptAssemblies/ByteDance.PICO.Spatial.Stage.dll --allowed-assembly=/Users/ld/Documents/Codex/2026-08-03/http-localhost-8080-codex-text-link/outputs/SpatialTowerDefensePICO/Library/Bee/PlayerScriptAssemblies/ByteDance.PICO.SptatialUI.dll --allowed-assembly=/Users/ld/Documents/Codex/2026-08-03/http-localhost-8080-codex-text-link/outputs/SpatialTowerDefensePICO/Library/Bee/PlayerScriptAssemblies/ByteDance.PICO.XR.dll --allowed-assembly=/Users/ld/Documents/Codex/2026-08-03/http-localhost-8080-codex-text-link/outputs/SpatialTowerDefensePICO/Library/Bee/PlayerScriptAssemblies/ByteDance.PICO.XR.Spatializer.dll --allowed-assembly=/Users/ld/Documents/Codex/2026-08-03/http-localhost-8080-codex-text-link/outputs/SpatialTowerDefensePICO/Library/Bee/PlayerScriptAssemblies/ByteDance.PICO.XR.Spatializer.Example.dll --allowed-assembly=/Users/ld/Documents/Codex/2026-08-03/http-localhost-8080-codex-text-link/outputs/SpatialTowerDefensePICO/Library/Bee/PlayerScriptAssemblies/Unity.AI.MCP.Runtime.dll --allowed-assembly=/Users/ld/Documents/Codex/2026-08-03/http-localhost-8080-codex-text-link/outputs/SpatialTowerDefensePICO/Library/Bee/PlayerScriptAssemblies/Unity.AI.Tracing.dll --allowed-assembly=/Users/ld/Documents/Codex/2026-08-03/http-localhost-8080-codex-text-link/outputs/SpatialTowerDefensePICO/Library/Bee/PlayerScriptAssemblies/Unity.Burst.dll --allowed-assembly=/Users/ld/Documents/Codex/2026-08-03/http-localhost-8080-codex-text-link/outputs/SpatialTowerDefensePICO/Library/Bee/PlayerScriptAssemblies/Unity.Collections.dll --allowed-assembly=/Users/ld/Documents/Codex/2026-08-03/http-localhost-8080-codex-text-link/outputs/SpatialTowerDefensePICO/Library/Bee/PlayerScriptAssemblies/Unity.InferenceEngine.dll --allowed-assembly=/Users/ld/Documents/Codex/2026-08-03/http-localhost-8080-codex-text-link/outputs/SpatialTowerDefensePICO/Library/Bee/PlayerScriptAssemblies/Unity.InferenceEngine.Tokenization.dll --allowed-assembly=/Users/ld/Documents/Codex/2026-08-03/http-localhost-8080-codex-text-link/outputs/SpatialTowerDefensePICO/Library/Bee/PlayerScriptAssemblies/Unity.InputSystem.dll --allowed-assembly=/Users/ld/Documents/Codex/2026-08-03/http-localhost-8080-codex-text-link/outputs/SpatialTowerDefensePICO/Library/Bee/PlayerScriptAssemblies/Unity.InputSystem.ForUI.dll --allowed-assembly=/Users/ld/Documents/Codex/2026-08-03/http-localhost-8080-codex-text-link/outputs/SpatialTowerDefensePICO/Library/Bee/PlayerScriptAssemblies/Unity.InternalAPIEngineBridge.004.dll --allowed-assembly=/Users/ld/Documents/Codex/2026-08-03/http-localhost-8080-codex-text-link/outputs/SpatialTowerDefensePICO/Library/Bee/PlayerScriptAssemblies/Unity.Mathematics.dll --allowed-assembly=/Users/ld/Documents/Codex/2026-08-03/http-localhost-8080-codex-text-link/outputs/SpatialTowerDefensePICO/Library/Bee/PlayerScriptAssemblies/Unity.Multiplayer.Center.Common.dll --allowed-assembly=/Users/ld/Documents/Codex/2026-08-03/http-localhost-8080-codex-text-link/outputs/SpatialTowerDefensePICO/Library/Bee/PlayerScriptAssemblies/Unity.TextMeshPro.dll --allowed-assembly=/Users/ld/Documents/Codex/2026-08-03/http-localhost-8080-codex-text-link/outputs/SpatialTowerDefensePICO/Library/Bee/PlayerScriptAssemblies/Unity.XR.CoreUtils.dll --allowed-assembly=/Users/ld/Documents/Codex/2026-08-03/http-localhost-8080-codex-text-link/outputs/SpatialTowerDefensePICO/Library/Bee/PlayerScriptAssemblies/Unity.XR.Interaction.Toolkit.dll --allowed-assembly=/Users/ld/Documents/Codex/2026-08-03/http-localhost-8080-codex-text-link/outputs/SpatialTowerDefensePICO/Library/Bee/PlayerScriptAssemblies/Unity.XR.Interaction.Toolkit.Samples.StarterAssets.dll --allowed-assembly=/Users/ld/Documents/Codex/2026-08-03/http-localhost-8080-codex-text-link/outputs/SpatialTowerDefensePICO/Library/Bee/PlayerScriptAssemblies/Unity.XR.Management.dll --allowed-assembly=/Users/ld/Documents/Codex/2026-08-03/http-localhost-8080-codex-text-link/outputs/SpatialTowerDefensePICO/Library/Bee/PlayerScriptAssemblies/Unity.XR.OpenXR.dll --allowed-assembly=/Users/ld/Documents/Codex/2026-08-03/http-localhost-8080-codex-text-link/outputs/SpatialTowerDefensePICO/Library/Bee/PlayerScriptAssemblies/Unity.XR.OpenXR.Features.ConformanceAutomation.dll --allowed-assembly=/Users/ld/Documents/Codex/2026-08-03/http-localhost-8080-codex-text-link/outputs/SpatialTowerDefensePICO/Library/Bee/PlayerScriptAssemblies/Unity.XR.OpenXR.Features.MetaQuestSupport.dll --allowed-assembly=/Users/ld/Documents/Codex/2026-08-03/http-localhost-8080-codex-text-link/outputs/SpatialTowerDefensePICO/Library/Bee/PlayerScriptAssemblies/Unity.XR.OpenXR.Features.MockRuntime.dll --allowed-assembly=/Users/ld/Documents/Codex/2026-08-03/http-localhost-8080-codex-text-link/outputs/SpatialTowerDefensePICO/Library/Bee/PlayerScriptAssemblies/Unity.XR.OpenXR.Features.OculusQuestSupport.dll --allowed-assembly=/Users/ld/Documents/Codex/2026-08-03/http-localhost-8080-codex-text-link/outputs/SpatialTowerDefensePICO/Library/Bee/PlayerScriptAssemblies/Unity.XR.OpenXR.Features.RuntimeDebugger.dll --allowed-assembly=/Users/ld/Documents/Codex/2026-08-03/http-localhost-8080-codex-text-link/outputs/SpatialTowerDefensePICO/Library/Bee/PlayerScriptAssemblies/Unity.XR.OpenXR.TestTooling.dll --allowed-assembly=/Users/ld/Documents/Codex/2026-08-03/http-localhost-8080-codex-text-link/outputs/SpatialTowerDefensePICO/Library/Bee/PlayerScriptAssemblies/UnityEngine.SpatialTracking.dll --allowed-assembly=/Users/ld/Documents/Codex/2026-08-03/http-localhost-8080-codex-text-link/outputs/SpatialTowerDefensePICO/Library/Bee/PlayerScriptAssemblies/UnityEngine.UI.dll --allowed-assembly=/Users/ld/Documents/Codex/2026-08-03/http-localhost-8080-codex-text-link/outputs/SpatialTowerDefensePICO/Library/Bee/PlayerScriptAssemblies/UnityEngine.XR.LegacyInputHelpers.dll --allowed-assembly=/Users/ld/Documents/Codex/2026-08-03/http-localhost-8080-codex-text-link/outputs/SpatialTowerDefensePICO/Library/PackageCache/com.unity.collections@a43cabe808ca/Unity.Collections.LowLevel.ILSupport/Unity.Collections.LowLevel.ILSupport.dll --allowed-assembly=/Users/ld/Documents/Codex/2026-08-03/http-localhost-8080-codex-text-link/outputs/SpatialTowerDefensePICO/Library/PackageCache/com.unity.burst@6bb9aca3ef38/Unity.Burst.Unsafe.dll --allowed-assembly=/Users/ld/Documents/Codex/2026-08-03/http-localhost-8080-codex-text-link/outputs/SpatialTowerDefensePICO/Library/PackageCache/com.unity.nuget.newtonsoft-json@4dfd81071c64/Runtime/AOT/Newtonsoft.Json.dll --allowed-assembly=/Users/ld/Library/PICO/UnitySDK/6.0.0/PICO-Unity-SDK/XR/Runtime/Android/PxrCommon.dll
*** Tundra requires additional run (2.66 seconds), 496 items updated, 1480 evaluated
*** Additional run caused by: contents change of Library/Bee/artifacts/Android/ManagedStripped
Starting: /Applications/Unity/Hub/Editor/6000.5.5f1/Unity.app/Contents/Resources/Scripting/netcorerun/netcorerun "/Applications/Unity/Hub/Editor/6000.5.5f1/PlaybackEngines/AndroidPlayer/AndroidPlayerBuildProgram.exe" "/Applications/Unity/Hub/Editor/6000.5.5f1/PlaybackEngines/AndroidPlayer/Bee:/Applications/Unity/Hub/Editor/6000.5.5f1/Unity.app/Contents/Resources/BuildPipeline" "Library/Bee/Playerfcd15f47.dag.json" "Library/Bee/Playerfcd15f47-inputdata.json" "Library/Bee/buildprogram1.traceevents"
WorkingDir: /Users/ld/Documents/Codex/2026-08-03/http-localhost-8080-codex-text-link/outputs/SpatialTowerDefensePICO
ExitCode: 4 Duration: 2s716ms
ExitCode: 0 Duration: 0s460ms
Starting: /Applications/Unity/Hub/Editor/6000.5.5f1/Unity.app/Contents/Resources/BuildPipeline/bee_backend --ipc --dagfile="Library/Bee/Playerfcd15f47.dag" --dagfilejson="Library/Bee/Playerfcd15f47.dag.json" --profile="Library/Bee/backend3.traceevents" Player
WorkingDir: /Users/ld/Documents/Codex/2026-08-03/http-localhost-8080-codex-text-link/outputs/SpatialTowerDefensePICO
[W] opendir() failed: /Users/ld/Documents/Codex/2026-08-03/http-localhost-8080-codex-text-link/outputs/SpatialTowerDefensePICO/Library/Bee/artifacts/Android/il2cppOutput/cpp/Symbols
Finished compiling graph: 1672 nodes, 4293 flattened edges (4288 ToBuild, 5 ToUse), maximum node priority 2147483647
[           0s] Delete 1 artifact files that are no longer in use. (like /Users/ld/Documents/Codex/2026-08-03/http-localhost-8080-codex-text-link/outputs/SpatialTowerDefensePICO/Library/Bee/Android/Prj/IL2CPP/Il2CppBackup/Managed/icallsummary.txt)
[ 749/1479  0s] CopyFiles /Users/ld/Documents/Codex/2026-08-03/http-localhost-8080-codex-text-link/outputs/SpatialTowerDefensePICO/Library/Bee/Android/Prj/IL2CPP/Il2CppBackup/Managed/Assembly-CSharp.dll
[           0s] ComputeLeafInputSignature Lib_Android_arm64 Library/Bee/artifacts/Android/87lik/il2cpp.a [success 925f4840408bca02a09ab18bf738eae4]
[ 751/1479  0s] ExtractUsedFeatures Library/Bee/artifacts/Android/Features/Assembly-CSharp-FeaturesChecked.txt
[ 752/1479  2s] IL2CPP_CodeGen /Users/ld/Documents/Codex/2026-08-03/http-localhost-8080-codex-text-link/outputs/SpatialTowerDefensePICO/Library/Bee/artifacts/il2cpp_conv_9xu9.traceevents
/Applications/Unity/Hub/Editor/6000.5.5f1/Unity.app/Contents/Resources/Scripting/il2cpp/build/deploy/il2cpp --convert-to-cpp --assembly=Library/Bee/artifacts/Android/ManagedStripped/Assembly-CSharp.dll --assembly=Library/Bee/artifacts/Android/ManagedStripped/ByteDance.PICO.Debugger.dll --assembly=Library/Bee/artifacts/Android/ManagedStripped/ByteDance.PICO.Platform.dll --assembly=Library/Bee/artifacts/Android/ManagedStripped/ByteDance.PICO.SptatialUI.dll --assembly=Library/Bee/artifacts/Android/ManagedStripped/ByteDance.PICO.XR.dll --assembly=Library/Bee/artifacts/Android/ManagedStripped/mscorlib.dll --assembly=Library/Bee/artifacts/Android/ManagedStripped/System.Core.dll --assembly=Library/Bee/artifacts/Android/ManagedStripped/System.dll --assembly=Library/Bee/artifacts/Android/ManagedStripped/System.Runtime.CompilerServices.Unsafe.dll --assembly=Library/Bee/artifacts/Android/ManagedStripped/Unity.Burst.dll --assembly=Library/Bee/artifacts/Android/ManagedStripped/Unity.InputSystem.dll --assembly=Library/Bee/artifacts/Android/ManagedStripped/Unity.InputSystem.ForUI.dll --assembly=Library/Bee/artifacts/Android/ManagedStripped/Unity.InternalAPIEngineBridge.004.dll --assembly=Library/Bee/artifacts/Android/ManagedStripped/Unity.Scripting.dll --assembly=Library/Bee/artifacts/Android/ManagedStripped/Unity.TextMeshPro.dll --assembly=Library/Bee/artifacts/Android/ManagedStripped/Unity.XR.CoreUtils.dll --assembly=Library/Bee/artifacts/Android/ManagedStripped/Unity.XR.Interaction.Toolkit.dll --assembly=Library/Bee/artifacts/Android/ManagedStripped/Unity.XR.Interaction.Toolkit.Samples.StarterAssets.dll --assembly=Library/Bee/artifacts/Android/ManagedStripped/Unity.XR.Management.dll --assembly=Library/Bee/artifacts/Android/ManagedStripped/Unity.XR.OpenXR.dll --assembly=Library/Bee/artifacts/Android/ManagedStripped/Unity.XR.OpenXR.Features.ConformanceAutomation.dll --assembly=Library/Bee/artifacts/Android/ManagedStripped/Unity.XR.OpenXR.Features.MetaQuestSupport.dll --assembly=Library/Bee/artifacts/Android/ManagedStripped/Unity.XR.OpenXR.Features.MockRuntime.dll --assembly=Library/Bee/artifacts/Android/ManagedStripped/Unity.XR.OpenXR.Features.OculusQuestSupport.dll --assembly=Library/Bee/artifacts/Android/ManagedStripped/Unity.XR.OpenXR.Features.RuntimeDebugger.dll --assembly=Library/Bee/artifacts/Android/ManagedStripped/UnityEngine.AndroidJNIModule.dll --assembly=Library/Bee/artifacts/Android/ManagedStripped/UnityEngine.AnimationModule.dll --assembly=Library/Bee/artifacts/Android/ManagedStripped/UnityEngine.AudioModule.dll --assembly=Library/Bee/artifacts/Android/ManagedStripped/UnityEngine.ContentLoadModule.dll --assembly=Library/Bee/artifacts/Android/ManagedStripped/UnityEngine.CoreModule.dll --assembly=Library/Bee/artifacts/Android/ManagedStripped/UnityEngine.dll --assembly=Library/Bee/artifacts/Android/ManagedStripped/UnityEngine.GridModule.dll --assembly=Library/Bee/artifacts/Android/ManagedStripped/UnityEngine.HierarchyCoreModule.dll --assembly=Library/Bee/artifacts/Android/ManagedStripped/UnityEngine.ImageConversionModule.dll --assembly=Library/Bee/artifacts/Android/ManagedStripped/UnityEngine.IMGUIModule.dll --assembly=Library/Bee/artifacts/Android/ManagedStripped/UnityEngine.InputForUIModule.dll --assembly=Library/Bee/artifacts/Android/ManagedStripped/UnityEngine.InputLegacyModule.dll --assembly=Library/Bee/artifacts/Android/ManagedStripped/UnityEngine.InputModule.dll --assembly=Library/Bee/artifacts/Android/ManagedStripped/UnityEngine.JSONSerializeModule.dll --assembly=Library/Bee/artifacts/Android/ManagedStripped/UnityEngine.MathematicsModule.dll --assembly=Library/Bee/artifacts/Android/ManagedStripped/UnityEngine.ParticleSystemModule.dll --assembly=Library/Bee/artifacts/Android/ManagedStripped/UnityEngine.Physics2DModule.dll --assembly=Library/Bee/artifacts/Android/ManagedStripped/UnityEngine.PhysicsCore2DModule.dll --assembly=Library/Bee/artifacts/Android/ManagedStripped/UnityEngine.PhysicsModule.dll --assembly=Library/Bee/artifacts/Android/ManagedStripped/UnityEngine.PropertiesModule.dll --assembly=Library/Bee/artifacts/Android/ManagedStripped/UnityEngine.ScriptingModule.dll --assembly=Library/Bee/artifacts/Android/ManagedStripped/UnityEngine.SharedInternalsModule.dll --assembly=Library/Bee/artifacts/Android/ManagedStripped/UnityEngine.SpatialTracking.dll --assembly=Library/Bee/artifacts/Android/ManagedStripped/UnityEngine.SpriteShapeModule.dll --assembly=Library/Bee/artifacts/Android/ManagedStripped/UnityEngine.SubsystemsModule.dll --assembly=Library/Bee/artifacts/Android/ManagedStripped/UnityEngine.TerrainModule.dll --assembly=Library/Bee/artifacts/Android/ManagedStripped/UnityEngine.TerrainPhysicsModule.dll --assembly=Library/Bee/artifacts/Android/ManagedStripped/UnityEngine.TextCoreFontEngineModule.dll --assembly=Library/Bee/artifacts/Android/ManagedStripped/UnityEngine.TextCoreTextEngineModule.dll --assembly=Library/Bee/artifacts/Android/ManagedStripped/UnityEngine.TextRenderingModule.dll --assembly=Library/Bee/artifacts/Android/ManagedStripped/UnityEngine.TilemapModule.dll --assembly=Library/Bee/artifacts/Android/ManagedStripped/UnityEngine.UI.dll --assembly=Library/Bee/artifacts/Android/ManagedStripped/UnityEngine.UIElementsModule.dll --assembly=Library/Bee/artifacts/Android/ManagedStripped/UnityEngine.UIModule.dll --assembly=Library/Bee/artifacts/Android/ManagedStripped/UnityEngine.UnityAnalyticsCommonModule.dll --assembly=Library/Bee/artifacts/Android/ManagedStripped/UnityEngine.UnityAnalyticsModule.dll --assembly=Library/Bee/artifacts/Android/ManagedStripped/UnityEngine.UnityWebRequestModule.dll --assembly=Library/Bee/artifacts/Android/ManagedStripped/UnityEngine.UnityWebRequestTextureModule.dll --assembly=Library/Bee/artifacts/Android/ManagedStripped/UnityEngine.XRModule.dll --generatedcppdir=/Users/ld/Documents/Codex/2026-08-03/http-localhost-8080-codex-text-link/outputs/SpatialTowerDefensePICO/Library/Bee/artifacts/Android/il2cppOutput/cpp --symbols-folder=/Users/ld/Documents/Codex/2026-08-03/http-localhost-8080-codex-text-link/outputs/SpatialTowerDefensePICO/Library/Bee/artifacts/Android/il2cppOutput/cpp/Symbols --enable-analytics --emit-null-checks --enable-array-bounds-check --dotnetprofile=unityaot-linux --usymtool-path=/Applications/Unity/Hub/Editor/6000.5.5f1/Unity.app/Contents/Helpers/usymtool --profiler-report --profiler-output-file=/Users/ld/Documents/Codex/2026-08-03/http-localhost-8080-codex-text-link/outputs/SpatialTowerDefensePICO/Library/Bee/artifacts/il2cpp_conv_9xu9.traceevents --print-command-line --static-lib-il2-cpp --data-folder=/Users/ld/Documents/Codex/2026-08-03/http-localhost-8080-codex-text-link/outputs/SpatialTowerDefensePICO/Library/Bee/artifacts/Android/il2cppOutput/data
Warning: [Unity.TextMeshPro] - System.Void TMPro.TMP_TextParsingUtilities::.cctor() - Method was given it's own cpp file because it is large and costly to compile
Warning: [Unity.TextMeshPro] - System.Void TMPro.TextMeshPro::GenerateTextMesh() - Method was given it's own cpp file because it is large and costly to compile
Warning: [Unity.TextMeshPro] - System.Void TMPro.TextMeshProUGUI::GenerateTextMesh() - Method was given it's own c/Users/ld/Documents/Codex/2026-08-03/http-localhost-8080-codex-text-link/outputs/SpatialTowerDefensePICO/Library/PackageCache/com.unity.burst@6bb9aca3ef38/.Runtime/bcl.exe exited after 891 ms.
stdout:
Starting 1 library requests
Done
stderr:

pp file because it is large and costly to compile
[1125/1479  0s] CopyFiles /Users/ld/Documents/Codex/2026-08-03/http-localhost-8080-codex-text-link/outputs/SpatialTowerDefensePICO/Library/Bee/Android/Prj/IL2CPP/Il2CppBackup/il2cppOutput/Il2CppMetadataUsage.c
[1161/1479  0s] CopyFiles /Users/ld/Documents/Codex/2026-08-03/http-localhost-8080-codex-text-link/outputs/SpatialTowerDefensePICO/Library/Bee/Android/Prj/IL2CPP/Il2CppBackup/il2cppOutput/Assembly-CSharp.cpp
[1308/1479  0s] CopyFiles /Users/ld/Documents/Codex/2026-08-03/http-localhost-8080-codex-text-link/outputs/SpatialTowerDefensePICO/Library/Bee/artifacts/Android/il2cppOutput/build/arm64-v8a/Data/Metadata/global-metadata.dat
[1323/1479  0s] CopyFiles /Users/ld/Documents/Codex/2026-08-03/http-localhost-8080-codex-text-link/outputs/SpatialTowerDefensePICO/Library/Bee/Android/Prj/IL2CPP/Il2CppBackup/il2cppOutput/Il2CppCCalculateTypeValues1.cpp
[1328/1479  0s] CopyFiles /Users/ld/Documents/Codex/2026-08-03/http-localhost-8080-codex-text-link/outputs/SpatialTowerDefensePICO/Library/Bee/Android/Prj/IL2CPP/Il2CppBackup/il2cppOutput/Il2CppTypeDefinitions.c
[1334/1479  0s] CopyFiles /Users/ld/Documents/Codex/2026-08-03/http-localhost-8080-codex-text-link/outputs/SpatialTowerDefensePICO/Library/Bee/Android/Prj/IL2CPP/Gradle/unityLibrary/src/main/assets/bin/Data/Managed/Resources/mscorlib.dll-resources.dat
[1360/1479  0s] CopyFiles /Users/ld/Documents/Codex/2026-08-03/http-localhost-8080-codex-text-link/outputs/SpatialTowerDefensePICO/Library/Bee/Android/Prj/IL2CPP/Gradle/unityLibrary/src/main/assets/bin/Data/Managed/Metadata/global-metadata.dat
[1375/1479  0s] CopyFiles /Users/ld/Documents/Codex/2026-08-03/http-localhost-8080-codex-text-link/outputs/SpatialTowerDefensePICO/Library/Bee/artifacts/Android/il2cppOutput/build/arm64-v8a/Data/Resources/mscorlib.dll-resources.dat
[1395/1479  0s] CopyFiles /Users/ld/Documents/Codex/2026-08-03/http-localhost-8080-codex-text-link/outputs/SpatialTowerDefensePICO/Library/Bee/Android/Prj/IL2CPP/Il2CppBackup/il2cppOutput/Il2CppCCFieldValuesTable.c
[1400/1479  0s] CopyFiles /Users/ld/Documents/Codex/2026-08-03/http-localhost-8080-codex-text-link/outputs/SpatialTowerDefensePICO/Library/Bee/Android/Prj/IL2CPP/Il2CppBackup/il2cppOutput/Assembly-CSharp_CodeGen.c
[1421/1479  0s] CopyFiles /Users/ld/Documents/Codex/2026-08-03/http-localhost-8080-codex-text-link/outputs/SpatialTowerDefensePICO/Library/Bee/Android/Prj/IL2CPP/Il2CppBackup/il2cppOutput/Il2CppCCalculateFieldValues1.cpp
[1458/1479  0s] GuidGenerator /Users/ld/Documents/Codex/2026-08-03/http-localhost-8080-codex-text-link/outputs/SpatialTowerDefensePICO/Library/Bee/Android/Prj/IL2CPP/Gradle/unityLibrary/src/main/assets/bin/Data/unity_app_guid
[1459/1479  0s] C_Android_arm64 Library/Bee/artifacts/Android/d8kzr/deca9y4usw3z.o
[1460/1479  0s] C_Android_arm64 Library/Bee/artifacts/Android/d8kzr/l5tcw45cd2tx.o
[1461/1479  0s] GenerateNativePluginsForAssemblies Library/Bee/artifacts/Android/AsyncPluginsFromLinker
[1463/1479  1s] C_Android_arm64 Library/Bee/artifacts/Android/d8kzr/1g3maxwkoddn.o
[1464/1479  1s] C_Android_arm64 Library/Bee/artifacts/Android/d8kzr/5dic4av6uhm4.o
[1465/1479  1s] C_Android_arm64 Library/Bee/artifacts/Android/d8kzr/19e5mp1wpvtx.o
[1466/1479  1s] C_Android_arm64 Library/Bee/artifacts/Android/d8kzr/ruk2zjfeyv9a.o
[1467/1479  1s] C_Android_arm64 Library/Bee/artifacts/Android/d8kzr/9igkhqlg7zuj.o
[1468/1479  1s] Link_Android_arm64 Library/Bee/artifacts/Android/d8kzr/libil2cpp.so
[1469/1479  0s] CopyFiles /Users/ld/Documents/Codex/2026-08-03/http-localhost-8080-codex-text-link/outputs/SpatialTowerDefensePICO/Library/Bee/artifacts/Android/il2cppOutput/build/arm64-v8a/libil2cpp.dbg.so
[1470/1479  0s] CopyFiles Library/Bee/artifacts/objcopy_5lmi/libil2cpp.dbg.so
[1471/1479  0s] NdkObjCopy Library/Bee/artifacts/objcopy_5lmi/libil2cpp.sym.so
[1472/1479  0s] NdkObjCopy Library/Bee/artifacts/objcopy_5lmi/stripped/libil2cpp.so
[1473/1479  0s] CopyFiles /Users/ld/Documents/Codex/2026-08-03/http-localhost-8080-codex-text-link/outputs/SpatialTowerDefensePICO/Library/Bee/artifacts/Android/il2cppOutput/build/arm64-v8a/libil2cpp.sym.so
[1474/1479  0s] NdkObjCopy Library/Bee/artifacts/objcopy_5lmi/libil2cpp.so
[1475/1479  0s] CopyFiles /Users/ld/Documents/Codex/2026-08-03/http-localhost-8080-codex-text-link/outputs/SpatialTowerDefensePICO/Library/Bee/artifacts/Android/il2cppOutput/build/arm64-v8a/libil2cpp.so
[1476/1479  0s] CopyFiles /Users/ld/Documents/Codex/2026-08-03/http-localhost-8080-codex-text-link/outputs/SpatialTowerDefensePICO/Library/Bee/Android/Prj/IL2CPP/Gradle/unityLibrary/src/main/jniLibs/arm64-v8a/libil2cpp.so
*** Tundra requires additional run (6.24 seconds), 32 items updated, 1479 evaluated
*** Additional run caused by: timestamp change of Library/Bee/artifacts/Android/Features/Assembly-CSharp-FeaturesChecked.txt
Starting: /Applications/Unity/Hub/Editor/6000.5.5f1/Unity.app/Contents/Resources/Scripting/netcorerun/netcorerun "/Applications/Unity/Hub/Editor/6000.5.5f1/PlaybackEngines/AndroidPlayer/AndroidPlayerBuildProgram.exe" "/Applications/Unity/Hub/Editor/6000.5.5f1/PlaybackEngines/AndroidPlayer/Bee:/Applications/Unity/Hub/Editor/6000.5.5f1/Unity.app/Contents/Resources/BuildPipeline" "Library/Bee/Playerfcd15f47.dag.json" "Library/Bee/Playerfcd15f47-inputdata.json" "Library/Bee/buildprogram2.traceevents"
WorkingDir: /Users/ld/Documents/Codex/2026-08-03/http-localhost-8080-codex-text-link/outputs/SpatialTowerDefensePICO
ExitCode: 4 Duration: 6s327ms
ExitCode: 0 Duration: 0s629ms
Starting: /Applications/Unity/Hub/Editor/6000.5.5f1/Unity.app/Contents/Resources/BuildPipeline/bee_backend --ipc --dagfile="Library/Bee/Playerfcd15f47.dag" --dagfilejson="Library/Bee/Playerfcd15f47.dag.json" --profile="Library/Bee/backend4.traceevents" Player
WorkingDir: /Users/ld/Documents/Codex/2026-08-03/http-localhost-8080-codex-text-link/outputs/SpatialTowerDefensePICO
Finished compiling graph: 1672 nodes, 4293 flattened edges (4288 ToBuild, 5 ToUse), maximum node priority 2147483647
[           0s] ComputeLeafInputSignature Lib_Android_arm64 Library/Bee/artifacts/Android/87lik/il2cpp.a [success 925f4840408bca02a09ab18bf738eae4]
*** Tundra build success (0.14 seconds), 0 items updated, 1479 evaluated
/Users/ld/Documents/Codex/2026-08-03/http-localhost-8080-codex-text-link/outputs/SpatialTowerDefensePICO/Library/Bee/artifacts/Android/il2cppOutput/cpp: [Unity.TextMeshPro] - System.Void TMPro.TMP_TextParsingUtilities::.cctor() - Method was given it's own cpp file because it is large and costly to compile
UnityEngine.Debug:ExtractStackTraceNoAlloc (byte*,int,string)
UnityEngine.StackTraceUtility:ExtractStackTrace () (at /Users/bokken/build/output/unity/unity/Runtime/Export/Scripting/StackTrace.cs:35)
UnityEngine.DebugLogHandler:Internal_Log (UnityEngine.LogType,UnityEngine.LogOption,string,UnityEngine.Object)
UnityEngine.DebugLogHandler:LogFormat (UnityEngine.LogType,UnityEngine.Object,string,object[])
UnityEngine.Logger:Log (UnityEngine.LogType,object)
UnityEngine.Debug:LogWarning (object)
UnityEditor.Modules.BeeBuildPostprocessor:DefaultResultProcessor (Bee.BinLog.NodeFinishedMessage,bool,bool) (at /Users/bokken/build/output/unity/unity/Editor/Mono/Modules/BeeBuildPostprocessor.cs:653)
UnityEditor.Modules.BeeBuildPostprocessor:PrintStdoutOnErrorProcessor (Bee.BinLog.NodeFinishedMessage) (at /Users/bokken/build/output/unity/unity/Editor/Mono/Modules/BeeBuildPostprocessor.cs:600)
UnityEditor.Modules.BeeBuildPostprocessor:ReportBuildResults () (at /Users/bokken/build/output/unity/unity/Editor/Mono/Modules/BeeBuildPostprocessor.cs:666)
UnityEditor.Modules.BeeBuildPostprocessor:PostProcess (UnityEditor.Modules.BuildPostProcessArgs) (at /Users/bokken/build/output/unity/unity/Editor/Mono/Modules/BeeBuildPostprocessor.cs:828)
UnityEditor.Modules.BeeBuildPostprocessor:PostProcess (UnityEditor.Modules.BuildPostProcessArgs,UnityEditor.BuildProperties&) (at /Users/bokken/build/output/unity/unity/Editor/Mono/Modules/BeeBuildPostprocessor.cs:40)
UnityEditor.Android.AndroidBuildPostprocessor:PostProcess (UnityEditor.Modules.BuildPostProcessArgs,UnityEditor.BuildProperties&) (at /home/bokken/build/output/unity/unity/PlatformDependent/AndroidPlayer/Editor/Managed/ExtensionModule.cs:418)
UnityEditor.PostprocessBuildPlayer:Postprocess (UnityEditor.BuildTarget,int,string,string,string,UnityEditor.BuildOptions,UnityEditor.RuntimeClassRegistry,UnityEditor.Build.Reporting.BuildReport) (at /Users/bokken/build/output/unity/unity/Editor/Mono/BuildPipeline/PostprocessBuildPlayer.cs:347)
UnityEditor.BuildPipeline:BuildPlayerInternal (string[],string,string,UnityEditor.BuildTargetGroup,UnityEditor.BuildTarget,int,UnityEditor.BuildOptions,string[],string[],bool)
UnityEditor.BuildPipeline:BuildPlayer (UnityEditor.BuildPlayerOptions) (at /Users/bokken/build/output/unity/unity/Editor/Mono/BuildPipeline/BuildPipeline.bindings.cs:267)
PicoTowerDefenseEditor.ProjectSetup:BuildDevelopmentApk () (at Assets/SpatialTowerDefense/Editor/ProjectSetup.cs:463)

(Filename: /Users/bokken/build/output/unity/unity/Editor/Mono/Modules/BeeBuildPostprocessor.cs Line: 653)

/Users/ld/Documents/Codex/2026-08-03/http-localhost-8080-codex-text-link/outputs/SpatialTowerDefensePICO/Library/Bee/artifacts/Android/il2cppOutput/cpp: [Unity.TextMeshPro] - System.Void TMPro.TextMeshPro::GenerateTextMesh() - Method was given it's own cpp file because it is large and costly to compile
UnityEngine.Debug:ExtractStackTraceNoAlloc (byte*,int,string)
UnityEngine.StackTraceUtility:ExtractStackTrace () (at /Users/bokken/build/output/unity/unity/Runtime/Export/Scripting/StackTrace.cs:35)
UnityEngine.DebugLogHandler:Internal_Log (UnityEngine.LogType,UnityEngine.LogOption,string,UnityEngine.Object)
UnityEngine.DebugLogHandler:LogFormat (UnityEngine.LogType,UnityEngine.Object,string,object[])
UnityEngine.Logger:Log (UnityEngine.LogType,object)
UnityEngine.Debug:LogWarning (object)
UnityEditor.Modules.BeeBuildPostprocessor:DefaultResultProcessor (Bee.BinLog.NodeFinishedMessage,bool,bool) (at /Users/bokken/build/output/unity/unity/Editor/Mono/Modules/BeeBuildPostprocessor.cs:653)
UnityEditor.Modules.BeeBuildPostprocessor:PrintStdoutOnErrorProcessor (Bee.BinLog.NodeFinishedMessage) (at /Users/bokken/build/output/unity/unity/Editor/Mono/Modules/BeeBuildPostprocessor.cs:600)
UnityEditor.Modules.BeeBuildPostprocessor:ReportBuildResults () (at /Users/bokken/build/output/unity/unity/Editor/Mono/Modules/BeeBuildPostprocessor.cs:666)
UnityEditor.Modules.BeeBuildPostprocessor:PostProcess (UnityEditor.Modules.BuildPostProcessArgs) (at /Users/bokken/build/output/unity/unity/Editor/Mono/Modules/BeeBuildPostprocessor.cs:828)
UnityEditor.Modules.BeeBuildPostprocessor:PostProcess (UnityEditor.Modules.BuildPostProcessArgs,UnityEditor.BuildProperties&) (at /Users/bokken/build/output/unity/unity/Editor/Mono/Modules/BeeBuildPostprocessor.cs:40)
UnityEditor.Android.AndroidBuildPostprocessor:PostProcess (UnityEditor.Modules.BuildPostProcessArgs,UnityEditor.BuildProperties&) (at /home/bokken/build/output/unity/unity/PlatformDependent/AndroidPlayer/Editor/Managed/ExtensionModule.cs:418)
UnityEditor.PostprocessBuildPlayer:Postprocess (UnityEditor.BuildTarget,int,string,string,string,UnityEditor.BuildOptions,UnityEditor.RuntimeClassRegistry,UnityEditor.Build.Reporting.BuildReport) (at /Users/bokken/build/output/unity/unity/Editor/Mono/BuildPipeline/PostprocessBuildPlayer.cs:347)
UnityEditor.BuildPipeline:BuildPlayerInternal (string[],string,string,UnityEditor.BuildTargetGroup,UnityEditor.BuildTarget,int,UnityEditor.BuildOptions,string[],string[],bool)
UnityEditor.BuildPipeline:BuildPlayer (UnityEditor.BuildPlayerOptions) (at /Users/bokken/build/output/unity/unity/Editor/Mono/BuildPipeline/BuildPipeline.bindings.cs:267)
PicoTowerDefenseEditor.ProjectSetup:BuildDevelopmentApk () (at Assets/SpatialTowerDefense/Editor/ProjectSetup.cs:463)

(Filename: /Users/bokken/build/output/unity/unity/Editor/Mono/Modules/BeeBuildPostprocessor.cs Line: 653)

/Users/ld/Documents/Codex/2026-08-03/http-localhost-8080-codex-text-link/outputs/SpatialTowerDefensePICO/Library/Bee/artifacts/Android/il2cppOutput/cpp: [Unity.TextMeshPro] - System.Void TMPro.TextMeshProUGUI::GenerateTextMesh() - Method was given it's own cpp file because it is large and costly to compile
UnityEngine.Debug:ExtractStackTraceNoAlloc (byte*,int,string)
UnityEngine.StackTraceUtility:ExtractStackTrace () (at /Users/bokken/build/output/unity/unity/Runtime/Export/Scripting/StackTrace.cs:35)
UnityEngine.DebugLogHandler:Internal_Log (UnityEngine.LogType,UnityEngine.LogOption,string,UnityEngine.Object)
UnityEngine.DebugLogHandler:LogFormat (UnityEngine.LogType,UnityEngine.Object,string,object[])
UnityEngine.Logger:Log (UnityEngine.LogType,object)
UnityEngine.Debug:LogWarning (object)
UnityEditor.Modules.BeeBuildPostprocessor:DefaultResultProcessor (Bee.BinLog.NodeFinishedMessage,bool,bool) (at /Users/bokken/build/output/unity/unity/Editor/Mono/Modules/BeeBuildPostprocessor.cs:653)
UnityEditor.Modules.BeeBuildPostprocessor:PrintStdoutOnErrorProcessor (Bee.BinLog.NodeFinishedMessage) (at /Users/bokken/build/output/unity/unity/Editor/Mono/Modules/BeeBuildPostprocessor.cs:600)
UnityEditor.Modules.BeeBuildPostprocessor:ReportBuildResults () (at /Users/bokken/build/output/unity/unity/Editor/Mono/Modules/BeeBuildPostprocessor.cs:666)
UnityEditor.Modules.BeeBuildPostprocessor:PostProcess (UnityEditor.Modules.BuildPostProcessArgs) (at /Users/bokken/build/output/unity/unity/Editor/Mono/Modules/BeeBuildPostprocessor.cs:828)
UnityEditor.Modules.BeeBuildPostprocessor:PostProcess (UnityEditor.Modules.BuildPostProcessArgs,UnityEditor.BuildProperties&) (at /Users/bokken/build/output/unity/unity/Editor/Mono/Modules/BeeBuildPostprocessor.cs:40)
UnityEditor.Android.AndroidBuildPostprocessor:PostProcess (UnityEditor.Modules.BuildPostProcessArgs,UnityEditor.BuildProperties&) (at /home/bokken/build/output/unity/unity/PlatformDependent/AndroidPlayer/Editor/Managed/ExtensionModule.cs:418)
UnityEditor.PostprocessBuildPlayer:Postprocess (UnityEditor.BuildTarget,int,string,string,string,UnityEditor.BuildOptions,UnityEditor.RuntimeClassRegistry,UnityEditor.Build.Reporting.BuildReport) (at /Users/bokken/build/output/unity/unity/Editor/Mono/BuildPipeline/PostprocessBuildPlayer.cs:347)
UnityEditor.BuildPipeline:BuildPlayerInternal (string[],string,string,UnityEditor.BuildTargetGroup,UnityEditor.BuildTarget,int,UnityEditor.BuildOptions,string[],string[],bool)
UnityEditor.BuildPipeline:BuildPlayer (UnityEditor.BuildPlayerOptions) (at /Users/bokken/build/output/unity/unity/Editor/Mono/BuildPipeline/BuildPipeline.bindings.cs:267)
PicoTowerDefenseEditor.ProjectSetup:BuildDevelopmentApk () (at Assets/SpatialTowerDefense/Editor/ProjectSetup.cs:463)

(Filename: /Users/bokken/build/output/unity/unity/Editor/Mono/Modules/BeeBuildPostprocessor.cs Line: 653)

DisplayProgressbar: Calling IPostGenerateGradleAndroidProject callbacks
Calling IPostGenerateGradleAndroidProject callbacks on '/Users/ld/Documents/Codex/2026-08-03/http-localhost-8080-codex-text-link/outputs/SpatialTowerDefensePICO/Library/Bee/Android/Prj/IL2CPP/Gradle/unityLibrary':
    Call "UnityEditor.XR.OpenXR.OpenXRApiLayersBuildProcessorAndroid.OnPostGenerateGradleAndroidProject" from assembly 'Unity.XR.OpenXR.Editor'
    Call "ByteDance.PICO.IconConfigurator.Editor.AndroidLibraryNamespacePostprocessor.OnPostGenerateGradleAndroidProject" from assembly 'ByteDance.PICO.IconConfigurator.Editor'
    Call "UnityEditor.XR.OpenXR.Features.OculusQuestSupport.ModifyAndroidManifestOculus.OnPostGenerateGradleAndroidProject" from assembly 'Unity.XR.OpenXR.Features.OculusQuestSupport.Editor'
    Call "UnityEditor.XR.OpenXR.Features.MetaQuestSupport.ModifyAndroidManifestMeta.OnPostGenerateGradleAndroidProject" from assembly 'Unity.XR.OpenXR.Features.MetaQuestSupport.Editor'
    Call "Unity.XR.Management.AndroidManifest.Editor.AndroidManifestBuildEventReceiver.OnPostGenerateGradleAndroidProject" from assembly 'Unity.XR.Management.Editor'
ExitCode: 0 Duration: 0s249ms
Total cache size 268097917
Total cache size after purge 268097917, took 00:00:00.1162549
    Call "UnityEditor.XR.OpenXR.Features.MetaQuestSupport.MetaQuestFeatureBuildHooks.OnPostGenerateGradleAndroidProject" from assembly 'Unity.XR.OpenXR.Features.MetaQuestSupport.Editor'
    Call "UnityEditor.XR.OpenXR.Features.SpaceWarpFeatureBuildHooks.OnPostGenerateGradleAndroidProject" from assembly 'Unity.XR.OpenXR.Editor'
    Call "ByteDance.PICO.Platform.Editor.PlatformManifestRewrite.OnPostGenerateGradleAndroidProject" from assembly 'ByteDance.PICO.Platform.Editor'
appId is ignored
UnityEngine.Debug:ExtractStackTraceNoAlloc (byte*,int,string)
UnityEngine.StackTraceUtility:ExtractStackTrace () (at /Users/bokken/build/output/unity/unity/Runtime/Export/Scripting/StackTrace.cs:35)
UnityEngine.DebugLogHandler:Internal_Log (UnityEngine.LogType,UnityEngine.LogOption,string,UnityEngine.Object)
UnityEngine.DebugLogHandler:LogFormat (UnityEngine.LogType,UnityEngine.Object,string,object[])
UnityEngine.Logger:Log (UnityEngine.LogType,object)
UnityEngine.Debug:Log (object)
ByteDance.PICO.Platform.Editor.PlatformManifestRewrite:OnPostGenerateGradleAndroidProject (string) (at /Users/ld/Library/PICO/UnitySDK/6.0.0/PICO-Unity-SDK/XR/Platform/Editor/PlatformManifestRewrite.cs:29)
UnityEditor.Android.PostProcessor.Tasks.ProcessGenerateProjectCallbacks:OnGeneratePlatformProjectPostprocess (string,bool) (at /home/bokken/build/output/unity/unity/PlatformDependent/AndroidPlayer/Editor/Managed/PostProcessor/Tasks/ProcessGenerateProjectCallbacks.cs:41)
UnityEditor.Android.PostProcessor.Tasks.ProcessGenerateProjectCallbacks:Execute (UnityEditor.Android.PostProcessor.PostProcessorContext) (at /home/bokken/build/output/unity/unity/PlatformDependent/AndroidPlayer/Editor/Managed/PostProcessor/Tasks/ProcessGenerateProjectCallbacks.cs:67)
UnityEditor.Android.PostProcessor.PostProcessRunner:RunAllTasks (UnityEditor.Android.PostProcessor.PostProcessorContext) (at /home/bokken/build/output/unity/unity/PlatformDependent/AndroidPlayer/Editor/Managed/PostProcessor/AndroidPostProcessor.cs:112)
UnityEditor.Android.PostProcessAndroidPlayer:PostProcess (UnityEditor.Modules.BuildPostProcessArgs,AndroidPlayerBuildProgram.Data.AndroidPlayerBuildProgramOutput) (at /home/bokken/build/output/unity/unity/PlatformDependent/AndroidPlayer/Editor/Managed/PostProcessAndroidPlayer.cs:362)
UnityEditor.Android.AndroidBuildPostprocessor:PostProcess (UnityEditor.Modules.BuildPostProcessArgs,UnityEditor.BuildProperties&) (at /home/bokken/build/output/unity/unity/PlatformDependent/AndroidPlayer/Editor/Managed/ExtensionModule.cs:427)
UnityEditor.PostprocessBuildPlayer:Postprocess (UnityEditor.BuildTarget,int,string,string,string,UnityEditor.BuildOptions,UnityEditor.RuntimeClassRegistry,UnityEditor.Build.Reporting.BuildReport) (at /Users/bokken/build/output/unity/unity/Editor/Mono/BuildPipeline/PostprocessBuildPlayer.cs:347)
UnityEditor.BuildPipeline:BuildPlayerInternal (string[],string,string,UnityEditor.BuildTargetGroup,UnityEditor.BuildTarget,int,UnityEditor.BuildOptions,string[],string[],bool)
UnityEditor.BuildPipeline:BuildPlayer (UnityEditor.BuildPlayerOptions) (at /Users/bokken/build/output/unity/unity/Editor/Mono/BuildPipeline/BuildPipeline.bindings.cs:267)
PicoTowerDefenseEditor.ProjectSetup:BuildDevelopmentApk () (at Assets/SpatialTowerDefense/Editor/ProjectSetup.cs:463)

(Filename: /Users/ld/Library/PICO/UnitySDK/6.0.0/PICO-Unity-SDK/XR/Platform/Editor/PlatformManifestRewrite.cs Line: 29)

    Call "ByteDance.PICO.XR.Editor.PXR_Manifest.OnPostGenerateGradleAndroidProject" from assembly 'ByteDance.PICO.XR.Editor'
Android PostProcess task "Calling IPostGenerateGradleAndroidProject callbacks" took 76.6013 ms
DisplayProgressbar: Validate Gradle Project
Android PostProcess task "Validate Gradle Project" took 0.6824 ms
Android PostProcess task "Unity Services Symbol Upload" took 0.2623 ms
DisplayProgressbar: Building Gradle project
Starting: /Applications/Unity/Hub/Editor/6000.5.5f1/PlaybackEngines/AndroidPlayer/OpenJDK/bin/java -classpath "/Applications/Unity/Hub/Editor/6000.5.5f1/PlaybackEngines/AndroidPlayer/Tools/gradle/lib/gradle-launcher-9.1.0.jar" org.gradle.launcher.GradleMain "-Dorg.gradle.jvmargs=-Xmx4096m" "assembleDebug" 
WorkingDir: /Users/ld/Documents/Codex/2026-08-03/http-localhost-8080-codex-text-link/outputs/SpatialTowerDefensePICO/Library/Bee/Android/Prj/IL2CPP/Gradle/launcher
Build log was saved at '/Users/ld/Documents/Codex/2026-08-03/http-localhost-8080-codex-text-link/outputs/SpatialTowerDefensePICO/Library/Bee/Android/Prj/IL2CPP/Gradle/launcher/build/outputs/logs/unity-assembleDebug-build.log'
Android PostProcess task "Building Gradle project" took 3692.0085 ms
DisplayProgressbar: Building Gradle Symbols
Android PostProcess task "Building Gradle Symbols" took 0.1281 ms
DisplayProgressbar: Processing Mapping File
Android PostProcess task "Processing Mapping File" took 0.1529 ms
DisplayProgressbar: Moving output package(s)
Deleting file '/Users/ld/Documents/Codex/2026-08-03/http-localhost-8080-codex-text-link/outputs/SpatialTowerDefensePICO/Builds/PICO/SpatialTowerDefensePICO.apk'
Copy '/Users/ld/Documents/Codex/2026-08-03/http-localhost-8080-codex-text-link/outputs/SpatialTowerDefensePICO/Library/Bee/Android/Prj/IL2CPP/Gradle/launcher/build/outputs/apk/debug/launcher-debug.apk' -> 
 '/Users/ld/Documents/Codex/2026-08-03/http-localhost-8080-codex-text-link/outputs/SpatialTowerDefensePICO/Builds/PICO/SpatialTowerDefensePICO.apk'
Android PostProcess task "Moving output package(s)" took 27.9722 ms
Android PostProcess task "Checking Symbols size" took 0.6378 ms
The GUID inside 'Packages/com.bytedance.pico.xr/Runtime/CompositionLayers.meta' cannot be extracted by the YAML Parser. Attempting to extract it via string matching instead. Please verify the file does not contain unexpected data.
UnityEngine.Debug:ExtractStackTraceNoAlloc (byte*,int,string)
UnityEngine.StackTraceUtility:ExtractStackTrace () (at /Users/bokken/build/output/unity/unity/Runtime/Export/Scripting/StackTrace.cs:35)
UnityEditor.AssetDatabase:Refresh () (at /Users/bokken/build/output/unity/unity/Modules/AssetDatabase/Editor/ScriptBindings/AssetDatabase.bindings.cs:539)
Unity.PerformanceTesting.Editor.TestRunBuilder:Cleanup () (at ./Library/PackageCache/com.unity.test-framework.performance@8b56083ec0f0/Editor/TestRunBuilder.cs:109)
Unity.PerformanceTesting.Editor.TestRunBuilder:OnPostprocessBuild (UnityEditor.Build.Reporting.BuildReport) (at ./Library/PackageCache/com.unity.test-framework.performance@8b56083ec0f0/Editor/TestRunBuilder.cs:43)
UnityEditor.Build.BuildPipelineInterfaces/<>c__DisplayClass21_0:<OnBuildPostProcess>b__1 (UnityEditor.Build.IPostprocessBuildWithReport) (at /Users/bokken/build/output/unity/unity/Editor/Mono/BuildPipeline/BuildPipelineInterfaces.cs:1221)
UnityEditor.Build.BuildPipelineInterfaces:InvokeCallbackInterfacesPair<UnityEditor.Build.IPostprocessBuild, UnityEditor.Build.IPostprocessBuildWithReport> (System.Collections.Generic.List`1<UnityEditor.Build.IPostprocessBuild>,System.Action`1<UnityEditor.Build.IPostprocessBuild>,System.Collections.Generic.List`1<UnityEditor.Build.IPostprocessBuildWithReport>,System.Action`1<UnityEditor.Build.IPostprocessBuildWithReport>,bool) (at /Users/bokken/build/output/unity/unity/Editor/Mono/BuildPipeline/BuildPipelineInterfaces.cs:1090)
UnityEditor.Build.BuildPipelineInterfaces:OnBuildPostProcess (UnityEditor.Build.Reporting.BuildReport) (at /Users/bokken/build/output/unity/unity/Editor/Mono/BuildPipeline/BuildPipelineInterfaces.cs:1212)
UnityEditor.BuildPipeline:BuildPlayerInternal (string[],string,string,UnityEditor.BuildTargetGroup,UnityEditor.BuildTarget,int,UnityEditor.BuildOptions,string[],string[],bool)
UnityEditor.BuildPipeline:BuildPlayer (UnityEditor.BuildPlayerOptions) (at /Users/bokken/build/output/unity/unity/Editor/Mono/BuildPipeline/BuildPipeline.bindings.cs:267)
PicoTowerDefenseEditor.ProjectSetup:BuildDevelopmentApk () (at Assets/SpatialTowerDefense/Editor/ProjectSetup.cs:463)

[/Users/bokken/build/output/unity/unity/Modules/AssetDatabase/Editor/ScriptBindings/AssetDatabase.bindings.cs line 539]

The GUID inside 'Packages/com.bytedance.pico.xr/Runtime/CompositionLayers.meta' cannot be extracted by the YAML Parser. Attempting to extract it via string matching instead. Please verify the file does not contain unexpected data.
UnityEngine.Debug:ExtractStackTraceNoAlloc (byte*,int,string)
UnityEngine.StackTraceUtility:ExtractStackTrace () (at /Users/bokken/build/output/unity/unity/Runtime/Export/Scripting/StackTrace.cs:35)
UnityEditor.AssetDatabase:Refresh () (at /Users/bokken/build/output/unity/unity/Modules/AssetDatabase/Editor/ScriptBindings/AssetDatabase.bindings.cs:539)
Unity.PerformanceTesting.Editor.TestRunBuilder:Cleanup () (at ./Library/PackageCache/com.unity.test-framework.performance@8b56083ec0f0/Editor/TestRunBuilder.cs:109)
Unity.PerformanceTesting.Editor.TestRunBuilder:OnPostprocessBuild (UnityEditor.Build.Reporting.BuildReport) (at ./Library/PackageCache/com.unity.test-framework.performance@8b56083ec0f0/Editor/TestRunBuilder.cs:43)
UnityEditor.Build.BuildPipelineInterfaces/<>c__DisplayClass21_0:<OnBuildPostProcess>b__1 (UnityEditor.Build.IPostprocessBuildWithReport) (at /Users/bokken/build/output/unity/unity/Editor/Mono/BuildPipeline/BuildPipelineInterfaces.cs:1221)
UnityEditor.Build.BuildPipelineInterfaces:InvokeCallbackInterfacesPair<UnityEditor.Build.IPostprocessBuild, UnityEditor.Build.IPostprocessBuildWithReport> (System.Collections.Generic.List`1<UnityEditor.Build.IPostprocessBuild>,System.Action`1<UnityEditor.Build.IPostprocessBuild>,System.Collections.Generic.List`1<UnityEditor.Build.IPostprocessBuildWithReport>,System.Action`1<UnityEditor.Build.IPostprocessBuildWithReport>,bool) (at /Users/bokken/build/output/unity/unity/Editor/Mono/BuildPipeline/BuildPipelineInterfaces.cs:1090)
UnityEditor.Build.BuildPipelineInterfaces:OnBuildPostProcess (UnityEditor.Build.Reporting.BuildReport) (at /Users/bokken/build/output/unity/unity/Editor/Mono/BuildPipeline/BuildPipelineInterfaces.cs:1212)
UnityEditor.BuildPipeline:BuildPlayerInternal (string[],string,string,UnityEditor.BuildTargetGroup,UnityEditor.BuildTarget,int,UnityEditor.BuildOptions,string[],string[],bool)
UnityEditor.BuildPipeline:BuildPlayer (UnityEditor.BuildPlayerOptions) (at /Users/bokken/build/output/unity/unity/Editor/Mono/BuildPipeline/BuildPipeline.bindings.cs:267)
PicoTowerDefenseEditor.ProjectSetup:BuildDevelopmentApk () (at Assets/SpatialTowerDefense/Editor/ProjectSetup.cs:463)

[/Users/bokken/build/output/unity/unity/Modules/AssetDatabase/Editor/ScriptBindings/AssetDatabase.bindings.cs line 539]

Refreshing native plugins compatible for Editor in 8.60 ms, found 13 plugins.

Asset Pipeline Refresh (id=132d0da9efde24b63ab561b1294bde9c): Total: 0.358 seconds - Initiated by RefreshV2(NoUpdateAssetOptions)
	(Values over 0.05ms)
	Summary:
		Imports: total=0 (actual=0, local cache=0, cache server=0)
		Asset DB Process Time: managed=0 ms, native=344 ms
		Asset DB Callback time: managed=1 ms, native=11 ms
		Scripting: domain reloads=0, domain reload time=0 ms, compile time=0 ms, other=0 ms
		Project Asset Count: scripts=1963, non-scripts=4945
		Asset File Changes: new=0, changed=0, moved=0, deleted=2
		Scan Filter Count: 1
	ApplyChangesToAssetFolders: 0.621ms
	Scan: 260.648ms
	Collect global state as custom dependencies: 0.143ms
	OnSourceAssetsModified: 0.128ms
	ProcessAssetsWithTransientArtifactChanges: 0.312ms
	CategorizeAssets: 10.860ms
	ImportOutOfDateAssets: 43.838ms (10.797ms without children)
		ReloadNativeAssets: 0.107ms
		UnloadImportedAssets: 0.079ms
		EnsureUptoDateAssetsAreRegisteredWithGuidPM: 0.479ms
		ImportSchedulerStart: 32.375ms
	PostProcessAllAssets: 1.876ms
		XRBuildSystem.XRAssetImported 0.439ms
		MonoPostProcessAllAssets: 1.241ms
			ModelAssetProcessor.OnPostprocessAllAssets 0.119ms
			TrackSelectedAssetsProcessor.OnPostprocessAllAssets 0.118ms
			RetainedModeAssetPostprocessor.OnPostprocessAllAssets 0.093ms
			AssetPostprocessor.OnPostprocessAllAssets 0.085ms
	PostAssetChangesProfiler: 11.254ms
	GatherAllCurrentPrimaryImportResultRevisions: 1.109ms
	UnloadStreamsBegin: 10.965ms
	PersistCurrentRevisions: 0.433ms
	Untracked: 14.435ms

Refreshing native plugins compatible for Editor in 2.29 ms, found 13 plugins.

-------------------------------------------------------------------------------
Build Report
Uncompressed usage by category (Percentages based on user generated assets only):
Textures               140.9 mb	 82.2% 
Meshes                 16.4 mb	 9.6% 
Animations             367.7 kb	 0.2% 
Sounds                 840.0 kb	 0.5% 
Shaders                2.6 mb	 1.5% 
Other Assets           9.7 mb	 5.7% 
Levels                 85.4 kb	 0.0% 
File headers           267.3 kb	 0.2% 
Total User Assets      171.3 mb	 100.0% 
Complete build size    771.8 mb
Used Assets and files from the Resources folder, sorted by uncompressed size:
 6.5 mb	 0.8% Packages/com.unity.ai.inference/Runtime/Core/Resources/Sentis/ComputeShaders/ConvGeneric.compute
 5.9 mb	 0.8% Assets/SpatialTowerDefense/Resources/UI/Startup/LotusCityStartCoverPressed.png
 5.9 mb	 0.8% Assets/SpatialTowerDefense/Resources/UI/Startup/LotusCityStartCover.png
 5.3 mb	 0.7% Assets/Resources/PolygonNatureBiomes/PNB_Meadow_Forest/Textures/Normals/Grass_01_Normals.tga
 5.3 mb	 0.7% Assets/Resources/PolygonNatureBiomes/PNB_Core/Textures/Grass_01_Normals.tga
 5.3 mb	 0.7% Assets/Resources/PolygonNatureBiomes/PNB_Meadow_Forest/Textures/Plants/Grass_01.tga
 5.3 mb	 0.7% Assets/Resources/PolygonNatureBiomes/PNB_Core/Textures/Grass_01.tga
 5.3 mb	 0.7% Assets/SpatialTowerDefense/Resources/UI/Generated/EnemyBriefingPanelV2/01_generated_image_url.png
 4.0 mb	 0.5% Assets/SpatialTowerDefense/Resources/UI/Generated/EnemyBriefingPanel/01_generated_image_url.png
 4.0 mb	 0.5% Assets/SpatialTowerDefense/Resources/UI/Generated/CoinPanelTop/01_generated_image_url.png
 4.0 mb	 0.5% Assets/SpatialTowerDefense/Resources/UI/Generated/MorningBellCard/01_generated_image_url.png
 4.0 mb	 0.5% Assets/SpatialTowerDefense/Resources/UI/Generated/LotusLampCard/01_generated_image_url.png
 4.0 mb	 0.5% Assets/SpatialTowerDefense/Resources/UI/Generated/GuardianCard/01_generated_image_url.png
 4.0 mb	 0.5% Assets/SpatialTowerDefense/Resources/UI/Generated/CoinPanel/01_generated_image_url.png
 2.7 mb	 0.4% Assets/Resources/PolygonNatureBiomes/PNB_Meadow_Forest/Models/SM_Env_Grass_Large_01.fbx
 2.7 mb	 0.3% Built-in Texture2D: Splash Screen Unity Logo
 2.7 mb	 0.3% Packages/com.bytedance.pico.xr/Assets/Resources/Hand/HandPose/Texture/Hand_Shadow_Long.png
 2.7 mb	 0.3% Assets/PolygonNatureBiomes/PNB_Core/Textures/Water_Refraction_Map 1.png
 2.7 mb	 0.3% Assets/Resources/PolygonNatureBiomes/PNB_Meadow_Forest/Terrain/RockWall_Texture_01.png
 2.7 mb	 0.3% Assets/Resources/PolygonNatureBiomes/PNB_Meadow_Forest/Terrain/RockWall_Normals_01.png
 2.7 mb	 0.3% Assets/Resources/PolygonNatureBiomes/PNB_Meadow_Forest/Terrain/Ground_Normals_01.png
 2.7 mb	 0.3% Assets/PolygonNatureBiomes/PNB_Meadow_Forest/Textures/Normals/Water_Refraction_Map.png
 2.7 mb	 0.3% Assets/Resources/PolygonNatureBiomes/PNB_Meadow_Forest/Textures/Bioluminescence/Grass_01_Glow_01.png
 2.7 mb	 0.3% Assets/Resources/PolygonNatureBiomes/PNB_Meadow_Forest/Terrain/Grass_Texture_01.png
 2.7 mb	 0.3% Assets/PolygonNatureBiomes/PNB_Meadow_Forest/Textures/Normals/WaterNormals_02.png
 2.7 mb	 0.3% Assets/PolygonNatureBiomes/PNB_Meadow_Forest/Textures/Normals/WaterNormals_01.png
 2.7 mb	 0.3% Assets/PolygonNatureBiomes/PNB_Core/Textures/WaterNormals_02.png
 1.3 mb	 0.2% Packages/com.bytedance.pico.xr/Assets/Resources/Controller/PICO 4/Textures/PICO4_Controller_Albedo.png
 1.3 mb	 0.2% Packages/com.bytedance.pico.xr/Assets/Resources/Hand/HandPose/Texture/FloorGrid.png
 1.3 mb	 0.2% Packages/com.bytedance.pico.xr/Assets/BuildingBlocks/Resources/filter.png
 1.2 mb	 0.1% Packages/com.unity.ai.inference/Runtime/Core/Resources/Sentis/PixelShaders/ConvTranspose.shader
 1.0 mb	 0.1% Packages/com.bytedance.pico.xr/Assets/UISet/Assets/Textures/PICOUI_Sprites.png
 785.6 kb	 0.1% Assets/Resources/Audio/LotusCityMusic.wav
 757.6 kb	 0.1% Resources/unity_builtin_extra
 682.8 kb	 0.1% Assets/Resources/GameplayModels/Tower_C3_SutraGuardianGate.fbm/风格化轮舵门3d模型_basecolor.JPEG
 682.8 kb	 0.1% Assets/Resources/GameplayModels/Scene_S10_SmallGrotto.fbm/石雕佛像三龛3d模型_basecolor.JPEG
 682.8 kb	 0.1% Assets/模型资产/s9/tripo_convert_eb2bb99c-4d01-43cc-857c-ebf0a721935e.fbm/传统亭子3d模型_basecolor.JPEG
 682.8 kb	 0.1% Assets/模型资产/s6/tripo_convert_c98b33c4-85ee-4cc6-847a-9e65222832e5.fbm/卡通拱桥3d模型_basecolor.JPEG
 682.8 kb	 0.1% Assets/模型资产/s18/tripo_convert_436b4163-18cc-42b5-ba29-eb154f2fbe1e.fbm/竹石景观3d模型_basecolor.JPEG
 682.8 kb	 0.1% Assets/模型资产/s14/tripo_convert_a06dd4d1-4b0a-4df5-ba15-95b5d20adf27.fbm/三柱旗杆3d模型_basecolor.JPEG
 682.8 kb	 0.1% Assets/模型资产/s12/tripo_convert_7e1180cd-d94e-4c4d-80bd-6dc678d15ac7.fbm/莲花盆景3d模型_basecolor.JPEG
 682.8 kb	 0.1% Assets/模型资产/s1/tripo_convert_dabf4fdf-9e52-4695-ad96-a0409841049c.fbm/3d模型东方建筑_basecolor.JPEG
 682.8 kb	 0.1% Assets/Resources/GameplayModels/Tower_C2_SutraWheel.fbm/祭坛装置3d模型_basecolor.JPEG
 682.8 kb	 0.1% Assets/Resources/GameplayModels/Tower_C1_SutraPillar.fbm/中式石柱3d模型_basecolor.JPEG
 682.8 kb	 0.1% Assets/Resources/GameplayModels/Tower_B1_LotusLamp.fbm/3d_多肉雕塑模型_basecolor.JPEG
 682.8 kb	 0.1% Assets/Resources/GameplayModels/Scene_S18_BambooRock.fbm/竹石景观3d模型_basecolor.JPEG
 682.8 kb	 0.1% Assets/Resources/GameplayModels/Scene_S17_GrassPlatform.fbm/草地平台3d模型_basecolor.JPEG
 682.8 kb	 0.1% Assets/Resources/GameplayModels/Scene_S16_IncenseBrazier.fbm/铜制茶壶3d模型_basecolor.JPEG
 682.8 kb	 0.1% Assets/Resources/GameplayModels/Scene_S14_PrayerBanners.fbm/三柱旗杆3d模型_basecolor.JPEG
 682.8 kb	 0.1% Assets/Resources/GameplayModels/Scene_S12_ReleasePond.fbm/莲花盆景3d模型_basecolor.JPEG
 682.8 kb	 0.1% Assets/Resources/GameplayModels/Scene_S09_Corridor.fbm/传统亭子3d模型_basecolor.JPEG
 682.8 kb	 0.1% Assets/Resources/GameplayModels/Scene_S07_MountainGate.fbm/传统门楼3d模型_basecolor.JPEG
 682.8 kb	 0.1% Assets/Resources/GameplayModels/Scene_S06_ArchBridge.fbm/卡通拱桥3d模型_basecolor.JPEG
 682.8 kb	 0.1% Assets/Resources/GameplayModels/Scene_S02_StonePath.fbm/石砌地面3d模型_basecolor.JPEG
 682.8 kb	 0.1% Assets/Resources/GameplayModels/Scene_S01_FloatingMountainBase.fbm/3d模型东方建筑_basecolor.JPEG
 682.8 kb	 0.1% Assets/Resources/GameplayModels/Enemy_E06_IgnoranceBeast.fbm/巨型石像3d模型_basecolor.JPEG
 682.8 kb	 0.1% Assets/Resources/GameplayModels/Enemy_E05_DoubtCarapace.fbm/3d模型龟壳生物_basecolor.JPEG
 682.8 kb	 0.1% Assets/Resources/GameplayModels/Enemy_E04_DelusionCloud.fbm/云朵旋涡3d模型_basecolor.JPEG
 682.8 kb	 0.1% Assets/Resources/GameplayModels/Enemy_E03_AngerCrag.fbm/石头巨像3d模型_basecolor.JPEG
 682.8 kb	 0.1% Assets/Resources/GameplayModels/Enemy_E02_GraspingBurden.fbm/岩石守卫3d模型_basecolor.JPEG
 682.8 kb	 0.1% Assets/Resources/GameplayModels/Enemy_E01_RestlessDust.fbm/石头怪物3d模型_basecolor.JPEG
 682.8 kb	 0.1% Assets/模型资产/s4/tripo_convert_a72d3be8-dbac-452f-902d-80cfa4f93205.fbm/石山门3d模型_basecolor.JPEG
 682.8 kb	 0.1% Assets/模型资产/s3/tripo_convert_12ef18a8-96ff-4de4-b0eb-245b1732ba7d.fbm/石砌井3d模型_basecolor.JPEG
 682.8 kb	 0.1% Assets/模型资产/s21/tripo_convert_6ad26a5c-b256-4728-a0bc-9ec2a693ba09.fbm/树盆景3d模型_basecolor.JPEG
 682.8 kb	 0.1% Assets/模型资产/s15/tripo_convert_295cd136-a12d-416c-938f-352123e557c7.fbm/石灯笼3d模型_basecolor.JPEG
 682.8 kb	 0.1% Assets/模型资产/s13/tripo_convert_27f4f165-616c-4b47-9d15-57be83219dfb.fbm/盆景树3d模型_basecolor.JPEG
 682.8 kb	 0.1% Assets/Resources/GameplayModels/Tower_B3_LotusLamp.fbm/莲花座3d模型_basecolor.JPEG
 682.8 kb	 0.1% Assets/Resources/GameplayModels/Tower_B2_LotusLamp.fbm/3d模型_水井_basecolor.JPEG
 682.8 kb	 0.1% Assets/Resources/GameplayModels/Scene_S15_StoneLantern.fbm/石灯笼3d模型_basecolor.JPEG
 682.8 kb	 0.1% Assets/Resources/GameplayModels/Scene_S13_AncientCypress.fbm/盆景树3d模型_basecolor.JPEG
 682.8 kb	 0.1% Assets/Resources/GameplayModels/Scene_S08_MainTemple.fbm/3d_模型寺庙_basecolor.JPEG
 682.8 kb	 0.1% Assets/Resources/GameplayModels/Scene_S04_CliffWell.fbm/石山门3d模型_basecolor.JPEG
 682.8 kb	 0.1% Assets/Resources/GameplayModels/Scene_S03_LowStoneWall.fbm/石砌井3d模型_basecolor.JPEG
 682.8 kb	 0.1% Assets/模型资产/s5/tripo_convert_9386420b-3143-4f2a-b84f-24aaa5ad8b3e.fbm/石阶3d模型_basecolor.JPEG
 682.8 kb	 0.1% Assets/模型资产/s20/tripo_convert_a31cc131-d266-4c1f-8454-7fbaa5af8609.fbm/岩石3d模型_basecolor.JPEG
 682.8 kb	 0.1% Assets/模型资产/s19/tripo_convert_bd066ff9-71de-4a57-91f6-401331a0b99b.fbm/岩石3d模型_basecolor.JPEG
 682.8 kb	 0.1% Assets/模型资产/s11/tripo_convert_5734171d-2c44-45a2-8b92-5b336fa13cde.fbm/佛像3d模型_basecolor.JPEG
 682.8 kb	 0.1% Assets/SpatialTowerDefense/Resources/GameplayModels/UI_AncientCoin.fbm/UI_AncientCoin_basecolor.JPEG
 682.8 kb	 0.1% Assets/Resources/GameplayModels/Tower_A3_MorningBell.fbm/钟楼3d模型_basecolor.JPEG
 682.8 kb	 0.1% Assets/Resources/GameplayModels/Tower_A2_MorningBell.fbm/铃亭3d模型_basecolor.JPEG
 682.8 kb	 0.1% Assets/Resources/GameplayModels/Tower_A1_MorningBell.fbm/钟铃3d模型_basecolor.JPEG
 682.8 kb	 0.1% Assets/Resources/GameplayModels/Scene_S20_RockB.fbm/岩石3d模型_basecolor.JPEG
 682.8 kb	 0.1% Assets/Resources/GameplayModels/Scene_S19_Rock.fbm/岩石3d模型_basecolor.JPEG
 682.8 kb	 0.1% Assets/Resources/GameplayModels/Scene_S11_BuddhaNiche.fbm/佛像3d模型_basecolor.JPEG
 682.8 kb	 0.1% Assets/Resources/GameplayModels/Scene_S05_StoneStairs.fbm/石阶3d模型_basecolor.JPEG
 682.8 kb	 0.1% Packages/com.bytedance.pico.xr/Assets/Resources/Share Space.png
 682.8 kb	 0.1% Packages/com.bytedance.pico.xr/Assets/Resources/Full Space.png
 682.8 kb	 0.1% Assets/PolygonNatureBiomes/PNB_Core/Textures/Noise_Wave.tga
 682.8 kb	 0.1% Packages/com.bytedance.pico.xr/Assets/Resources/grid.jpg
 617.4 kb	 0.1% Assets/Resources/GameplayModels/Enemy_E06_IgnoranceBeast.fbx
 538.3 kb	 0.1% Assets/New Terrain 2.asset
 531.9 kb	 0.1% Packages/com.unity.ai.inference/Runtime/Core/Resources/Sentis/ComputeShaders/Dense.compute
 495.0 kb	 0.1% Packages/com.bytedance.pico.xr/Assets/Resources/Controller/ControllerWithHand/Mesh/RightHand/rightHand.fbx
 434.5 kb	 0.1% Packages/com.bytedance.pico.xr/Assets/Resources/Controller/ControllerWithHand/Mesh/RightHand/rightHand_X_A_Y_B.fbx
 410.9 kb	 0.1% Packages/com.bytedance.pico.xr/Assets/Resources/Controller/ControllerWithHand/Mesh/LeftHand/leftHand.fbx
 349.6 kb	 0.0% Packages/com.bytedance.pico.xr/Assets/Resources/Controller/ControllerWithHand/Mesh/LeftHand/leftHand_X_A_Y_B.fbx
 341.5 kb	 0.0% Packages/com.bytedance.pico.xr/Assets/Resources/Hand/HandPose/Texture/Hand_Shadow_Short.png
 341.5 kb	 0.0% Assets/SpatialTowerDefense/Resources/UI/Startup/FigmaCanvas.png
 334.6 kb	 0.0% Packages/com.bytedance.pico.xr/Assets/Resources/Controller/PICO 4U/Animation/mesh/o_com_PICO4U_right_01.fbx
 333.1 kb	 0.0% Packages/com.bytedance.pico.xr/Assets/Resources/Controller/PICO 4U/Animation/mesh/o_com_PICO4U_left_01.fbx
 303.8 kb	 0.0% Assets/Resources/GameplayModels/Enemy_E05_DoubtCarapace.fbx
 296.2 kb	 0.0% Assets/Resources/GameplayModels/Enemy_E03_AngerCrag.fbx
 289.3 kb	 0.0% Assets/Resources/PolygonNatureBiomes/PNB_Core/Shaders/SyntyStudios_VegitationShader.shader
 271.4 kb	 0.0% Assets/Resources/GameplayModels/Scene_S08_MainTemple.fbx
 260.4 kb	 0.0% Packages/com.unity.ai.inference/Runtime/Core/Resources/Sentis/ComputeShaders/Compute.Shaders.Broadcast.gen.compute
 257.3 kb	 0.0% Assets/Resources/GameplayModels/Scene_S09_Corridor.fbx
 256.0 kb	 0.0% Assets/模型资产/s9/tripo_convert_eb2bb99c-4d01-43cc-857c-ebf0a721935e.fbx
 248.9 kb	 0.0% Assets/Resources/GameplayModels/Tower_B2_LotusLamp.fbx
 242.1 kb	 0.0% Assets/Resources/GameplayModels/Enemy_E02_GraspingBurden.fbx
 240.8 kb	 0.0% Assets/Resources/GameplayModels/Scene_S04_CliffWell.fbx
 239.6 kb	 0.0% Assets/模型资产/s4/tripo_convert_a72d3be8-dbac-452f-902d-80cfa4f93205.fbx
 238.9 kb	 0.0% Assets/Resources/GameplayModels/Scene_S06_ArchBridge.fbx
 238.4 kb	 0.0% Assets/Resources/GameplayModels/Tower_A3_MorningBell.fbx
 238.3 kb	 0.0% Packages/com.bytedance.pico.xr/Assets/Resources/Controller/PICO 4/Meshes/PICO4_Controller_Left.fbx
 237.7 kb	 0.0% Assets/模型资产/s6/tripo_convert_c98b33c4-85ee-4cc6-847a-9e65222832e5.fbx
 235.3 kb	 0.0% Packages/com.bytedance.pico.xr/Assets/Resources/Controller/PICO 4/Meshes/PICO4_Controller_Right.fbx
 235.3 kb	 0.0% Assets/Resources/GameplayModels/Scene_S10_SmallGrotto.fbx
 233.9 kb	 0.0% Assets/Resources/GameplayModels/Scene_S18_BambooRock.fbx
 232.7 kb	 0.0% Assets/模型资产/s18/tripo_convert_436b4163-18cc-42b5-ba29-eb154f2fbe1e.fbx
 229.9 kb	 0.0% Assets/Resources/GameplayModels/Scene_S15_StoneLantern.fbx
 229.5 kb	 0.0% Assets/Resources/GameplayModels/Scene_S14_PrayerBanners.fbx
 228.7 kb	 0.0% Assets/模型资产/s15/tripo_convert_295cd136-a12d-416c-938f-352123e557c7.fbx
 228.3 kb	 0.0% Assets/模型资产/s14/tripo_convert_a06dd4d1-4b0a-4df5-ba15-95b5d20adf27.fbx
 226.4 kb	 0.0% Assets/Resources/GameplayModels/Scene_S01_FloatingMountainBase.fbx
 226.0 kb	 0.0% Assets/模型资产/s1/tripo_convert_dabf4fdf-9e52-4695-ad96-a0409841049c.fbx
 213.3 kb	 0.0% Packages/com.unity.ai.inference/Runtime/Core/Resources/Sentis/ComputeShaders/Compute.Shaders.Reduction.gen.compute
 210.8 kb	 0.0% Assets/Resources/GameplayModels/Scene_S17_GrassPlatform.fbx
 204.5 kb	 0.0% Assets/Resources/GameplayModels/Scene_S16_IncenseBrazier.fbx
 194.3 kb	 0.0% Assets/Resources/GameplayModels/Scene_S13_AncientCypress.fbx
 193.1 kb	 0.0% Assets/模型资产/s13/tripo_convert_27f4f165-616c-4b47-9d15-57be83219dfb.fbx
 184.3 kb	 0.0% Assets/SpatialTowerDefense/Resources/GameplayModels/UI_AncientCoin.fbx
 174.7 kb	 0.0% Assets/Resources/GameplayModels/Enemy_E04_DelusionCloud.fbx
 174.0 kb	 0.0% Packages/com.bytedance.pico.xr/Assets/Resources/Controller/Neo3/Meshes/Neo3_Controller_Right.fbx
 174.0 kb	 0.0% Packages/com.bytedance.pico.xr/Assets/Resources/Controller/Neo3/Meshes/Neo3_Controller_Left.fbx
 170.9 kb	 0.0% Packages/com.bytedance.pico.xr/Assets/Resources/PICO developer logo white.png
 170.9 kb	 0.0% Packages/com.bytedance.pico.xr/Assets/Resources/PICO developer logo black.png
 170.8 kb	 0.0% Packages/com.bytedance.pico.xr/Assets/Resources/Controller/PICO 4U/Textures/o_com_sparrow_01_b.png
 170.8 kb	 0.0% Packages/com.bytedance.pico.xr/Assets/Resources/Controller/PICO 4U/Texture/o_com_PICO4U_02_b.png
 170.8 kb	 0.0% Packages/com.bytedance.pico.xr/Assets/Resources/Controller/PICO 4U/Texture/o_com_PICO4U_02_a.png
 170.8 kb	 0.0% Packages/com.bytedance.pico.xr/Assets/Resources/Controller/PICO 4U/Texture/o_com_PICO4U_01_b.png
 170.8 kb	 0.0% Packages/com.bytedance.pico.xr/Assets/Resources/Controller/Neo3/Textures/controller5_idle.png
 170.8 kb	 0.0% Packages/com.bytedance.pico.xr/Assets/Resources/Controller/Neo3/Textures/controller5_idle.jpg
 170.8 kb	 0.0% Assets/Resources/PolygonNatureBiomes/PNB_Core/Textures/Noise_Small.png
 170.8 kb	 0.0% Packages/com.bytedance.pico.xr/Assets/Resources/Controller/G3/Textures/G3.png
 169.2 kb	 0.0% Packages/com.unity.ai.inference/Runtime/Core/Resources/Sentis/ComputeShaders/Compute.Shaders.Conv.gen.compute
 160.3 kb	 0.0% Packages/com.bytedance.pico.xr/Assets/Resources/Hand/HandPose/Objects/hand_axis.fbx
 158.3 kb	 0.0% Assets/Resources/GameplayModels/Tower_A2_MorningBell.fbx
 158.1 kb	 0.0% Assets/Resources/PolygonNatureBiomes/PNB_Meadow_Forest/Models/SM_Env_Rock_Cliff_03.fbx
 151.1 kb	 0.0% Assets/Resources/GameplayModels/Tower_C3_SutraGuardianGate.fbx
 149.0 kb	 0.0% Packages/com.bytedance.pico.xr/Assets/Resources/Controller/G3/Meshes/G3.FBX
 148.6 kb	 0.0% Assets/Resources/GameplayModels/Tower_C1_SutraPillar.fbx
 143.5 kb	 0.0% Assets/Resources/GameplayModels/Scene_S07_MountainGate.fbx
 142.7 kb	 0.0% Assets/Resources/GameplayModels/Tower_A1_MorningBell.fbx
 141.6 kb	 0.0% Assets/Resources/GameplayModels/Tower_C2_SutraWheel.fbx
 140.7 kb	 0.0% Packages/com.bytedance.pico.xr/Assets/Resources/Hand/Models/Hand_R.fbx
 140.7 kb	 0.0% Packages/com.bytedance.pico.xr/Assets/Resources/Hand/Models/Hand_L.fbx
 139.0 kb	 0.0% Assets/Resources/GameplayModels/Scene_S02_StonePath.fbx
 138.5 kb	 0.0% Assets/Resources/GameplayModels/Scene_S12_ReleasePond.fbx
 138.5 kb	 0.0% Assets/PolygonNatureBiomes/PNB_Core/Shaders/SyntyStudios_WaterShader.shader
 138.2 kb	 0.0% Assets/模型资产/s21/tripo_convert_6ad26a5c-b256-4728-a0bc-9ec2a693ba09.fbx
 137.2 kb	 0.0% Assets/模型资产/s12/tripo_convert_7e1180cd-d94e-4c4d-80bd-6dc678d15ac7.fbx
 136.4 kb	 0.0% Assets/Resources/GameplayModels/Tower_B1_LotusLamp.fbx
 135.7 kb	 0.0% Assets/Resources/GameplayModels/Tower_B3_LotusLamp.fbx
 133.0 kb	 0.0% Assets/Resources/GameplayModels/Scene_S03_LowStoneWall.fbx
 132.9 kb	 0.0% Assets/Resources/GameplayModels/Scene_S11_BuddhaNiche.fbx
 131.8 kb	 0.0% Assets/模型资产/s3/tripo_convert_12ef18a8-96ff-4de4-b0eb-245b1732ba7d.fbx
 131.7 kb	 0.0% Assets/模型资产/s11/tripo_convert_5734171d-2c44-45a2-8b92-5b336fa13cde.fbx
 131.5 kb	 0.0% Assets/Resources/GameplayModels/Enemy_E01_RestlessDust.fbx
 129.6 kb	 0.0% Assets/Resources/GameplayModels/Scene_S20_RockB.fbx
 129.5 kb	 0.0% Packages/com.bytedance.pico.xr/Assets/Resources/Hand/HandPose/Objects/hand_model.fbx
 128.5 kb	 0.0% Assets/Resources/GameplayModels/Scene_S05_StoneStairs.fbx
 128.4 kb	 0.0% Assets/模型资产/s20/tripo_convert_a31cc131-d266-4c1f-8454-7fbaa5af8609.fbx
 127.4 kb	 0.0% Assets/Resources/GameplayModels/Scene_S19_Rock.fbx
 127.3 kb	 0.0% Assets/模型资产/s5/tripo_convert_9386420b-3143-4f2a-b84f-24aaa5ad8b3e.fbx
 126.2 kb	 0.0% Assets/模型资产/s19/tripo_convert_bd066ff9-71de-4a57-91f6-401331a0b99b.fbx
 115.3 kb	 0.0% Packages/com.bytedance.pico.xr/Assets/Resources/Hand/HandPose/Objects/head_model.fbx
 109.8 kb	 0.0% Packages/com.unity.ai.inference/Runtime/Core/Resources/Sentis/ComputeShaders/GridSample.compute
 106.8 kb	 0.0% Packages/com.unity.ai.inference/Runtime/Core/Resources/Sentis/ComputeShaders/Compute.Shaders.ConvTranspose.gen.compute
 103.5 kb	 0.0% Packages/com.unity.ai.inference/Runtime/Core/Resources/Sentis/ComputeShaders/Compute.Shaders.PointwiseUnary.gen.compute
 99.4 kb	 0.0% Assets/Resources/PXR_DebuggerPanel.prefab
 85.5 kb	 0.0% Packages/com.bytedance.pico.xr/Assets/Resources/Controller/PICO 4U/Textures/Power/o_com_PICO4U_power_05.png
 85.5 kb	 0.0% Packages/com.bytedance.pico.xr/Assets/Resources/Controller/PICO 4U/Textures/Power/o_com_PICO4U_power_04.png
 85.5 kb	 0.0% Packages/com.bytedance.pico.xr/Assets/Resources/Controller/PICO 4U/Textures/Power/o_com_PICO4U_power_03.png
 85.5 kb	 0.0% Packages/com.bytedance.pico.xr/Assets/Resources/Controller/PICO 4U/Textures/Power/o_com_PICO4U_power_02.png
 85.5 kb	 0.0% Packages/com.bytedance.pico.xr/Assets/Resources/Controller/PICO 4U/Textures/Power/o_com_PICO4U_power_01.png
 85.5 kb	 0.0% Packages/com.bytedance.pico.xr/Assets/Resources/Controller/PICO 4U/Texture/o_com_PICO4U_power_05.png
 85.5 kb	 0.0% Packages/com.bytedance.pico.xr/Assets/Resources/Controller/PICO 4U/Texture/o_com_PICO4U_power_04.png
 85.5 kb	 0.0% Packages/com.bytedance.pico.xr/Assets/Resources/Controller/PICO 4U/Texture/o_com_PICO4U_power_03.png
 85.5 kb	 0.0% Packages/com.bytedance.pico.xr/Assets/Resources/Controller/PICO 4U/Texture/o_com_PICO4U_power_02.png
 85.5 kb	 0.0% Packages/com.bytedance.pico.xr/Assets/Resources/Controller/PICO 4U/Texture/o_com_PICO4U_power_01.png
 85.5 kb	 0.0% Packages/com.bytedance.pico.xr/Assets/Resources/Controller/PICO 4U/Textures/o_com_sparrow_02_a.png
 72.2 kb	 0.0% Packages/com.unity.ai.inference/Runtime/Core/Resources/Sentis/ComputeShaders/RNN.compute
 69.1 kb	 0.0% Packages/com.bytedance.pico.xr/Assets/Debugger/Prefabs/Tools/FBX/measure 2.fbx
 66.3 kb	 0.0% Packages/com.bytedance.pico.xr/Assets/Debugger/Prefabs/Tools/FBX/button.fbx
 64.8 kb	 0.0% Packages/com.bytedance.pico.xr/Assets/Resources/Controller/PICO 4/Textures/Power/PICO4_ControllerPower_05.png
 64.8 kb	 0.0% Packages/com.bytedance.pico.xr/Assets/Resources/Controller/PICO 4/Textures/Power/PICO4_ControllerPower_04.png
 64.8 kb	 0.0% Packages/com.bytedance.pico.xr/Assets/Resources/Controller/PICO 4/Textures/Power/PICO4_ControllerPower_03.png
 64.8 kb	 0.0% Packages/com.bytedance.pico.xr/Assets/Resources/Controller/PICO 4/Textures/Power/PICO4_ControllerPower_02.png
 64.8 kb	 0.0% Packages/com.bytedance.pico.xr/Assets/Resources/Controller/PICO 4/Textures/Power/PICO4_ControllerPower_01.png
 64.7 kb	 0.0% Packages/com.bytedance.pico.xr/Assets/Resources/Controller/G3/Textures/Power/dianliang_05.png
 64.7 kb	 0.0% Packages/com.bytedance.pico.xr/Assets/Resources/Controller/G3/Textures/Power/dianliang_04.png
 64.7 kb	 0.0% Packages/com.bytedance.pico.xr/Assets/Resources/Controller/G3/Textures/Power/dianliang_03.png
 64.7 kb	 0.0% Packages/com.bytedance.pico.xr/Assets/Resources/Controller/G3/Textures/Power/dianliang_02.png
 64.7 kb	 0.0% Packages/com.bytedance.pico.xr/Assets/Resources/Controller/G3/Textures/Power/dianliang_01.png
 62.3 kb	 0.0% Packages/com.unity.ai.inference/Runtime/Core/Resources/Sentis/ComputeShaders/DepthwiseConv.compute
 55.1 kb	 0.0% Assets/Resources/PolygonNatureBiomes/PNB_Meadow_Forest/Models/SM_Env_Rock_Cliff_02.fbx
 54.4 kb	 0.0% Packages/com.unity.ai.inference/Runtime/Core/Resources/Sentis/ComputeShaders/Pool.compute
 53.9 kb	 0.0% Packages/com.bytedance.pico.xr/Assets/Resources/Hand/Models/Hand_Ray.fbx
 51.8 kb	 0.0% Assets/Resources/PolygonNatureBiomes/PNB_Core/Shaders/SyntyStudios_Triplanar_Basic.shader
 42.8 kb	 0.0% Packages/com.bytedance.pico.xr/Assets/Resources/Controller/PICO 4U/Textures/o_com_matcap_02_b.png
 42.8 kb	 0.0% Packages/com.bytedance.pico.xr/Assets/Resources/Controller/PICO 4U/Textures/o_com_matcap_01_b.png
 42.8 kb	 0.0% Packages/com.bytedance.pico.xr/Assets/Resources/Controller/PICO 4U/Texture/o_com_matcap_03_b.png
 42.8 kb	 0.0% Packages/com.bytedance.pico.xr/Assets/Resources/Controller/PICO 4U/Texture/o_com_matcap_02_b.png
 42.8 kb	 0.0% Packages/com.bytedance.pico.xr/Assets/Resources/Controller/PICO 4U/Texture/o_com_matcap_01_b.png
 41.8 kb	 0.0% Assets/Resources/Audio/Victory.wav
 39.9 kb	 0.0% Packages/com.unity.ai.inference/Runtime/Core/Resources/Sentis/ComputeShaders/Compute.Shaders.ReductionUnrolled.gen.compute
 39.4 kb	 0.0% Packages/com.unity.ai.inference/Runtime/Core/Resources/Sentis/ComputeShaders/GemmT.compute
 39.1 kb	 0.0% Packages/com.unity.ai.inference/Runtime/Core/Resources/Sentis/ComputeShaders/WindowedDFTMatrix.compute
 34.4 kb	 0.0% Packages/com.unity.ai.inference/Runtime/Core/Resources/Sentis/PixelShaders/ScatterElements.shader
 32.2 kb	 0.0% Packages/com.unity.ai.inference/Runtime/Core/Resources/Sentis/ComputeShaders/RoiAlign.compute
 31.8 kb	 0.0% Packages/com.unity.ai.inference/Runtime/Core/Resources/Sentis/ComputeShaders/Resize.compute
 31.6 kb	 0.0% Packages/com.unity.ai.inference/Runtime/Core/Resources/Sentis/ComputeShaders/CompareOps.compute
 24.7 kb	 0.0% Packages/com.unity.ai.inference/Runtime/Core/Resources/Sentis/ComputeShaders/ReferenceImpl.PoolA.compute
 24.2 kb	 0.0% Packages/com.bytedance.pico.xr/Assets/Resources/Prefabs/HandPoseGenerator.prefab
 23.6 kb	 0.0% Packages/com.unity.ai.inference/Runtime/Core/Resources/Sentis/ComputeShaders/ScatterOps.compute
 23.5 kb	 0.0% Packages/com.unity.ai.inference/Runtime/Core/Resources/Sentis/ComputeShaders/ReferenceImpl.IndexingOpsA.compute
 23.2 kb	 0.0% Packages/com.unity.ai.inference/Runtime/Core/Resources/Sentis/PixelShaders/Broadcast.shader
 23.2 kb	 0.0% Packages/com.unity.ai.inference/Runtime/Core/Resources/Sentis/PixelShaders/GridSample.shader
 22.3 kb	 0.0% Packages/com.unity.ai.inference/Runtime/Core/Resources/Sentis/ComputeShaders/CopyOps.compute
 21.8 kb	 0.0% Packages/com.unity.ai.inference/Runtime/Core/Resources/Sentis/PixelShaders/Activation.shader
 19.3 kb	 0.0% Assets/Resources/PolygonNatureBiomes/PNB_Meadow_Forest/Models/SM_Env_Rock_Cliff_01.fbx
 18.4 kb	 0.0% Packages/com.unity.ai.inference/Runtime/Core/Resources/Sentis/TextureConversion/TensorToTexture.compute
 17.9 kb	 0.0% Packages/com.unity.ai.inference/Runtime/Core/Resources/Sentis/TextureConversion/TextureToTensor.compute
 17.4 kb	 0.0% Packages/com.unity.ai.inference/Runtime/Core/Resources/Sentis/ComputeShaders/ReduceIndices.compute
 17.0 kb	 0.0% Packages/com.unity.ai.inference/Runtime/Core/Resources/Sentis/ComputeShaders/ReferenceImpl.PadA.compute
 16.6 kb	 0.0% Packages/com.unity.ai.inference/Runtime/Core/Resources/Sentis/PixelShaders/STFT.shader
 16.4 kb	 0.0% Packages/com.unity.ai.inference/Runtime/Core/Resources/Sentis/ComputeShaders/CumSum.compute
 16.1 kb	 0.0% Assets/Resources/PolygonNatureBiomes/PNB_Core/Textures/LODNoise.png
 16.0 kb	 0.0% Packages/com.unity.ai.inference/Runtime/Core/Resources/Sentis/ComputeShaders/NMS.compute
 15.7 kb	 0.0% Packages/com.unity.ai.inference/Runtime/Core/Resources/Sentis/PixelShaders/GroupedConv.shader
 14.3 kb	 0.0% Assets/Resources/PolygonNatureBiomes/PNB_Meadow_Forest/Models/SM_Env_Ground_Mound_Large_01.fbx
 14.2 kb	 0.0% Packages/com.unity.ai.inference/Runtime/Core/Resources/Sentis/PixelShaders/Conv.shader
 14.0 kb	 0.0% Packages/com.bytedance.pico.xr/Assets/Resources/Hand/Shaders/PXR_Hand.shader
 14.0 kb	 0.0% Packages/com.bytedance.pico.xr/Assets/Resources/Hand/HandPose/Shaders/HPE_hand_highlight.shader
 13.6 kb	 0.0% Packages/com.unity.ai.inference/Runtime/Core/Resources/Sentis/ComputeShaders/Random.compute
 13.6 kb	 0.0% Assets/PolygonNatureBiomes/PNB_Meadow_Forest/Models/SM_Env_Water_Plane_01.fbx
 13.4 kb	 0.0% Packages/com.unity.ai.inference/Runtime/Core/Resources/Sentis/ComputeShaders/Normalization.compute
 13.3 kb	 0.0% Packages/com.unity.ai.inference/Runtime/Core/Resources/Sentis/ComputeShaders/Clip.compute
 12.9 kb	 0.0% Packages/com.bytedance.pico.xr/Assets/Resources/Hand/Shaders/PXR_HandRay.shader
 12.9 kb	 0.0% Packages/com.bytedance.pico.xr/Assets/Resources/Hand/HandPose/Shaders/HPE_hand_outline.shader
 12.6 kb	 0.0% Assets/Resources/Audio/TowerPlace.wav
 12.1 kb	 0.0% Packages/com.bytedance.pico.xr/Assets/Resources/Meshes/circular cone.fbx
 12.1 kb	 0.0% Packages/com.bytedance.pico.xr/Assets/Resources/Hand/HandPose/Shaders/HPE_hand_fade.shader
 11.7 kb	 0.0% Packages/com.unity.ai.inference/Runtime/Core/Resources/Sentis/PixelShaders/ScatterND.shader
 11.7 kb	 0.0% Packages/com.bytedance.pico.xr/Assets/Resources/Controller/PICO 4U/Shader/o_com_shader_code.shader
 11.7 kb	 0.0% Packages/com.unity.ai.inference/Runtime/Core/Resources/Sentis/ComputeShaders/LogicalOps.compute
 11.6 kb	 0.0% Packages/com.unity.ai.inference/Runtime/Core/Resources/Sentis/PixelShaders/DepthwiseConv.shader
 10.8 kb	 0.0% Assets/PolygonNatureBiomes/PNB_Meadow_Forest/FX/FX_Textures/White 1.png
 10.8 kb	 0.0% Assets/PolygonNatureBiomes/PNB_Core/Textures/White_01.png
 10.8 kb	 0.0% Assets/PolygonNatureBiomes/PNB_Core/Textures/White.png
 10.3 kb	 0.0% Packages/com.unity.ai.inference/Runtime/Core/Resources/Sentis/TextureConversion/TensorToTexture.shader
 10.1 kb	 0.0% Packages/com.unity.ai.inference/Runtime/Core/Resources/Sentis/PixelShaders/LocalResponseNormalization.shader
 10.1 kb	 0.0% Packages/com.unity.ai.inference/Runtime/Core/Resources/Sentis/PixelShaders/WindowedDFTMatrix.shader
 10.0 kb	 0.0% Packages/com.unity.ai.inference/Runtime/Core/Resources/Sentis/PixelShaders/Pad.shader
 9.9 kb	 0.0% Packages/com.unity.ai.inference/Runtime/Core/Resources/Sentis/PixelShaders/GatherElements.shader
 9.7 kb	 0.0% Packages/com.unity.ai.inference/Runtime/Core/Resources/Sentis/PixelShaders/SliceSet.shader
 9.7 kb	 0.0% Packages/com.unity.ai.inference/Runtime/Core/Resources/Sentis/PixelShaders/RoiAlign.shader
 9.7 kb	 0.0% Packages/com.unity.ai.inference/Runtime/Core/Resources/Sentis/PixelShaders/Reduce.shader
 9.3 kb	 0.0% Packages/com.unity.ai.inference/Runtime/Core/Resources/Sentis/PixelShaders/Random.shader
 9.1 kb	 0.0% Packages/com.unity.ai.inference/Runtime/Core/Resources/Sentis/ComputeShaders/ImageBased.compute
 9.0 kb	 0.0% Packages/com.unity.ai.inference/Runtime/Core/Resources/Sentis/PixelShaders/Upsample.shader
 8.8 kb	 0.0% Packages/com.unity.ai.inference/Runtime/Core/Resources/Sentis/TextureConversion/TextureToTensor.shader
 8.8 kb	 0.0% Packages/com.unity.ai.inference/Runtime/Core/Resources/Sentis/ComputeShaders/SortingOps.compute
 8.6 kb	 0.0% Packages/com.unity.ai.inference/Runtime/Core/Resources/Sentis/ComputeShaders/IndexingOps.compute
 8.5 kb	 0.0% Packages/com.unity.ai.inference/Runtime/Core/Resources/Sentis/PixelShaders/LocalPool.shader
 8.5 kb	 0.0% Packages/com.unity.ai.inference/Runtime/Core/Resources/Sentis/PixelShaders/GatherND.shader
 8.3 kb	 0.0% Packages/com.unity.ai.inference/Runtime/Core/Resources/Sentis/ComputeShaders/BitonicSort.compute
 7.9 kb	 0.0% Packages/com.unity.ai.inference/Runtime/Core/Resources/Sentis/ComputeShaders/Spectral.compute
 7.6 kb	 0.0% Packages/com.unity.ai.inference/Runtime/Core/Resources/Sentis/PixelShaders/Gather.shader
 7.5 kb	 0.0% Packages/com.bytedance.pico.xr/Assets/Resources/Controller/PICO 4/Shaders/PXR_PICO4.shader
 7.5 kb	 0.0% Packages/com.unity.ai.inference/Runtime/Core/Resources/Sentis/PixelShaders/DepthToSpace.shader
 7.5 kb	 0.0% Packages/com.bytedance.pico.xr/Assets/Resources/Hand/HandPose/Shaders/HPE_hand_axis.shader
 7.1 kb	 0.0% Packages/com.bytedance.pico.xr/Assets/Resources/Hand/HandPose/Shaders/HPE_head_fade.shader
 7.0 kb	 0.0% Packages/com.unity.ai.inference/Runtime/Core/Resources/Sentis/PixelShaders/Slice.shader
 7.0 kb	 0.0% Packages/com.bytedance.pico.xr/Assets/Resources/Controller/PICO 4/Shaders/PXR_PICO4_Power.shader
 7.0 kb	 0.0% Packages/com.bytedance.pico.xr/Assets/Resources/Controller/Neo3/PXR_Neo3.shader
 7.0 kb	 0.0% Packages/com.unity.ai.inference/Runtime/Core/Resources/Sentis/PixelShaders/Clip.shader
 7.0 kb	 0.0% Packages/com.bytedance.pico.xr/Assets/Resources/Hand/HandPose/Shaders/HPE_hand_floorshadow.shader
 6.9 kb	 0.0% Packages/com.unity.ai.inference/Runtime/Core/Resources/Sentis/ComputeShaders/ReferenceImpl.Einsum.compute
 6.8 kb	 0.0% Packages/com.bytedance.pico.xr/Assets/Resources/Controller/G3/Shaders/PXR_G3.shader
 6.8 kb	 0.0% Packages/com.bytedance.pico.xr/Assets/Resources/Controller/PICO 4U/Shader/o_com_power.shader
 6.7 kb	 0.0% Packages/com.unity.ai.inference/Runtime/Core/Resources/Sentis/PixelShaders/CumSum.shader
 6.7 kb	 0.0% Packages/com.unity.ai.inference/Runtime/Core/Resources/Sentis/PixelShaders/ReduceIndices.shader
 6.7 kb	 0.0% Packages/com.unity.ai.inference/Runtime/Core/Resources/Sentis/PixelShaders/SpaceToDepth.shader
 6.7 kb	 0.0% Packages/com.unity.ai.inference/Runtime/Core/Resources/Sentis/PixelShaders/Split.shader
 6.7 kb	 0.0% Packages/com.unity.ai.inference/Runtime/Core/Resources/Sentis/PixelShaders/Dense.shader
 6.6 kb	 0.0% Packages/com.unity.ai.inference/Runtime/Core/Resources/Sentis/PixelShaders/Reshape.shader
 6.6 kb	 0.0% Packages/com.unity.ai.inference/Runtime/Core/Resources/Sentis/PixelShaders/TextureTensorDataDownload.shader
 6.6 kb	 0.0% Packages/com.bytedance.pico.xr/Assets/Resources/Meshes/DefaultLine.fbx
 6.3 kb	 0.0% Packages/com.unity.ai.inference/Runtime/Core/Resources/Sentis/ComputeShaders/AxisActivations.compute
 6.2 kb	 0.0% Packages/com.unity.ai.inference/Runtime/Core/Resources/Sentis/PixelShaders/LayoutSwitchBlockedAxis.shader
 6.2 kb	 0.0% Packages/com.bytedance.pico.xr/Assets/Resources/Controller/PICO 4U R WithHand.prefab
 6.1 kb	 0.0% Packages/com.bytedance.pico.xr/Assets/Resources/Controller/PICO 4U L WithHand.prefab
 6.1 kb	 0.0% Packages/com.bytedance.pico.xr/Assets/Resources/Controller/ControllerWithHand/rightHand.prefab
 6.1 kb	 0.0% Packages/com.unity.ai.inference/Runtime/Core/Resources/Sentis/PixelShaders/Gemm.shader
 6.0 kb	 0.0% Packages/com.bytedance.pico.xr/Assets/Resources/Shader/PXR_EyeMask.shader
 6.0 kb	 0.0% Packages/com.bytedance.pico.xr/Assets/Resources/Controller/ControllerWithHand/leftHand.prefab
 6.0 kb	 0.0% Packages/com.unity.ai.inference/Runtime/Core/Resources/Sentis/PixelShaders/TextureTensorDataUpload.shader
 5.8 kb	 0.0% Packages/com.unity.ai.inference/Runtime/Core/Resources/Sentis/PixelShaders/Where.shader
 5.7 kb	 0.0% Packages/com.unity.ai.inference/Runtime/Core/Resources/Sentis/PixelShaders/ActivationInt.shader
 5.6 kb	 0.0% Packages/com.unity.ai.inference/Runtime/Core/Resources/Sentis/ComputeShaders/ReferenceImpl.GenericA.compute
 5.6 kb	 0.0% Packages/com.bytedance.pico.xr/SpatialAudio/Samples/Resources/WireframeTransparentCulled.shader
 5.5 kb	 0.0% Packages/com.unity.ai.inference/Runtime/Core/Resources/Sentis/PixelShaders/MatMul.shader
 5.4 kb	 0.0% Packages/com.unity.ai.inference/Runtime/Core/Resources/Sentis/PixelShaders/BatchNormalization.shader
 5.4 kb	 0.0% Packages/com.bytedance.pico.xr/Assets/Resources/Prefabs/Box3D.prefab
 5.4 kb	 0.0% Packages/com.unity.ai.inference/Runtime/Core/Resources/Sentis/PixelShaders/Resize1D.shader
 5.3 kb	 0.0% Packages/com.unity.ai.inference/Runtime/Core/Resources/Sentis/PixelShaders/Trilu.shader
 5.3 kb	 0.0% Packages/com.bytedance.pico.xr/Assets/Resources/Controller/ControllerWithHand/controller_r.controller
 5.3 kb	 0.0% Packages/com.bytedance.pico.xr/Assets/Resources/Shader/OcclusionUnlit.shader
 5.2 kb	 0.0% Packages/com.bytedance.pico.xr/Assets/Debugger/Prefabs/Log/ListItemWarning Variant.prefab
 5.2 kb	 0.0% Packages/com.bytedance.pico.xr/Assets/Debugger/Prefabs/Log/ListItemError Variant.prefab
 5.2 kb	 0.0% Packages/com.bytedance.pico.xr/Assets/Debugger/Prefabs/Log/ListItemInfo Variant.prefab
 5.2 kb	 0.0% Packages/com.bytedance.pico.xr/Assets/Debugger/Prefabs/Tools/Materials/Ruler/Ruler.shader
 5.2 kb	 0.0% Packages/com.unity.ai.inference/Runtime/Core/Resources/Sentis/PixelShaders/ScaleBias.shader
 5.2 kb	 0.0% Packages/com.unity.ai.inference/Runtime/Core/Resources/Sentis/PixelShaders/GlobalPool.shader
 5.2 kb	 0.0% Packages/com.bytedance.pico.xr/Assets/Resources/Shader/DepthPreprocessing.shader
 5.2 kb	 0.0% Packages/com.unity.ai.inference/Runtime/Core/Resources/Sentis/PixelShaders/Softmax.shader
 5.1 kb	 0.0% Packages/com.unity.ai.inference/Runtime/Core/Resources/Sentis/PixelShaders/InstanceNormalizationTail.shader
 5.0 kb	 0.0% Packages/com.unity.ai.inference/Runtime/Core/Resources/Sentis/PixelShaders/LayerNormalizationTail.shader
 5.0 kb	 0.0% Packages/com.unity.ai.inference/Runtime/Core/Resources/Sentis/PixelShaders/OneHot.shader
 4.9 kb	 0.0% Packages/com.unity.ai.inference/Runtime/Core/Resources/Sentis/PixelShaders/IsInfNaN.shader
 4.9 kb	 0.0% Packages/com.bytedance.pico.xr/Assets/Resources/Prefabs/HandRight.prefab
 4.9 kb	 0.0% Assets/XR/Settings/OpenXR Package Settings.asset
 4.9 kb	 0.0% Packages/com.unity.ai.inference/Runtime/Core/Resources/Sentis/PixelShaders/MelWeightMatrix.shader
 4.9 kb	 0.0% Packages/com.bytedance.pico.xr/Assets/Resources/Prefabs/HandLeft.prefab
 4.9 kb	 0.0% Packages/com.unity.ai.inference/Runtime/Core/Resources/Sentis/PixelShaders/SpectralWindow.shader
 4.8 kb	 0.0% Packages/com.unity.ai.inference/Runtime/Core/Resources/Sentis/PixelShaders/Expand.shader
 4.8 kb	 0.0% Packages/com.unity.ai.inference/Runtime/Core/Resources/Sentis/PixelShaders/Tile.shader
 4.8 kb	 0.0% Packages/com.unity.ai.inference/Runtime/Core/Resources/Sentis/PixelShaders/TopP.shader
 4.8 kb	 0.0% Packages/com.bytedance.pico.xr/Assets/Resources/Shader/PXR_CubemapBlit.shader
 4.7 kb	 0.0% Packages/com.bytedance.pico.xr/Assets/Resources/Shader/PXR_InvertCubemap.shader
 4.7 kb	 0.0% Packages/com.unity.ai.inference/Runtime/Core/Resources/Sentis/PixelShaders/Transpose.shader
 4.7 kb	 0.0% Packages/com.unity.ai.inference/Runtime/Core/Resources/Sentis/PixelShaders/ReduceExpBias.shader
 4.7 kb	 0.0% Packages/com.unity.ai.inference/Runtime/Core/Resources/Sentis/PixelShaders/RMSNormalizationTail.shader
 4.6 kb	 0.0% Assets/SpatialTowerDefense/Resources/DesktopCameraBackground.shader
 4.6 kb	 0.0% Assets/SpatialTowerDefense/Resources/UI/GeneratedUiOverlaySurface.shader
 4.6 kb	 0.0% Packages/com.unity.ai.inference/Runtime/Core/Resources/Sentis/PixelShaders/Range.shader
 4.6 kb	 0.0% Packages/com.unity.ai.inference/Runtime/Core/Resources/Sentis/PixelShaders/ScalarMad.shader
 4.5 kb	 0.0% Packages/com.bytedance.pico.xr/Assets/Resources/Shader/PXR_Texture2DBlit.shader
 4.5 kb	 0.0% Packages/com.bytedance.pico.xr/Assets/Resources/Controller/PICO 4/Animators/PICO4_Controller_Right.controller
 4.5 kb	 0.0% Packages/com.unity.ai.inference/Runtime/Core/Resources/Sentis/PixelShaders/Cast.shader
 4.5 kb	 0.0% Packages/com.bytedance.pico.xr/Assets/Resources/Controller/PICO 4/Animators/PICO4_Controller_Left.controller
 4.4 kb	 0.0% Packages/com.unity.ai.inference/Runtime/Core/Resources/Sentis/PixelShaders/Hardmax.shader
 4.4 kb	 0.0% Packages/com.unity.ai.inference/Runtime/Core/Resources/Sentis/PixelShaders/Copy.shader
 4.4 kb	 0.0% Packages/com.bytedance.pico.xr/Assets/Resources/Hand/HandPose/Shaders/TransparentOutlinedHand-PrepassZ.shader
 4.3 kb	 0.0% Assets/SpatialTowerDefense/Resources/UI/WorldTextTransparent.shader
 4.3 kb	 0.0% Assets/SpatialTowerDefense/Resources/UI/WorldTextOverlay.shader
 4.3 kb	 0.0% Packages/com.bytedance.pico.xr/Assets/Resources/Controller/Neo3/Animators/Neo3_Controller_Right.controller
 4.3 kb	 0.0% Packages/com.bytedance.pico.xr/Assets/Resources/Controller/Neo3/Animators/Neo3_Controller_Left.controller
 4.3 kb	 0.0% Assets/SpatialTowerDefense/Resources/UI/GeneratedUiSurface.shader
 4.2 kb	 0.0% Packages/com.bytedance.pico.xr/Assets/Resources/Shader/PXR_UnderlayHole.shader
 4.2 kb	 0.0% Packages/com.bytedance.pico.xr/Assets/Resources/Shader/PXR_Fade.shader
 4.1 kb	 0.0% Packages/com.unity.ai.inference/Runtime/Core/Resources/Sentis/PixelShaders/ConstantOfShape.shader
 4.0 kb	 0.0% Packages/com.unity.ai.inference/Runtime/Core/Resources/Sentis/TextureConversion/ComputeBufferToTexture.shader
 4.0 kb	 0.0% Assets/Resources/PXR_PICODebuggerActions.inputactions
 4.0 kb	 0.0% Packages/com.unity.ai.inference/Runtime/Core/Resources/Sentis/ComputeShaders/LocalResponseNormalization.compute
 4.0 kb	 0.0% Packages/com.bytedance.pico.xr/Assets/Resources/Prefabs/SpatialAnchor.prefab
 3.9 kb	 0.0% Packages/com.unity.ai.inference/Runtime/Core/Resources/Sentis/ComputeShaders/ReferenceImpl.compute
 3.5 kb	 0.0% Assets/Resources/PolygonNatureBiomes/PNB_Meadow_Forest/Materials/Plants/Grass_Tall_Mat_01.mat
 3.4 kb	 0.0% Packages/com.bytedance.pico.xr/Assets/Debugger/Prefabs/Inspector/SideNavigationItem.prefab
 3.4 kb	 0.0% Packages/com.unity.ai.inference/Runtime/Core/Resources/Sentis/ComputeShaders/ReferenceImpl.Logical.compute
 3.4 kb	 0.0% Assets/PolygonNatureBiomes/PNB_Meadow_Forest/Materials/Water_River_01.mat
 2.9 kb	 0.0% Assets/Resources/PerformanceTestRunInfo.json
 2.7 kb	 0.0% Packages/com.bytedance.pico.xr/Assets/Resources/Controller/PICO 4U/material/o_com_PICO4U_power_m.mat
 2.7 kb	 0.0% Packages/com.bytedance.pico.xr/Assets/Debugger/Prefabs/Tools/Materials/Default/tool.mat
 2.6 kb	 0.0% Packages/com.bytedance.pico.xr/Assets/Resources/Controller/ControllerWithHand/Mask_r/mask_trigger_r.mask
 2.6 kb	 0.0% Packages/com.bytedance.pico.xr/Assets/Resources/Controller/ControllerWithHand/Mask_r/mask_x_y_r.mask
 2.6 kb	 0.0% Packages/com.bytedance.pico.xr/Assets/Resources/Controller/ControllerWithHand/Mask_r/mask_thumb_r.mask
 2.6 kb	 0.0% Packages/com.bytedance.pico.xr/Assets/Resources/Controller/ControllerWithHand/Mask_r/mask_index_r.mask
 2.6 kb	 0.0% Packages/com.bytedance.pico.xr/Assets/Resources/Controller/ControllerWithHand/Mask_r/mask_grip_r.mask
 2.6 kb	 0.0% Packages/com.bytedance.pico.xr/Assets/Resources/Controller/ControllerWithHand/Mask_r/mask_axis_r.mask
 2.6 kb	 0.0% Packages/com.bytedance.pico.xr/Assets/Resources/Controller/ControllerWithHand/Mask_r/mask_y_r.mask
 2.6 kb	 0.0% Packages/com.bytedance.pico.xr/Assets/Resources/Controller/ControllerWithHand/Mask_r/mask_x_r.mask
 2.5 kb	 0.0% Packages/com.bytedance.pico.xr/Assets/Resources/Controller/ControllerWithHand/Mask_l/mask_trigger_l.mask
 2.5 kb	 0.0% Packages/com.bytedance.pico.xr/Assets/Resources/Controller/ControllerWithHand/Mask_l/mask_thumb_l.mask
 2.5 kb	 0.0% Packages/com.bytedance.pico.xr/Assets/Resources/Controller/ControllerWithHand/Mask_l/mask_index_l.mask
 2.5 kb	 0.0% Packages/com.bytedance.pico.xr/Assets/Resources/Controller/ControllerWithHand/Mask_l/mask_grip_l.mask
 2.5 kb	 0.0% Packages/com.bytedance.pico.xr/Assets/Resources/Controller/ControllerWithHand/Mask_l/mask_axis_l.mask
 2.5 kb	 0.0% Packages/com.bytedance.pico.xr/Assets/Resources/Controller/ControllerWithHand/Mask_l/mask_a_b_l.mask
 2.5 kb	 0.0% Packages/com.bytedance.pico.xr/Assets/Resources/Controller/ControllerWithHand/Mask_l/mask_b_l.mask
 2.5 kb	 0.0% Packages/com.bytedance.pico.xr/Assets/Resources/Controller/ControllerWithHand/Mask_l/mask_a_l.mask
 2.5 kb	 0.0% Packages/com.bytedance.pico.xr/Assets/Debugger/Prefabs/Tools/Animations/Button/ToolButtonTurnOff.anim
 2.5 kb	 0.0% Packages/com.bytedance.pico.xr/Assets/Debugger/Prefabs/Tools/Animations/Button/ToolButtonTurnOn.anim
 2.4 kb	 0.0% Assets/SpatialTowerDefense/Resources/UI/Generated/EnemyBriefingPanelV2/tripo_task_4a3aeb74-98c6-4bff-a1e9-05de1e828d68.json
 2.4 kb	 0.0% Packages/com.bytedance.pico.xr/Assets/Resources/MockSceneData.json
 2.3 kb	 0.0% Packages/com.bytedance.pico.xr/Assets/Resources/Controller/PICO 4U R.prefab
 2.3 kb	 0.0% Packages/com.bytedance.pico.xr/Assets/Resources/Controller/PICO 4U L.prefab
 2.3 kb	 0.0% Packages/com.bytedance.pico.xr/Assets/Debugger/Prefabs/Tools/Animations/Button/ToolButtonIdle.anim
 2.2 kb	 0.0% Assets/SpatialTowerDefense/Resources/UI/Generated/EnemyBriefingPanel/tripo_task_151fafe1-d63d-4991-8d8a-8aad3d3bea14.json
 2.2 kb	 0.0% Assets/SpatialTowerDefense/Resources/UI/Generated/CoinPanelTop/tripo_task_a40b1d24-c6d4-4909-a4a2-e11fa379d26e.json
 2.2 kb	 0.0% Packages/com.bytedance.pico.xr/Assets/Resources/Controller/PICO 4 R.prefab
 2.2 kb	 0.0% Packages/com.bytedance.pico.xr/Assets/Resources/Controller/PICO 4 L.prefab
 2.2 kb	 0.0% Packages/com.bytedance.pico.xr/Assets/Resources/Controller/Neo 3 R.prefab
 2.2 kb	 0.0% Packages/com.bytedance.pico.xr/Assets/Resources/Controller/Neo 3 L.prefab
 2.1 kb	 0.0% Packages/com.bytedance.pico.xr/Assets/Resources/Prefabs/Box2D.prefab
 2.1 kb	 0.0% Assets/Resources/PolygonNatureBiomes/PNB_Core/Textures/Noise_Mid.tga
 2.1 kb	 0.0% Assets/Resources/PolygonNatureBiomes/PNB_Core/Textures/Noise_Big.tga
 2.1 kb	 0.0% Assets/PolygonNatureBiomes/PNB_Meadow_Forest/Textures/Noise_Big.tga
 2.0 kb	 0.0% Assets/SpatialTowerDefense/Resources/UI/Generated/GuardianCard/tripo_task_31bc4e87-9af5-4464-bab2-b901f2991387.json
 2.0 kb	 0.0% Assets/SpatialTowerDefense/Resources/UI/Generated/MorningBellCard/tripo_task_62409fd3-8f57-4ae9-a4a3-8e171e7934c4.json
 2.0 kb	 0.0% Assets/SpatialTowerDefense/Resources/UI/Generated/LotusLampCard/tripo_task_a9a740a7-22c0-448e-b011-82008c63955b.json
 2.0 kb	 0.0% Assets/SpatialTowerDefense/Resources/UI/Generated/CoinPanel/tripo_task_c6b424de-1a6b-4673-87aa-07ed40687871.json
 1.8 kb	 0.0% Packages/com.bytedance.pico.xr/Assets/Resources/Controller/PICO 4U/material/o_com_PICO4U_01_m.mat
 1.8 kb	 0.0% Packages/com.bytedance.pico.xr/Assets/Resources/Controller/G3.prefab
 1.5 kb	 0.0% Packages/com.bytedance.pico.xr/Assets/Resources/Hand/Materials/Hand_R.mat
 1.5 kb	 0.0% Packages/com.bytedance.pico.xr/Assets/Resources/Hand/Materials/Hand_L.mat
 1.5 kb	 0.0% Packages/com.bytedance.pico.xr/Assets/Resources/Hand/HandPose/Materials/Hand_R.mat
 1.5 kb	 0.0% Packages/com.bytedance.pico.xr/Assets/Resources/Controller/ControllerWithHand/Material/Hand_R.mat
 1.5 kb	 0.0% Packages/com.bytedance.pico.xr/Assets/Resources/Controller/ControllerWithHand/Material/Hand_L.mat
 1.4 kb	 0.0% Packages/com.bytedance.pico.xr/Assets/Resources/Controller/Neo3/Materials/Neo3_Power_Right.mat
 1.4 kb	 0.0% Packages/com.bytedance.pico.xr/Assets/Resources/Controller/Neo3/Materials/Neo3_Power_Left.mat
 1.4 kb	 0.0% Assets/PolygonNatureBiomes/PNB_Core/Materials/Water_Mat_01.mat
 1.4 kb	 0.0% Packages/com.bytedance.pico.xr/Assets/Debugger/Prefabs/Tools/Animations/Button/ToolButton.controller
 1.3 kb	 0.0% Packages/com.bytedance.pico.xr/Assets/Debugger/Prefabs/Tools/Time/Time.prefab
 1.3 kb	 0.0% Assets/Resources/PolygonNatureBiomes/PNB_Meadow_Forest/Prefabs/SM_Env_Grass_Large_01.prefab
 1.2 kb	 0.0% Packages/com.bytedance.pico.xr/Assets/Debugger/Prefabs/Tools/Materials/Ruler/Ruler.mat
 1.1 kb	 0.0% Packages/com.bytedance.pico.xr/Assets/Debugger/Prefabs/Tools/Ruler/Ruler.prefab
 1.1 kb	 0.0% Packages/com.bytedance.pico.xr/Assets/Debugger/Prefabs/Tools/Ruler/Measurer.prefab
 1.0 kb	 0.0% Packages/com.bytedance.pico.xr/Assets/Resources/Controller/G3/Meshes/dianliang.fbx
 1.0 kb	 0.0% Packages/com.bytedance.pico.xr/Assets/Resources/Materials/red.mat
 1.0 kb	 0.0% Assets/Resources/PXR_PICODebugger.prefab
 1.0 kb	 0.0% Packages/com.bytedance.pico.xr/Assets/Resources/Controller/PICO 4/Materials/PICO4_Controller.mat
 1.0 kb	 0.0% Packages/com.bytedance.pico.xr/Assets/Resources/Controller/Neo3/Materials/Neo3_Controller_Left.mat
 0.9 kb	 0.0% Packages/com.bytedance.pico.xr/Assets/Resources/Controller/PICO 4/Materials/PICO4__Power.mat
 0.9 kb	 0.0% Packages/com.bytedance.pico.xr/Assets/Resources/Materials/green.mat
 0.9 kb	 0.0% Packages/com.bytedance.pico.xr/Assets/Resources/Controller/Neo3/Materials/Neo3_Controller_Right.mat
 0.9 kb	 0.0% Packages/com.bytedance.pico.xr/Assets/Resources/Materials/blue.mat
 0.9 kb	 0.0% Packages/com.bytedance.pico.xr/Assets/Resources/Hand/HandPose/Materials/Finger/OpenFade.mat
 0.9 kb	 0.0% Packages/com.bytedance.pico.xr/Assets/Resources/Hand/HandPose/Materials/Finger/AnyFade.mat
 0.8 kb	 0.0% Packages/com.bytedance.pico.xr/Assets/Resources/Hand/HandPose/Materials/Finger/Pointer.mat
 0.8 kb	 0.0% Packages/com.bytedance.pico.xr/Assets/Resources/Hand/HandPose/Materials/Finger/Any.mat
 0.8 kb	 0.0% Packages/com.bytedance.pico.xr/Assets/Resources/Prefabs/SecureMR/CustomizedCompareOperator.prefab
 0.8 kb	 0.0% Assets/Resources/PolygonNatureBiomes/PNB_Meadow_Forest/Materials/Rock_Grass_Triplanar_Meadow_01.mat
 0.8 kb	 0.0% Assets/PolygonNatureBiomes/PNB_Meadow_Forest/Materials/Rock_Grass_Triplanar_Meadow_01.mat
 0.8 kb	 0.0% Packages/com.bytedance.pico.xr/Assets/Resources/Prefabs/SecureMR/ElementwiseOperator.prefab
 0.7 kb	 0.0% Packages/com.bytedance.pico.xr/SpatialAudio/Samples/Resources/Wireframe-TransparentCulled.mat
 0.7 kb	 0.0% Packages/com.bytedance.pico.xr/Assets/Resources/Controller/G3/Materials/TouchSphere.mat
 0.7 kb	 0.0% Packages/com.bytedance.pico.xr/Assets/Resources/Hand/Materials/HandRay.mat
 0.7 kb	 0.0% Packages/com.bytedance.pico.xr/Assets/Resources/Controller/G3/Materials/G3_Power.mat
 0.7 kb	 0.0% Packages/com.bytedance.pico.xr/Assets/Resources/Controller/G3/Materials/G3.mat
 0.6 kb	 0.0% Packages/com.bytedance.pico.xr/Assets/Resources/Hand/HandPose/Materials/Hand_Shadow_Short.mat
 0.6 kb	 0.0% Packages/com.bytedance.pico.xr/Assets/Resources/Hand/HandPose/Materials/Hand_Shadow_Long.mat
 0.6 kb	 0.0% Packages/com.bytedance.pico.xr/Assets/Resources/Hand/HandPose/Materials/HandEditorTransparentOutlinedHandPrepassZ.mat
 0.6 kb	 0.0% Packages/com.bytedance.pico.xr/Assets/Resources/Materials/unlitcontroller.mat
 0.6 kb	 0.0% Packages/com.bytedance.pico.xr/Assets/Resources/Prefabs/SecureMR/All_AnyOperator.prefab
 0.6 kb	 0.0% Packages/com.bytedance.pico.xr/Assets/Resources/Hand/HandPose/Materials/Finger/Open.mat
 0.5 kb	 0.0% Packages/com.bytedance.pico.xr/Assets/Resources/Materials/plane.mat
 0.5 kb	 0.0% Packages/com.bytedance.pico.xr/Assets/Resources/Materials/fade.mat
 0.5 kb	 0.0% Packages/com.bytedance.pico.xr/Assets/Resources/Materials/box3dPlane.mat
 0.5 kb	 0.0% Packages/com.bytedance.pico.xr/Assets/Resources/Materials/box2dPlane.mat
 0.5 kb	 0.0% Packages/com.bytedance.pico.xr/Assets/Resources/Materials/box3D.mat
 0.4 kb	 0.0% Built-in Sprite: 
 0.4 kb	 0.0% Assets/Resources/PolygonNatureBiomes/PNB_Meadow_Forest/Prefabs/SM_Env_Ground_Mound_Large_01.prefab
 0.4 kb	 0.0% Packages/com.bytedance.pico.xr/Assets/Resources/Controller/ControllerWithHand/controller_l.overrideController
 0.4 kb	 0.0% Packages/com.bytedance.pico.xr/Assets/Resources/Materials/box2D.mat
 0.4 kb	 0.0% Assets/Resources/PolygonNatureBiomes/PNB_Meadow_Forest/Prefabs/SM_Env_Rock_Cliff_03.prefab
 0.4 kb	 0.0% Assets/Resources/PolygonNatureBiomes/PNB_Meadow_Forest/Prefabs/SM_Env_Rock_Cliff_02.prefab
 0.4 kb	 0.0% Assets/Resources/PolygonNatureBiomes/PNB_Meadow_Forest/Prefabs/SM_Env_Rock_Cliff_01.prefab
 0.4 kb	 0.0% Packages/com.bytedance.pico.xr/Assets/Resources/Hand/HandPose/Materials/Finger/Highlight.mat
 0.3 kb	 0.0% Packages/com.bytedance.pico.xr/Assets/Resources/Prefabs/SecureMR/SecureMRProvider.prefab
 0.3 kb	 0.0% Assets/Resources/PolygonNatureBiomes/PNB_Meadow_Forest/Prefabs/SM_Env_Water_Plane_01.prefab
 0.3 kb	 0.0% Packages/com.bytedance.pico.xr/SpatialAudio/Samples/Resources/MeshPrefab.prefab
 0.3 kb	 0.0% Packages/com.bytedance.pico.xr/Assets/Debugger/Prefabs/Tools/FBX/pallete.png
 0.3 kb	 0.0% Packages/com.bytedance.pico.xr/Assets/Resources/Hand/HandPose/Materials/HPE_Outline_hand.mat
 0.3 kb	 0.0% Packages/com.bytedance.pico.xr/Assets/Resources/Controller/PICO 4U/Animation/PICO4U_Controller_Right.overrideController
 0.3 kb	 0.0% Packages/com.bytedance.pico.xr/Assets/Resources/Controller/PICO 4U/Animation/PICO4U_Controller_Left.overrideController
 0.3 kb	 0.0% Packages/com.bytedance.pico.xr/Assets/Resources/Prefabs/RightControllerModel.prefab
 0.3 kb	 0.0% Packages/com.bytedance.pico.xr/Assets/Resources/Prefabs/LeftControllerModel.prefab
 0.2 kb	 0.0% Packages/com.bytedance.pico.xr/Assets/Resources/Prefabs/SecureMR/PipelineExecuteConditional.prefab
 0.2 kb	 0.0% Packages/com.bytedance.pico.xr/Assets/Resources/Hand/HandPose/Materials/HPE_Outline_head.mat
 0.2 kb	 0.0% Packages/com.bytedance.pico.xr/Assets/Resources/Prefabs/SecureMR/PipelineExecuteAfter.prefab
 0.2 kb	 0.0% Packages/com.bytedance.pico.xr/Assets/Resources/Prefabs/SecureMR/GlobalTensor.prefab
 0.2 kb	 0.0% Assets/Resources/PXR_ProjectSetting.asset
 0.2 kb	 0.0% Packages/com.bytedance.pico.xr/Assets/Resources/Prefabs/SecureMR/PipelineExecute.prefab
 0.2 kb	 0.0% Packages/com.unity.xr.interaction.toolkit/Runtime/Utilities/Tweenables/SmartTweenableVariables/SmartFollowQuaternionTweenableVariable.cs
 0.2 kb	 0.0% Packages/com.unity.xr.interaction.toolkit/Runtime/AffordanceSystem/Receiver/Rendering/Vector4MaterialPropertyAffordanceReceiver.cs
 0.2 kb	 0.0% Packages/com.unity.xr.interaction.toolkit/Runtime/AffordanceSystem/Receiver/Rendering/Vector3MaterialPropertyAffordanceReceiver.cs
 0.2 kb	 0.0% Packages/com.unity.xr.interaction.toolkit/Runtime/AffordanceSystem/Receiver/Rendering/Vector2MaterialPropertyAffordanceReceiver.cs
 0.2 kb	 0.0% Packages/com.unity.xr.interaction.toolkit/Runtime/AffordanceSystem/Receiver/Rendering/ColorGradientLineRendererAffordanceReceiver.cs
 0.2 kb	 0.0% Assets/Samples/XR Interaction Toolkit/3.5.1/Starter Assets/Scripts/TeleportVolumeAnchorAffordanceStateLink.cs
 0.2 kb	 0.0% Packages/com.unity.xr.interaction.toolkit/Runtime/Locomotion/Teleportation/TeleportVolumeDestinationSettingsDatumProperty.cs
 0.2 kb	 0.0% Packages/com.unity.xr.interaction.toolkit/Runtime/AffordanceSystem/Receiver/Transformation/UniformTransformScaleAffordanceReceiver.cs
 0.2 kb	 0.0% Packages/com.unity.ai.inference/Runtime/Tokenization/Parsers/HuggingFace/PreTokenizers/CharDelimiterSplitPreTokenizerBuilder.cs
 0.2 kb	 0.0% Packages/com.bytedance.pico.xr/Assets/Resources/Prefabs/SecureMR/GlobalGltf.prefab
 0.2 kb	 0.0% Packages/com.unity.xr.interaction.toolkit/Runtime/Utilities/Tweenables/SmartTweenableVariables/SmartFollowVector3TweenableVariable.cs
 0.2 kb	 0.0% Packages/com.unity.xr.interaction.toolkit/Runtime/AffordanceSystem/Receiver/Rendering/FloatMaterialPropertyAffordanceReceiver.cs
 0.2 kb	 0.0% Packages/com.unity.xr.interaction.toolkit/Runtime/AffordanceSystem/Receiver/Rendering/ColorMaterialPropertyAffordanceReceiver.cs
 0.2 kb	 0.0% Assets/Samples/XR Interaction Toolkit/3.5.1/Starter Assets/Scripts/ClimbTeleportDestinationIndicator.cs
 0.2 kb	 0.0% Packages/com.unity.ai.inference/Runtime/Tokenization/Parsers/HuggingFace/PreTokenizers/WhitespaceSplitPreTokenizerBuilder.cs
 0.2 kb	 0.0% Packages/com.unity.xr.interaction.toolkit/Runtime/AffordanceSystem/Receiver/Primitives/QuaternionEulerAffordanceReceiver.cs
 0.2 kb	 0.0% Packages/com.unity.ai.inference/Runtime/Tokenization/Parsers/HuggingFace/PostProcessors/ByteLevelPostProcessorBuilder.cs
 0.2 kb	 0.0% Assets/Samples/XR Interaction Toolkit/3.5.1/Starter Assets/Scripts/RotationAxisLockGrabTransformer.cs
 0.2 kb	 0.0% Packages/com.unity.xr.interaction.toolkit/Runtime/Locomotion/Teleportation/TeleportVolumeDestinationSettingsDatum.cs
 0.2 kb	 0.0% Packages/com.unity.xr.interaction.toolkit/Runtime/Inputs/Readers/XRInputDeviceInputTrackingStateValueReader.cs
 0.2 kb	 0.0% Packages/com.unity.xr.interaction.toolkit/Runtime/AffordanceSystem/State/Provider/XRInteractableAffordanceStateProvider.cs
 0.2 kb	 0.0% Packages/com.unity.ai.inference/Runtime/Tokenization/Parsers/HuggingFace/PreTokenizers/WhitespacePreTokenizerBuilder.cs
 0.2 kb	 0.0% Packages/com.unity.ai.inference/Runtime/Tokenization/Parsers/HuggingFace/PreTokenizers/PunctuationPreTokenizerBuilder.cs
 0.2 kb	 0.0% Packages/com.unity.ai.inference/Runtime/Tokenization/Parsers/HuggingFace/Normalizers/StripAccentsNormalizerBuilder.cs
 0.2 kb	 0.0% Packages/com.unity.ai.inference/Runtime/Tokenization/Parsers/HuggingFace/PostProcessors/TemplatePostProcessorBuilder.cs
 0.2 kb	 0.0% Packages/com.unity.ai.inference/Runtime/Tokenization/Parsers/HuggingFace/PostProcessors/SequencePostProcessorBuilder.cs
 0.2 kb	 0.0% Packages/com.unity.ai.inference/Runtime/Tokenization/Parsers/HuggingFace/PostProcessors/RobertaPostProcessorBuilder.cs
 0.2 kb	 0.0% Assets/Samples/XR Interaction Toolkit/3.5.1/Starter Assets/Scripts/ControllerInputActionManager.cs
 0.2 kb	 0.0% Assets/Samples/XR Interaction Toolkit/3.5.1/Starter Assets/DemoAssets/Scripts/MultiAnchorTeleportReticle.cs
 0.2 kb	 0.0% Packages/com.unity.xr.interaction.toolkit/Runtime/Locomotion/Teleportation/TeleportVolumeDestinationSettings.cs
 0.2 kb	 0.0% Packages/com.unity.xr.interaction.toolkit/Runtime/Locomotion/Teleportation/FurthestTeleportationAnchorFilter.cs
 0.2 kb	 0.0% Packages/com.unity.xr.interaction.toolkit/Runtime/Inputs/Haptics/XRInputDeviceHapticImpulseChannelGroup.cs
 0.2 kb	 0.0% Packages/com.unity.xr.interaction.toolkit/Runtime/AffordanceSystem/State/Provider/XRInteractorAffordanceStateProvider.cs
 0.2 kb	 0.0% Packages/com.unity.xr.interaction.toolkit/Runtime/AffordanceSystem/Receiver/ISynchronousAffordanceStateReceiver.cs
 0.2 kb	 0.0% Packages/com.unity.ai.inference/Runtime/Tokenization/SplitDelimiterBehaviors/SplitDelimiterMergeWithPrevious.cs
 0.2 kb	 0.0% Packages/com.unity.ai.inference/Runtime/Tokenization/Parsers/HuggingFace/PreTokenizers/SequencePreTokenizerBuilder.cs
 0.2 kb	 0.0% Packages/com.unity.ai.inference/Runtime/Tokenization/Parsers/HuggingFace/PreTokenizers/MetaspacePreTokenizerBuilder.cs
 0.2 kb	 0.0% Packages/com.unity.ai.inference/Runtime/Tokenization/Parsers/HuggingFace/PreTokenizers/DigitsPreTokenizerBuilder.cs
 0.2 kb	 0.0% Packages/com.unity.ai.inference/Runtime/Tokenization/Parsers/HuggingFace/PreTokenizers/ByteLevelPreTokenizerBuilder.cs
 0.2 kb	 0.0% Packages/com.unity.ai.inference/Runtime/Tokenization/Parsers/HuggingFace/Normalizers/SequenceNormalizerBuilder.cs
 0.2 kb	 0.0% Packages/com.unity.ai.inference/Runtime/Tokenization/Parsers/HuggingFace/Normalizers/PrecompiledNormalizerBuilder.cs
 0.2 kb	 0.0% Packages/com.unity.ai.inference/Runtime/Tokenization/Parsers/HuggingFace/Normalizers/LowerCaseNormalizerBuilder.cs
 0.2 kb	 0.0% Packages/com.bytedance.pico.xr/Assets/Resources/Hand/HandPose/Materials/HPE_hand_axis.mat
 0.2 kb	 0.0% Assets/XRI/Settings/Resources/InteractionLayerSettings.asset
 0.2 kb	 0.0% Packages/com.unity.xr.openxr/Runtime/NativeTypes/XR_EXT_spatial_entity/Structs/XrCreateSpatialDiscoverySnapshotCompletionInfoEXT.cs
 0.2 kb	 0.0% Packages/com.unity.xr.openxr/Runtime/ConformanceAutomation/ConformanceAutomationFeature.cs
 0.2 kb	 0.0% Packages/com.unity.xr.interaction.toolkit/Runtime/AffordanceSystem/Receiver/Rendering/BlendShapeAffordanceReceiver.cs
 0.2 kb	 0.0% Packages/com.unity.xr.interaction.toolkit/Runtime/AffordanceSystem/Receiver/Primitives/Vector4AffordanceReceiver.cs
 0.2 kb	 0.0% Packages/com.unity.xr.interaction.toolkit/Runtime/AffordanceSystem/Receiver/Primitives/Vector3AffordanceReceiver.cs
 0.2 kb	 0.0% Packages/com.unity.xr.interaction.toolkit/Runtime/AffordanceSystem/Receiver/Primitives/Vector2AffordanceReceiver.cs
 0.2 kb	 0.0% Packages/com.unity.xr.interaction.toolkit/Runtime/AffordanceSystem/Receiver/Primitives/QuaternionAffordanceReceiver.cs
 0.2 kb	 0.0% Packages/com.unity.ai.inference/Runtime/Tokenization/Parsers/HuggingFace/Padding/BatchLongestPaddingBuilder.cs
 0.2 kb	 0.0% Packages/com.unity.ai.inference/Runtime/Tokenization/Parsers/HuggingFace/Decoders/ByteFallBackDecoderBuilder.cs
 0.2 kb	 0.0% Assets/Samples/XR Interaction Toolkit/3.5.1/Starter Assets/Scripts/XRPokeFollowAffordance.cs
 0.2 kb	 0.0% Assets/Samples/XR Interaction Toolkit/3.5.1/Starter Assets/Scripts/PlatformUnderstanding.cs
 0.2 kb	 0.0% Assets/Samples/XR Interaction Toolkit/3.5.1/Starter Assets/Scripts/MaterialPipelineHandler.cs
 0.2 kb	 0.0% Packages/com.unity.xr.interaction.toolkit/Runtime/Utilities/Tweenables/Primitives/QuaternionTweenableVariable.cs
 0.2 kb	 0.0% Packages/com.unity.xr.interaction.toolkit/Runtime/Locomotion/Teleportation/TeleportationMultiAnchorVolume.cs
 0.2 kb	 0.0% Packages/com.unity.xr.interaction.toolkit/Runtime/Locomotion/Teleportation/ITeleportationVolumeAnchorFilter.cs
 0.2 kb	 0.0% Packages/com.unity.xr.interaction.toolkit/Runtime/Locomotion/Teleportation/GazeTeleportationAnchorFilter.cs
 0.2 kb	 0.0% Packages/com.unity.xr.interaction.toolkit/Runtime/Locomotion/Teleportation/BaseTeleportationInteractable.cs
 0.2 kb	 0.0% Packages/com.unity.xr.interaction.toolkit/Runtime/Inputs/Readers/XRInputDeviceQuaternionValueReader.cs
 0.2 kb	 0.0% Packages/com.unity.xr.interaction.toolkit/Runtime/Inputs/Haptics/XRInputDeviceHapticImpulseProvider.cs
 0.2 kb	 0.0% Packages/com.unity.xr.interaction.toolkit/Runtime/Inputs/Haptics/XRInputDeviceHapticImpulseChannel.cs
 0.2 kb	 0.0% Packages/com.unity.xr.interaction.toolkit/Runtime/AffordanceSystem/Theme/Primitives/Vector4AffordanceThemeDatum.cs
 0.2 kb	 0.0% Packages/com.unity.xr.interaction.toolkit/Runtime/AffordanceSystem/Theme/Primitives/Vector3AffordanceThemeDatum.cs
 0.2 kb	 0.0% Packages/com.unity.xr.interaction.toolkit/Runtime/AffordanceSystem/Theme/Primitives/Vector2AffordanceThemeDatum.cs
 0.2 kb	 0.0% Packages/com.unity.xr.interaction.toolkit/Runtime/AffordanceSystem/Theme/Primitives/FloatAffordanceThemeDatum.cs
 0.2 kb	 0.0% Packages/com.unity.xr.interaction.toolkit/Runtime/AffordanceSystem/Theme/Primitives/ColorAffordanceThemeDatum.cs
 0.2 kb	 0.0% Packages/com.unity.xr.interaction.toolkit/Runtime/AffordanceSystem/Receiver/IAsyncAffordanceStateReceiver.cs
 0.2 kb	 0.0% Packages/com.unity.ai.inference/Runtime/Tokenization/SplitDelimiterBehaviors/SplitDelimiterMergeWithNext.cs
 0.2 kb	 0.0% Packages/com.unity.ai.inference/Runtime/Tokenization/Parsers/HuggingFace/PreTokenizers/SplitPreTokenizerBuilder.cs
 0.2 kb	 0.0% Packages/com.unity.ai.inference/Runtime/Tokenization/Parsers/HuggingFace/PreTokenizers/BertPreTokenizerBuilder.cs
 0.2 kb	 0.0% Packages/com.unity.ai.inference/Runtime/Tokenization/Parsers/HuggingFace/Normalizers/StripNormalizerBuilder.cs
 0.2 kb	 0.0% Packages/com.unity.ai.inference/Runtime/Tokenization/Parsers/HuggingFace/Normalizers/ReplaceNormalizerBuilder.cs
 0.2 kb	 0.0% Packages/com.unity.ai.inference/Runtime/Tokenization/Parsers/HuggingFace/Normalizers/PrependNormalizerBuilder.cs
 0.2 kb	 0.0% Packages/com.unity.ai.inference/Runtime/Tokenization/Parsers/HuggingFace/Normalizers/NfkdNormalizerBuilder.cs
 0.2 kb	 0.0% Packages/com.unity.ai.inference/Runtime/Tokenization/Parsers/HuggingFace/Normalizers/NfkcNormalizerBuilder.cs
 0.2 kb	 0.0% Packages/com.unity.ai.inference/Runtime/Tokenization/Parsers/HuggingFace/Normalizers/BertNormalizerBuilder.cs
 0.2 kb	 0.0% Packages/com.unity.xr.openxr/Runtime/NativeTypes/XR_EXT_spatial_plane_tracking/Structs/XrSpatialCapabilityConfigurationPlaneTrackingEXT.cs
 0.2 kb	 0.0% Packages/com.unity.xr.openxr/Runtime/NativeTypes/XR_EXT_spatial_persistence/Structs/XrCreateSpatialPersistenceContextCompletionEXT.cs
 0.2 kb	 0.0% Packages/com.unity.xr.openxr/Runtime/NativeTypes/XR_EXT_spatial_marker_tracking/Structs/XrSpatialCapabilityConfigurationMicroQrCodeEXT.cs
 0.2 kb	 0.0% Packages/com.unity.xr.openxr/Runtime/NativeTypes/XR_EXT_spatial_marker_tracking/Structs/XrSpatialCapabilityConfigurationArucoMarkerEXT.cs
 0.2 kb	 0.0% Packages/com.unity.xr.openxr/Runtime/NativeTypes/XR_EXT_spatial_entity/Structs/XrSpatialCapabilityConfigurationBaseHeaderEXT.cs
 0.2 kb	 0.0% Packages/com.unity.xr.openxr/Runtime/NativeTypes/XR_EXT_spatial_entity/Structs/XrCreateSpatialDiscoverySnapshotCompletionEXT.cs
 0.2 kb	 0.0% Packages/com.unity.xr.interaction.toolkit/Runtime/Locomotion/ScriptableConstrainedBodyManipulator.cs
 0.2 kb	 0.0% Packages/com.unity.xr.interaction.toolkit/Runtime/Locomotion/CharacterControllerBodyManipulator.cs
 0.2 kb	 0.0% Packages/com.unity.xr.interaction.toolkit/Runtime/Interaction/Interactors/Visuals/ICurveInteractionDataProvider.cs
 0.2 kb	 0.0% Packages/com.unity.xr.interaction.toolkit/Runtime/Interaction/Interactables/IXRInteractionStrengthInteractable.cs
 0.2 kb	 0.0% Packages/com.unity.xr.interaction.toolkit/Runtime/AffordanceSystem/Theme/Audio/AudioAffordanceThemeDatum.cs
 0.2 kb	 0.0% Packages/com.unity.xr.interaction.toolkit/Runtime/AffordanceSystem/Rendering/MaterialPropertyBlockHelper.cs
 0.2 kb	 0.0% Packages/com.unity.xr.interaction.toolkit/Runtime/AffordanceSystem/Receiver/UI/ImageColorAffordanceReceiver.cs
 0.2 kb	 0.0% Packages/com.unity.xr.interaction.toolkit/Runtime/AffordanceSystem/Receiver/Primitives/FloatAffordanceReceiver.cs
 0.2 kb	 0.0% Packages/com.unity.xr.interaction.toolkit/Runtime/AffordanceSystem/Receiver/Primitives/ColorAffordanceReceiver.cs
 0.2 kb	 0.0% Packages/com.unity.multiplayer.center/Common/IOnboardingSectionAnalyticsProvider.cs
 0.2 kb	 0.0% Packages/com.unity.ai.inference/Runtime/Tokenization/PreTokenizers/ByteLevelPreTokenizer.DefaultSplitter.cs
 0.2 kb	 0.0% Packages/com.unity.ai.inference/Runtime/Tokenization/Parsers/HuggingFace/Models/WordPieceModelBuilder.cs
 0.2 kb	 0.0% Packages/com.unity.ai.inference/Runtime/Tokenization/Parsers/HuggingFace/Models/WordLevelModelBuilder.cs
 0.2 kb	 0.0% Packages/com.unity.ai.inference/Runtime/Tokenization/Parsers/HuggingFace/Decoders/WordPieceDecoderBuilder.cs
 0.2 kb	 0.0% Packages/com.unity.ai.inference/Runtime/Tokenization/Parsers/HuggingFace/Decoders/SequenceDecoderBuilder.cs
 0.2 kb	 0.0% Packages/com.unity.ai.inference/Runtime/Tokenization/Parsers/HuggingFace/Decoders/ReplaceDecoderBuilder.cs
 0.2 kb	 0.0% Packages/com.unity.ai.inference/Runtime/Tokenization/Parsers/HuggingFace/Decoders/MetaspaceDecoderBuilder.cs
 0.2 kb	 0.0% Packages/com.unity.ai.inference/Runtime/Tokenization/Parsers/HuggingFace/Decoders/ByteLevelDecoderBuilder.cs
 0.2 kb	 0.0% Assets/Samples/XR Interaction Toolkit/3.5.1/Starter Assets/Scripts/ToggleComponentZone.cs
 0.2 kb	 0.0% Assets/Samples/XR Interaction Toolkit/3.5.1/Starter Assets/Scripts/ToggleColorToggler.cs
 0.2 kb	 0.0% Assets/Samples/XR Interaction Toolkit/3.5.1/Starter Assets/Scripts/PermissionsManager.cs
 0.2 kb	 0.0% Assets/Samples/XR Interaction Toolkit/3.5.1/Starter Assets/Scripts/DynamicMoveProvider.cs
 0.2 kb	 0.0% Assets/Samples/XR Interaction Toolkit/3.5.1/Starter Assets/Scripts/ControllerAnimator.cs
 0.2 kb	 0.0% Packages/com.unity.xr.openxr/Runtime/RuntimeDebugger/RuntimeDebuggerOpenXRFeature.cs
 0.2 kb	 0.0% Packages/com.unity.xr.interaction.toolkit/Runtime/Utilities/Tweenables/Primitives/Vector4TweenableVariable.cs
 0.2 kb	 0.0% Packages/com.unity.xr.interaction.toolkit/Runtime/Utilities/Tweenables/Primitives/Vector3TweenableVariable.cs
 0.2 kb	 0.0% Packages/com.unity.xr.interaction.toolkit/Runtime/Utilities/Tweenables/Primitives/Vector2TweenableVariable.cs
 0.2 kb	 0.0% Packages/com.unity.xr.interaction.toolkit/Runtime/Utilities/Tweenables/Primitives/FloatTweenableVariable.cs
 0.2 kb	 0.0% Packages/com.unity.xr.interaction.toolkit/Runtime/Utilities/Tweenables/Primitives/ColorTweenableVariable.cs
 0.2 kb	 0.0% Packages/com.unity.xr.interaction.toolkit/Runtime/Interaction/Attributes/XRTargetEvaluatorEnabledAttribute.cs
 0.2 kb	 0.0% Packages/com.unity.xr.interaction.toolkit/Runtime/Inputs/Simulation/SimulatedHandExpressionManager.cs
 0.2 kb	 0.0% Packages/com.unity.xr.interaction.toolkit/Runtime/Inputs/Simulation/SimulatedDeviceLifecycleManager.cs
 0.2 kb	 0.0% Packages/com.unity.xr.interaction.toolkit/Runtime/Inputs/Readers/XRInputDeviceVector3ValueReader.cs
 0.2 kb	 0.0% Packages/com.unity.xr.interaction.toolkit/Runtime/Inputs/Readers/XRInputDeviceVector2ValueReader.cs
 0.2 kb	 0.0% Packages/com.unity.xr.interaction.toolkit/Runtime/Inputs/Readers/XRInputDeviceFloatValueReader.cs
 0.2 kb	 0.0% Packages/com.unity.xr.interaction.toolkit/Runtime/Inputs/Haptics/HapticImpulseSingleChannelGroup.cs
 0.2 kb	 0.0% Packages/com.unity.xr.interaction.toolkit/Runtime/Inputs/Haptics/HapticImpulseCommandChannelGroup.cs
 0.2 kb	 0.0% Packages/com.unity.xr.interaction.toolkit/Runtime/AffordanceSystem/State/Provider/BaseAffordanceStateProvider.cs
 0.2 kb	 0.0% Packages/com.unity.xr.interaction.toolkit/Runtime/AffordanceSystem/Receiver/Audio/AudioAffordanceReceiver.cs
 0.2 kb	 0.0% Packages/com.unity.ai.inference/Runtime/Tokenization/SplitDelimiterBehaviors/SplitDelimiterIsolate.cs
 0.2 kb	 0.0% Packages/com.unity.ai.inference/Runtime/Tokenization/SplitDelimiterBehaviors/SplitDelimiterContiguous.cs
 0.2 kb	 0.0% Packages/com.unity.ai.inference/Runtime/Tokenization/Parsers/HuggingFace/Normalizers/NmtNormalizerBuilder.cs
 0.2 kb	 0.0% Packages/com.unity.ai.inference/Runtime/Tokenization/Parsers/HuggingFace/Normalizers/NfdNormalizerBuilder.cs
 0.2 kb	 0.0% Packages/com.unity.ai.inference/Runtime/Tokenization/Parsers/HuggingFace/Normalizers/NfcNormalizerBuilder.cs
 0.2 kb	 0.0% Packages/com.unity.ai.inference/Runtime/Tokenization/Normalizers/PrecompiledNormalizer.DoubleArray.cs
 0.2 kb	 0.0% Packages/com.unity.xr.openxr/Runtime/NativeTypes/XR_EXT_spatial_plane_tracking/Structs/XrSpatialComponentPlaneSemanticLabelListEXT.cs
 0.2 kb	 0.0% Packages/com.unity.xr.openxr/Runtime/NativeTypes/XR_EXT_spatial_persistence/Structs/XrSpatialDiscoveryPersistenceUuidFilterEXT.cs
 0.2 kb	 0.0% Packages/com.unity.xr.openxr/Runtime/NativeTypes/XR_EXT_spatial_marker_tracking/Structs/XrSpatialCapabilityConfigurationQrCodeEXT.cs
 0.2 kb	 0.0% Packages/com.unity.xr.openxr/Runtime/NativeTypes/XR_EXT_spatial_marker_tracking/Structs/XrSpatialCapabilityConfigurationAprilTagEXT.cs
 0.2 kb	 0.0% Packages/com.unity.xr.openxr/Runtime/NativeTypes/XR_EXT_spatial_entity/Structs/XrEventDataSpatialDiscoveryRecommendedEXT.cs
 0.2 kb	 0.0% Packages/com.unity.xr.openxr/Runtime/NativeTypes/XR_EXT_spatial_anchor/Structs/XrSpatialCapabilityConfigurationAnchorEXT.cs
 0.2 kb	 0.0% Packages/com.unity.xr.openxr/Runtime/Features/Extensions/XrPerformanceSettingsTypes.cs
 0.2 kb	 0.0% Packages/com.unity.xr.interaction.toolkit/Runtime/Utilities/RequireInterfaceAttribute.cs
 0.2 kb	 0.0% Packages/com.unity.xr.interaction.toolkit/Runtime/Locomotion/UnderCameraBodyPositionEvaluator.cs
 0.2 kb	 0.0% Packages/com.unity.xr.interaction.toolkit/Runtime/Locomotion/Movement/TwoHandedGrabMoveProvider.cs
 0.2 kb	 0.0% Packages/com.unity.xr.interaction.toolkit/Runtime/Locomotion/IConstrainedXRBodyManipulator.cs
 0.2 kb	 0.0% Packages/com.unity.xr.interaction.toolkit/Runtime/Locomotion/Comfort/TunnelingVignetteController.cs
 0.2 kb	 0.0% Packages/com.unity.xr.interaction.toolkit/Runtime/Locomotion/Climbing/ClimbSettingsDatumProperty.cs
 0.2 kb	 0.0% Packages/com.unity.xr.interaction.toolkit/Runtime/Interaction/Interactors/Visuals/XRInteractorReticleVisual.cs
 0.2 kb	 0.0% Packages/com.unity.xr.interaction.toolkit/Runtime/Interaction/Interactors/Visuals/IXRReticleDirectionProvider.cs
 0.2 kb	 0.0% Packages/com.unity.xr.interaction.toolkit/Runtime/Interaction/Interactors/IXRInteractionStrengthInteractor.cs
 0.2 kb	 0.0% Packages/com.unity.xr.interaction.toolkit/Runtime/Interaction/Interactables/Visuals/IXRInteractableCustomReticle.cs
 0.2 kb	 0.0% Packages/com.unity.xr.interaction.toolkit/Runtime/Inputs/Simulation/XRDeviceSimulatorLoader.deprecated.cs
 0.2 kb	 0.0% Packages/com.unity.xr.interaction.toolkit/Runtime/Inputs/Haptics/OpenXR/OpenXRHapticImpulseChannel.cs
 0.2 kb	 0.0% Packages/com.unity.xr.interaction.toolkit/Runtime/AffordanceSystem/Rendering/MaterialInstanceHelper.cs
 0.2 kb	 0.0% Packages/com.unity.ai.inference/Runtime/Tokenization/Truncators/RightDirectionRangeGenerator.cs
 0.2 kb	 0.0% Packages/com.unity.ai.inference/Runtime/Tokenization/Truncators/LeftDirectionRangeGenerator.cs
 0.2 kb	 0.0% Packages/com.unity.ai.inference/Runtime/Tokenization/PreTokenizers/WhitespaceSplitPreTokenizer.cs
 0.2 kb	 0.0% Packages/com.unity.ai.inference/Runtime/Tokenization/Parsers/HuggingFace/Padding/FixedPaddingBuilder.cs
 0.2 kb	 0.0% Packages/com.unity.ai.inference/Runtime/Tokenization/Parsers/HuggingFace/Models/UnigramModelBuilder.cs
 0.2 kb	 0.0% Packages/com.unity.ai.inference/Runtime/Tokenization/Parsers/HuggingFace/HfTruncationAttribute.cs
 0.2 kb	 0.0% Packages/com.unity.ai.inference/Runtime/Tokenization/Parsers/HuggingFace/HfPreTokenizerAttribute.cs
 0.2 kb	 0.0% Packages/com.unity.ai.inference/Runtime/Tokenization/Parsers/HuggingFace/HfPostProcessorAttribute.cs
 0.2 kb	 0.0% Packages/com.unity.ai.inference/Runtime/Tokenization/Parsers/HuggingFace/HfNormalizerAttribute.cs
 0.2 kb	 0.0% Packages/com.unity.ai.inference/Runtime/Tokenization/Parsers/HuggingFace/Decoders/StripDecoderBuilder.cs
 0.2 kb	 0.0% Packages/com.unity.ai.inference/Runtime/Tokenization/Parsers/HuggingFace/Decoders/FuseDecoderBuilder.cs
 0.2 kb	 0.0% Packages/com.unity.ai.inference/Runtime/Tokenization/Parsers/HuggingFace/Decoders/BpeDecoderBuilder.cs
 0.2 kb	 0.0% Packages/com.unity.ai.inference/Runtime/Tokenization/Normalizers/PrecompiledNormalizer.ArrayUnit.cs
 0.2 kb	 0.0% Packages/com.unity.ai.inference/Runtime/Core/Compiler/Passes/PreComputeWindowedDFTMatrixPass.cs
 0.2 kb	 0.0% Assets/Samples/XR Interaction Toolkit/3.5.1/Starter Assets/Scripts/ObjectSpawner.cs
 0.2 kb	 0.0% Assets/Samples/XR Interaction Toolkit/3.5.1/Starter Assets/Scripts/GazeInputManager.cs
 0.2 kb	 0.0% Assets/Samples/XR Interaction Toolkit/3.5.1/Starter Assets/DemoAssets/Scripts/IncrementUIText.cs
 0.2 kb	 0.0% Packages/com.unity.xr.openxr/Runtime/OculusQuest/OculusQuestFeature.cs
 0.2 kb	 0.0% Packages/com.unity.xr.openxr/Runtime/NativeTypes/XR_EXT_spatial_persistence/Enums/XrSpatialPersistenceContextResultEXT.cs
 0.2 kb	 0.0% Packages/com.unity.xr.openxr/Runtime/Features/Extensions/XrPerformanceSettingsFeature.cs
 0.2 kb	 0.0% Packages/com.unity.xr.interaction.toolkit/Runtime/Utilities/EditorComponentLocatorUtility.cs
 0.2 kb	 0.0% Packages/com.unity.xr.interaction.toolkit/Runtime/Locomotion/Teleportation/TeleportationProvider.cs
 0.2 kb	 0.0% Packages/com.unity.xr.interaction.toolkit/Runtime/Locomotion/Legacy/DeviceBasedContinuousTurnProvider.cs
 0.2 kb	 0.0% Packages/com.unity.xr.interaction.toolkit/Runtime/Locomotion/Legacy/DeviceBasedContinuousMoveProvider.cs
 0.2 kb	 0.0% Packages/com.unity.xr.interaction.toolkit/Runtime/Locomotion/Legacy/ActionBasedContinuousTurnProvider.cs
 0.2 kb	 0.0% Packages/com.unity.xr.interaction.toolkit/Runtime/Locomotion/Legacy/ActionBasedContinuousMoveProvider.cs
 0.2 kb	 0.0% Packages/com.unity.xr.interaction.toolkit/Runtime/Inputs/Simulation/XRSimulatedControllerState.cs
 0.2 kb	 0.0% Packages/com.unity.xr.interaction.toolkit/Runtime/Inputs/Simulation/XRInteractionSimulatorLoader.cs
 0.2 kb	 0.0% Packages/com.unity.xr.interaction.toolkit/Runtime/Inputs/Simulation/XRDeviceSimulatorSettings.cs
 0.2 kb	 0.0% Packages/com.unity.xr.interaction.toolkit/Runtime/Inputs/Simulation/SimulatedInputLayoutLoader.cs
 0.2 kb	 0.0% Packages/com.unity.xr.interaction.toolkit/Runtime/Inputs/Simulation/SimulatedHandPlaybackManager.cs
 0.2 kb	 0.0% Packages/com.unity.xr.interaction.toolkit/Runtime/Inputs/Simulation/Hands/HandExpressionCapture.cs
 0.2 kb	 0.0% Packages/com.unity.xr.interaction.toolkit/Runtime/Inputs/Readers/XRInputDeviceButtonReader.cs
 0.2 kb	 0.0% Packages/com.unity.xr.interaction.toolkit/Runtime/Inputs/Readers/XRInputDeviceBoolValueReader.cs
 0.2 kb	 0.0% Packages/com.unity.xr.interaction.toolkit/Runtime/Inputs/InputActionPropertyExtensions.cs
 0.2 kb	 0.0% Packages/com.unity.xr.interaction.toolkit/Runtime/Inputs/Haptics/XRInputHapticImpulseProvider.cs
 0.2 kb	 0.0% Packages/com.unity.xr.interaction.toolkit/Runtime/Inputs/Haptics/IXRHapticImpulseChannelGroup.cs
 0.2 kb	 0.0% Packages/com.unity.xr.interaction.toolkit/Runtime/Inputs/Haptics/HapticImpulseCommandChannel.cs
 0.2 kb	 0.0% Packages/com.unity.xr.interaction.toolkit/Runtime/Inputs/Haptics/HapticControlActionManager.cs
 0.2 kb	 0.0% Packages/com.unity.xr.interaction.toolkit/Runtime/AffordanceSystem/State/Data/AffordanceStateShortcuts.cs
 0.2 kb	 0.0% Packages/com.unity.xr.interaction.toolkit/Runtime/AffordanceSystem/Receiver/IAffordanceStateReceiver.cs
 0.2 kb	 0.0% Packages/com.unity.xr.interaction.toolkit/Runtime/AR/Inputs/TouchscreenGestureInputLoader.cs
 0.2 kb	 0.0% Packages/com.unity.ai.inference/Runtime/Tokenization/SplitDelimiterBehaviors/SplitDelimiterRemove.cs
 0.2 kb	 0.0% Packages/com.unity.ai.inference/Runtime/Tokenization/PostProcessors/TemplatePostProcessor.cs
 0.2 kb	 0.0% Packages/com.unity.ai.inference/Runtime/Tokenization/PostProcessors/SequencePostProcessor.cs
 0.2 kb	 0.0% Packages/com.unity.ai.inference/Runtime/Tokenization/PostProcessors/ByteLevelPostProcessor.cs
 0.2 kb	 0.0% Packages/com.unity.xr.openxr/Runtime/NativeTypes/XR_EXT_spatial_plane_tracking/Structs/XrSpatialComponentPlaneAlignmentListEXT.cs
 0.2 kb	 0.0% Packages/com.unity.xr.openxr/Runtime/NativeTypes/XR_EXT_spatial_persistence_operations/Structs/XrUnpersistSpatialEntityCompletionEXT.cs
 0.2 kb	 0.0% Packages/com.unity.xr.openxr/Runtime/NativeTypes/XR_EXT_spatial_persistence/Structs/XrSpatialPersistenceContextCreateInfoEXT.cs
 0.2 kb	 0.0% Packages/com.unity.xr.openxr/Runtime/NativeTypes/XR_EXT_spatial_entity/Structs/XrSpatialDiscoverySnapshotCreateInfoEXT.cs
 0.2 kb	 0.0% Packages/com.unity.xr.openxr/Runtime/NativeTypes/XR_EXT_spatial_entity/Structs/XrSpatialComponentDataQueryConditionEXT.cs
 0.2 kb	 0.0% Packages/com.unity.xr.openxr/Runtime/Features/Interactions/MetaQuestTouchProControllerProfile.cs
 0.2 kb	 0.0% Packages/com.unity.xr.openxr/Runtime/Features/Interactions/MetaQuestTouchPlusControllerProfile.cs
 0.2 kb	 0.0% Packages/com.unity.xr.interaction.toolkit/Runtime/UI/TrackedDevicePhysicsRaycaster.cs
 0.2 kb	 0.0% Packages/com.unity.xr.interaction.toolkit/Runtime/UI/TrackedDeviceGraphicRaycaster.cs
 0.2 kb	 0.0% Packages/com.unity.xr.interaction.toolkit/Runtime/Locomotion/Turning/ContinuousTurnProvider.cs
 0.2 kb	 0.0% Packages/com.unity.xr.interaction.toolkit/Runtime/Locomotion/Movement/ContinuousMoveProvider.cs
 0.2 kb	 0.0% Packages/com.unity.xr.interaction.toolkit/Runtime/Locomotion/Movement/ConstrainedMoveProvider.cs
 0.2 kb	 0.0% Packages/com.unity.xr.interaction.toolkit/Runtime/Locomotion/Climbing/ClimbTeleportInteractor.cs
 0.2 kb	 0.0% Packages/com.unity.xr.interaction.toolkit/Runtime/Interaction/Transformers/XRSingleGrabFreeTransformer.cs
 0.2 kb	 0.0% Packages/com.unity.xr.interaction.toolkit/Runtime/Interaction/Transformers/XRDualGrabFreeTransformer.cs
 0.2 kb	 0.0% Packages/com.unity.xr.interaction.toolkit/Runtime/Interaction/Interactors/Visuals/XRInteractorLineVisual.cs
 0.2 kb	 0.0% Packages/com.unity.xr.interaction.toolkit/Runtime/Interaction/Interactors/Visuals/IXRCustomReticleProvider.cs
 0.2 kb	 0.0% Packages/com.unity.xr.interaction.toolkit/Runtime/Interaction/Interactors/Visuals/CurveVisualController.deprecated.cs
 0.2 kb	 0.0% Packages/com.unity.xr.interaction.toolkit/Runtime/Interaction/Interactors/Visuals/CurveVisualController.cs
 0.2 kb	 0.0% Packages/com.unity.xr.interaction.toolkit/Runtime/Interaction/Interactors/IXRTargetPriorityInteractor.cs
 0.2 kb	 0.0% Packages/com.unity.xr.interaction.toolkit/Runtime/Interaction/Interactors/IXRInteractionOverrideGroup.cs
 0.2 kb	 0.0% Packages/com.unity.xr.interaction.toolkit/Runtime/Interaction/Interactors/Casters/SphereInteractionCaster.cs
 0.2 kb	 0.0% Packages/com.unity.xr.interaction.toolkit/Runtime/Interaction/Interactors/Casters/InteractionCasterBase.cs
 0.2 kb	 0.0% Packages/com.unity.xr.interaction.toolkit/Runtime/Interaction/Interactors/Casters/ICurveInteractionCaster.cs
 0.2 kb	 0.0% Packages/com.unity.xr.interaction.toolkit/Runtime/Interaction/Interactors/Casters/CurveInteractionCaster.cs
 0.2 kb	 0.0% Packages/com.unity.xr.interaction.toolkit/Runtime/Interaction/Interactables/Visuals/XRTintInteractableVisual.cs
 0.2 kb	 0.0% Packages/com.unity.xr.interaction.toolkit/Runtime/Interaction/Attachment/InteractionAttachController.cs
 0.2 kb	 0.0% Packages/com.unity.xr.interaction.toolkit/Runtime/Interaction/Attachment/IInteractionAttachController.cs
 0.2 kb	 0.0% Packages/com.unity.xr.interaction.toolkit/Runtime/Interaction/Attachment/IAttachPointVelocityTracker.cs
 0.2 kb	 0.0% Packages/com.unity.xr.interaction.toolkit/Runtime/Interaction/Attachment/IAttachPointVelocityProvider.cs
 0.2 kb	 0.0% Packages/com.unity.xr.interaction.toolkit/Runtime/Interaction/Attachment/AttachPointVelocityTracker.cs
 0.2 kb	 0.0% Packages/com.unity.xr.interaction.toolkit/Runtime/AffordanceSystem/Rendering/MaterialHelperBase.cs
 0.2 kb	 0.0% Packages/com.unity.xr.interaction.toolkit/Runtime/AR/Interactables/ARBaseGestureInteractable.deprecated.cs
 0.2 kb	 0.0% Packages/com.unity.ai.inference/Runtime/Tokenization/Truncators/Strategies/OnlySecondStrategy.cs
 0.2 kb	 0.0% Packages/com.unity.ai.inference/Runtime/Tokenization/Truncators/Strategies/OnlyFirstStrategy.cs
 0.2 kb	 0.0% Packages/com.unity.ai.inference/Runtime/Tokenization/Truncators/Strategies/LongestFirstStrategy.cs
 0.2 kb	 0.0% Packages/com.unity.ai.inference/Runtime/Tokenization/Truncators/Strategies/ITruncationStrategy.cs
 0.2 kb	 0.0% Packages/com.unity.ai.inference/Runtime/Tokenization/Truncators/LongestFirstTruncator.cs
 0.2 kb	 0.0% Packages/com.unity.ai.inference/Runtime/Tokenization/PreTokenizers/WhitespacePreTokenizer.cs
 0.2 kb	 0.0% Packages/com.unity.ai.inference/Runtime/Tokenization/PreTokenizers/StringSplitPreTokenizer.cs
 0.2 kb	 0.0% Packages/com.unity.ai.inference/Runtime/Tokenization/PreTokenizers/RuneSplitPreTokenizer.cs
 0.2 kb	 0.0% Packages/com.unity.ai.inference/Runtime/Tokenization/PreTokenizers/RegexSplitPreTokenizer.cs
 0.2 kb	 0.0% Packages/com.unity.ai.inference/Runtime/Tokenization/PreTokenizers/PunctuationPreTokenizer.cs
 0.2 kb	 0.0% Packages/com.unity.ai.inference/Runtime/Tokenization/PreTokenizers/MetaspacePreTokenizer.cs
 0.2 kb	 0.0% Packages/com.unity.ai.inference/Runtime/Tokenization/PreTokenizers/CharSplitPreTokenizer.cs
 0.2 kb	 0.0% Packages/com.unity.ai.inference/Runtime/Tokenization/PreTokenizers/ByteLevelPreTokenizer.cs
 0.2 kb	 0.0% Packages/com.unity.ai.inference/Runtime/Tokenization/Parsers/HuggingFace/Models/BpeModelBuilder.cs
 0.2 kb	 0.0% Packages/com.unity.ai.inference/Runtime/Tokenization/Parsers/HuggingFace/IComponentBuilder.cs
 0.2 kb	 0.0% Packages/com.unity.ai.inference/Runtime/Tokenization/Parsers/HuggingFace/HuggingFaceParser.cs
 0.2 kb	 0.0% Packages/com.unity.ai.inference/Runtime/Tokenization/Parsers/HuggingFace/HuggingFaceHelper.cs
 0.2 kb	 0.0% Packages/com.unity.ai.inference/Runtime/Tokenization/Parsers/HuggingFace/HfPaddingAttribute.cs
 0.2 kb	 0.0% Packages/com.unity.ai.inference/Runtime/Tokenization/Parsers/HuggingFace/HfDecoderAttribute.cs
 0.2 kb	 0.0% Packages/com.unity.ai.inference/Runtime/Tokenization/Normalizers/StripAccentsNormalizer.cs
 0.2 kb	 0.0% Packages/com.unity.ai.inference/Runtime/Tokenization/Normalizers/RegexReplaceNormalizer.cs
 0.2 kb	 0.0% Packages/com.unity.ai.inference/Runtime/Core/Compiler/Passes/ContractToSimplerLayerPass.cs
 0.2 kb	 0.0% Packages/com.unity.ai.inference/Runtime/Core/Compiler/Passes/ContractSubExpressionsPass.cs
 0.2 kb	 0.0% Packages/com.unity.ai.inference/Runtime/Core/Compiler/Passes/ConcatenateTransposesPass.cs
 0.2 kb	 0.0% Packages/com.bytedance.pico.xr/Runtime/Scripts/SecureMR/Component/Operator/PXR_SecureMRArithmeticComposeOperatorConfig.cs
 0.2 kb	 0.0% Assets/Samples/XR Interaction Toolkit/3.5.1/Starter Assets/Scripts/DestroySelf.cs
 0.2 kb	 0.0% Packages/com.unity.xr.openxr/Runtime/TestTooling/MockOpenXREnvironmentSettings.cs
 0.2 kb	 0.0% Packages/com.unity.xr.interaction.toolkit/Runtime/Utilities/TriggerColliderFilterUtility.cs
 0.2 kb	 0.0% Packages/com.unity.xr.interaction.toolkit/Runtime/Utilities/DisposableManagerSingleton.cs
 0.2 kb	 0.0% Packages/com.unity.xr.interaction.toolkit/Runtime/Locomotion/XRBodyTransformations.cs
 0.2 kb	 0.0% Packages/com.unity.xr.interaction.toolkit/Runtime/Locomotion/Teleportation/TeleportingEventArgs.cs
 0.2 kb	 0.0% Packages/com.unity.xr.interaction.toolkit/Runtime/Locomotion/Teleportation/TeleportationArea.cs
 0.2 kb	 0.0% Packages/com.unity.xr.interaction.toolkit/Runtime/Locomotion/Teleportation/TeleportationAnchor.cs
 0.2 kb	 0.0% Packages/com.unity.xr.interaction.toolkit/Runtime/Interaction/Filtering/Target/Evaluators/IXRTargetEvaluatorLinkable.cs
 0.2 kb	 0.0% Packages/com.unity.xr.interaction.toolkit/Runtime/Interaction/Filtering/Poke/PokeThresholdDatumProperty.cs
 0.2 kb	 0.0% Packages/com.unity.xr.interaction.toolkit/Runtime/Interaction/Filtering/Poke/IMultiPokeStateDataProvider.cs
 0.2 kb	 0.0% Packages/com.unity.xr.interaction.toolkit/Runtime/Interaction/Filtering/InteractionStrength/IXRInteractionStrengthFilter.cs
 0.2 kb	 0.0% Packages/com.unity.xr.interaction.toolkit/Runtime/Inputs/XRInputTrackingAggregator.cs
 0.2 kb	 0.0% Packages/com.unity.xr.interaction.toolkit/Runtime/Inputs/XRHandSkeletonPokeDisplacer.cs
 0.2 kb	 0.0% Packages/com.unity.xr.interaction.toolkit/Runtime/Inputs/Simulation/XRSimulatedController.cs
 0.2 kb	 0.0% Packages/com.unity.xr.interaction.toolkit/Runtime/Inputs/Simulation/XRInteractionSimulator.cs
 0.2 kb	 0.0% Packages/com.unity.xr.interaction.toolkit/Runtime/Inputs/Simulation/SimulatedHandExpression.cs
 0.2 kb	 0.0% Packages/com.unity.xr.interaction.toolkit/Runtime/Inputs/Simulation/Hands/XRSimulatedHandState.cs
 0.2 kb	 0.0% Packages/com.unity.xr.interaction.toolkit/Runtime/Inputs/Simulation/Hands/HandExpressionName.cs
 0.2 kb	 0.0% Packages/com.unity.xr.interaction.toolkit/Runtime/Inputs/Readers/XRInputDeviceValueReader.cs
 0.2 kb	 0.0% Packages/com.unity.xr.interaction.toolkit/Runtime/Inputs/Haptics/IXRHapticImpulseProvider.cs
 0.2 kb	 0.0% Packages/com.unity.xr.interaction.toolkit/Runtime/Inputs/Haptics/IXRHapticImpulseChannel.cs
 0.2 kb	 0.0% Packages/com.unity.xr.interaction.toolkit/Runtime/AffordanceSystem/State/Data/AffordanceStateData.cs
 0.2 kb	 0.0% Packages/com.unity.xr.interaction.toolkit/Runtime/AR/Inputs/ScreenSpacePinchScaleInput.cs
 0.2 kb	 0.0% Packages/com.unity.xr.core-utils/Runtime/ARTrackablesParentTransformChangedEventArgs.cs
 0.2 kb	 0.0% Packages/com.unity.collections/Unity.Collections/GenerateTestsForBurstCompatibilityAttribute.cs
 0.2 kb	 0.0% Packages/com.unity.ai.inference/Runtime/Tokenization/SplitDelimiterBehavior.cs
 0.2 kb	 0.0% Packages/com.unity.ai.inference/Runtime/Tokenization/PostProcessors/RobertaPostProcessor.cs
 0.2 kb	 0.0% Packages/com.unity.ai.inference/Runtime/Tokenization/PostProcessors/DefaultPostProcessor.cs
 0.2 kb	 0.0% Packages/com.unity.ai.inference/Runtime/Tokenization/Parsers/NewtonsoftJsonUtility.cs
 0.2 kb	 0.0% Packages/com.unity.ai.inference/Runtime/Tokenization/Padding/FixedPaddingSizeProvider.cs
 0.2 kb	 0.0% Packages/com.unity.ai.inference/Runtime/Tokenization/Padding/DirectionalPaddingBase.cs
 0.2 kb	 0.0% Packages/com.unity.ai.inference/Runtime/Tokenization/Padding/BatchLongestSizeProvider.cs
 0.2 kb	 0.0% Packages/com.unity.xr.openxr/Runtime/NativeTypes/XR_EXT_spatial_plane_tracking/Structs/XrSpatialComponentPolygon2DListEXT.cs
 0.2 kb	 0.0% Packages/com.unity.xr.openxr/Runtime/NativeTypes/XR_EXT_spatial_persistence_operations/Structs/XrPersistSpatialEntityCompletionEXT.cs
 0.2 kb	 0.0% Packages/com.unity.xr.openxr/Runtime/NativeTypes/XR_EXT_spatial_persistence/Structs/XrSpatialContextPersistenceConfigEXT.cs
 0.2 kb	 0.0% Packages/com.unity.xr.openxr/Runtime/NativeTypes/XR_EXT_spatial_persistence/Structs/XrSpatialComponentPersistenceListEXT.cs
 0.2 kb	 0.0% Packages/com.unity.xr.openxr/Runtime/NativeTypes/XR_EXT_spatial_marker_tracking/Structs/XrSpatialMarkerStaticOptimizationEXT.cs
 0.2 kb	 0.0% Packages/com.unity.xr.openxr/Runtime/NativeTypes/XR_EXT_spatial_entity/Structs/XrSpatialUpdateSnapshotCreateInfoEXT.cs
 0.2 kb	 0.0% Packages/com.unity.xr.openxr/Runtime/NativeTypes/XR_EXT_spatial_entity/Structs/XrSpatialEntityFromIdCreateInfoEXT.cs
 0.2 kb	 0.0% Packages/com.unity.xr.openxr/Runtime/NativeTypes/XR_EXT_spatial_entity/Structs/XrSpatialComponentDataQueryResultEXT.cs
 0.2 kb	 0.0% Packages/com.unity.xr.openxr/Runtime/NativeTypes/XR_EXT_spatial_entity/Structs/XrSpatialCapabilityComponentTypesEXT.cs
 0.2 kb	 0.0% Packages/com.unity.xr.openxr/Runtime/NativeTypes/XR_EXT_spatial_entity/Structs/XrCreateSpatialContextCompletionEXT.cs
 0.2 kb	 0.0% Packages/com.unity.xr.openxr/Runtime/NativeTypes/XR_EXT_spatial_entity/Structs/Components/XrSpatialComponentBounded3DListEXT.cs
 0.2 kb	 0.0% Packages/com.unity.xr.openxr/Runtime/NativeTypes/XR_EXT_spatial_entity/Structs/Components/XrSpatialComponentBounded2DListEXT.cs
 0.2 kb	 0.0% Packages/com.unity.xr.openxr/Runtime/MetaQuest/MetaQuestFeature.cs
 0.2 kb	 0.0% Packages/com.unity.xr.openxr/Runtime/Features/Interactions/MicrosoftMotionControllerProfile.cs
 0.2 kb	 0.0% Packages/com.unity.xr.openxr/Runtime/Features/Interactions/AndroidMouseInteractionProfile.cs
 0.2 kb	 0.0% Packages/com.unity.xr.interaction.toolkit/Runtime/UI/RegisteredUIInteractorCache.cs
 0.2 kb	 0.0% Packages/com.unity.xr.interaction.toolkit/Runtime/Locomotion/IXRBodyTransformation.cs
 0.2 kb	 0.0% Packages/com.unity.xr.interaction.toolkit/Runtime/Locomotion/IXRBodyPositionEvaluator.cs
 0.2 kb	 0.0% Packages/com.unity.xr.interaction.toolkit/Runtime/Locomotion/Gravity/IGravityController.cs
 0.2 kb	 0.0% Packages/com.unity.xr.interaction.toolkit/Runtime/Locomotion/Climbing/ClimbSettingsDatum.cs
 0.2 kb	 0.0% Packages/com.unity.xr.interaction.toolkit/Runtime/Locomotion/Climbing/ClimbInteractable.cs
 0.2 kb	 0.0% Packages/com.unity.xr.interaction.toolkit/Runtime/Interaction/Transformers/XRSocketGrabTransformer.cs
 0.2 kb	 0.0% Packages/com.unity.xr.interaction.toolkit/Runtime/Interaction/Transformers/XRLegacyGrabTransformer.cs
 0.2 kb	 0.0% Packages/com.unity.xr.interaction.toolkit/Runtime/Interaction/Transformers/XRGeneralGrabTransformer.cs
 0.2 kb	 0.0% Packages/com.unity.xr.interaction.toolkit/Runtime/Interaction/Transformers/XRBaseGrabTransformer.cs
 0.2 kb	 0.0% Packages/com.unity.xr.interaction.toolkit/Runtime/Interaction/Interactors/XRBaseInputInteractor.cs
 0.2 kb	 0.0% Packages/com.unity.xr.interaction.toolkit/Runtime/Interaction/Interactors/IXRScaleValueProvider.cs
 0.2 kb	 0.0% Packages/com.unity.xr.interaction.toolkit/Runtime/Interaction/Interactors/IXRActivateInteractor.cs
 0.2 kb	 0.0% Packages/com.unity.xr.interaction.toolkit/Runtime/Interaction/Interactors/Casters/IInteractionCaster.cs
 0.2 kb	 0.0% Packages/com.unity.xr.interaction.toolkit/Runtime/Interaction/Interactables/XRInteractableSnapVolume.cs
 0.2 kb	 0.0% Packages/com.unity.xr.interaction.toolkit/Runtime/Interaction/Interactables/IXRSelectInteractable.cs
 0.2 kb	 0.0% Packages/com.unity.xr.interaction.toolkit/Runtime/Interaction/Interactables/IXRActivateInteractable.cs
 0.2 kb	 0.0% Packages/com.unity.xr.interaction.toolkit/Runtime/Interaction/Gaze/IXROverridesGazeAutoSelect.cs
 0.2 kb	 0.0% Packages/com.unity.xr.interaction.toolkit/Runtime/Inputs/Interactions/SectorInteraction.cs
 0.2 kb	 0.0% Packages/com.unity.xr.interaction.toolkit/Runtime/Inputs/Composites/FallbackComposite.cs
 0.2 kb	 0.0% Packages/com.unity.xr.interaction.toolkit/Runtime/AR/Interactables/ARTranslationInteractable.cs
 0.2 kb	 0.0% Packages/com.unity.inputsystem/InputSystem/Editor/UITKAssetEditor/Views/CompositePartBindingPropertiesView.cs
 0.2 kb	 0.0% Packages/com.unity.inputsystem/InputSystem/Editor/UITKAssetEditor/Views/CollectionViewSelectionChangeFilter.cs
 0.2 kb	 0.0% Packages/com.unity.inputsystem/InputSystem/Editor/UITKAssetEditor/InputActionsEditorSettingsProvider.cs
 0.2 kb	 0.0% Packages/com.unity.inputsystem/InputSystem/Editor/PropertyDrawers/InputActionReferenceSearchProviders.cs
 0.2 kb	 0.0% Packages/com.unity.inputsystem/InputSystem/Editor/PropertyDrawers/InputActionReferencePropertyDrawer.cs
 0.2 kb	 0.0% Packages/com.unity.inputsystem/InputSystem/Editor/Analytics/InputActionsEditorSessionAnalytic.cs
 0.2 kb	 0.0% Packages/com.unity.inputsystem/InputSystem/Devices/Commands/QueryEditorWindowCoordinatesCommand.cs
 0.2 kb	 0.0% Packages/com.unity.inputsystem/InputSystem/Devices/Commands/InitiateUserAccountPairingCommand.cs
 0.2 kb	 0.0% Packages/com.unity.ai.inference/Runtime/Tokenization/Truncators/StrategicTruncator.cs
 0.2 kb	 0.0% Packages/com.unity.ai.inference/Runtime/Tokenization/Truncators/RangeGeneratorBase.cs
 0.2 kb	 0.0% Packages/com.unity.ai.inference/Runtime/Tokenization/PreTokenizers/SequencePreTokenizer.cs
 0.2 kb	 0.0% Packages/com.unity.ai.inference/Runtime/Tokenization/PreTokenizers/DigitsPreTokenizer.cs
 0.2 kb	 0.0% Packages/com.unity.ai.inference/Runtime/Tokenization/PreTokenizers/DefaultPreTokenizer.cs
 0.2 kb	 0.0% Packages/com.unity.ai.inference/Runtime/Tokenization/Parsers/HuggingFace/HfModelAttribute.cs
 0.2 kb	 0.0% Packages/com.unity.ai.inference/Runtime/Tokenization/Normalizers/UnicodeNormalizer.cs
 0.2 kb	 0.0% Packages/com.unity.ai.inference/Runtime/Tokenization/Normalizers/SequenceNormalizer.cs
 0.2 kb	 0.0% Packages/com.unity.ai.inference/Runtime/Tokenization/Normalizers/ReplaceNormalizer.cs
 0.2 kb	 0.0% Packages/com.unity.ai.inference/Runtime/Tokenization/Normalizers/PrependNormalizer.cs
 0.2 kb	 0.0% Packages/com.unity.ai.inference/Runtime/Tokenization/Normalizers/DefaultNormalizer.cs
 0.2 kb	 0.0% Packages/com.unity.ai.inference/Runtime/Tokenization/Mappers/UnigramMapper.BestPathNode.cs
 0.2 kb	 0.0% Packages/com.unity.ai.inference/Runtime/Tokenization/Mappers/BpeMapper.CharToTokenConverter.cs
 0.2 kb	 0.0% Packages/com.unity.ai.inference/Runtime/Tokenization/Mappers/BpeMapper.ByteToTokenConverter.cs
 0.2 kb	 0.0% Packages/com.unity.ai.inference/Runtime/Core/Compiler/Passes/SimplifyReshapeInputPass.cs
 0.2 kb	 0.0% Packages/com.unity.ai.inference/Runtime/Core/Compiler/Passes/RoundDenormalWeightsPass.cs
 0.2 kb	 0.0% Packages/com.bytedance.pico.xr/Runtime/Scripts/SecureMR/Component/Pipeline/PXR_SecureMRPipelineExecuteConditional.cs
 0.2 kb	 0.0% Packages/com.bytedance.pico.xr/Runtime/Scripts/SecureMR/Component/Operator/PXR_SecureMRModelOperatorConfiguration.cs
 0.2 kb	 0.0% Packages/com.bytedance.pico.xr/Runtime/Scripts/SecureMR/Component/Operator/PXR_SecureMRColorConvertOperatorConfig.cs
 0.2 kb	 0.0% Packages/com.unity.xr.openxr/Runtime/RuntimeDebugger/DebuggerState.cs
 0.2 kb	 0.0% Packages/com.unity.xr.openxr/Runtime/Features/AutomaticDynamicResolutionFeature.cs
 0.2 kb	 0.0% Packages/com.unity.xr.interaction.toolkit/Runtime/Utilities/XRDebugLineVisualizer.cs
 0.2 kb	 0.0% Packages/com.unity.xr.interaction.toolkit/Runtime/Utilities/TriggerContactMonitor.cs
 0.2 kb	 0.0% Packages/com.unity.xr.interaction.toolkit/Runtime/Utilities/ScriptableSingletonCache.cs
 0.2 kb	 0.0% Packages/com.unity.xr.interaction.toolkit/Runtime/Utilities/Interaction/XRInteractableUtility.cs
 0.2 kb	 0.0% Packages/com.unity.xr.interaction.toolkit/Runtime/UI/TrackedDeviceModel.deprecated.cs
 0.2 kb	 0.0% Packages/com.unity.xr.interaction.toolkit/Runtime/Locomotion/LocomotionState.cs
 0.2 kb	 0.0% Packages/com.unity.xr.interaction.toolkit/Runtime/Locomotion/Legacy/DeviceBasedSnapTurnProvider.cs
 0.2 kb	 0.0% Packages/com.unity.xr.interaction.toolkit/Runtime/Locomotion/Legacy/ContinuousTurnProviderBase.cs
 0.2 kb	 0.0% Packages/com.unity.xr.interaction.toolkit/Runtime/Locomotion/Legacy/ContinuousMoveProviderBase.cs
 0.2 kb	 0.0% Packages/com.unity.xr.interaction.toolkit/Runtime/Locomotion/Legacy/CharacterControllerDriver.cs
 0.2 kb	 0.0% Packages/com.unity.xr.interaction.toolkit/Runtime/Locomotion/Legacy/ActionBasedSnapTurnProvider.cs
 0.2 kb	 0.0% Packages/com.unity.xr.interaction.toolkit/Runtime/Interaction/XRInteractionRuntimeSettings.cs
 0.2 kb	 0.0% Packages/com.unity.xr.interaction.toolkit/Runtime/Interaction/Interactors/XRBaseControllerInteractor.cs
 0.2 kb	 0.0% Packages/com.unity.xr.interaction.toolkit/Runtime/Interaction/IXRParentInteractableLink.cs
 0.2 kb	 0.0% Packages/com.unity.xr.interaction.toolkit/Runtime/Interaction/Filtering/Target/Evaluators/XRLastSelectedEvaluator.cs
 0.2 kb	 0.0% Packages/com.unity.xr.interaction.toolkit/Runtime/Interaction/Filtering/Poke/IPokeStateDataProvider.cs
 0.2 kb	 0.0% Packages/com.unity.xr.interaction.toolkit/Runtime/Interaction/Filtering/Hover/TouchscreenHoverFilter.cs
 0.2 kb	 0.0% Packages/com.unity.xr.interaction.toolkit/Runtime/Interaction/Attributes/CanSelectMultipleAttribute.cs
 0.2 kb	 0.0% Packages/com.unity.xr.interaction.toolkit/Runtime/Interaction/Attributes/CanFocusMultipleAttribute.cs
 0.2 kb	 0.0% Packages/com.unity.xr.interaction.toolkit/Runtime/Inputs/XRTransformStabilizer.cs
 0.2 kb	 0.0% Packages/com.unity.xr.interaction.toolkit/Runtime/Inputs/XRInputModalityManager.cs
 0.2 kb	 0.0% Packages/com.unity.xr.interaction.toolkit/Runtime/Inputs/Simulation/XRSimulatorUtility.cs
 0.2 kb	 0.0% Packages/com.unity.xr.interaction.toolkit/Runtime/Inputs/Simulation/XRSimulatedHMDState.cs
 0.2 kb	 0.0% Packages/com.unity.xr.interaction.toolkit/Runtime/Inputs/Simulation/XRDeviceSimulator.cs
 0.2 kb	 0.0% Packages/com.unity.xr.interaction.toolkit/Runtime/Inputs/Readers/XRInputValueReader.cs
 0.2 kb	 0.0% Packages/com.unity.xr.interaction.toolkit/Runtime/Inputs/Readers/XRInputReaderUtility.cs
 0.2 kb	 0.0% Packages/com.unity.xr.interaction.toolkit/Runtime/Inputs/Readers/XRInputButtonReader.cs
 0.2 kb	 0.0% Packages/com.unity.xr.interaction.toolkit/Runtime/Inputs/Haptics/HapticImpulsePlayer.cs
 0.2 kb	 0.0% Packages/com.unity.xr.interaction.toolkit/Runtime/AR/Inputs/ScreenSpaceSelectInput.cs
 0.2 kb	 0.0% Packages/com.unity.xr.interaction.toolkit/Runtime/AR/Inputs/ScreenSpaceRotateInput.cs
 0.2 kb	 0.0% Packages/com.unity.xr.interaction.toolkit/Runtime/AR/Inputs/ScreenSpaceRayPoseDriver.cs
 0.2 kb	 0.0% Packages/com.unity.inputsystem/InputSystem/Plugins/UI/StandaloneInputModuleEditor.cs
 0.2 kb	 0.0% Packages/com.unity.inputsystem/InputSystem/Plugins/UI/InputSystemUIInputModuleEditor.cs
 0.2 kb	 0.0% Packages/com.unity.ai.inference/Runtime/Tokenization/UtfCharToByteConverter.cs
 0.2 kb	 0.0% Packages/com.unity.ai.inference/Runtime/Tokenization/Tokenizer.PostProcessOutput.cs
 0.2 kb	 0.0% Packages/com.unity.ai.inference/Runtime/Tokenization/SubStringToByteConverter.cs
 0.2 kb	 0.0% Packages/com.unity.ai.inference/Runtime/Tokenization/PostProcessors/Templating/SpecialToken.cs
 0.2 kb	 0.0% Packages/com.unity.ai.inference/Runtime/Tokenization/PostProcessors/IPostProcessor.cs
 0.2 kb	 0.0% Packages/com.unity.ai.inference/Runtime/Tokenization/Padding/IPaddingSizeProvider.cs
 0.2 kb	 0.0% Packages/com.unity.ai.inference/Runtime/Tokenization/Normalizers/Precompiled.cs
 0.2 kb	 0.0% Packages/com.unity.ai.inference/Runtime/Tokenization/Mappers/UnigramVocabEntry.cs
 0.2 kb	 0.0% Packages/com.unity.ai.inference/Runtime/Tokenization/Mappers/UnigramMapper.PrefixTrie.cs
 0.2 kb	 0.0% Packages/com.unity.ai.inference/Runtime/Tokenization/Mappers/UnigramMapper.ByteString.cs
 0.2 kb	 0.0% Packages/com.unity.ai.inference/Runtime/Tokenization/Mappers/BpeMapperConfiguration.cs
 0.2 kb	 0.0% Packages/com.unity.ai.inference/Runtime/Tokenization/Mappers/BpeMapper.InternalTokenizer.cs
 0.2 kb	 0.0% Packages/com.unity.ai.inference/Runtime/Tokenization/ISplitDelimiterBehavior.cs
 0.2 kb	 0.0% Packages/com.unity.ai.inference/Runtime/Tokenization/Decoders/RegexReplaceDecoder.cs
 0.2 kb	 0.0% Packages/com.unity.ai.inference/Runtime/Tokenization/Decoders/ByteFallBackDecoder.cs
 0.2 kb	 0.0% Packages/com.bytedance.pico.xr/SpatialAudio/Runtime/PXR_Audio_Spatializer_MRSceneGeometryManager.cs
 0.1 kb	 0.0% Packages/com.unity.xr.openxr/Runtime/NativeTypes/XR_EXT_spatial_plane_tracking/Structs/XrSpatialComponentMesh2DListEXT.cs
 0.1 kb	 0.0% Packages/com.unity.xr.openxr/Runtime/NativeTypes/XR_EXT_spatial_persistence_operations/Structs/XrSpatialEntityUnpersistInfoEXT.cs
 0.1 kb	 0.0% Packages/com.unity.xr.openxr/Runtime/NativeTypes/XR_EXT_spatial_persistence_operations/Structs/XrSpatialEntityPersistInfoEXT.cs
 0.1 kb	 0.0% Packages/com.unity.xr.openxr/Runtime/NativeTypes/XR_EXT_spatial_marker_tracking/Structs/XrSpatialComponentMarkerListEXT.cs
 0.1 kb	 0.0% Packages/com.unity.xr.openxr/Runtime/NativeTypes/XR_EXT_spatial_entity/Structs/XrSpatialFilterTrackingStateEXT.cs
 0.1 kb	 0.0% Packages/com.unity.xr.openxr/Runtime/NativeTypes/XR_EXT_spatial_entity/Structs/XrSpatialContextCreateInfoEXT.cs
 0.1 kb	 0.0% Packages/com.unity.xr.openxr/Runtime/NativeTypes/XR_EXT_spatial_entity/Structs/Components/XrSpatialComponentParentListEXT.cs
 0.1 kb	 0.0% Packages/com.unity.xr.openxr/Runtime/NativeTypes/XR_EXT_spatial_entity/Structs/Components/XrSpatialComponentMesh3DListEXT.cs
 0.1 kb	 0.0% Packages/com.unity.xr.openxr/Runtime/NativeTypes/XR_EXT_spatial_entity/ISpatialCapabilityConfiguration.cs
 0.1 kb	 0.0% Packages/com.unity.xr.openxr/Runtime/NativeTypes/XR_EXT_spatial_anchor/Structs/XrSpatialComponentAnchorListEXT.cs
 0.1 kb	 0.0% Packages/com.unity.xr.openxr/Runtime/NativeTypes/XR_EXT_future/Structs/XrFutureCompletionBaseHeaderEXT.cs
 0.1 kb	 0.0% Packages/com.unity.xr.openxr/Runtime/Features/Interactions/ValveIndexControllerProfile.cs
 0.1 kb	 0.0% Packages/com.unity.xr.openxr/Runtime/Features/Interactions/OculusTouchControllerProfile.cs
 0.1 kb	 0.0% Packages/com.unity.xr.openxr/Runtime/Features/Interactions/KHRSimpleControllerProfile.cs
 0.1 kb	 0.0% Packages/com.unity.xr.openxr/Runtime/Features/Interactions/HandCommonPosesInteraction.cs
 0.1 kb	 0.0% Packages/com.unity.xr.openxr/Runtime/Features/Interactions/HPReverbG2ControllerProfile.cs
 0.1 kb	 0.0% Packages/com.unity.xr.interaction.toolkit/Runtime/XRHelpURLConstants.deprecated.cs
 0.1 kb	 0.0% Packages/com.unity.xr.interaction.toolkit/Runtime/UI/XRUIToolkitPokeHandler.cs
 0.1 kb	 0.0% Packages/com.unity.xr.interaction.toolkit/Runtime/UI/TrackedDeviceEventData.cs
 0.1 kb	 0.0% Packages/com.unity.xr.interaction.toolkit/Runtime/Locomotion/XRBodyTransformer.cs
 0.1 kb	 0.0% Packages/com.unity.xr.interaction.toolkit/Runtime/Locomotion/Turning/SnapTurnProvider.cs
 0.1 kb	 0.0% Packages/com.unity.xr.interaction.toolkit/Runtime/Locomotion/Movement/GrabMoveProvider.cs
 0.1 kb	 0.0% Packages/com.unity.xr.interaction.toolkit/Runtime/Locomotion/LocomotionProvider.cs
 0.1 kb	 0.0% Packages/com.unity.xr.interaction.toolkit/Runtime/Locomotion/LocomotionMediator.cs
 0.1 kb	 0.0% Packages/com.unity.xr.interaction.toolkit/Runtime/Locomotion/Gravity/GravityProvider.cs
 0.1 kb	 0.0% Packages/com.unity.xr.interaction.toolkit/Runtime/Locomotion/Climbing/ClimbSettings.cs
 0.1 kb	 0.0% Packages/com.unity.xr.interaction.toolkit/Runtime/Locomotion/Climbing/ClimbProvider.cs
 0.1 kb	 0.0% Packages/com.unity.xr.interaction.toolkit/Runtime/Interaction/XRInteractionEvents.deprecated.cs
 0.1 kb	 0.0% Packages/com.unity.xr.interaction.toolkit/Runtime/Interaction/Transformers/IXRGrabTransformer.cs
 0.1 kb	 0.0% Packages/com.unity.xr.interaction.toolkit/Runtime/Interaction/Transformers/IXRDropTransformer.cs
 0.1 kb	 0.0% Packages/com.unity.xr.interaction.toolkit/Runtime/Interaction/Interactors/XRSocketInteractor.cs
 0.1 kb	 0.0% Packages/com.unity.xr.interaction.toolkit/Runtime/Interaction/Interactors/XRInteractionGroup.cs
 0.1 kb	 0.0% Packages/com.unity.xr.interaction.toolkit/Runtime/Interaction/Interactors/XRDirectInteractor.cs
 0.1 kb	 0.0% Packages/com.unity.xr.interaction.toolkit/Runtime/Interaction/Interactors/NearFarInteractor.cs
 0.1 kb	 0.0% Packages/com.unity.xr.interaction.toolkit/Runtime/Interaction/Interactors/IXRSelectInteractor.cs
 0.1 kb	 0.0% Packages/com.unity.xr.interaction.toolkit/Runtime/Interaction/Interactors/IXRInteractionGroup.cs
 0.1 kb	 0.0% Packages/com.unity.xr.interaction.toolkit/Runtime/Interaction/Interactors/IXRHoverInteractor.cs
 0.1 kb	 0.0% Packages/com.unity.xr.interaction.toolkit/Runtime/Interaction/Interactables/XRSimpleInteractable.cs
 0.1 kb	 0.0% Packages/com.unity.xr.interaction.toolkit/Runtime/Interaction/Interactables/XRGrabInteractable.cs
 0.1 kb	 0.0% Packages/com.unity.xr.interaction.toolkit/Runtime/Interaction/Interactables/XRBaseInteractable.cs
 0.1 kb	 0.0% Packages/com.unity.xr.interaction.toolkit/Runtime/Interaction/Interactables/IXRHoverInteractable.cs
 0.1 kb	 0.0% Packages/com.unity.xr.interaction.toolkit/Runtime/Interaction/Interactables/IXRFocusInteractable.cs
 0.1 kb	 0.0% Packages/com.unity.xr.interaction.toolkit/Runtime/Interaction/Attachment/IFarAttachProvider.cs
 0.1 kb	 0.0% Packages/com.unity.xr.interaction.toolkit/Runtime/AffordanceSystem/Jobs/FloatTweenJob.cs
 0.1 kb	 0.0% Packages/com.unity.xr.interaction.toolkit/Runtime/AffordanceSystem/Jobs/ColorTweenJob.cs
 0.1 kb	 0.0% Packages/com.unity.xr.interaction.toolkit/Runtime/AR/Interactables/ARSelectionInteractable.cs
 0.1 kb	 0.0% Packages/com.unity.xr.interaction.toolkit/Runtime/AR/Interactables/ARRotationInteractable.cs
 0.1 kb	 0.0% Packages/com.unity.xr.interaction.toolkit/Runtime/AR/Interactables/ARPlacementInteractable.cs
 0.1 kb	 0.0% Packages/com.unity.xr.interaction.toolkit/Runtime/AR/Interactables/ARAnnotationInteractable.cs
 0.1 kb	 0.0% Packages/com.unity.inputsystem/InputSystem/Plugins/InputForUI/InputActionAssetVerifier.cs
 0.1 kb	 0.0% Packages/com.unity.inputsystem/InputSystem/Editor/UITKAssetEditor/Views/CompositeBindingPropertiesView.cs
 0.1 kb	 0.0% Packages/com.unity.inputsystem/InputSystem/Editor/UITKAssetEditor/InputActionsEditorWindowUtils.cs
 0.1 kb	 0.0% Packages/com.unity.inputsystem/InputSystem/Editor/PropertyDrawers/InputActionAssetSearchProvider.cs
 0.1 kb	 0.0% Packages/com.unity.inputsystem/InputSystem/Editor/ProjectWideActions/ProjectWideActionsBuildProvider.cs
 0.1 kb	 0.0% Packages/com.unity.inputsystem/InputSystem/Editor/Internal/SerializedPropertyLinqExtensions.cs
 0.1 kb	 0.0% Packages/com.unity.inputsystem/InputSystem/Editor/Internal/InputActionSerializationHelpers.cs
 0.1 kb	 0.0% Packages/com.unity.inputsystem/InputSystem/Editor/EditorInputControlLayoutCache.cs
 0.1 kb	 0.0% Packages/com.unity.inputsystem/InputSystem/Editor/ControlPicker/Layouts/TouchscreenControlPickerLayout.cs
 0.1 kb	 0.0% Packages/com.unity.inputsystem/InputSystem/Editor/ControlPicker/Layouts/DefaultInputControlPickerLayout.cs
 0.1 kb	 0.0% Packages/com.unity.inputsystem/InputSystem/Editor/Analytics/VirtualMouseInputEditorAnalytic.cs
 0.1 kb	 0.0% Packages/com.unity.inputsystem/InputSystem/Editor/Analytics/PlayerInputManagerEditorAnalytic.cs
 0.1 kb	 0.0% Packages/com.unity.inputsystem/InputSystem/Devices/Commands/QuerySamplingFrequencyCommand.cs
 0.1 kb	 0.0% Packages/com.unity.inputsystem/InputSystem/Devices/Commands/QueryPairedUserAccountCommand.cs
 0.1 kb	 0.0% Packages/com.unity.ai.inference/Runtime/Tokenization/Truncators/IRangeGenerator.cs
 0.1 kb	 0.0% Packages/com.unity.ai.inference/Runtime/Tokenization/Truncators/GenericTruncator.cs
 0.1 kb	 0.0% Packages/com.unity.ai.inference/Runtime/Tokenization/Truncators/DefaultTruncator.cs
 0.1 kb	 0.0% Packages/com.unity.ai.inference/Runtime/Tokenization/Tokenizer.SequenceMergeOutput.cs
 0.1 kb	 0.0% Packages/com.unity.ai.inference/Runtime/Tokenization/PreTokenizers/IPreTokenizer.cs
 0.1 kb	 0.0% Packages/com.unity.ai.inference/Runtime/Tokenization/PreTokenizers/BertPreTokenizer.cs
 0.1 kb	 0.0% Packages/com.unity.ai.inference/Runtime/Tokenization/Parsers/HuggingFace/HfAttribute.cs
 0.1 kb	 0.0% Packages/com.unity.ai.inference/Runtime/Tokenization/Normalizers/StripNormalizer.cs
 0.1 kb	 0.0% Packages/com.unity.ai.inference/Runtime/Tokenization/Normalizers/NmtNormalizer.cs
 0.1 kb	 0.0% Packages/com.unity.ai.inference/Runtime/Tokenization/Normalizers/Lowercase.cs
 0.1 kb	 0.0% Packages/com.unity.ai.inference/Runtime/Tokenization/Normalizers/BertNormalizer.cs
 0.1 kb	 0.0% Packages/com.unity.ai.inference/Runtime/Tokenization/Normalizers/AppendNormalizer.cs
 0.1 kb	 0.0% Packages/com.unity.ai.inference/Runtime/Tokenization/Mappers/UnigramMapper.Entry.cs
 0.1 kb	 0.0% Packages/com.unity.ai.inference/Runtime/Tokenization/Mappers/BpeMapper.DefaultMerger.cs
 0.1 kb	 0.0% Packages/com.unity.ai.inference/Runtime/Tokenization/AddedVocabulary.SearchTree.cs
 0.1 kb	 0.0% Packages/com.unity.ai.inference/Runtime/Core/Compiler/Validation/ValidateShapeInference.cs
 0.1 kb	 0.0% Packages/com.unity.ai.inference/Runtime/Core/Compiler/Passes/RemoveDuplicatesPass.cs
 0.1 kb	 0.0% Packages/com.unity.ai.inference/Runtime/Core/Compiler/Passes/FuseLinearLayersPass.cs
 0.1 kb	 0.0% Packages/com.unity.ai.inference/Runtime/Core/Compiler/Passes/FuseConstantsPass.cs
 0.1 kb	 0.0% Packages/com.unity.ai.inference/Runtime/Core/Compiler/Passes/FuseActivationsPass.cs
 0.1 kb	 0.0% Packages/com.unity.ai.inference/Runtime/Core/Compiler/Passes/EinsumToMatMulPass.cs
 0.1 kb	 0.0% Packages/com.bytedance.pico.xr/Runtime/Scripts/SecureMR/Component/Operator/PXR_SecureMRUpdateGltfOperatorConfig.cs
 0.1 kb	 0.0% Packages/com.bytedance.pico.xr/Runtime/Scripts/SecureMR/Component/Operator/PXR_SecureMRSpeakerOperatorConfig.cs
 0.1 kb	 0.0% Packages/com.bytedance.pico.xr/Runtime/Scripts/SecureMR/Component/Operator/PXR_SecureMRSortMatrixOperatorConfig.cs
 0.1 kb	 0.0% Packages/com.bytedance.pico.xr/Runtime/Scripts/SecureMR/Component/Operator/PXR_SecureMRRenderTextOperatorConfig.cs
 0.1 kb	 0.0% Packages/com.bytedance.pico.xr/Runtime/Scripts/SecureMR/Component/Operator/PXR_SecureMRNormalizeOperatorConfig.cs
 0.1 kb	 0.0% Packages/com.bytedance.pico.xr/Runtime/Scripts/SecureMR/Component/Operator/PXR_SecureMRMicrophoneOperatorConfig.cs
 0.1 kb	 0.0% Packages/com.bytedance.pico.xr/Runtime/Scripts/SecureMR/Component/Operator/PXR_SecureMRComparisonOperatorConfig.cs
 0.1 kb	 0.0% Packages/com.unity.xr.openxr/Runtime/TestTooling/MockOpenXREnvironment.cs
 0.1 kb	 0.0% Packages/com.unity.xr.legacyinputhelpers/Runtime/ArmModels/TransitionArmModel.cs
 0.1 kb	 0.0% Packages/com.unity.xr.interaction.toolkit/Runtime/Utilities/TeleportationMonitor.cs
 0.1 kb	 0.0% Packages/com.unity.xr.interaction.toolkit/Runtime/Utilities/ResetStaticsUtility.cs
 0.1 kb	 0.0% Packages/com.unity.xr.interaction.toolkit/Runtime/Utilities/Locomotion/LocomotionUtility.cs
 0.1 kb	 0.0% Packages/com.unity.xr.interaction.toolkit/Runtime/Utilities/BurstPhysicsUtils.cs
 0.1 kb	 0.0% Packages/com.unity.xr.interaction.toolkit/Runtime/UI/BodyUI/FollowPresetDatum.cs
 0.1 kb	 0.0% Packages/com.unity.xr.interaction.toolkit/Runtime/Interaction/XRInteractionUpdateOrder.cs
 0.1 kb	 0.0% Packages/com.unity.xr.interaction.toolkit/Runtime/Interaction/Layers/InteractionLayerSettings.cs
 0.1 kb	 0.0% Packages/com.unity.xr.interaction.toolkit/Runtime/Interaction/Filtering/Target/Filters/XRBaseTargetFilter.cs
 0.1 kb	 0.0% Packages/com.unity.xr.interaction.toolkit/Runtime/Interaction/Filtering/Target/Evaluators/XRTargetEvaluator.cs
 0.1 kb	 0.0% Packages/com.unity.xr.interaction.toolkit/Runtime/Interaction/Filtering/Target/Evaluators/XRDistanceEvaluator.cs
 0.1 kb	 0.0% Packages/com.unity.xr.interaction.toolkit/Runtime/Interaction/Filtering/Target/Evaluators/XRAngleGazeEvaluator.cs
 0.1 kb	 0.0% Packages/com.unity.xr.interaction.toolkit/Runtime/Interaction/Filtering/Poke/PokeThresholdDatum.cs
 0.1 kb	 0.0% Packages/com.unity.xr.interaction.toolkit/Runtime/Interaction/Filtering/Poke/PokeThresholdData.cs
 0.1 kb	 0.0% Packages/com.unity.xr.interaction.toolkit/Runtime/Interaction/Controllers/XRScreenSpaceController.cs
 0.1 kb	 0.0% Packages/com.unity.xr.interaction.toolkit/Runtime/Interaction/Controllers/XRControllerState.deprecated.cs
 0.1 kb	 0.0% Packages/com.unity.xr.interaction.toolkit/Runtime/Interaction/Controllers/XRControllerRecording.cs
 0.1 kb	 0.0% Packages/com.unity.xr.interaction.toolkit/Runtime/Interaction/Controllers/ActionBasedController.cs
 0.1 kb	 0.0% Packages/com.unity.xr.interaction.toolkit/Runtime/Inputs/Simulation/XRSimulatedHMD.cs
 0.1 kb	 0.0% Packages/com.unity.xr.interaction.toolkit/Runtime/Inputs/InputActionUtility.cs
 0.1 kb	 0.0% Packages/com.unity.xr.interaction.toolkit/Runtime/Inputs/InputActionManager.cs
 0.1 kb	 0.0% Packages/com.unity.xr.interaction.toolkit/Runtime/Inputs/Haptics/HapticsUtility.cs
 0.1 kb	 0.0% Packages/com.unity.xr.interaction.toolkit/Runtime/Feedback/SimpleHapticFeedback.cs
 0.1 kb	 0.0% Packages/com.unity.xr.interaction.toolkit/Runtime/Feedback/SimpleAudioFeedback.cs
 0.1 kb	 0.0% Packages/com.unity.multiplayer.center/Common/SelectedSolutionsData.cs
 0.1 kb	 0.0% Packages/com.unity.inputsystem/InputSystem/Utilities/DisplayStringFormatAttribute.cs
 0.1 kb	 0.0% Packages/com.unity.inputsystem/InputSystem/Plugins/XR/Haptics/SendBufferedHapticsCommand.cs
 0.1 kb	 0.0% Packages/com.unity.inputsystem/InputSystem/Plugins/XR/Haptics/GetHapticCapabilitiesCommand.cs
 0.1 kb	 0.0% Packages/com.unity.inputsystem/InputSystem/Plugins/XR/Haptics/GetCurrentHapticStateCommand.cs
 0.1 kb	 0.0% Packages/com.unity.inputsystem/InputSystem/Plugins/UI/ExtendedSubmitCancelEventData.cs
 0.1 kb	 0.0% Packages/com.unity.inputsystem/InputSystem/Plugins/Android/AndroidGameController.cs
 0.1 kb	 0.0% Packages/com.unity.inputsystem/InputSystem/Controls/Processors/NormalizeVector3Processor.cs
 0.1 kb	 0.0% Packages/com.unity.inputsystem/InputSystem/Controls/Processors/NormalizeVector2Processor.cs
 0.1 kb	 0.0% Packages/com.unity.inputsystem/InputSystem/Controls/Processors/EditorWindowSpaceProcessor.cs
 0.1 kb	 0.0% Packages/com.unity.inputsystem/InputSystem/Controls/Processors/CompensateRotationProcessor.cs
 0.1 kb	 0.0% Packages/com.unity.inputsystem/InputSystem/Controls/Processors/CompensateDirectionProcessor.cs
 0.1 kb	 0.0% Packages/com.unity.collections/Unity.Collections/UnsafeParallelHashSetExtensions.gen.cs
 0.1 kb	 0.0% Packages/com.unity.collections/Unity.Collections/UnsafeParallelHashMap.cs
 0.1 kb	 0.0% Packages/com.unity.ai.inference/Runtime/Tokenization/Tokenizer.TruncationOutput.cs
 0.1 kb	 0.0% Packages/com.unity.ai.inference/Runtime/Tokenization/TokenConfiguration.cs
 0.1 kb	 0.0% Packages/com.unity.ai.inference/Runtime/Tokenization/TextElementUtility.cs
 0.1 kb	 0.0% Packages/com.unity.ai.inference/Runtime/Tokenization/PostProcessors/Templating/Template.cs
 0.1 kb	 0.0% Packages/com.unity.ai.inference/Runtime/Tokenization/PostProcessors/Templating/Sequence.cs
 0.1 kb	 0.0% Packages/com.unity.ai.inference/Runtime/Tokenization/PostProcessors/Templating/Piece.cs
 0.1 kb	 0.0% Packages/com.unity.ai.inference/Runtime/Tokenization/Padding/DefaultPadding.cs
 0.1 kb	 0.0% Packages/com.unity.ai.inference/Runtime/Tokenization/Mappers/WordPieceMapper.cs
 0.1 kb	 0.0% Packages/com.unity.ai.inference/Runtime/Tokenization/Mappers/WordLevelMapper.cs
 0.1 kb	 0.0% Packages/com.unity.ai.inference/Runtime/Tokenization/Mappers/UnigramMapper.cs
 0.1 kb	 0.0% Packages/com.unity.ai.inference/Runtime/Tokenization/Mappers/BpeMapper.Mergeable.cs
 0.1 kb	 0.0% Packages/com.unity.ai.inference/Runtime/Tokenization/Internal/AhoCorasickSearch.cs
 0.1 kb	 0.0% Packages/com.unity.ai.inference/Runtime/Tokenization/DisposablePointer.cs
 0.1 kb	 0.0% Packages/com.unity.ai.inference/Runtime/Tokenization/Decoders/WordPieceDecoder.cs
 0.1 kb	 0.0% Packages/com.unity.ai.inference/Runtime/Tokenization/Decoders/SequenceDecoder.cs
 0.1 kb	 0.0% Packages/com.unity.ai.inference/Runtime/Tokenization/Decoders/ReplaceDecoder.cs
 0.1 kb	 0.0% Packages/com.unity.ai.inference/Runtime/Tokenization/Decoders/MetaspaceDecoder.cs
 0.1 kb	 0.0% Packages/com.unity.ai.inference/Runtime/Tokenization/Decoders/DefaultDecoder.cs
 0.1 kb	 0.0% Packages/com.unity.ai.inference/Runtime/Tokenization/Decoders/ByteLevelDecoder.cs
 0.1 kb	 0.0% Packages/com.unity.ai.inference/Runtime/Core/Compiler/Analyser/PartialInferenceAnalysis.cs
 0.1 kb	 0.0% Packages/com.unity.ai.inference/Runtime/Core/Compiler/Analyser/MemoryFootprintAnalysis.cs
 0.1 kb	 0.0% Packages/com.bytedance.pico.xr/SpatialAudio/Runtime/PXR_Audio_Spatializer_AmbisonicSource.cs
 0.1 kb	 0.0% Packages/com.bytedance.pico.xr/InteractionPack/Scripts/Utils/QuaternionLocalRotationTool.cs
 0.1 kb	 0.0% Packages/com.bytedance.pico.xr/Enterprise/Scripts/Model/OffLineSystemUpdateConfig.cs
 0.1 kb	 0.0% Packages/com.unity.xr.openxr/Runtime/NativeTypes/XR_EXT_spatial_plane_tracking/Structs/XrSpatialPolygon2DDataEXT.cs
 0.1 kb	 0.0% Packages/com.unity.xr.openxr/Runtime/NativeTypes/XR_EXT_spatial_persistence/Structs/XrSpatialPersistenceDataEXT.cs
 0.1 kb	 0.0% Packages/com.unity.xr.openxr/Runtime/NativeTypes/XR_EXT_spatial_entity/Structs/XrSpatialBufferGetInfoEXT.cs
 0.1 kb	 0.0% Packages/com.unity.xr.openxr/Runtime/NativeTypes/XR_EXT_spatial_entity/Structs/Components/XrSpatialBounded2DDataEXT.cs
 0.1 kb	 0.0% Packages/com.unity.xr.openxr/Runtime/NativeTypes/XR_EXT_spatial_anchor/Structs/XrSpatialAnchorCreateInfoEXT.cs
 0.1 kb	 0.0% Packages/com.unity.xr.openxr/Runtime/Features/Interactions/MicrosoftHandInteraction.cs
 0.1 kb	 0.0% Packages/com.unity.xr.openxr/Runtime/Features/Interactions/HandInteractionProfile.cs
 0.1 kb	 0.0% Packages/com.unity.xr.openxr/Runtime/Features/Interactions/HTCViveControllerProfile.cs
 0.1 kb	 0.0% Packages/com.unity.xr.interaction.toolkit/Runtime/Utilities/Collections/NativeCurve.cs
 0.1 kb	 0.0% Packages/com.unity.xr.interaction.toolkit/Runtime/UI/XRUIToolkitManager.cs
 0.1 kb	 0.0% Packages/com.unity.xr.interaction.toolkit/Runtime/UI/XRUIToolkitHandler.cs
 0.1 kb	 0.0% Packages/com.unity.xr.interaction.toolkit/Runtime/UI/TrackedDeviceModel.cs
 0.1 kb	 0.0% Packages/com.unity.xr.interaction.toolkit/Runtime/Locomotion/XRMovableBody.cs
 0.1 kb	 0.0% Packages/com.unity.xr.interaction.toolkit/Runtime/Interaction/XRInteractionEvents.cs
 0.1 kb	 0.0% Packages/com.unity.xr.interaction.toolkit/Runtime/Interaction/Interactors/XRRayInteractor.cs
 0.1 kb	 0.0% Packages/com.unity.xr.interaction.toolkit/Runtime/Interaction/Interactors/XRPokeInteractor.cs
 0.1 kb	 0.0% Packages/com.unity.xr.interaction.toolkit/Runtime/Interaction/Interactors/XRGazeInteractor.cs
 0.1 kb	 0.0% Packages/com.unity.xr.interaction.toolkit/Runtime/Interaction/Interactors/XRBaseInteractor.cs
 0.1 kb	 0.0% Packages/com.unity.xr.interaction.toolkit/Runtime/Interaction/Interactors/IXRRayProvider.cs
 0.1 kb	 0.0% Packages/com.unity.xr.interaction.toolkit/Runtime/Interaction/Interactors/IXRInteractor.cs
 0.1 kb	 0.0% Packages/com.unity.xr.interaction.toolkit/Runtime/Interaction/Interactors/IXRGroupMember.cs
 0.1 kb	 0.0% Packages/com.unity.xr.interaction.toolkit/Runtime/Interaction/Interactables/IXRInteractable.cs
 0.1 kb	 0.0% Packages/com.unity.xr.interaction.toolkit/Runtime/Interaction/Controllers/InteractionState.deprecated.cs
 0.1 kb	 0.0% Packages/com.unity.xr.interaction.toolkit/Runtime/AR/Interactors/ARGestureInteractor.cs
 0.1 kb	 0.0% Packages/com.unity.xr.interaction.toolkit/Runtime/AR/Interactables/ARScaleInteractable.cs
 0.1 kb	 0.0% Packages/com.unity.xr.core-utils/Runtime/CapabilityProfile/Dictionary/CustomCapabilityKeyAttribute.cs
 0.1 kb	 0.0% Packages/com.unity.inputsystem/InputSystem/State/IInputStateCallbackReceiver.cs
 0.1 kb	 0.0% Packages/com.unity.inputsystem/InputSystem/Plugins/InputForUI/InputSystemProvider.cs
 0.1 kb	 0.0% Packages/com.unity.inputsystem/InputSystem/Plugins/DualShock/DualShockGamepadHID.cs
 0.1 kb	 0.0% Packages/com.unity.inputsystem/InputSystem/Editor/UITKAssetEditor/Views/NameAndParametersListView.cs
 0.1 kb	 0.0% Packages/com.unity.inputsystem/InputSystem/Editor/UITKAssetEditor/Views/InputActionMapsTreeViewItem.cs
 0.1 kb	 0.0% Packages/com.unity.inputsystem/InputSystem/Editor/UITKAssetEditor/InputActionsEditorConstants.cs
 0.1 kb	 0.0% Packages/com.unity.inputsystem/InputSystem/Editor/Settings/InputSettingsBuildProvider.cs
 0.1 kb	 0.0% Packages/com.unity.inputsystem/InputSystem/Editor/Settings/EditorPlayerSettingHelpers.cs
 0.1 kb	 0.0% Packages/com.unity.inputsystem/InputSystem/Editor/PropertyDrawers/InputActionPropertyDrawer.cs
 0.1 kb	 0.0% Packages/com.unity.inputsystem/InputSystem/Editor/PropertyDrawers/GamepadButtonPropertyDrawer.cs
 0.1 kb	 0.0% Packages/com.unity.inputsystem/InputSystem/Editor/Internal/SerializedPropertyHelpers.cs
 0.1 kb	 0.0% Packages/com.unity.inputsystem/InputSystem/Editor/Internal/AdvancedDropdown/AdvancedDropdownDataSource.cs
 0.1 kb	 0.0% Packages/com.unity.inputsystem/InputSystem/Editor/InputSystemPackageControl.cs
 0.1 kb	 0.0% Packages/com.unity.inputsystem/InputSystem/Editor/Debugger/SampleFrequencyCalculator.cs
 0.1 kb	 0.0% Packages/com.unity.inputsystem/InputSystem/Editor/Debugger/InputDeviceDebuggerWindow.cs
 0.1 kb	 0.0% Packages/com.unity.inputsystem/InputSystem/Editor/Debugger/InputActionDebuggerWindow.cs
 0.1 kb	 0.0% Packages/com.unity.inputsystem/InputSystem/Editor/ControlPicker/InputControlPickerDropdown.cs
 0.1 kb	 0.0% Packages/com.unity.inputsystem/InputSystem/Editor/ControlPicker/IInputControlPickerLayout.cs
 0.1 kb	 0.0% Packages/com.unity.inputsystem/InputSystem/Editor/AssetImporter/InputActionImporterEditor.cs
 0.1 kb	 0.0% Packages/com.unity.inputsystem/InputSystem/Editor/AssetImporter/InputActionAssetIconLoader.cs
 0.1 kb	 0.0% Packages/com.unity.inputsystem/InputSystem/Editor/AssetEditor/InputBindingPropertiesView.cs
 0.1 kb	 0.0% Packages/com.unity.inputsystem/InputSystem/Editor/AssetEditor/InputActionPropertiesView.cs
 0.1 kb	 0.0% Packages/com.unity.inputsystem/InputSystem/Editor/Analytics/PlayerInputEditorAnalytic.cs
 0.1 kb	 0.0% Packages/com.unity.inputsystem/InputSystem/Editor/Analytics/OnScreenStickEditorAnalytic.cs
 0.1 kb	 0.0% Packages/com.unity.inputsystem/InputSystem/Editor/Analytics/InputExitPlayModeAnalytic.cs
 0.1 kb	 0.0% Packages/com.unity.inputsystem/InputSystem/Editor/Analytics/InputComponentEditorAnalytic.cs
 0.1 kb	 0.0% Packages/com.unity.inputsystem/InputSystem/Devices/IInputUpdateCallbackReceiver.cs
 0.1 kb	 0.0% Packages/com.unity.inputsystem/InputSystem/Devices/Commands/SetSamplingFrequencyCommand.cs
 0.1 kb	 0.0% Packages/com.unity.inputsystem/InputSystem/Devices/Commands/SetIMECursorPositionCommand.cs
 0.1 kb	 0.0% Packages/com.unity.inputsystem/InputSystem/Devices/Commands/QueryKeyboardLayoutCommand.cs
 0.1 kb	 0.0% Packages/com.unity.inputsystem/InputSystem/Devices/Commands/EnableIMECompositionCommand.cs
 0.1 kb	 0.0% Packages/com.unity.inputsystem/InputSystem/Controls/InputControlLayoutAttribute.cs
 0.1 kb	 0.0% Packages/com.unity.inputsystem/InputSystem/Actions/InputActionRebindingExtensions.cs
 0.1 kb	 0.0% Packages/com.unity.collections/Unity.Collections/UnsafeNotBurstCompatible.cs
 0.1 kb	 0.0% Packages/com.unity.ai.inference/Runtime/Tokenization/Truncators/ITruncator.cs
 0.1 kb	 0.0% Packages/com.unity.ai.inference/Runtime/Tokenization/Tokenizer.SequenceMerger.cs
 0.1 kb	 0.0% Packages/com.unity.ai.inference/Runtime/Tokenization/Tokenizer.PaddingOutput.cs
 0.1 kb	 0.0% Packages/com.unity.ai.inference/Runtime/Tokenization/Normalizers/INormalizer.cs
 0.1 kb	 0.0% Packages/com.unity.ai.inference/Runtime/Tokenization/Mappers/BpeMapper.Merger.cs
 0.1 kb	 0.0% Packages/com.unity.ai.inference/Runtime/Tokenization/Mappers/BpMapper.Symbol.cs
 0.1 kb	 0.0% Packages/com.unity.ai.inference/Runtime/Core/Compiler/Passes/GraphPassUtil.cs
 0.1 kb	 0.0% Packages/com.unity.ai.inference/Runtime/Core/Compiler/Passes/FuseDensePass.cs
 0.1 kb	 0.0% Packages/com.bytedance.pico.xr/Runtime/UISet/Scripts/Components/PXR_TabBarVisualController.cs
 0.1 kb	 0.0% Packages/com.bytedance.pico.xr/Runtime/UISet/Scripts/Components/PXR_SliderVisualController.cs
 0.1 kb	 0.0% Packages/com.bytedance.pico.xr/Runtime/UISet/Scripts/Components/PXR_SliderSegmentController.cs
 0.1 kb	 0.0% Packages/com.bytedance.pico.xr/Runtime/Scripts/SecureMR/Component/Tensor/PXR_SecureMRLocalTensorReference.cs
 0.1 kb	 0.0% Packages/com.bytedance.pico.xr/Runtime/Scripts/SecureMR/Component/Tensor/Data/PXR_SecureMRTextureTensorData.cs
 0.1 kb	 0.0% Packages/com.bytedance.pico.xr/Runtime/Scripts/SecureMR/Component/Pipeline/PXR_SecureMRPipelineExecuteAfter.cs
 0.1 kb	 0.0% Packages/com.bytedance.pico.xr/Runtime/Scripts/SecureMR/Component/Operator/PXR_SecureMRNmsOperatorConfig.cs
 0.1 kb	 0.0% Assets/XR/Settings/XRGeneralSettingsPerBuildTarget.asset
 0.1 kb	 0.0% Packages/com.unity.xr.legacyinputhelpers/Runtime/ArmModels/SwingArmModel.cs
 0.1 kb	 0.0% Packages/com.unity.xr.interaction.toolkit/Runtime/XRHelpURLConstants.cs
 0.1 kb	 0.0% Packages/com.unity.xr.interaction.toolkit/Runtime/Utilities/MatrixUtility.cs
 0.1 kb	 0.0% Packages/com.unity.xr.interaction.toolkit/Runtime/Utilities/Interaction/XRFilterUtility.cs
 0.1 kb	 0.0% Packages/com.unity.xr.interaction.toolkit/Runtime/Utilities/GradientUtility.cs
 0.1 kb	 0.0% Packages/com.unity.xr.interaction.toolkit/Runtime/Utilities/DisplayUtility.cs
 0.1 kb	 0.0% Packages/com.unity.xr.interaction.toolkit/Runtime/Utilities/Curves/CurveUtility.cs
 0.1 kb	 0.0% Packages/com.unity.xr.interaction.toolkit/Runtime/Utilities/BurstMathUtility.cs
 0.1 kb	 0.0% Packages/com.unity.xr.interaction.toolkit/Runtime/Utilities/BurstLerpUtility.cs
 0.1 kb	 0.0% Packages/com.unity.xr.interaction.toolkit/Runtime/Utilities/BurstGazeUtility.cs
 0.1 kb	 0.0% Packages/com.unity.xr.interaction.toolkit/Runtime/Locomotion/Legacy/SnapTurnProviderBase.cs
 0.1 kb	 0.0% Packages/com.unity.xr.interaction.toolkit/Runtime/Locomotion/Jump/JumpProvider.cs
 0.1 kb	 0.0% Packages/com.unity.xr.interaction.toolkit/Runtime/Interaction/XRInteractionManager.cs
 0.1 kb	 0.0% Packages/com.unity.xr.interaction.toolkit/Runtime/Interaction/Layers/InteractionLayerMask.cs
 0.1 kb	 0.0% Packages/com.unity.xr.interaction.toolkit/Runtime/Interaction/Filtering/Target/Filters/XRTargetFilter.cs
 0.1 kb	 0.0% Packages/com.unity.xr.interaction.toolkit/Runtime/Interaction/Filtering/Target/Filters/IXRTargetFilter.cs
 0.1 kb	 0.0% Packages/com.unity.xr.interaction.toolkit/Runtime/Interaction/Filtering/Select/IXRSelectFilter.cs
 0.1 kb	 0.0% Packages/com.unity.xr.interaction.toolkit/Runtime/Interaction/Filtering/Poke/PokeStateData.cs
 0.1 kb	 0.0% Packages/com.unity.xr.interaction.toolkit/Runtime/Interaction/Filtering/Poke/IXRPokeFilter.cs
 0.1 kb	 0.0% Packages/com.unity.xr.interaction.toolkit/Runtime/Interaction/Filtering/Hover/IXRHoverFilter.cs
 0.1 kb	 0.0% Packages/com.unity.xr.interaction.toolkit/Runtime/Interaction/Controllers/XRControllerState.cs
 0.1 kb	 0.0% Packages/com.unity.xr.interaction.toolkit/Runtime/Interaction/Controllers/XRControllerRecorder.cs
 0.1 kb	 0.0% Packages/com.unity.xr.interaction.toolkit/Runtime/Inputs/ScrollUtility.cs
 0.1 kb	 0.0% Packages/com.unity.xr.interaction.toolkit/Runtime/Inputs/CardinalUtility.cs
 0.1 kb	 0.0% Packages/com.unity.xr.core-utils/Runtime/Datums/AnimationCurveDatumProperty.cs
 0.1 kb	 0.0% Packages/com.unity.xr.core-utils/Runtime/Attributes/ScriptableSettingsPathAttribute.cs
 0.1 kb	 0.0% Packages/com.unity.ugui/Runtime/UGUI/EventSystem/UIElements/UIToolkitInteroperabilityBridge.cs
 0.1 kb	 0.0% Packages/com.unity.multiplayer.center/Common/IOnboardingSection.cs
 0.1 kb	 0.0% Packages/com.unity.inputsystem/InputSystem/Utilities/Observables/ForDeviceEventObservable.cs
 0.1 kb	 0.0% Packages/com.unity.inputsystem/InputSystem/Plugins/XR/Haptics/SendHapticImpulseCommand.cs
 0.1 kb	 0.0% Packages/com.unity.inputsystem/InputSystem/Plugins/Android/AndroidSensors.cs
 0.1 kb	 0.0% Packages/com.unity.inputsystem/InputSystem/Editor/AssetEditor/NameAndParameterListView.cs
 0.1 kb	 0.0% Packages/com.unity.inputsystem/InputSystem/Controls/Processors/StickDeadzoneProcessor.cs
 0.1 kb	 0.0% Packages/com.unity.inputsystem/InputSystem/Controls/Processors/ScaleVector3Processor.cs
 0.1 kb	 0.0% Packages/com.unity.inputsystem/InputSystem/Controls/Processors/ScaleVector2Processor.cs
 0.1 kb	 0.0% Packages/com.unity.inputsystem/InputSystem/Controls/Processors/InvertVector3Processor.cs
 0.1 kb	 0.0% Packages/com.unity.inputsystem/InputSystem/Controls/Processors/InvertVector2Processor.cs
 0.1 kb	 0.0% Packages/com.unity.inputsystem/InputSystem/Controls/Processors/AxisDeadzoneProcessor.cs
 0.1 kb	 0.0% Packages/com.unity.inputsystem/InputSystem/Actions/Composites/TwoModifiersComposite.cs
 0.1 kb	 0.0% Packages/com.unity.inputsystem/InputSystem/Actions/Composites/ButtonWithTwoModifiers.cs
 0.1 kb	 0.0% Packages/com.unity.inputsystem/InputSystem/Actions/Composites/ButtonWithOneModifier.cs
 0.1 kb	 0.0% Packages/com.unity.collections/Unity.Collections/UnsafeScratchAllocator.cs
 0.1 kb	 0.0% Packages/com.unity.collections/Unity.Collections/NativeParallelHashMapExtensions.cs
 0.1 kb	 0.0% Packages/com.unity.ai.inference/Runtime/Tokenization/Utf8CharSplitter.cs
 0.1 kb	 0.0% Packages/com.unity.ai.inference/Runtime/Tokenization/SubString.Comparer.cs
 0.1 kb	 0.0% Packages/com.unity.ai.inference/Runtime/Tokenization/Padding/RightPadding.cs
 0.1 kb	 0.0% Packages/com.unity.ai.inference/Runtime/Tokenization/Padding/LeftPadding.cs
 0.1 kb	 0.0% Packages/com.unity.ai.inference/Runtime/Tokenization/Mappers/MergePair.cs
 0.1 kb	 0.0% Packages/com.unity.ai.inference/Runtime/Tokenization/Mappers/BpeMapper.cs
 0.1 kb	 0.0% Packages/com.unity.ai.inference/Runtime/Tokenization/Decoders/StripDecoder.cs
 0.1 kb	 0.0% Packages/com.unity.ai.inference/Runtime/Tokenization/Decoders/FuseDecoder.cs
 0.1 kb	 0.0% Packages/com.unity.ai.inference/Runtime/Tokenization/Decoders/BpeDecoder.cs
 0.1 kb	 0.0% Packages/com.unity.ai.inference/Runtime/Tokenization/ByteLevelHelper.cs
 0.1 kb	 0.0% Packages/com.unity.ai.inference/Runtime/Tokenization/AddedVocabulary.cs
 0.1 kb	 0.0% Packages/com.unity.ai.inference/Runtime/Core/Serialization/FlatBuffers/IFlatbufferObject.cs
 0.1 kb	 0.0% Packages/com.unity.ai.inference/Runtime/Core/Serialization/FlatBuffers/FlatBufferConstants.cs
 0.1 kb	 0.0% Packages/com.unity.ai.inference/Runtime/Core/Serialization/FlatBuffers/FlatBufferBuilder.cs
 0.1 kb	 0.0% Packages/com.unity.ai.inference/Runtime/Core/Compiler/Passes/RemoveUnusedPass.cs
 0.1 kb	 0.0% Packages/com.unity.ai.inference/Runtime/Core/Compiler/Passes/RemoveNoOpsPass.cs
 0.1 kb	 0.0% Packages/com.unity.ai.inference/Runtime/Core/Compiler/Analyser/GraphLogicAnalysis.cs
 0.1 kb	 0.0% Packages/com.bytedance.pico.xr/SpatialAudio/Runtime/PXR_Audio_Spatializer_SceneMaterial.cs
 0.1 kb	 0.0% Packages/com.bytedance.pico.xr/SpatialAudio/Runtime/PXR_Audio_Spatializer_SceneGeometry.cs
 0.1 kb	 0.0% Packages/com.bytedance.pico.xr/SpatialAudio/Runtime/PXR_Audio_Spatializer_AudioSource.cs
 0.1 kb	 0.0% Packages/com.bytedance.pico.xr/SpatialAudio/Runtime/PXR_Audio_Spatializer_AudioListener.cs
 0.1 kb	 0.0% Packages/com.bytedance.pico.xr/Runtime/Scripts/SecureMR/Utils/PXR_SpatialMLSceneGraphTransform.cs
 0.1 kb	 0.0% Packages/com.bytedance.pico.xr/Runtime/Scripts/SecureMR/Utils/PXR_SpatialMLPipelineZooTypes.cs
 0.1 kb	 0.0% Packages/com.bytedance.pico.xr/Runtime/Scripts/SecureMR/Utils/PXR_SpatialMLPipelineZooAsset.cs
 0.1 kb	 0.0% Packages/com.bytedance.pico.xr/Runtime/Scripts/Controller/PXR_ControllerWithHandAnimator.cs
 0.1 kb	 0.0% Packages/com.bytedance.pico.xr/Runtime/Debugger/Scripts/UI/Inspector/PXR_SideItemToggleController.cs
 0.1 kb	 0.0% Packages/com.bytedance.pico.xr/Runtime/Debugger/Scripts/UI/Inspector/PXR_InspectorTransformVisual.cs
 0.1 kb	 0.0% Packages/com.bytedance.pico.xr/Runtime/BuildingBlocks/PXRSample_SpatialAnchorManager.cs
 0.1 kb	 0.0% Packages/com.bytedance.pico.xr/Enterprise/Scripts/Model/LargeSpaceQuickModeInfo.cs
 0.1 kb	 0.0% Packages/com.bytedance.pico.xr/Enterprise/Scripts/Interfaces/WifiDisplayModelCallback.cs
 0.1 kb	 0.0% Packages/com.bytedance.pico.xr/CameraPack/Scripts/PXR_CamTextureManager.cs
 0.1 kb	 0.0% Packages/com.bytedance.pico.xr/Assets/Resources/Hand/HandPose/Materials/HPE_head_fade.mat
 0.1 kb	 0.0% Packages/com.bytedance.pico.xr/Assets/Resources/Hand/HandPose/Materials/Floor.mat
 0.1 kb	 0.0% Packages/com.unity.xr.openxr/Runtime/NativeTypes/XR_EXT_spatial_marker_tracking/Structs/XrSpatialMarkerSizeEXT.cs
 0.1 kb	 0.0% Packages/com.unity.xr.openxr/Runtime/NativeTypes/XR_EXT_spatial_marker_tracking/Structs/XrSpatialMarkerDataEXT.cs
 0.1 kb	 0.0% Packages/com.unity.xr.openxr/Runtime/NativeTypes/XR_EXT_future/Structs/XrFuturePollResultEXT.cs
 0.1 kb	 0.0% Packages/com.unity.xr.openxr/Runtime/NativeTypes/XR_EXT_future/Structs/XrFutureCompletionEXT.cs
 0.1 kb	 0.0% Packages/com.unity.xr.openxr/Runtime/NativeTypes/XR_EXT_future/Structs/XrFutureCancelInfoEXT.cs
 0.1 kb	 0.0% Packages/com.unity.xr.openxr/Runtime/NativeTypes/Core/XrSwapchainCreateInfo.cs
 0.1 kb	 0.0% Packages/com.unity.xr.openxr/Runtime/NativeTypes/Core/XrEventDataBaseHeader.cs
 0.1 kb	 0.0% Packages/com.unity.xr.openxr/Runtime/Features/Interactions/PalmPoseInteraction.cs
 0.1 kb	 0.0% Packages/com.unity.xr.openxr/Runtime/Features/Interactions/EyeGazeInteraction.cs
 0.1 kb	 0.0% Packages/com.unity.xr.legacyinputhelpers/Runtime/TrackedPoseDriver/BasePoseProvider.cs
 0.1 kb	 0.0% Packages/com.unity.xr.interaction.toolkit/Runtime/XR/InputHelpers.deprecated.cs
 0.1 kb	 0.0% Packages/com.unity.xr.interaction.toolkit/Runtime/UI/XRUIInputModule.cs
 0.1 kb	 0.0% Packages/com.unity.xr.interaction.toolkit/Runtime/UI/UIInputModule.cs
 0.1 kb	 0.0% Packages/com.unity.xr.interaction.toolkit/Runtime/UI/NavigationModel.cs
 0.1 kb	 0.0% Packages/com.unity.xr.interaction.toolkit/Runtime/UI/IUIModelUpdater.cs
 0.1 kb	 0.0% Packages/com.unity.xr.interaction.toolkit/Runtime/UI/CanvasTracker.cs
 0.1 kb	 0.0% Packages/com.unity.xr.interaction.toolkit/Runtime/UI/CanvasOptimizer.cs
 0.1 kb	 0.0% Packages/com.unity.xr.interaction.toolkit/Runtime/Interaction/Interactables/DistanceInfo.cs
 0.1 kb	 0.0% Packages/com.unity.xr.interaction.toolkit/Runtime/Interaction/Gaze/XRGazeAssistance.cs
 0.1 kb	 0.0% Packages/com.unity.xr.core-utils/Runtime/CapabilityProfile/Dictionary/StandardCapabilityKeys.cs
 0.1 kb	 0.0% Packages/com.unity.ugui/Runtime/TMP/TMP_SpriteAssetImportFormats.cs
 0.1 kb	 0.0% Packages/com.unity.multiplayer.center/Common/StyleConstants.cs
 0.1 kb	 0.0% Packages/com.unity.inputsystem/InputSystem/State/IInputStateChangeMonitor.cs
 0.1 kb	 0.0% Packages/com.unity.inputsystem/InputSystem/Plugins/iOS/IOSGameController.cs
 0.1 kb	 0.0% Packages/com.unity.inputsystem/InputSystem/Plugins/Users/InputUserAccountHandle.cs
 0.1 kb	 0.0% Packages/com.unity.inputsystem/InputSystem/Plugins/Switch/SwitchProControllerHID.cs
 0.1 kb	 0.0% Packages/com.unity.inputsystem/InputSystem/Plugins/PlayerInput/PlayerInputManagerEditor.cs
 0.1 kb	 0.0% Packages/com.unity.inputsystem/InputSystem/Plugins/OSX/OSXGameController.cs
 0.1 kb	 0.0% Packages/com.unity.inputsystem/InputSystem/Plugins/EnhancedTouch/EnhancedTouchSupport.cs
 0.1 kb	 0.0% Packages/com.unity.inputsystem/InputSystem/Events/DeviceConfigurationEvent.cs
 0.1 kb	 0.0% Packages/com.unity.inputsystem/InputSystem/Editor/UITKAssetEditor/Views/VisualElementExtensions.cs
 0.1 kb	 0.0% Packages/com.unity.inputsystem/InputSystem/Editor/UITKAssetEditor/Views/InputActionsTreeViewItem.cs
 0.1 kb	 0.0% Packages/com.unity.inputsystem/InputSystem/Editor/UITKAssetEditor/Views/InputActionsEditorView.cs
 0.1 kb	 0.0% Packages/com.unity.inputsystem/InputSystem/Editor/UITKAssetEditor/Views/BindingPropertiesView.cs
 0.1 kb	 0.0% Packages/com.unity.inputsystem/InputSystem/Editor/UITKAssetEditor/SerializedInputBinding.cs
 0.1 kb	 0.0% Packages/com.unity.inputsystem/InputSystem/Editor/UITKAssetEditor/SerializedInputActionMap.cs
 0.1 kb	 0.0% Packages/com.unity.inputsystem/InputSystem/Editor/UITKAssetEditor/SerializedInputAction.cs
 0.1 kb	 0.0% Packages/com.unity.inputsystem/InputSystem/Editor/UITKAssetEditor/InputActionsEditorWindow.cs
 0.1 kb	 0.0% Packages/com.unity.inputsystem/InputSystem/Editor/UITKAssetEditor/InputActionsEditorState.cs
 0.1 kb	 0.0% Packages/com.unity.inputsystem/InputSystem/Editor/UITKAssetEditor/Commands/ControlSchemeCommands.cs
 0.1 kb	 0.0% Packages/com.unity.inputsystem/InputSystem/Editor/Settings/InputSettingsProvider.cs
 0.1 kb	 0.0% Packages/com.unity.inputsystem/InputSystem/Editor/Settings/InputEditorUserSettings.cs
 0.1 kb	 0.0% Packages/com.unity.inputsystem/InputSystem/Editor/PropertyDrawers/InputControlPathDrawer.cs
 0.1 kb	 0.0% Packages/com.unity.inputsystem/InputSystem/Editor/PropertyDrawers/InputActionDrawerBase.cs
 0.1 kb	 0.0% Packages/com.unity.inputsystem/InputSystem/Editor/PropertyDrawers/InputActionAssetDrawer.cs
 0.1 kb	 0.0% Packages/com.unity.inputsystem/InputSystem/Editor/ProjectWideActions/ProjectWideActionsAsset.cs
 0.1 kb	 0.0% Packages/com.unity.inputsystem/InputSystem/Editor/Internal/AdvancedDropdown/AdvancedDropdownWindow.cs
 0.1 kb	 0.0% Packages/com.unity.inputsystem/InputSystem/Editor/Internal/AdvancedDropdown/AdvancedDropdownState.cs
 0.1 kb	 0.0% Packages/com.unity.inputsystem/InputSystem/Editor/InputSystemPluginControl.cs
 0.1 kb	 0.0% Packages/com.unity.inputsystem/InputSystem/Editor/InputLayoutCodeGenerator.cs
 0.1 kb	 0.0% Packages/com.unity.inputsystem/InputSystem/Editor/InputAssetEditorUtils.cs
 0.1 kb	 0.0% Packages/com.unity.inputsystem/InputSystem/Editor/Debugger/InputLatencyCalculator.cs
 0.1 kb	 0.0% Packages/com.unity.inputsystem/InputSystem/Editor/ControlPicker/InputControlPickerState.cs
 0.1 kb	 0.0% Packages/com.unity.inputsystem/InputSystem/Editor/ControlPicker/InputControlPathEditor.cs
 0.1 kb	 0.0% Packages/com.unity.inputsystem/InputSystem/Editor/ControlPicker/InputControlDropdownItem.cs
 0.1 kb	 0.0% Packages/com.unity.inputsystem/InputSystem/Editor/AssetImporter/InputActionCodeGenerator.cs
 0.1 kb	 0.0% Packages/com.unity.inputsystem/InputSystem/Editor/AssetImporter/InputActionAssetEditor.cs
 0.1 kb	 0.0% Packages/com.unity.inputsystem/InputSystem/Editor/AssetImporter/IInputActionAssetEditor.cs
 0.1 kb	 0.0% Packages/com.unity.inputsystem/InputSystem/Editor/AssetEditor/InputActionAssetManager.cs
 0.1 kb	 0.0% Packages/com.unity.inputsystem/InputSystem/Devices/Remote/RemoteInputPlayerConnection.cs
 0.1 kb	 0.0% Packages/com.unity.inputsystem/InputSystem/Devices/InputDeviceDescription.cs
 0.1 kb	 0.0% Packages/com.unity.inputsystem/InputSystem/Devices/Haptics/DualMotorRumbleCommand.cs
 0.1 kb	 0.0% Packages/com.unity.inputsystem/InputSystem/Devices/Commands/WarpMousePositionCommand.cs
 0.1 kb	 0.0% Packages/com.unity.inputsystem/InputSystem/Devices/Commands/QueryEnabledStateCommand.cs
 0.1 kb	 0.0% Packages/com.unity.inputsystem/InputSystem/Devices/Commands/QueryDimensionsCommand.cs
 0.1 kb	 0.0% Packages/com.unity.inputsystem/InputSystem/Devices/Commands/QueryCanRunInBackground.cs
 0.1 kb	 0.0% Packages/com.unity.inputsystem/InputSystem/Devices/Commands/IInputDeviceCommandInfo.cs
 0.1 kb	 0.0% Packages/com.unity.inputsystem/InputSystem/Controls/InputControlAttribute.cs
 0.1 kb	 0.0% Packages/com.unity.inputsystem/InputSystem/Controls/DiscreteButtonControl.cs
 0.1 kb	 0.0% Packages/com.unity.inputsystem/InputSystem/Actions/InputBindingCompositeContext.cs
 0.1 kb	 0.0% Packages/com.unity.inputsystem/InputSystem/Actions/InputActionSetupExtensions.cs
 0.1 kb	 0.0% Packages/com.unity.inputsystem/InputSystem/Actions/InputActionParameters.cs
 0.1 kb	 0.0% Packages/com.unity.collections/Unity.Collections/UnsafeAtomicCounter.cs
 0.1 kb	 0.0% Packages/com.unity.ai.inference/Runtime/Tokenization/Direction.cs
 0.1 kb	 0.0% Packages/com.unity.ai.inference/Runtime/Core/Graph/GraphModuleExtensions.cs
 0.1 kb	 0.0% Packages/com.unity.ai.inference/Runtime/Core/Compiler/Validation/IValidationPass.cs
 0.1 kb	 0.0% Packages/com.unity.ai.inference/Runtime/Core/Compiler/Passes/ValidatePasses.cs
 0.1 kb	 0.0% Packages/com.bytedance.pico.xr/SpatialAudio/Runtime/PXR_Audio_Spatializer_Types.cs
 0.1 kb	 0.0% Packages/com.bytedance.pico.xr/Runtime/Scripts/SecureMR/Component/Tensor/PXR_SecureMRTensorMetadata.cs
 0.1 kb	 0.0% Packages/com.bytedance.pico.xr/Runtime/Scripts/SecureMR/Component/Tensor/PXR_SecureMRTensorMapping.cs
 0.1 kb	 0.0% Packages/com.bytedance.pico.xr/Runtime/Scripts/SecureMR/Component/Tensor/PXR_SecureMRPipelineTensor.cs
 0.1 kb	 0.0% Packages/com.bytedance.pico.xr/Runtime/Scripts/SecureMR/Component/Tensor/Data/PXR_SecureMRUShortTensorData.cs
 0.1 kb	 0.0% Packages/com.bytedance.pico.xr/Runtime/Scripts/SecureMR/Component/Tensor/Data/PXR_SecureMRIntTensorData.cs
 0.1 kb	 0.0% Packages/com.bytedance.pico.xr/Runtime/Scripts/SecureMR/Component/Tensor/Data/PXR_SecureMRFloatTensorData.cs
 0.1 kb	 0.0% Packages/com.bytedance.pico.xr/Runtime/Scripts/SecureMR/Component/Tensor/Data/PXR_SecureMRFileTensorData.cs
 0.1 kb	 0.0% Packages/com.bytedance.pico.xr/Runtime/Scripts/SecureMR/Component/Tensor/Data/PXR_SecureMRByteTensorData.cs
 0.1 kb	 0.0% Packages/com.bytedance.pico.xr/Runtime/Scripts/SecureMR/Component/Pipeline/PXR_SecureMRPipelineRunner.cs
 0.1 kb	 0.0% Packages/com.bytedance.pico.xr/Runtime/Scripts/SecureMR/Component/Pipeline/PXR_SecureMRPipelineExecute.cs
 0.1 kb	 0.0% Packages/com.bytedance.pico.xr/Runtime/Scripts/SecureMR/Component/Operator/PXR_SecureMROperatorConfig.cs
 0.1 kb	 0.0% Packages/com.bytedance.pico.xr/Platform/Scripts/Framework/PXR_PlatformSetting.cs
 0.1 kb	 0.0% Packages/com.unity.xr.openxr/Runtime/MockRuntime/MockRuntime.cs
 0.1 kb	 0.0% Packages/com.unity.xr.openxr/Runtime/Features/OpenXRInteractionFeature.cs
 0.1 kb	 0.0% Packages/com.unity.xr.openxr/Runtime/Features/OpenXRFeatureAttribute.cs
 0.1 kb	 0.0% Packages/com.unity.xr.openxr/Runtime/Features/FoveatedRenderingFeature.cs
 0.1 kb	 0.0% Packages/com.unity.xr.openxr/Runtime/AdditiveActionsAnalytics.cs
 0.1 kb	 0.0% Packages/com.unity.xr.management/Runtime/XRManagementAnalytics.cs
 0.1 kb	 0.0% Packages/com.unity.xr.management/Runtime/XRConfigurationData.cs
 0.1 kb	 0.0% Packages/com.unity.xr.legacyinputhelpers/Runtime/TrackedPoseDriver/TrackedPoseDriver.cs
 0.1 kb	 0.0% Packages/com.unity.xr.legacyinputhelpers/Runtime/CameraOffset.cs
 0.1 kb	 0.0% Packages/com.unity.xr.interaction.toolkit/Runtime/XR/SortingHelpers.cs
 0.1 kb	 0.0% Packages/com.unity.xr.interaction.toolkit/Runtime/Utilities/ProjectPath.cs
 0.1 kb	 0.0% Packages/com.unity.xr.interaction.toolkit/Runtime/Locomotion/Legacy/LocomotionSystem.cs
 0.1 kb	 0.0% Packages/com.unity.xr.interaction.toolkit/Runtime/Interaction/Filtering/Poke/XRPokeLogic.cs
 0.1 kb	 0.0% Packages/com.unity.xr.interaction.toolkit/Runtime/Interaction/Filtering/Poke/XRPokeFilter.cs
 0.1 kb	 0.0% Packages/com.unity.xr.interaction.toolkit/Runtime/Interaction/Controllers/XRBaseController.cs
 0.1 kb	 0.0% Packages/com.unity.xr.interaction.toolkit/Runtime/Interaction/Controllers/InteractionState.cs
 0.1 kb	 0.0% Packages/com.unity.ugui/Runtime/UGUI/UI/Core/Layout/HorizontalOrVerticalLayoutGroup.cs
 0.1 kb	 0.0% Packages/com.unity.inputsystem/InputSystem/Utilities/NameAndParameters.cs
 0.1 kb	 0.0% Packages/com.unity.inputsystem/InputSystem/Utilities/CSharpCodeHelpers.cs
 0.1 kb	 0.0% Packages/com.unity.inputsystem/InputSystem/Plugins/UI/TrackedDeviceRaycaster.cs
 0.1 kb	 0.0% Packages/com.unity.inputsystem/InputSystem/Plugins/UI/MultiplayerEventSystem.cs
 0.1 kb	 0.0% Packages/com.unity.inputsystem/InputSystem/Plugins/UI/InputSystemUIInputModule.cs
 0.1 kb	 0.0% Packages/com.unity.inputsystem/InputSystem/Plugins/UI/ExtendedPointerEventData.cs
 0.1 kb	 0.0% Packages/com.unity.inputsystem/InputSystem/Plugins/UI/ExtendedAxisEventData.cs
 0.1 kb	 0.0% Packages/com.unity.inputsystem/InputSystem/Plugins/HID/HIDDescriptorWindow.cs
 0.1 kb	 0.0% Packages/com.unity.inputsystem/InputSystem/Plugins/DualShock/IDualShockHaptics.cs
 0.1 kb	 0.0% Packages/com.unity.inputsystem/InputSystem/Editor/AssetEditor/ParameterListView.cs
 0.1 kb	 0.0% Packages/com.unity.inputsystem/InputSystem/Editor/AssetEditor/InputActionTreeViewItems.cs
 0.1 kb	 0.0% Packages/com.unity.inputsystem/InputSystem/Controls/Processors/NormalizeProcessor.cs
 0.1 kb	 0.0% Packages/com.unity.inputsystem/InputSystem/Actions/Interactions/SlowTapInteraction.cs
 0.1 kb	 0.0% Packages/com.unity.inputsystem/InputSystem/Actions/Interactions/MultiTapInteraction.cs
 0.1 kb	 0.0% Packages/com.unity.inputsystem/InputSystem/Actions/Composites/OneModifierComposite.cs
 0.1 kb	 0.0% Packages/com.unity.collections/Unity.Collections/UnsafeUtilityEx.cs
 0.1 kb	 0.0% Packages/com.unity.collections/Unity.Collections/UnsafeAppendBuffer.cs
 0.1 kb	 0.0% Packages/com.unity.collections/Unity.Collections/NativeParallelHashSetExtensions.gen.cs
 0.1 kb	 0.0% Packages/com.unity.collections/Unity.Collections/Jobs/RegisterGenericJobTypeAttribute.cs
 0.1 kb	 0.0% Packages/com.unity.collections/Unity.Collections/DoubleRewindableAllocators.cs
 0.1 kb	 0.0% Packages/com.unity.collections/Unity.Collections/DataStreamExtensions.cs
 0.1 kb	 0.0% Packages/com.unity.ai.inference/Runtime/Tokenization/Tokenizer.cs
 0.1 kb	 0.0% Packages/com.unity.ai.inference/Runtime/Tokenization/SubString.cs
 0.1 kb	 0.0% Packages/com.unity.ai.inference/Runtime/Tokenization/Padding/IPadding.cs
 0.1 kb	 0.0% Packages/com.unity.ai.inference/Runtime/Tokenization/Mappers/IMapper.cs
 0.1 kb	 0.0% Packages/com.unity.ai.inference/Runtime/Tokenization/ITokenizer.cs
 0.1 kb	 0.0% Packages/com.unity.ai.inference/Runtime/Tokenization/IEncoding.cs
 0.1 kb	 0.0% Packages/com.unity.ai.inference/Runtime/Tokenization/Gpt2Splitter.cs
 0.1 kb	 0.0% Packages/com.unity.ai.inference/Runtime/Tokenization/Decoders/IDecoder.cs
 0.1 kb	 0.0% Packages/com.unity.ai.inference/Runtime/Core/SourceGenerator/SourceGeneratorAttributes.cs
 0.1 kb	 0.0% Packages/com.unity.ai.inference/Runtime/Core/ShapeInference/TensorShapeInferenceHelper.cs
 0.1 kb	 0.0% Packages/com.unity.ai.inference/Runtime/Core/ShapeInference/PartialInferenceContext.cs
 0.1 kb	 0.0% Packages/com.unity.ai.inference/Runtime/Core/Serialization/FlatBuffers/ByteBufferUtil.cs
 0.1 kb	 0.0% Packages/com.unity.ai.inference/Runtime/Core/Quantization/QuantizeConstantsPass.cs
 0.1 kb	 0.0% Packages/com.unity.ai.inference/Runtime/Core/Layers/Layer.ObjectDetection.cs
 0.1 kb	 0.0% Packages/com.unity.ai.inference/Runtime/Core/Internals/ModelAssetWeightsData.cs
 0.1 kb	 0.0% Packages/com.unity.ai.inference/Runtime/Core/Functional/Functional.NN.NonLinearActivation.cs
 0.1 kb	 0.0% Packages/com.unity.ai.inference/Runtime/Core/BurstJobsQuantizeTensor.cs
 0.1 kb	 0.0% Packages/com.unity.ai.inference/Runtime/Core/Backends/GPUCompute/ComputeHelper.ComputeFunctions.cs
 0.1 kb	 0.0% Packages/com.unity.ai.inference/Runtime/Core/Backends/CPUFallbackCalculator.cs
 0.1 kb	 0.0% Packages/com.bytedance.pico.xr/SpatialAudio/Runtime/PXR_Audio_Spatializer_Context.cs
 0.1 kb	 0.0% Packages/com.bytedance.pico.xr/Runtime/Subsystem/PXR_ARCameraEffectManager.cs
 0.1 kb	 0.0% Packages/com.bytedance.pico.xr/Runtime/Scripts/Utils/PXR_HapticParametricPlugin.cs
 0.1 kb	 0.0% Packages/com.bytedance.pico.xr/Runtime/Scripts/Utils/PXR_FacialSimulationPlugin.cs
 0.1 kb	 0.0% Packages/com.bytedance.pico.xr/Runtime/Scripts/SensePack/PXR_SpatialMeshColorSetting.cs
 0.1 kb	 0.0% Packages/com.bytedance.pico.xr/Runtime/Scripts/SensePack/PXR_PlaneDetectionManager.cs
 0.1 kb	 0.0% Packages/com.bytedance.pico.xr/Runtime/Scripts/SensePack/PXR_LightEstimationManager.cs
 0.1 kb	 0.0% Packages/com.bytedance.pico.xr/Runtime/Scripts/SensePack/PXR_EnvironmentDepthManager.cs
 0.1 kb	 0.0% Packages/com.bytedance.pico.xr/Runtime/Scripts/PXR_CompositionLayerManager.cs
 0.1 kb	 0.0% Packages/com.bytedance.pico.xr/Runtime/Debugger/Scripts/UI/Log/PXR_LogMessageController.cs
 0.1 kb	 0.0% Packages/com.bytedance.pico.xr/Runtime/Debugger/Scripts/UI/Inspector/PXR_InspectorController.cs
 0.1 kb	 0.0% Packages/com.bytedance.pico.xr/Runtime/Debugger/Scripts/Tools/PXR_Tool_TimerController.cs
 0.1 kb	 0.0% Packages/com.bytedance.pico.xr/Runtime/Debugger/Scripts/Core/PXR_PicoDebuggerManager.cs
 0.1 kb	 0.0% Packages/com.bytedance.pico.xr/Runtime/Debugger/Scripts/Core/PXR_DebuggerInputManager.cs
 0.1 kb	 0.0% Packages/com.bytedance.pico.xr/Runtime/BuildingBlocks/PXR_BodyTrackingDebugBlock.cs
 0.1 kb	 0.0% Packages/com.bytedance.pico.xr/Enterprise/Scripts/Plugin/PXR_EnterpriseTools.cs
 0.1 kb	 0.0% Packages/com.bytedance.pico.xr/Enterprise/Scripts/Plugin/PXR_EnterprisePlugin.cs
 0.1 kb	 0.0% Packages/com.bytedance.pico.xr/Enterprise/Scripts/Model/WifiConfiguration.cs
 0.1 kb	 0.0% Packages/com.bytedance.pico.xr/Enterprise/Scripts/Model/LargeSpaceBoundsInfo.cs
 0.1 kb	 0.0% Packages/com.bytedance.pico.xr/Enterprise/Scripts/Interfaces/SystemUpdateCallback.cs
 0.1 kb	 0.0% Packages/com.bytedance.pico.xr/Enterprise/Scripts/Interfaces/MarkerInfoCallback.cs
 0.1 kb	 0.0% Packages/com.bytedance.pico.xr/Enterprise/Scripts/Enums/PicoCastMediaFormat.cs
 0.1 kb	 0.0% Packages/com.bytedance.pico.xr/CameraPack/Scripts/CameraPackSetting.cs
 0.1 kb	 0.0% Assets/SpatialTowerDefense/Settings/InputSystemSettings.asset
 0.1 kb	 0.0% Packages/com.unity.xr.openxr/Runtime/OpenXRColorSubmissonModeList.cs
 0.1 kb	 0.0% Packages/com.unity.xr.openxr/Runtime/NativeTypes/XR_EXT_spatial_entity/Structs/XrSpatialBufferEXT.cs
 0.1 kb	 0.0% Packages/com.unity.xr.openxr/Runtime/NativeTypes/XR_EXT_spatial_entity/Structs/Components/XrSpatialMeshDataEXT.cs
 0.1 kb	 0.0% Packages/com.unity.xr.openxr/Runtime/NativeTypes/XR_EXT_future/Structs/XrFuturePollInfoEXT.cs
 0.1 kb	 0.0% Packages/com.unity.xr.openxr/Runtime/NativeTypes/OpenXRResultStatus.cs
 0.1 kb	 0.0% Packages/com.unity.xr.openxr/Runtime/NativeTypes/Core/XrBaseInStructure.cs
 0.1 kb	 0.0% Packages/com.unity.xr.openxr/Runtime/Features/Interactions/DPadInteraction.cs
 0.1 kb	 0.0% Packages/com.unity.xr.interaction.toolkit/Runtime/UI/TouchModel.cs
 0.1 kb	 0.0% Packages/com.unity.xr.interaction.toolkit/Runtime/UI/PointerModel.cs
 0.1 kb	 0.0% Packages/com.unity.xr.interaction.toolkit/Runtime/UI/LazyFollow.cs
 0.1 kb	 0.0% Packages/com.unity.xr.interaction.toolkit/Runtime/Interaction/Gaze/IXRAimAssist.cs
 0.1 kb	 0.0% Packages/com.unity.xr.core-utils/Runtime/CapabilityProfile/Dictionary/ICapabilityModifier.cs
 0.1 kb	 0.0% Packages/com.unity.xr.core-utils/Runtime/CapabilityProfile/Dictionary/CapabilityDictionary.cs
 0.1 kb	 0.0% Packages/com.unity.xr.core-utils/Runtime/CapabilityProfile/CapabilityProfile.cs
 0.1 kb	 0.0% Packages/com.unity.xr.core-utils/Runtime/Attributes/FlagsPropertyAttribute.cs
 0.1 kb	 0.0% Packages/com.unity.ugui/Runtime/TMP/TMP_DynamicFontAssetUtilities.cs
 0.1 kb	 0.0% Packages/com.unity.inputsystem/InputSystem/Utilities/Comparers.cs
 0.1 kb	 0.0% Packages/com.unity.inputsystem/InputSystem/State/InputStateHistory.cs
 0.1 kb	 0.0% Packages/com.unity.inputsystem/InputSystem/State/InputStateBuffers.cs
 0.1 kb	 0.0% Packages/com.unity.inputsystem/InputSystem/State/IInputStateTypeInfo.cs
 0.1 kb	 0.0% Packages/com.unity.inputsystem/InputSystem/Plugins/iOS/InputSettingsiOSProvider.cs
 0.1 kb	 0.0% Packages/com.unity.inputsystem/InputSystem/Plugins/Users/InputUserSettings.cs
 0.1 kb	 0.0% Packages/com.unity.inputsystem/InputSystem/Plugins/PlayerInput/PlayerInputEditor.cs
 0.1 kb	 0.0% Packages/com.unity.inputsystem/InputSystem/Plugins/EnhancedTouch/TouchSimulation.cs
 0.1 kb	 0.0% Packages/com.unity.inputsystem/InputSystem/NativeInputRuntime.cs
 0.1 kb	 0.0% Packages/com.unity.inputsystem/InputSystem/Events/InputEventListener.cs
 0.1 kb	 0.0% Packages/com.unity.inputsystem/InputSystem/Events/IMECompositionEvent.cs
 0.1 kb	 0.0% Packages/com.unity.inputsystem/InputSystem/Events/IInputEventTypeInfo.cs
 0.1 kb	 0.0% Packages/com.unity.inputsystem/InputSystem/Events/DeviceRemoveEvent.cs
 0.1 kb	 0.0% Packages/com.unity.inputsystem/InputSystem/Editor/UITKAssetEditor/Views/MatchingControlPaths.cs
 0.1 kb	 0.0% Packages/com.unity.inputsystem/InputSystem/Editor/UITKAssetEditor/Views/IViewStateCollection.cs
 0.1 kb	 0.0% Packages/com.unity.inputsystem/InputSystem/Editor/UITKAssetEditor/Views/ControlSchemesView.cs
 0.1 kb	 0.0% Packages/com.unity.inputsystem/InputSystem/Editor/UITKAssetEditor/Views/ActionPropertiesView.cs
 0.1 kb	 0.0% Packages/com.unity.inputsystem/InputSystem/Editor/UITKAssetEditor/EnumerableExtensions.cs
 0.1 kb	 0.0% Packages/com.unity.inputsystem/InputSystem/Editor/PropertyDrawers/InputActionMapDrawer.cs
 0.1 kb	 0.0% Packages/com.unity.inputsystem/InputSystem/Editor/PropertyDrawers/InputActionDrawer.cs
 0.1 kb	 0.0% Packages/com.unity.inputsystem/InputSystem/Editor/Internal/InputEventTreeView.cs
 0.1 kb	 0.0% Packages/com.unity.inputsystem/InputSystem/Editor/Internal/InputControlTreeView.cs
 0.1 kb	 0.0% Packages/com.unity.inputsystem/InputSystem/Editor/Internal/BuildProviderHelpers.cs
 0.1 kb	 0.0% Packages/com.unity.inputsystem/InputSystem/Editor/Internal/AdvancedDropdown/MultiLevelDataSource.cs
 0.1 kb	 0.0% Packages/com.unity.inputsystem/InputSystem/Editor/Internal/AdvancedDropdown/CallbackDataSource.cs
 0.1 kb	 0.0% Packages/com.unity.inputsystem/InputSystem/Editor/Internal/AdvancedDropdown/AdvancedDropdownItem.cs
 0.1 kb	 0.0% Packages/com.unity.inputsystem/InputSystem/Editor/Internal/AdvancedDropdown/AdvancedDropdownGUI.cs
 0.1 kb	 0.0% Packages/com.unity.inputsystem/InputSystem/Editor/InputParameterEditor.cs
 0.1 kb	 0.0% Packages/com.unity.inputsystem/InputSystem/Editor/DeviceSimulator/InputSystemPlugin.cs
 0.1 kb	 0.0% Packages/com.unity.inputsystem/InputSystem/Editor/Debugger/InputDebuggerWindow.cs
 0.1 kb	 0.0% Packages/com.unity.inputsystem/InputSystem/Editor/ControlPicker/InputControlPicker.cs
 0.1 kb	 0.0% Packages/com.unity.inputsystem/InputSystem/Editor/BuildPipeline/LinkFileGenerator.cs
 0.1 kb	 0.0% Packages/com.unity.inputsystem/InputSystem/Editor/AssetImporter/InputActionImporter.cs
 0.1 kb	 0.0% Packages/com.unity.inputsystem/InputSystem/Editor/AssetEditor/PropertiesViewBase.cs
 0.1 kb	 0.0% Packages/com.unity.inputsystem/InputSystem/Editor/AssetEditor/InputActionTreeView.cs
 0.1 kb	 0.0% Packages/com.unity.inputsystem/InputSystem/Editor/Analytics/InputEditorAnalytics.cs
 0.1 kb	 0.0% Packages/com.unity.inputsystem/InputSystem/Editor/Analytics/InputBuildAnalytic.cs
 0.1 kb	 0.0% Packages/com.unity.inputsystem/InputSystem/Devices/InputDeviceMatcher.cs
 0.1 kb	 0.0% Packages/com.unity.inputsystem/InputSystem/Devices/InputDeviceBuilder.cs
 0.1 kb	 0.0% Packages/com.unity.inputsystem/InputSystem/Devices/ITextInputReceiver.cs
 0.1 kb	 0.0% Packages/com.unity.inputsystem/InputSystem/Devices/IEventPreProcessor.cs
 0.1 kb	 0.0% Packages/com.unity.inputsystem/InputSystem/Devices/ICustomDeviceReset.cs
 0.1 kb	 0.0% Packages/com.unity.inputsystem/InputSystem/Devices/Commands/RequestSyncCommand.cs
 0.1 kb	 0.0% Packages/com.unity.inputsystem/InputSystem/Devices/Commands/RequestResetCommand.cs
 0.1 kb	 0.0% Packages/com.unity.inputsystem/InputSystem/Devices/Commands/QueryUserIdCommand.cs
 0.1 kb	 0.0% Packages/com.unity.inputsystem/InputSystem/Devices/Commands/QueryKeyNameCommand.cs
 0.1 kb	 0.0% Packages/com.unity.inputsystem/InputSystem/Devices/Commands/InputDeviceCommand.cs
 0.1 kb	 0.0% Packages/com.unity.inputsystem/InputSystem/Devices/Commands/EnableDeviceCommand.cs
 0.1 kb	 0.0% Packages/com.unity.inputsystem/InputSystem/Devices/Commands/DisableDeviceCommand.cs
 0.1 kb	 0.0% Packages/com.unity.inputsystem/InputSystem/Controls/TouchPressControl.cs
 0.1 kb	 0.0% Packages/com.unity.inputsystem/InputSystem/Controls/TouchPhaseControl.cs
 0.1 kb	 0.0% Packages/com.unity.inputsystem/InputSystem/Controls/QuaternionControl.cs
 0.1 kb	 0.0% Packages/com.unity.inputsystem/InputSystem/Controls/InputControlLayout.cs
 0.1 kb	 0.0% Packages/com.unity.inputsystem/InputSystem/Controls/InputControlExtensions.cs
 0.1 kb	 0.0% Packages/com.unity.inputsystem/InputSystem/Actions/InputInteractionContext.cs
 0.1 kb	 0.0% Packages/com.unity.inputsystem/InputSystem/Actions/InputBindingComposite.cs
 0.1 kb	 0.0% Packages/com.unity.inputsystem/InputSystem/Actions/IInputActionCollection.cs
 0.1 kb	 0.0% Packages/com.unity.collections/Unity.Collections/NativeNotBurstCompatible.cs
 0.1 kb	 0.0% Packages/com.unity.ai.inference/Runtime/Core/Serialization/Safetensors/SafetensorsHeader.cs
 0.1 kb	 0.0% Packages/com.unity.ai.inference/Runtime/Core/Layers/Layer.ActivationNonLinear.cs
 0.1 kb	 0.0% Packages/com.unity.ai.inference/Runtime/Core/Graph/FindNodesLookupTable.cs
 0.1 kb	 0.0% Packages/com.unity.ai.inference/Runtime/Core/Functional/FunctionalTensor.Operator.cs
 0.1 kb	 0.0% Packages/com.unity.ai.inference/Runtime/Core/Functional/Functional.Tensor.Transformation.cs
 0.1 kb	 0.0% Packages/com.unity.ai.inference/Runtime/Core/Functional/Functional.Math.LinearAlgebra.cs
 0.1 kb	 0.0% Packages/com.unity.ai.inference/Runtime/Core/Functional/Functional.Extensions.cs
 0.1 kb	 0.0% Packages/com.unity.ai.inference/Runtime/Core/Backends/CPU/BurstCPU.Jobs.PointwiseUnary.gen.cs
 0.1 kb	 0.0% Packages/com.unity.ai.assistant/Modules/Unity.AI.MCP.Runtime/Serialization/UnityTypeConverters.cs
 0.1 kb	 0.0% Packages/com.bytedance.pico.xr/Runtime/UISet/Scripts/Core/PXR_UIInputHandler.cs
 0.1 kb	 0.0% Packages/com.bytedance.pico.xr/Runtime/Scripts/SecureMR/Core/PXR_SecureMROperatorCore.cs
 0.1 kb	 0.0% Packages/com.bytedance.pico.xr/Runtime/Scripts/SecureMR/Component/Tensor/PXR_SecureMRLocalTensor.cs
 0.1 kb	 0.0% Packages/com.bytedance.pico.xr/Runtime/Scripts/SecureMR/Component/Tensor/PXR_SecureMRGltfMetadata.cs
 0.1 kb	 0.0% Packages/com.bytedance.pico.xr/Runtime/Scripts/SecureMR/Component/Tensor/PXR_SecureMRGlobalTensor.cs
 0.1 kb	 0.0% Packages/com.bytedance.pico.xr/Runtime/Scripts/SecureMR/Component/Tensor/Data/PXR_SecureMRTensorData.cs
 0.1 kb	 0.0% Packages/com.bytedance.pico.xr/Runtime/Scripts/PXR_PerformancePack.cs
 0.1 kb	 0.0% Packages/com.bytedance.pico.xr/Platform/Scripts/Models/Notification.cs
 0.1 kb	 0.0% Packages/com.bytedance.pico.xr/Platform/Scripts/Models/Matchmaking.cs
 0.1 kb	 0.0% Packages/com.bytedance.pico.xr/Platform/Scripts/Models/Compliance.cs
 0.1 kb	 0.0% Packages/com.unity.xr.openxr/Runtime/Settings/PackageSettingsLocator.cs
 0.1 kb	 0.0% Packages/com.unity.xr.openxr/Runtime/OpenXRProjectValidation.cs
 0.1 kb	 0.0% Packages/com.unity.xr.openxr/Runtime/OpenXRLoaderNoPreInit.cs
 0.1 kb	 0.0% Packages/com.unity.xr.openxr/Runtime/Features/DebugUtilsFeature.cs
 0.1 kb	 0.0% Packages/com.unity.xr.management/Runtime/XRManagerSettings.cs
 0.1 kb	 0.0% Packages/com.unity.xr.management/Runtime/XRGeneralSettings.cs
 0.1 kb	 0.0% Packages/com.unity.xr.legacyinputhelpers/Runtime/ArmModels/ArmModel.cs
 0.1 kb	 0.0% Packages/com.unity.xr.interaction.toolkit/Runtime/XR/GizmoHelpers.cs
 0.1 kb	 0.0% Packages/com.unity.xr.interaction.toolkit/Runtime/UI/BodyUI/HandMenu.cs
 0.1 kb	 0.0% Packages/com.unity.xr.interaction.toolkit/Runtime/Interaction/Controllers/XRController.cs
 0.1 kb	 0.0% Packages/com.unity.xr.core-utils/Runtime/ScriptableSettingsBase.cs
 0.1 kb	 0.0% Packages/com.unity.xr.core-utils/Runtime/Extensions/MonoBehaviourExtensions.cs
 0.1 kb	 0.0% Packages/com.unity.xr.core-utils/Runtime/Datums/StringDatumProperty.cs
 0.1 kb	 0.0% Packages/com.unity.xr.core-utils/Runtime/Datums/FloatDatumProperty.cs
 0.1 kb	 0.0% Packages/com.unity.xr.core-utils/Runtime/Datums/AnimationCurveDatum.cs
 0.1 kb	 0.0% Packages/com.unity.ugui/Runtime/UGUI/EventSystem/UIElements/WorldDocumentRaycaster.cs
 0.1 kb	 0.0% Packages/com.unity.ugui/Runtime/UGUI/EventSystem/InputModules/StandaloneInputModule.cs
 0.1 kb	 0.0% Packages/com.unity.multiplayer.center/Common/AnswerData.cs
 0.1 kb	 0.0% Packages/com.unity.inputsystem/InputSystem/Utilities/StringHelpers.cs
 0.1 kb	 0.0% Packages/com.unity.inputsystem/InputSystem/Utilities/SpriteUtilities.cs
 0.1 kb	 0.0% Packages/com.unity.inputsystem/InputSystem/Utilities/PrimitiveValue.cs
 0.1 kb	 0.0% Packages/com.unity.inputsystem/InputSystem/Utilities/PredictiveParser.cs
 0.1 kb	 0.0% Packages/com.unity.inputsystem/InputSystem/Utilities/NumberHelpers.cs
 0.1 kb	 0.0% Packages/com.unity.inputsystem/InputSystem/Utilities/MemoryHelpers.cs
 0.1 kb	 0.0% Packages/com.unity.inputsystem/InputSystem/Utilities/InternedString.cs
 0.1 kb	 0.0% Packages/com.unity.inputsystem/InputSystem/Utilities/ExceptionHelpers.cs
 0.1 kb	 0.0% Packages/com.unity.inputsystem/InputSystem/Utilities/DelegateHelpers.cs
 0.1 kb	 0.0% Packages/com.unity.inputsystem/InputSystem/Plugins/iOS/iOSStepCounter.cs
 0.1 kb	 0.0% Packages/com.unity.inputsystem/InputSystem/Plugins/XR/TrackedPoseDriver.cs
 0.1 kb	 0.0% Packages/com.unity.inputsystem/InputSystem/Plugins/XR/Haptics/BufferedRumble.cs
 0.1 kb	 0.0% Packages/com.unity.inputsystem/InputSystem/Plugins/UI/VirtualMouseInput.cs
 0.1 kb	 0.0% Packages/com.unity.inputsystem/InputSystem/Plugins/UI/INavigationEventData.cs
 0.1 kb	 0.0% Packages/com.unity.inputsystem/InputSystem/Plugins/UI/BaseInputOverride.cs
 0.1 kb	 0.0% Packages/com.unity.inputsystem/InputSystem/Plugins/DualShock/DualShockSupport.cs
 0.1 kb	 0.0% Packages/com.unity.inputsystem/InputSystem/Plugins/DualShock/DualShockGamepad.cs
 0.1 kb	 0.0% Packages/com.unity.inputsystem/InputSystem/Controls/Processors/ScaleProcessor.cs
 0.1 kb	 0.0% Packages/com.unity.inputsystem/InputSystem/Controls/Processors/InvertProcessor.cs
 0.1 kb	 0.0% Packages/com.unity.inputsystem/InputSystem/Controls/Processors/ClampProcessor.cs
 0.1 kb	 0.0% Packages/com.unity.inputsystem/InputSystem/Actions/Interactions/TapInteraction.cs
 0.1 kb	 0.0% Packages/com.unity.inputsystem/InputSystem/Actions/Interactions/PressInteraction.cs
 0.1 kb	 0.0% Packages/com.unity.inputsystem/InputSystem/Actions/Interactions/HoldInteraction.cs
 0.1 kb	 0.0% Packages/com.unity.inputsystem/InputSystem/Actions/InputActionTrace.cs
 0.1 kb	 0.0% Packages/com.unity.inputsystem/InputSystem/Actions/Composites/Vector3Composite.cs
 0.1 kb	 0.0% Packages/com.unity.inputsystem/InputSystem/Actions/Composites/Vector2Composite.cs
 0.1 kb	 0.0% Packages/com.unity.inputsystem/InputSystem/Actions/Composites/AxisComposite.cs
 0.1 kb	 0.0% Packages/com.unity.collections/Unity.Collections/UnsafeBitArray.cs
 0.1 kb	 0.0% Packages/com.unity.collections/Unity.Collections/UTF8ArrayUnsafeUtility.cs
 0.1 kb	 0.0% Packages/com.unity.collections/Unity.Collections/StreamCompressionModel.cs
 0.1 kb	 0.0% Packages/com.unity.collections/Unity.Collections/NativeArrayExtensions.cs
 0.1 kb	 0.0% Packages/com.unity.collections/Unity.Collections/FixedStringInternalMethods.cs
 0.1 kb	 0.0% Packages/com.unity.collections/Unity.Collections/FixedStringFormatMethods.gen.cs
 0.1 kb	 0.0% Packages/com.unity.burst/Runtime/CompilerServices/SkipLocalsInitAttribute.cs
 0.1 kb	 0.0% Packages/com.unity.burst/Runtime/CompilerServices/IgnoreWarningAttribute.cs
 0.1 kb	 0.0% Packages/com.unity.ai.inference/Runtime/Tokenization/Utility.cs
 0.1 kb	 0.0% Packages/com.unity.ai.inference/Runtime/Tokenization/Token.cs
 0.1 kb	 0.0% Packages/com.unity.ai.inference/Runtime/Tokenization/Encoding.cs
 0.1 kb	 0.0% Packages/com.unity.ai.inference/Runtime/Core/ShapeInference/DynamicTensorShape.cs
 0.1 kb	 0.0% Packages/com.unity.ai.inference/Runtime/Core/Serialization/FlatBuffers/FlatBufferVerify.cs
 0.1 kb	 0.0% Packages/com.unity.ai.inference/Runtime/Core/Serialization/FlatBuffers/ByteBuffer.cs
 0.1 kb	 0.0% Packages/com.unity.ai.inference/Runtime/Core/Layers/Layer.Quantization.cs
 0.1 kb	 0.0% Packages/com.unity.ai.inference/Runtime/Core/Functional/FunctionalTensor.Indexer.cs
 0.1 kb	 0.0% Packages/com.unity.ai.inference/Runtime/Core/Functional/Functional.Vision.Detection.cs
 0.1 kb	 0.0% Packages/com.unity.ai.inference/Runtime/Core/Functional/Functional.Tensor.Creation.cs
 0.1 kb	 0.0% Packages/com.unity.ai.inference/Runtime/Core/Functional/Functional.Tensor.Constant.cs
 0.1 kb	 0.0% Packages/com.unity.ai.inference/Runtime/Core/Functional/Functional.NN.Convolution.cs
 0.1 kb	 0.0% Packages/com.unity.ai.inference/Runtime/Core/Functional/Functional.Math.Reduction.cs
 0.1 kb	 0.0% Packages/com.unity.ai.inference/Runtime/Core/Functional/Functional.Math.Pointwise.cs
 0.1 kb	 0.0% Packages/com.unity.ai.inference/Runtime/Core/Functional/Functional.Math.Comparison.cs
 0.1 kb	 0.0% Packages/com.unity.ai.inference/Runtime/Core/Compiler/Passes/GraphPass.cs
 0.1 kb	 0.0% Packages/com.unity.ai.inference/Runtime/Core/BurstJobsCastTensor.cs
 0.1 kb	 0.0% Packages/com.unity.ai.inference/Runtime/Core/Backends/GPUPixel/TextureTensorData.cs
 0.1 kb	 0.0% Packages/com.unity.ai.inference/Runtime/Core/Backends/GPUPixel/PixelShaderSingleton.cs
 0.1 kb	 0.0% Packages/com.unity.ai.inference/Runtime/Core/Backends/GPUPixel/GPUPixelBurstJobs.cs
 0.1 kb	 0.0% Packages/com.unity.ai.inference/Runtime/Core/Backends/GPUCompute/ComputeTensorData.cs
 0.1 kb	 0.0% Packages/com.unity.ai.inference/Runtime/Core/Backends/GPUCompute/ComputeHelper.PropertyID.cs
 0.1 kb	 0.0% Packages/com.unity.ai.inference/Runtime/Core/Backends/GPUCompute/Compute.Backend.gen.cs
 0.1 kb	 0.0% Packages/com.unity.ai.inference/Runtime/Core/Backends/GPUCompute/CommandBufferHelper.cs
 0.1 kb	 0.0% Packages/com.unity.ai.inference/Runtime/Core/Backends/CPU/NativeTensorArray.cs
 0.1 kb	 0.0% Packages/com.unity.ai.inference/Runtime/Core/Backends/CPU/BurstCPUJobSystem.cs
 0.1 kb	 0.0% Packages/com.unity.ai.inference/Runtime/Core/Backends/CPU/BurstCPU.Jobs.Reduction.gen.cs
 0.1 kb	 0.0% Packages/com.unity.ai.inference/Runtime/Core/Backends/CPU/BurstCPU.Jobs.Normalization.cs
 0.1 kb	 0.0% Packages/com.unity.ai.inference/Runtime/Core/Backends/CPU/BurstCPU.Jobs.IndexingOpsA.cs
 0.1 kb	 0.0% Packages/com.unity.ai.inference/Runtime/Core/Backends/CPU/BurstCPU.Jobs.ImageBased.gen.cs
 0.1 kb	 0.0% Packages/com.unity.ai.inference/Runtime/Core/Backends/CPU/BurstCPU.Jobs.Broadcast.gen.cs
 0.1 kb	 0.0% Packages/com.unity.ai.inference/Runtime/Core/Backends/CPU/BurstCPU.Helper.cs
 0.1 kb	 0.0% Packages/com.bytedance.pico.xr/SpatialAudio/Samples/scripts/plastic_fps_controller.cs
 0.1 kb	 0.0% Packages/com.bytedance.pico.xr/SpatialAudio/Runtime/PXR_Audio_Spatializer_API.cs
 0.1 kb	 0.0% Packages/com.bytedance.pico.xr/Runtime/Scripts/Utils/PXR_PermissionRequest.cs
 0.1 kb	 0.0% Packages/com.bytedance.pico.xr/Runtime/Scripts/Utils/PXR_CameraImagePlugin.cs
 0.1 kb	 0.0% Packages/com.bytedance.pico.xr/Runtime/Scripts/SensePack/PXR_SpatialMeshManager.cs
 0.1 kb	 0.0% Packages/com.bytedance.pico.xr/Runtime/Scripts/SensePack/PXR_SceneCaptureManager.cs
 0.1 kb	 0.0% Packages/com.bytedance.pico.xr/Runtime/Scripts/SecureMR/Utils/PXR_SpatialMLPipelineZoo.cs
 0.1 kb	 0.0% Packages/com.bytedance.pico.xr/Runtime/Scripts/Hand/PXR_HandPoseGenerator.cs
 0.1 kb	 0.0% Packages/com.bytedance.pico.xr/Runtime/Scripts/Features/PXR_FoveationRendering.cs
 0.1 kb	 0.0% Packages/com.bytedance.pico.xr/Runtime/Scripts/Controller/PXR_ControllerG3Animator.cs
 0.1 kb	 0.0% Packages/com.bytedance.pico.xr/Runtime/Scripts/Controller/PXR_ControllerAnimator.cs
 0.1 kb	 0.0% Packages/com.bytedance.pico.xr/Runtime/Debugger/Scripts/UI/Log/PXR_IconController.cs
 0.1 kb	 0.0% Packages/com.bytedance.pico.xr/Runtime/Debugger/Scripts/UI/Inspector/PXR_InspectorManager.cs
 0.1 kb	 0.0% Packages/com.bytedance.pico.xr/Runtime/Debugger/Scripts/UI/Inspector/PXR_InspectorItem.cs
 0.1 kb	 0.0% Packages/com.bytedance.pico.xr/Runtime/Debugger/Scripts/Default/PXR_DefaultButton.cs
 0.1 kb	 0.0% Packages/com.bytedance.pico.xr/Runtime/Debugger/Scripts/Data/PXR_PicoDebuggerSO.cs
 0.1 kb	 0.0% Packages/com.bytedance.pico.xr/Runtime/Debugger/Interface/IPXR_PanelManager.cs
 0.1 kb	 0.0% Packages/com.bytedance.pico.xr/Runtime/BuildingBlocks/PXR_ObjectTrackingBlock.cs
 0.1 kb	 0.0% Packages/com.bytedance.pico.xr/Runtime/BuildingBlocks/PXR_CameraEffectBlock.cs
 0.1 kb	 0.0% Packages/com.bytedance.pico.xr/Runtime/BuildingBlocks/PXR_BodyTrackingBlock.cs
 0.1 kb	 0.0% Packages/com.bytedance.pico.xr/Runtime/BuildingBlocks/PXRSample_SpatialAnchor.cs
 0.1 kb	 0.0% Packages/com.bytedance.pico.xr/Platform/Scripts/Service/Notification.cs
 0.1 kb	 0.0% Packages/com.bytedance.pico.xr/Platform/Scripts/Service/Matchmaking.cs
 0.1 kb	 0.0% Packages/com.bytedance.pico.xr/Platform/Scripts/Service/Leaderboard.cs
 0.1 kb	 0.0% Packages/com.bytedance.pico.xr/Platform/Scripts/Service/Compliance.cs
 0.1 kb	 0.0% Packages/com.bytedance.pico.xr/Platform/Scripts/Service/CloudStorage.cs
 0.1 kb	 0.0% Packages/com.bytedance.pico.xr/Platform/Scripts/Service/Challenges.cs
 0.1 kb	 0.0% Packages/com.bytedance.pico.xr/Platform/Scripts/Service/Application.cs
 0.1 kb	 0.0% Packages/com.bytedance.pico.xr/Platform/Scripts/Service/Achievements.cs
 0.1 kb	 0.0% Packages/com.bytedance.pico.xr/Platform/Scripts/Models/Achievement.cs
 0.1 kb	 0.0% Packages/com.bytedance.pico.xr/InteractionPack/Scripts/Utils/CameraUtility.cs
 0.1 kb	 0.0% Packages/com.bytedance.pico.xr/Enterprise/Scripts/PXR_Enterprise.cs
 0.1 kb	 0.0% Packages/com.bytedance.pico.xr/Enterprise/Scripts/Model/WifiDisplayModel.cs
 0.1 kb	 0.0% Packages/com.bytedance.pico.xr/Enterprise/Scripts/Model/ComponentName.cs
 0.1 kb	 0.0% Packages/com.bytedance.pico.xr/Enterprise/Scripts/Interfaces/StringCallback.cs
 0.1 kb	 0.0% Packages/com.bytedance.pico.xr/Enterprise/Scripts/Interfaces/FileCopyCallback.cs
 0.1 kb	 0.0% Packages/com.bytedance.pico.xr/CameraPack/Scripts/CameraAPI/UnityImageRender.cs
 0.1 kb	 0.0% Packages/com.bytedance.pico.xr/CameraPack/Scripts/CameraAPI/OpenxrCameraAPI.cs
 0.1 kb	 0.0% Assets/SpatialTowerDefense/Runtime/PicoMixedRealityPresenter.cs
 0.1 kb	 0.0% Assets/SpatialTowerDefense/Runtime/DesktopMixedRealityPresenter.cs
 0.1 kb	 0.0% Packages/com.unity.xr.openxr/Runtime/NativeTypes/XR_EXT_spatial_persistence_operations/OpenXRNativeApi.cs
 0.1 kb	 0.0% Packages/com.unity.xr.openxr/Runtime/NativeTypes/XR_EXT_spatial_persistence/OpenXRNativeApi.cs
 0.1 kb	 0.0% Packages/com.unity.xr.openxr/Runtime/NativeTypes/XR_EXT_spatial_entity/OpenXRNativeApi.cs
 0.1 kb	 0.0% Packages/com.unity.xr.openxr/Runtime/NativeTypes/XR_EXT_spatial_anchor/OpenXRNativeApi.cs
 0.1 kb	 0.0% Packages/com.unity.xr.openxr/Runtime/NativeTypes/XR_EXT_future/OpenXRNativeApi.cs
 0.1 kb	 0.0% Packages/com.unity.xr.openxr/Runtime/NativeTypes/Core/XrQuaternionf.cs
 0.1 kb	 0.0% Packages/com.unity.xr.openxr/Runtime/NativeTypes/Core/PollEventRouter.cs
 0.1 kb	 0.0% Packages/com.unity.xr.core-utils/Runtime/Attributes/EnumDisplayAttribute.cs
 0.1 kb	 0.0% Packages/com.unity.ugui/Runtime/TMP/TMP_ScrollbarEventHandler.cs
 0.1 kb	 0.0% Packages/com.unity.ugui/Runtime/TMP/TMP_PackageResourceImporter.cs
 0.1 kb	 0.0% Packages/com.unity.ugui/Runtime/InternalBridge/ObjectUtilsBridge.cs
 0.1 kb	 0.0% Packages/com.unity.inputsystem/InputSystem/State/InputStateBlock.cs
 0.1 kb	 0.0% Packages/com.unity.inputsystem/InputSystem/Plugins/iOS/iOSPostProcessBuild.cs
 0.1 kb	 0.0% Packages/com.unity.inputsystem/InputSystem/Plugins/XInput/XboxGamepadMacOS.cs
 0.1 kb	 0.0% Packages/com.unity.inputsystem/InputSystem/Plugins/XInput/XInputSupport.cs
 0.1 kb	 0.0% Packages/com.unity.inputsystem/InputSystem/Plugins/XInput/XInputController.cs
 0.1 kb	 0.0% Packages/com.unity.inputsystem/InputSystem/Plugins/XInput/IXboxOneRumble.cs
 0.1 kb	 0.0% Packages/com.unity.inputsystem/InputSystem/Plugins/WebGL/WebGLJoystick.cs
 0.1 kb	 0.0% Packages/com.unity.inputsystem/InputSystem/Plugins/UnityRemote/UnityRemoteSupport.cs
 0.1 kb	 0.0% Packages/com.unity.inputsystem/InputSystem/Plugins/Switch/SwitchSupportHID.cs
 0.1 kb	 0.0% Packages/com.unity.inputsystem/InputSystem/Plugins/PlayerInput/PlayerInputManager.cs
 0.1 kb	 0.0% Packages/com.unity.inputsystem/InputSystem/Plugins/PlayerInput/DefaultInputActions.cs
 0.1 kb	 0.0% Packages/com.unity.inputsystem/InputSystem/Plugins/OnScreen/OnScreenSupport.cs
 0.1 kb	 0.0% Packages/com.unity.inputsystem/InputSystem/Plugins/OnScreen/OnScreenStick.cs
 0.1 kb	 0.0% Packages/com.unity.inputsystem/InputSystem/Plugins/OnScreen/OnScreenControl.cs
 0.1 kb	 0.0% Packages/com.unity.inputsystem/InputSystem/Plugins/OnScreen/OnScreenButton.cs
 0.1 kb	 0.0% Packages/com.unity.inputsystem/InputSystem/Plugins/Linux/SDLDeviceBuilder.cs
 0.1 kb	 0.0% Packages/com.unity.inputsystem/InputSystem/Plugins/EnhancedTouch/TouchHistory.cs
 0.1 kb	 0.0% Packages/com.unity.inputsystem/InputSystem/Plugins/Android/AndroidSupport.cs
 0.1 kb	 0.0% Packages/com.unity.inputsystem/InputSystem/InputSystemObject.cs
 0.1 kb	 0.0% Packages/com.unity.inputsystem/InputSystem/InputManagerStateMonitors.cs
 0.1 kb	 0.0% Packages/com.unity.inputsystem/InputSystem/InputFeatureNames.cs
 0.1 kb	 0.0% Packages/com.unity.inputsystem/InputSystem/IInputRuntime.cs
 0.1 kb	 0.0% Packages/com.unity.inputsystem/InputSystem/IInputDiagnostics.cs
 0.1 kb	 0.0% Packages/com.unity.inputsystem/InputSystem/Events/InputEventTrace.cs
 0.1 kb	 0.0% Packages/com.unity.inputsystem/InputSystem/Events/InputEventStream.cs
 0.1 kb	 0.0% Packages/com.unity.inputsystem/InputSystem/Events/InputEventPtr.cs
 0.1 kb	 0.0% Packages/com.unity.inputsystem/InputSystem/Events/InputEventBuffer.cs
 0.1 kb	 0.0% Packages/com.unity.inputsystem/InputSystem/Events/DeviceResetEvent.cs
 0.1 kb	 0.0% Packages/com.unity.inputsystem/InputSystem/Events/DeltaStateEvent.cs
 0.1 kb	 0.0% Packages/com.unity.inputsystem/InputSystem/Editor/UITKAssetEditor/Views/PropertiesView.cs
 0.1 kb	 0.0% Packages/com.unity.inputsystem/InputSystem/Editor/UITKAssetEditor/Views/DropManipulator.cs
 0.1 kb	 0.0% Packages/com.unity.inputsystem/InputSystem/Editor/UITKAssetEditor/Views/CopyPasteHelper.cs
 0.1 kb	 0.0% Packages/com.unity.inputsystem/InputSystem/Editor/UITKAssetEditor/Views/ActionsTreeView.cs
 0.1 kb	 0.0% Packages/com.unity.inputsystem/InputSystem/Editor/UITKAssetEditor/Views/ActionMapsView.cs
 0.1 kb	 0.0% Packages/com.unity.inputsystem/InputSystem/Editor/UITKAssetEditor/StateContainer.cs
 0.1 kb	 0.0% Packages/com.unity.inputsystem/InputSystem/Editor/UITKAssetEditor/ExpressionUtils.cs
 0.1 kb	 0.0% Packages/com.unity.inputsystem/InputSystem/Editor/Internal/TreeViewHelpers.cs
 0.1 kb	 0.0% Packages/com.unity.inputsystem/InputSystem/Editor/Internal/InputStateWindow.cs
 0.1 kb	 0.0% Packages/com.unity.inputsystem/InputSystem/Editor/Internal/EditorHelpers.cs
 0.1 kb	 0.0% Packages/com.unity.inputsystem/InputSystem/Editor/Internal/AdvancedDropdown/AdvancedDropdown.cs
 0.1 kb	 0.0% Packages/com.unity.inputsystem/InputSystem/Editor/InputDiagnostics.cs
 0.1 kb	 0.0% Packages/com.unity.inputsystem/InputSystem/Devices/Haptics/IDualMotorRumble.cs
 0.1 kb	 0.0% Packages/com.unity.inputsystem/InputSystem/Devices/Haptics/DualMotorRumble.cs
 0.1 kb	 0.0% Packages/com.unity.inputsystem/InputSystem/Controls/Vector3Control.cs
 0.1 kb	 0.0% Packages/com.unity.inputsystem/InputSystem/Controls/Vector2Control.cs
 0.1 kb	 0.0% Packages/com.unity.inputsystem/InputSystem/Controls/IntegerControl.cs
 0.1 kb	 0.0% Packages/com.unity.inputsystem/InputSystem/Controls/DoubleControl.cs
 0.1 kb	 0.0% Packages/com.unity.inputsystem/InputSystem/Controls/ButtonControl.cs
 0.1 kb	 0.0% Packages/com.unity.inputsystem/InputSystem/Controls/AnyKeyControl.cs
 0.1 kb	 0.0% Packages/com.unity.inputsystem/InputSystem/Actions/InputControlScheme.cs
 0.1 kb	 0.0% Packages/com.unity.inputsystem/InputSystem/Actions/InputBindingResolver.cs
 0.1 kb	 0.0% Packages/com.unity.inputsystem/InputSystem/Actions/InputActionReference.cs
 0.1 kb	 0.0% Packages/com.unity.inputsystem/InputSystem/Actions/InputActionProperty.cs
 0.1 kb	 0.0% Packages/com.unity.inputsystem/InputSystem/Actions/IInputInteraction.cs
 0.1 kb	 0.0% Packages/com.unity.collections/Unity.Collections/UnsafeList.cs
 0.1 kb	 0.0% Packages/com.unity.collections/Unity.Collections/FixedStringParseMethods.cs
 0.1 kb	 0.0% Packages/com.unity.collections/Unity.Collections/FixedStringAppendMethods.cs
 0.1 kb	 0.0% Packages/com.unity.ai.inference/Runtime/Core/ShapeInference/ShapeInferenceHelper.cs
 0.1 kb	 0.0% Packages/com.unity.ai.inference/Runtime/Core/Serialization/Safetensors/Safetensors.cs
 0.1 kb	 0.0% Packages/com.unity.ai.inference/Runtime/Core/Layers/Layer.Transformation.cs
 0.1 kb	 0.0% Packages/com.unity.ai.inference/Runtime/Core/Layers/Layer.Spectral.cs
 0.1 kb	 0.0% Packages/com.unity.ai.inference/Runtime/Core/Layers/Layer.Normalization.cs
 0.1 kb	 0.0% Packages/com.unity.ai.inference/Runtime/Core/Layers/Layer.Generator.cs
 0.1 kb	 0.0% Packages/com.unity.ai.inference/Runtime/Core/Layers/Layer.Dimension.cs
 0.1 kb	 0.0% Packages/com.unity.ai.inference/Runtime/Core/Graph/SubgraphRewriter.cs
 0.1 kb	 0.0% Packages/com.unity.ai.inference/Runtime/Core/Graph/GraphNamespace.cs
 0.1 kb	 0.0% Packages/com.unity.ai.inference/Runtime/Core/Graph/GraphConverter.cs
 0.1 kb	 0.0% Packages/com.unity.ai.inference/Runtime/Core/Functional/Functional.Tensor.Type.cs
 0.1 kb	 0.0% Packages/com.unity.ai.inference/Runtime/Core/Functional/Functional.Tensor.Random.cs
 0.1 kb	 0.0% Packages/com.unity.ai.inference/Runtime/Core/Functional/Functional.NN.Pooling.cs
 0.1 kb	 0.0% Packages/com.unity.ai.inference/Runtime/Core/Functional/Functional.Math.Spectral.cs
 0.1 kb	 0.0% Packages/com.unity.ai.inference/Runtime/Core/Functional/Functional.Math.Other.cs
 0.1 kb	 0.0% Packages/com.unity.ai.inference/Runtime/Core/Backends/CPU/BurstCPU.Jobs.Pool.gen.cs
 0.1 kb	 0.0% Packages/com.unity.ai.inference/Runtime/Core/Backends/CPU/BurstCPU.Jobs.Pad.gen.cs
 0.1 kb	 0.0% Packages/com.unity.ai.inference/Runtime/Core/Backends/CPU/BurstCPU.Jobs.Logical.cs
 0.1 kb	 0.0% Packages/com.unity.ai.inference/Runtime/Core/Backends/CPU/BurstCPU.Jobs.GenericA.cs
 0.1 kb	 0.0% Packages/com.unity.ai.inference/Runtime/Core/Backends/CPU/BurstCPU.Jobs.Dimension.cs
 0.1 kb	 0.0% Packages/com.unity.ai.inference/Runtime/Core/Backends/CPU/BurstCPU.Jobs.ConvA.gen.cs
 0.1 kb	 0.0% Packages/com.bytedance.pico.xr/Runtime/Scripts/SecureMR/SceneGraphProperty.cs
 0.1 kb	 0.0% Packages/com.bytedance.pico.xr/Runtime/Scripts/SecureMR/Core/PXR_SecureMRReadbackCore.cs
 0.1 kb	 0.0% Packages/com.bytedance.pico.xr/Runtime/Scripts/SecureMR/Component/Tensor/PXR_SecureMRTensor.cs
 0.1 kb	 0.0% Packages/com.bytedance.pico.xr/Runtime/Scripts/SecureMR/Component/Tensor/PXR_SecureMRMetadata.cs
 0.1 kb	 0.0% Packages/com.bytedance.pico.xr/Runtime/Scripts/SecureMR/Component/Pipeline/PXR_SecureMRPipeline.cs
 0.1 kb	 0.0% Packages/com.bytedance.pico.xr/Runtime/Scripts/SecureMR/Component/PXR_SecureMRProvider.cs
 0.1 kb	 0.0% Packages/com.bytedance.pico.xr/Runtime/Scripts/SecureMR/Component/Operator/PXR_SecureMRResult.cs
 0.1 kb	 0.0% Packages/com.bytedance.pico.xr/Runtime/Scripts/SecureMR/Component/Operator/PXR_SecureMROperator.cs
 0.1 kb	 0.0% Packages/com.bytedance.pico.xr/Runtime/Scripts/SecureMR/Component/Operator/PXR_SecureMROperand.cs
 0.1 kb	 0.0% Packages/com.bytedance.pico.xr/Runtime/Scripts/PXR_SecureMRPlugin.cs
 0.1 kb	 0.0% Packages/com.bytedance.pico.xr/Platform/Scripts/Service/Highlight.cs
 0.1 kb	 0.0% Packages/com.bytedance.pico.xr/Platform/Scripts/Service/AssetFile.cs
 0.1 kb	 0.0% Packages/com.bytedance.pico.xr/Platform/Scripts/Models/Sport.cs
 0.1 kb	 0.0% Packages/com.bytedance.pico.xr/Platform/Scripts/Models/RTC.cs
 0.1 kb	 0.0% Packages/com.bytedance.pico.xr/Platform/Scripts/Models/AssetFile.cs
 0.1 kb	 0.0% Packages/com.bytedance.pico.xr/Platform/Scripts/Models/Application.cs
 0.1 kb	 0.0% Packages/com.bytedance.pico.xr/Platform/Scripts/Framework/MessageQueue.cs
 0.1 kb	 0.0% Packages/com.unity.xr.openxr/Runtime/WaitForRestartFinish.cs
 0.1 kb	 0.0% Packages/com.unity.xr.openxr/Runtime/OpenXRUnityAPI.cs
 0.1 kb	 0.0% Packages/com.unity.xr.openxr/Runtime/OpenXRDiagnosticReport.cs
 0.1 kb	 0.0% Packages/com.unity.xr.openxr/Runtime/NativeTypes/Core/XrResult.cs
 0.1 kb	 0.0% Packages/com.unity.xr.openxr/Runtime/Features/SpaceWarpFeature.cs
 0.1 kb	 0.0% Packages/com.unity.xr.openxr/Runtime/Features/OpenXRFeature.cs
 0.1 kb	 0.0% Packages/com.unity.xr.openxr/Runtime/Features/ApiLayersFeature.cs
 0.1 kb	 0.0% Packages/com.unity.xr.management/Runtime/XRLoaderHelper.cs
 0.1 kb	 0.0% Packages/com.unity.xr.management/Runtime/IXRLoaderPreInit.cs
 0.1 kb	 0.0% Packages/com.unity.xr.interaction.toolkit/Runtime/XR/XRRig.cs
 0.1 kb	 0.0% Packages/com.unity.xr.core-utils/Runtime/SerializableGuidUtil.cs
 0.1 kb	 0.0% Packages/com.unity.xr.core-utils/Runtime/OnDestroyNotifier.cs
 0.1 kb	 0.0% Packages/com.unity.xr.core-utils/Runtime/Extensions/Vector3Extensions.cs
 0.1 kb	 0.0% Packages/com.unity.xr.core-utils/Runtime/Extensions/Vector2Extensions.cs
 0.1 kb	 0.0% Packages/com.unity.xr.core-utils/Runtime/Extensions/TransformExtensions.cs
 0.1 kb	 0.0% Packages/com.unity.xr.core-utils/Runtime/Extensions/StopwatchExtensions.cs
 0.1 kb	 0.0% Packages/com.unity.xr.core-utils/Runtime/Extensions/QuaternionExtensions.cs
 0.1 kb	 0.0% Packages/com.unity.xr.core-utils/Runtime/Extensions/LayerMaskExtensions.cs
 0.1 kb	 0.0% Packages/com.unity.xr.core-utils/Runtime/Extensions/HashSetExtensions.cs
 0.1 kb	 0.0% Packages/com.unity.xr.core-utils/Runtime/Extensions/GameObjectExtensions.cs
 0.1 kb	 0.0% Packages/com.unity.xr.core-utils/Runtime/Extensions/DictionaryExtensions.cs
 0.1 kb	 0.0% Packages/com.unity.xr.core-utils/Runtime/Extensions/CollectionExtensions.cs
 0.1 kb	 0.0% Packages/com.unity.xr.core-utils/Runtime/Datums/IntDatumProperty.cs
 0.1 kb	 0.0% Packages/com.unity.xr.core-utils/Runtime/Bindings/IEventBinding.cs
 0.1 kb	 0.0% Packages/com.unity.xr.core-utils/Runtime/Bindings/BindingsGroup.cs
 0.1 kb	 0.0% Packages/com.unity.xr.core-utils/Runtime/Attributes/ReadOnlyAttribute.cs
 0.1 kb	 0.0% Packages/com.unity.ugui/Runtime/UGUI/UI/Core/Utility/ReflectionMethodsCache.cs
 0.1 kb	 0.0% Packages/com.unity.ugui/Runtime/UGUI/UI/Core/MultipleDisplayUtilities.cs
 0.1 kb	 0.0% Packages/com.unity.ugui/Runtime/UGUI/UI/Core/Layout/HorizontalLayoutGroup.cs
 0.1 kb	 0.0% Packages/com.unity.ugui/Runtime/UGUI/UI/Core/IGraphicEnabledDisabled.cs
 0.1 kb	 0.0% Packages/com.unity.ugui/Runtime/UGUI/UI/Core/GraphicRebuildTracker.cs
 0.1 kb	 0.0% Packages/com.unity.ugui/Runtime/UGUI/UI/Core/Culling/RectangularVertexClipper.cs
 0.1 kb	 0.0% Packages/com.unity.ugui/Runtime/UGUI/EventSystem/UIElements/PanelEventHandler.cs
 0.1 kb	 0.0% Packages/com.unity.ugui/Runtime/UGUI/EventSystem/Raycasters/Physics2DRaycaster.cs
 0.1 kb	 0.0% Packages/com.unity.ugui/Runtime/UGUI/EventSystem/InputModules/PointerInputModule.cs
 0.1 kb	 0.0% Packages/com.unity.inputsystem/InputSystem/Utilities/TypeTable.cs
 0.1 kb	 0.0% Packages/com.unity.inputsystem/InputSystem/Utilities/TypeHelpers.cs
 0.1 kb	 0.0% Packages/com.unity.inputsystem/InputSystem/Utilities/Substring.cs
 0.1 kb	 0.0% Packages/com.unity.inputsystem/InputSystem/Utilities/SavedState.cs
 0.1 kb	 0.0% Packages/com.unity.inputsystem/InputSystem/Utilities/Observables/Observable.cs
 0.1 kb	 0.0% Packages/com.unity.inputsystem/InputSystem/Utilities/NamedValue.cs
 0.1 kb	 0.0% Packages/com.unity.inputsystem/InputSystem/Utilities/MiscHelpers.cs
 0.1 kb	 0.0% Packages/com.unity.inputsystem/InputSystem/Utilities/JsonParser.cs
 0.1 kb	 0.0% Packages/com.unity.inputsystem/InputSystem/Utilities/ArrayHelpers.cs
 0.1 kb	 0.0% Packages/com.unity.inputsystem/InputSystem/Plugins/iOS/InputSettingsiOS.cs
 0.1 kb	 0.0% Packages/com.unity.inputsystem/InputSystem/Plugins/XR/XRLayoutBuilder.cs
 0.1 kb	 0.0% Packages/com.unity.inputsystem/InputSystem/Plugins/UI/NavigationModel.cs
 0.1 kb	 0.0% Packages/com.unity.inputsystem/InputSystem/InputUpdateType.cs
 0.1 kb	 0.0% Packages/com.unity.collections/Unity.Collections/UnsafeText.cs
 0.1 kb	 0.0% Packages/com.unity.collections/Unity.Collections/UnsafeStream.cs
 0.1 kb	 0.0% Packages/com.unity.collections/Unity.Collections/RewindableAllocator.cs
 0.1 kb	 0.0% Packages/com.unity.collections/Unity.Collections/FixedStringMethods.cs
 0.1 kb	 0.0% Packages/com.unity.collections/Unity.Collections/AutoFreeAllocator.cs
 0.1 kb	 0.0% Packages/com.unity.burst/Runtime/CompilerServices/AssumeRangeAttribute.cs
 0.1 kb	 0.0% Packages/com.unity.ai.inference/Runtime/Core/TensorIterator.cs
 0.1 kb	 0.0% Packages/com.unity.ai.inference/Runtime/Core/ShapeInference/PartialTensor.cs
 0.1 kb	 0.0% Packages/com.unity.ai.inference/Runtime/Core/ShapeInference/DynamicTensorDim.cs
 0.1 kb	 0.0% Packages/com.unity.ai.inference/Runtime/Core/Serialization/SentisFlatBuffer/BackendPartitioning.cs
 0.1 kb	 0.0% Packages/com.unity.ai.inference/Runtime/Core/Serialization/ModelUpgrader.cs
 0.1 kb	 0.0% Packages/com.unity.ai.inference/Runtime/Core/Serialization/FlatBuffers/Table.cs
 0.1 kb	 0.0% Packages/com.unity.ai.inference/Runtime/Core/Serialization/FlatBuffers/Struct.cs
 0.1 kb	 0.0% Packages/com.unity.ai.inference/Runtime/Core/Quantization/ModelQuantizer.cs
 0.1 kb	 0.0% Packages/com.unity.ai.inference/Runtime/Core/ProfilerMarkers.cs
 0.1 kb	 0.0% Packages/com.unity.ai.inference/Runtime/Core/Layers/Layer.Pooling.cs
 0.1 kb	 0.0% Packages/com.unity.ai.inference/Runtime/Core/Layers/ConstantTensor.cs
 0.1 kb	 0.0% Packages/com.unity.ai.inference/Runtime/Core/Internals/ModelAssetData.cs
 0.1 kb	 0.0% Packages/com.unity.ai.inference/Runtime/Core/Graph/MatcherUtils.cs
 0.1 kb	 0.0% Packages/com.unity.ai.inference/Runtime/Core/Functional/FunctionalTensor.cs
 0.1 kb	 0.0% Packages/com.unity.ai.inference/Runtime/Core/Functional/FunctionalNode.cs
 0.1 kb	 0.0% Packages/com.unity.ai.inference/Runtime/Core/Functional/FunctionalGraph.cs
 0.1 kb	 0.0% Packages/com.unity.ai.inference/Runtime/Core/Functional/Functional.NN.Vision.cs
 0.1 kb	 0.0% Packages/com.unity.ai.inference/Runtime/Core/Functional/Functional.NN.Sparse.cs
 0.1 kb	 0.0% Packages/com.unity.ai.inference/Runtime/Core/Converters/TextureTransform.cs
 0.1 kb	 0.0% Packages/com.unity.ai.inference/Runtime/Core/Converters/TextureConverter.cs
 0.1 kb	 0.0% Packages/com.unity.ai.inference/Runtime/Core/Backends/TensorAllocator.cs
 0.1 kb	 0.0% Packages/com.unity.ai.inference/Runtime/Core/Backends/ModelValidator.cs
 0.1 kb	 0.0% Packages/com.unity.ai.inference/Runtime/Core/Backends/ModelOptimizer.cs
 0.1 kb	 0.0% Packages/com.unity.ai.inference/Runtime/Core/Backends/GfxDevice/GfxDeviceBackend.cs
 0.1 kb	 0.0% Packages/com.unity.ai.inference/Runtime/Core/Backends/GPUCompute/GPUCompute.cs
 0.1 kb	 0.0% Packages/com.unity.ai.inference/Runtime/Core/Backends/GPUCompute/ComputeHelper.cs
 0.1 kb	 0.0% Packages/com.unity.ai.inference/Runtime/Core/Backends/CPU/ReferenceCPU.Einsum.cs
 0.1 kb	 0.0% Packages/com.unity.ai.inference/Runtime/Core/Backends/CPU/MathExtensions.cs
 0.1 kb	 0.0% Packages/com.unity.ai.inference/Runtime/Core/Backends/CPU/BurstTensorData.cs
 0.1 kb	 0.0% Packages/com.unity.ai.inference/Runtime/Core/Backends/CPU/BurstCPU.MatMul.gen.cs
 0.1 kb	 0.0% Packages/com.unity.ai.inference/Runtime/Core/Backends/CPU/BurstCPU.Jobs.RNN.cs
 0.1 kb	 0.0% Packages/com.unity.ai.inference/Runtime/Core/Backends/CPU/BurstCPU.Jobs.Other.cs
 0.1 kb	 0.0% Packages/com.unity.ai.inference/Runtime/Core/Backends/CPU/BurstCPU.Jobs.Einsum.cs
 0.1 kb	 0.0% Packages/com.unity.ai.inference/Runtime/Core/Backends/CPU/BurstCPU.Backend.gen.cs
 0.1 kb	 0.0% Packages/com.unity.ai.inference/Runtime/Core/Backends/BackendFactory.cs
 0.1 kb	 0.0% Packages/com.unity.ai.assistant/Modules/Unity.AI.Tracing/TraceSinkConfigManager.cs
 0.1 kb	 0.0% Packages/com.unity.ai.assistant/Modules/Unity.AI.Tracing/TraceConfigFileWriter.cs
 0.1 kb	 0.0% Packages/com.bytedance.pico.xr/Runtime/Scripts/Utils/PXR_VstModelPosCheck.cs
 0.1 kb	 0.0% Packages/com.bytedance.pico.xr/Runtime/Scripts/Utils/PXR_EnumConversion.cs
 0.1 kb	 0.0% Packages/com.bytedance.pico.xr/Runtime/Scripts/SensePack/PXR_SpatialAnchor.cs
 0.1 kb	 0.0% Packages/com.bytedance.pico.xr/Runtime/Scripts/SecureMR/Core/PXR_SecureMRBackend.cs
 0.1 kb	 0.0% Packages/com.bytedance.pico.xr/Runtime/Scripts/PXR_ProjectSetting.cs
 0.1 kb	 0.0% Packages/com.bytedance.pico.xr/Runtime/Scripts/PXR_OverlayManager.cs
 0.1 kb	 0.0% Packages/com.bytedance.pico.xr/Runtime/Scripts/Hand/PXR_HandPosePreview.cs
 0.1 kb	 0.0% Packages/com.bytedance.pico.xr/Runtime/Scripts/Hand/PXR_HandPoseConfig.cs
 0.1 kb	 0.0% Packages/com.bytedance.pico.xr/Runtime/Scripts/Features/PXR_MotionTracking.cs
 0.1 kb	 0.0% Packages/com.bytedance.pico.xr/Runtime/Scripts/Features/PXR_HapticParametric.cs
 0.1 kb	 0.0% Packages/com.bytedance.pico.xr/Runtime/Scripts/Features/PXR_FacialSimulation.cs
 0.1 kb	 0.0% Packages/com.bytedance.pico.xr/Runtime/Scripts/Features/PXR_CompositionLayer.cs
 0.1 kb	 0.0% Packages/com.bytedance.pico.xr/Runtime/Scripts/Controller/PXR_ControllerPower.cs
 0.1 kb	 0.0% Packages/com.bytedance.pico.xr/Runtime/Scripts/Controller/PXR_ControllerLoader.cs
 0.1 kb	 0.0% Packages/com.bytedance.pico.xr/Runtime/Debugger/UI/RoundedRectMesh.cs
 0.1 kb	 0.0% Packages/com.bytedance.pico.xr/Runtime/Debugger/Scripts/UI/Tool/PXR_ToolManager.cs
 0.1 kb	 0.0% Packages/com.bytedance.pico.xr/Runtime/Debugger/Scripts/UI/Log/PXR_LogManager.cs
 0.1 kb	 0.0% Packages/com.bytedance.pico.xr/Runtime/Debugger/Scripts/Tools/PXR_Tool_Ruler.cs
 0.1 kb	 0.0% Packages/com.bytedance.pico.xr/Runtime/Debugger/Scripts/Default/PXR_UIManager.cs
 0.1 kb	 0.0% Packages/com.bytedance.pico.xr/Runtime/Debugger/Scripts/Default/PXR_UIController.cs
 0.1 kb	 0.0% Packages/com.bytedance.pico.xr/Runtime/Debugger/Scripts/Default/PXR_DragButton.cs
 0.1 kb	 0.0% Packages/com.bytedance.pico.xr/Runtime/Debugger/Scripts/Core/PXR_Const.cs
 0.1 kb	 0.0% Packages/com.bytedance.pico.xr/Platform/Scripts/Service/Speech.cs
 0.1 kb	 0.0% Packages/com.bytedance.pico.xr/Platform/Scripts/Service/Presence.cs
 0.1 kb	 0.0% Packages/com.bytedance.pico.xr/Platform/Scripts/Service/Network.cs
 0.1 kb	 0.0% Packages/com.bytedance.pico.xr/Platform/Scripts/Models/Leaderboard.cs
 0.1 kb	 0.0% Packages/com.bytedance.pico.xr/Platform/Scripts/Models/Highlight.cs
 0.1 kb	 0.0% Packages/com.bytedance.pico.xr/Platform/Scripts/Models/Challenge.cs
 0.1 kb	 0.0% Packages/com.bytedance.pico.xr/Platform/Samples/SimpleDemo.cs
 0.1 kb	 0.0% Packages/com.bytedance.pico.xr/Enterprise/Scripts/Struct/RGBCameraStruct.cs
 0.1 kb	 0.0% Packages/com.bytedance.pico.xr/Enterprise/Scripts/Model/SwiftDevice.cs
 0.1 kb	 0.0% Packages/com.bytedance.pico.xr/Enterprise/Scripts/Model/MarkerInfo.cs
 0.1 kb	 0.0% Packages/com.bytedance.pico.xr/Enterprise/Scripts/Model/HandStateAlg.cs
 0.1 kb	 0.0% Packages/com.bytedance.pico.xr/Enterprise/Scripts/Model/Constants.cs
 0.1 kb	 0.0% Packages/com.bytedance.pico.xr/Enterprise/Scripts/Interfaces/LongCallback.cs
 0.1 kb	 0.0% Packages/com.bytedance.pico.xr/Enterprise/Scripts/Interfaces/IntCallback.cs
 0.1 kb	 0.0% Packages/com.bytedance.pico.xr/Enterprise/Scripts/Interfaces/BoolCallback.cs
 0.1 kb	 0.0% Packages/com.bytedance.pico.xr/Enterprise/Scripts/Interfaces/BindCallback.cs
 0.1 kb	 0.0% Packages/com.bytedance.pico.xr/CameraPack/Scripts/CameraAPI/CameraAPI.cs
 0.1 kb	 0.0% Packages/com.bytedance.pico.xr/Assets/Resources/Materials/UnderlayHole.mat
 0.1 kb	 0.0% Assets/SpatialTowerDefense/Runtime/SpatialTowerDefenseGame.cs
 0.1 kb	 0.0% Assets/SpatialTowerDefense/Runtime/EditableSceneModelLayout.cs
 0.1 kb	 0.0% Packages/com.unity.xr.openxr/Runtime/input/HapticControl.cs
 0.1 kb	 0.0% Packages/com.unity.xr.openxr/Runtime/NativeTypes/XR_VERSION_1_1/XrExtent3Df.cs
 0.1 kb	 0.0% Packages/com.unity.xr.openxr/Runtime/NativeTypes/Core/XrVector3f.cs
 0.1 kb	 0.0% Packages/com.unity.xr.openxr/Runtime/NativeTypes/Core/XrVector2f.cs
 0.1 kb	 0.0% Packages/com.unity.xr.openxr/Runtime/NativeTypes/Core/XrExtent2Df.cs
 0.1 kb	 0.0% Packages/com.unity.xr.openxr/Runtime/ApiLayers/Support/CoreValidationLogSupport.cs
 0.1 kb	 0.0% Packages/com.unity.xr.openxr/Runtime/ApiLayers/PlatformSupport/WindowsPlatformSupport.cs
 0.1 kb	 0.0% Packages/com.unity.xr.openxr/Runtime/ApiLayers/PlatformSupport/AndroidPlatformSupport.cs
 0.1 kb	 0.0% Packages/com.unity.xr.core-utils/Runtime/GUI/ScreenGUIUtils.cs
 0.1 kb	 0.0% Packages/com.unity.xr.core-utils/Runtime/Extensions/UnityEventExtensions.cs
 0.1 kb	 0.0% Packages/com.unity.ugui/Runtime/UGUI/UI/Animation/CoroutineTween.cs
 0.1 kb	 0.0% Packages/com.unity.ugui/Runtime/UGUI/EventSystem/EventInterfaces.cs
 0.1 kb	 0.0% Packages/com.unity.ugui/Runtime/TMP/TMPro_ExtensionMethods.cs
 0.1 kb	 0.0% Packages/com.unity.ugui/Runtime/TMP/TMP_TextParsingUtilities.cs
 0.1 kb	 0.0% Packages/com.unity.ugui/Runtime/TMP/TMP_TextElement_Legacy.cs
 0.1 kb	 0.0% Packages/com.unity.ugui/Runtime/TMP/TMP_FontAssetUtilities.cs
 0.1 kb	 0.0% Packages/com.unity.ugui/Runtime/TMP/MaterialReferenceManager.cs
 0.1 kb	 0.0% Packages/com.unity.ugui/Runtime/TMP/FontFeatureCommonGSUB.cs
 0.1 kb	 0.0% Packages/com.unity.inputsystem/InputSystem/Utilities/DynamicBitfield.cs
 0.1 kb	 0.0% Packages/com.unity.inputsystem/InputSystem/State/InputState.cs
 0.1 kb	 0.0% Packages/com.unity.inputsystem/InputSystem/Plugins/WebGL/WebGLSupport.cs
 0.1 kb	 0.0% Packages/com.unity.inputsystem/InputSystem/Plugins/WebGL/WebGLGamepad.cs
 0.1 kb	 0.0% Packages/com.unity.inputsystem/InputSystem/Plugins/Users/InputUser.cs
 0.1 kb	 0.0% Packages/com.unity.inputsystem/InputSystem/Plugins/Linux/LinuxSupport.cs
 0.1 kb	 0.0% Packages/com.unity.inputsystem/InputSystem/Plugins/EnhancedTouch/Touch.cs
 0.1 kb	 0.0% Packages/com.unity.inputsystem/InputSystem/Plugins/EnhancedTouch/Finger.cs
 0.1 kb	 0.0% Packages/com.unity.inputsystem/InputSystem/InputSettings.cs
 0.1 kb	 0.0% Packages/com.unity.inputsystem/InputSystem/InputMetrics.cs
 0.1 kb	 0.0% Packages/com.unity.inputsystem/InputSystem/InputExtensions.cs
 0.1 kb	 0.0% Packages/com.unity.inputsystem/InputSystem/InputAnalytics.cs
 0.1 kb	 0.0% Packages/com.unity.inputsystem/InputSystem/Events/TextEvent.cs
 0.1 kb	 0.0% Packages/com.unity.inputsystem/InputSystem/Events/StateEvent.cs
 0.1 kb	 0.0% Packages/com.unity.inputsystem/InputSystem/Events/InputEvent.cs
 0.1 kb	 0.0% Packages/com.unity.inputsystem/InputSystem/Events/ActionEvent.cs
 0.1 kb	 0.0% Packages/com.unity.inputsystem/InputSystem/Editor/UITKAssetEditor/Views/Selectors.cs
 0.1 kb	 0.0% Packages/com.unity.inputsystem/InputSystem/Editor/UITKAssetEditor/Views/ContextMenu.cs
 0.1 kb	 0.0% Packages/com.unity.inputsystem/InputSystem/Editor/Internal/GUIHelpers.cs
 0.1 kb	 0.0% Packages/com.unity.inputsystem/InputSystem/Devices/TrackedDevice.cs
 0.1 kb	 0.0% Packages/com.unity.inputsystem/InputSystem/Devices/Remote/InputRemoting.cs
 0.1 kb	 0.0% Packages/com.unity.inputsystem/InputSystem/Devices/Precompiled/FastTouchscreen.cs
 0.1 kb	 0.0% Packages/com.unity.inputsystem/InputSystem/Devices/Precompiled/FastMouse.partial.cs
 0.1 kb	 0.0% Packages/com.unity.inputsystem/InputSystem/Devices/IEventMerger.cs
 0.1 kb	 0.0% Packages/com.unity.inputsystem/InputSystem/Controls/TouchControl.cs
 0.1 kb	 0.0% Packages/com.unity.inputsystem/InputSystem/Controls/StickControl.cs
 0.1 kb	 0.0% Packages/com.unity.inputsystem/InputSystem/Controls/KeyControl.cs
 0.1 kb	 0.0% Packages/com.unity.inputsystem/InputSystem/Controls/InputProcessor.cs
 0.1 kb	 0.0% Packages/com.unity.inputsystem/InputSystem/Controls/InputControlPath.cs
 0.1 kb	 0.0% Packages/com.unity.inputsystem/InputSystem/Controls/DpadControl.cs
 0.1 kb	 0.0% Packages/com.unity.inputsystem/InputSystem/Controls/DeltaControl.cs
 0.1 kb	 0.0% Packages/com.unity.inputsystem/InputSystem/Controls/AxisControl.cs
 0.1 kb	 0.0% Packages/com.unity.inputsystem/InputSystem/Actions/InputActionState.cs
 0.1 kb	 0.0% Packages/com.unity.inputsystem/InputSystem/Actions/InputActionMap.cs
 0.1 kb	 0.0% Packages/com.unity.inputsystem/InputSystem/Actions/InputActionAsset.cs
 0.1 kb	 0.0% Packages/com.unity.collections/Unity.Collections/UnsafeQueue.cs
 0.1 kb	 0.0% Packages/com.unity.collections/Unity.Collections/NativeHashMap.cs
 0.1 kb	 0.0% Packages/com.unity.collections/Unity.Collections/FixedStringFormat.gen.cs
 0.1 kb	 0.0% Packages/com.unity.collections/Unity.Collections/FixedString.gen.cs
 0.1 kb	 0.0% Packages/com.unity.ai.inference/Runtime/Core/PluginInterfaces.cs
 0.1 kb	 0.0% Packages/com.unity.ai.inference/Runtime/Core/Layers/Layer.Trigonometric.cs
 0.1 kb	 0.0% Packages/com.unity.ai.inference/Runtime/Core/Layers/Layer.Reduction.cs
 0.1 kb	 0.0% Packages/com.unity.ai.inference/Runtime/Core/Layers/Layer.Random.cs
 0.1 kb	 0.0% Packages/com.unity.ai.inference/Runtime/Core/Layers/Layer.Indexing.cs
 0.1 kb	 0.0% Packages/com.unity.ai.inference/Runtime/Core/Layers/Layer.Convolution.cs
 0.1 kb	 0.0% Packages/com.unity.ai.inference/Runtime/Core/Graph/GraphUtils.cs
 0.1 kb	 0.0% Packages/com.unity.ai.inference/Runtime/Core/Graph/GraphModule.cs
 0.1 kb	 0.0% Packages/com.unity.ai.inference/Runtime/Core/Functional/Functional.Model.cs
 0.1 kb	 0.0% Packages/com.unity.ai.inference/Runtime/Core/Functional/Functional.Layer.cs
 0.1 kb	 0.0% Packages/com.unity.ai.inference/Runtime/Core/Backends/CPU/BurstCPU.Jobs.cs
 0.1 kb	 0.0% Packages/com.unity.ai.inference/Runtime/Core/Backends/CPU/BurstCPU.Backend.cs
 0.1 kb	 0.0% Packages/com.unity.ai.assistant/Modules/Unity.AI.Tracing/AssemblyInfo.cs
 0.1 kb	 0.0% Packages/com.bytedance.pico.xr/Runtime/Scripts/SecureMR/Core/PXR_SecureMRTensorCore.cs
 0.1 kb	 0.0% Packages/com.bytedance.pico.xr/Runtime/Scripts/SecureMR/Core/PXR_SecureMRProviderCore.cs
 0.1 kb	 0.0% Packages/com.bytedance.pico.xr/Runtime/Scripts/SecureMR/Core/PXR_SecureMRPipelineCore.cs
 0.1 kb	 0.0% Packages/com.bytedance.pico.xr/Platform/Scripts/Service/Sport.cs
 0.1 kb	 0.0% Packages/com.bytedance.pico.xr/Platform/Scripts/Models/Speech.cs
 0.1 kb	 0.0% Packages/com.bytedance.pico.xr/Platform/Scripts/Models/Presence.cs
 0.1 kb	 0.0% Packages/com.bytedance.pico.xr/Platform/Scripts/Models/Common.cs
 0.1 kb	 0.0% Packages/com.bytedance.pico.xr/Platform/Scripts/Framework/TimeUtil.cs
 0.1 kb	 0.0% Packages/com.bytedance.pico.xr/Platform/Scripts/Framework/Runner.cs
 0.1 kb	 0.0% Packages/com.bytedance.pico.xr/Platform/Scripts/Framework/Message.cs
 0.1 kb	 0.0% Packages/com.bytedance.pico.xr/Platform/Scripts/Framework/Looper.cs
 0.1 kb	 0.0% Packages/com.bytedance.pico.xr/Platform/Scripts/CLIB/MarshalUtil.cs
 0.1 kb	 0.0% Packages/com.unity.xr.openxr/Runtime/Settings/OpenXRSettings.cs
 0.1 kb	 0.0% Packages/com.unity.xr.openxr/Runtime/Settings/IPackageSettings.cs
 0.1 kb	 0.0% Packages/com.unity.xr.openxr/Runtime/OpenXRUtility.cs
 0.1 kb	 0.0% Packages/com.unity.xr.openxr/Runtime/OpenXRRuntime.cs
 0.1 kb	 0.0% Packages/com.unity.xr.openxr/Runtime/OpenXRRestarter.cs
 0.1 kb	 0.0% Packages/com.unity.xr.openxr/Runtime/OpenXRLoaderBase.cs
 0.1 kb	 0.0% Packages/com.unity.xr.openxr/Runtime/OpenXRApiVersion.cs
 0.1 kb	 0.0% Packages/com.unity.xr.openxr/Runtime/OpenXRAnalytics.cs
 0.1 kb	 0.0% Packages/com.unity.xr.openxr/Runtime/ApiLayers/Support/ApiDumpLogSupport.cs
 0.1 kb	 0.0% Packages/com.unity.xr.core-utils/Runtime/XRLoggingUtils.cs
 0.1 kb	 0.0% Packages/com.unity.xr.core-utils/Runtime/UnityObjectUtils.cs
 0.1 kb	 0.0% Packages/com.unity.xr.core-utils/Runtime/SerializableGuid.cs
 0.1 kb	 0.0% Packages/com.unity.xr.core-utils/Runtime/ReflectionUtils.cs
 0.1 kb	 0.0% Packages/com.unity.xr.core-utils/Runtime/NativeArrayUtils.cs
 0.1 kb	 0.0% Packages/com.unity.xr.core-utils/Runtime/MaterialUtils.cs
 0.1 kb	 0.0% Packages/com.unity.xr.core-utils/Runtime/GeometryUtils.cs
 0.1 kb	 0.0% Packages/com.unity.xr.core-utils/Runtime/GameObjectUtils.cs
 0.1 kb	 0.0% Packages/com.unity.xr.core-utils/Runtime/Extensions/TypeExtensions.cs
 0.1 kb	 0.0% Packages/com.unity.xr.core-utils/Runtime/Extensions/StringExtensions.cs
 0.1 kb	 0.0% Packages/com.unity.xr.core-utils/Runtime/Extensions/PoseExtensions.cs
 0.1 kb	 0.0% Packages/com.unity.xr.core-utils/Runtime/Extensions/ListExtensions.cs
 0.1 kb	 0.0% Packages/com.unity.xr.core-utils/Runtime/Extensions/GuidExtensions.cs
 0.1 kb	 0.0% Packages/com.unity.xr.core-utils/Runtime/Extensions/CameraExtensions.cs
 0.1 kb	 0.0% Packages/com.unity.xr.core-utils/Runtime/Extensions/BoundsExtensions.cs
 0.1 kb	 0.0% Packages/com.unity.xr.core-utils/Runtime/Datums/StringDatum.cs
 0.1 kb	 0.0% Packages/com.unity.xr.core-utils/Runtime/Datums/FloatDatum.cs
 0.1 kb	 0.0% Packages/com.unity.xr.core-utils/Runtime/ComponentUtils.cs
 0.1 kb	 0.0% Packages/com.unity.xr.core-utils/Runtime/Bindings/EventBinding.cs
 0.1 kb	 0.0% Packages/com.unity.ugui/Runtime/UGUI/UI/Core/SetPropertyUtility.cs
 0.1 kb	 0.0% Packages/com.unity.ugui/Runtime/UGUI/UI/Core/MaterialModifiers/IMaterialModifier.cs
 0.1 kb	 0.0% Packages/com.unity.ugui/Runtime/UGUI/UI/Core/Layout/VerticalLayoutGroup.cs
 0.1 kb	 0.0% Packages/com.unity.ugui/Runtime/UGUI/UI/Core/Layout/ContentSizeFitter.cs
 0.1 kb	 0.0% Packages/com.unity.ugui/Runtime/UGUI/UI/Core/Layout/AspectRatioFitter.cs
 0.1 kb	 0.0% Packages/com.unity.ugui/Runtime/UGUI/UI/Core/FontUpdateTracker.cs
 0.1 kb	 0.0% Packages/com.unity.ugui/Runtime/UGUI/UI/Core/CanvasUpdateRegistry.cs
 0.1 kb	 0.0% Packages/com.unity.ugui/Runtime/UGUI/UI/Core/AnimationTriggers.cs
 0.1 kb	 0.0% Packages/com.unity.ugui/Runtime/UGUI/EventSystem/UIElements/PanelRaycaster.cs
 0.1 kb	 0.0% Packages/com.unity.ugui/Runtime/UGUI/EventSystem/Raycasters/PhysicsRaycaster.cs
 0.1 kb	 0.0% Packages/com.unity.ugui/Runtime/UGUI/EventSystem/Raycasters/BaseRaycaster.cs
 0.1 kb	 0.0% Packages/com.unity.ugui/Runtime/UGUI/EventSystem/RaycasterManager.cs
 0.1 kb	 0.0% Packages/com.unity.ugui/Runtime/UGUI/EventSystem/RaycastResult.cs
 0.1 kb	 0.0% Packages/com.unity.ugui/Runtime/UGUI/EventSystem/InputModules/TouchInputModule.cs
 0.1 kb	 0.0% Packages/com.unity.ugui/Runtime/UGUI/EventSystem/InputModules/BaseInputModule.cs
 0.1 kb	 0.0% Packages/com.unity.ugui/Runtime/UGUI/EventSystem/ExecuteEvents.cs
 0.1 kb	 0.0% Packages/com.unity.ugui/Runtime/UGUI/EventSystem/EventData/PointerEventData.cs
 0.1 kb	 0.0% Packages/com.unity.ugui/Runtime/UGUI/EventSystem/EventData/BaseEventData.cs
 0.1 kb	 0.0% Packages/com.unity.ugui/Runtime/UGUI/EventSystem/EventData/AxisEventData.cs
 0.1 kb	 0.0% Packages/com.unity.ugui/Runtime/TMP/TMP_TextProcessingStack.cs
 0.1 kb	 0.0% Packages/com.unity.ugui/Runtime/TMP/TMP_FontFeaturesCommon.cs
 0.1 kb	 0.0% Packages/com.unity.inputsystem/InputSystem/Utilities/FourCC.cs
 0.1 kb	 0.0% Packages/com.unity.inputsystem/InputSystem/Plugins/iOS/iOSSupport.cs
 0.1 kb	 0.0% Packages/com.unity.inputsystem/InputSystem/Plugins/XR/XRSupport.cs
 0.1 kb	 0.0% Packages/com.unity.inputsystem/InputSystem/Plugins/XR/GenericXRDevice.cs
 0.1 kb	 0.0% Packages/com.unity.inputsystem/InputSystem/Plugins/XR/Devices/WindowsMR.cs
 0.1 kb	 0.0% Packages/com.unity.inputsystem/InputSystem/Plugins/XR/Controls/PoseControl.cs
 0.1 kb	 0.0% Packages/com.unity.inputsystem/InputSystem/Plugins/UI/PointerModel.cs
 0.1 kb	 0.0% Packages/com.unity.inputsystem/InputSystem/Plugins/OSX/OSXSupport.cs
 0.1 kb	 0.0% Packages/com.unity.inputsystem/InputSystem/Plugins/HID/HIDSupport.cs
 0.1 kb	 0.0% Packages/com.unity.inputsystem/InputSystem/Plugins/HID/HIDParser.cs
 0.1 kb	 0.0% Packages/com.unity.collections/Unity.Collections/xxHash3.StreamingState.cs
 0.1 kb	 0.0% Packages/com.unity.collections/Unity.Collections/NativeSort.cs
 0.1 kb	 0.0% Packages/com.unity.collections/Unity.Collections/NativeBitArray.cs
 0.1 kb	 0.0% Packages/com.unity.collections/Unity.Collections/ListExtensions.cs
 0.1 kb	 0.0% Packages/com.unity.collections/Unity.Collections/Jobs/IJobParallelForDefer.cs
 0.1 kb	 0.0% Packages/com.unity.collections/Unity.Collections/Jobs/IJobParallelForBatch.cs
 0.1 kb	 0.0% Packages/com.unity.collections/Unity.Collections/FixedStringUtils.cs
 0.1 kb	 0.0% Packages/com.unity.collections/Unity.Collections/DataStreamWriter.cs
 0.1 kb	 0.0% Packages/com.unity.collections/Unity.Collections/DataStreamReader.cs
 0.1 kb	 0.0% Packages/com.unity.collections/Unity.Collections/ConcurrentMask.cs
 0.1 kb	 0.0% Packages/com.unity.collections/Unity.Collections/CollectionHelper.cs
 0.1 kb	 0.0% Packages/com.unity.collections/Unity.Collections/AllocatorManager.cs
 0.1 kb	 0.0% Packages/com.unity.burst/Runtime/SafeStringArrayHelper.cs
 0.1 kb	 0.0% Packages/com.unity.burst/Runtime/Editor/BurstEditorOptions.cs
 0.1 kb	 0.0% Packages/com.unity.burst/Runtime/Editor/BurstCompileTarget.cs
 0.1 kb	 0.0% Packages/com.unity.burst/Runtime/Editor/BurstAssemblyDisable.cs
 0.1 kb	 0.0% Packages/com.unity.burst/Runtime/BurstCompileAttribute.cs
 0.1 kb	 0.0% Packages/com.unity.ai.inference/Runtime/Core/TensorShape.cs
 0.1 kb	 0.0% Packages/com.unity.ai.inference/Runtime/Core/TensorIndex.cs
 0.1 kb	 0.0% Packages/com.unity.ai.inference/Runtime/Core/TensorGeneric.cs
 0.1 kb	 0.0% Packages/com.unity.ai.inference/Runtime/Core/TensorData.cs
 0.1 kb	 0.0% Packages/com.unity.ai.inference/Runtime/Core/ShapeInference/EinsumHelper.cs
 0.1 kb	 0.0% Packages/com.unity.ai.inference/Runtime/Core/Serialization/SentisFlatBuffer/ExecutionPlan.cs
 0.1 kb	 0.0% Packages/com.unity.ai.inference/Runtime/Core/Serialization/ModelWriter.cs
 0.1 kb	 0.0% Packages/com.unity.ai.inference/Runtime/Core/Serialization/ModelLoader.cs
 0.1 kb	 0.0% Packages/com.unity.ai.inference/Runtime/Core/Layers/Layer.Recurrent.cs
 0.1 kb	 0.0% Packages/com.unity.ai.inference/Runtime/Core/Layers/Layer.Logical.cs
 0.1 kb	 0.0% Packages/com.unity.ai.inference/Runtime/Core/Layers/Layer.Activation.cs
 0.1 kb	 0.0% Packages/com.unity.ai.inference/Runtime/Core/Internals/ModelAsset.cs
 0.1 kb	 0.0% Packages/com.unity.ai.inference/Runtime/Core/Backends/TensorPool.cs
 0.1 kb	 0.0% Packages/com.unity.ai.inference/Runtime/Core/Backends/ModelStorage.cs
 0.1 kb	 0.0% Packages/com.unity.ai.inference/Runtime/Core/Backends/GPUCompute/ComputeInfo.cs
 0.1 kb	 0.0% Packages/com.unity.ai.inference/Runtime/Core/Backends/CPU/ReferenceCPU.cs
 0.1 kb	 0.0% Packages/com.bytedance.pico.xr/SpatialAudio/Samples/scripts/GeomNumPrinter.cs
 0.1 kb	 0.0% Packages/com.bytedance.pico.xr/Runtime/Scripts/Utils/PXR_ObjImporter.cs
 0.1 kb	 0.0% Packages/com.bytedance.pico.xr/Runtime/Scripts/Features/PXR_ScreenFade.cs
 0.1 kb	 0.0% Packages/com.bytedance.pico.xr/Runtime/Scripts/Features/PXR_MixedReality.cs
 0.1 kb	 0.0% Packages/com.bytedance.pico.xr/Runtime/Scripts/Features/PXR_LateLatching.cs
 0.1 kb	 0.0% Packages/com.bytedance.pico.xr/Runtime/Scripts/Features/PXR_HandTracking.cs
 0.1 kb	 0.0% Packages/com.bytedance.pico.xr/Runtime/Scripts/Features/PXR_EyeTracking.cs
 0.1 kb	 0.0% Packages/com.bytedance.pico.xr/Runtime/Scripts/Features/PXR_CameraImage.cs
 0.1 kb	 0.0% Packages/com.bytedance.pico.xr/Platform/Scripts/Service/User.cs
 0.1 kb	 0.0% Packages/com.bytedance.pico.xr/Platform/Scripts/Service/Room.cs
 0.1 kb	 0.0% Packages/com.bytedance.pico.xr/Platform/Scripts/Service/RTC.cs
 0.1 kb	 0.0% Packages/com.bytedance.pico.xr/Platform/Scripts/Service/IAP.cs
 0.1 kb	 0.0% Packages/com.bytedance.pico.xr/Platform/Scripts/Service/Core.cs
 0.1 kb	 0.0% Packages/com.bytedance.pico.xr/Platform/Scripts/Models/Packet.cs
 0.1 kb	 0.0% Packages/com.bytedance.pico.xr/Enterprise/Scripts/Model/Point3D.cs
 0.1 kb	 0.0% Packages/com.bytedance.pico.xr/Enterprise/Scripts/Model/Intent.cs
 0.1 kb	 0.0% Packages/com.bytedance.pico.xr/Enterprise/Scripts/Model/IMUData.cs
 0.1 kb	 0.0% Assets/SpatialTowerDefense/Runtime/ProceduralFactory.cs
 0.1 kb	 0.0% Assets/SpatialTowerDefense/Runtime/CombatVisualEffects.cs
 0.1 kb	 0.0% Packages/com.unity.xr.openxr/Runtime/input/PoseControl.cs
 0.1 kb	 0.0% Packages/com.unity.xr.openxr/Runtime/input/OpenXRInput.cs
 0.1 kb	 0.0% Packages/com.unity.xr.openxr/Runtime/input/OpenXRHmd.cs
 0.1 kb	 0.0% Packages/com.unity.xr.openxr/Runtime/input/OpenXRDevice.cs
 0.1 kb	 0.0% Packages/com.unity.xr.openxr/Runtime/NativeTypes/XR_VERSION_1_1/XrUuid.cs
 0.1 kb	 0.0% Packages/com.unity.xr.openxr/Runtime/NativeTypes/XR_VERSION_1_1/XrBoxf.cs
 0.1 kb	 0.0% Packages/com.unity.xr.openxr/Runtime/NativeTypes/Core/XrPosef.cs
 0.1 kb	 0.0% Packages/com.unity.xr.openxr/Runtime/NativeTypes/Core/XrFovf.cs
 0.1 kb	 0.0% Packages/com.unity.xr.openxr/Runtime/ApiLayers/PlatformSupport/IPlatformSupport.cs
 0.1 kb	 0.0% Packages/com.unity.xr.openxr/Runtime/ApiLayers/OpenXRApiLayers.cs
 0.1 kb	 0.0% Packages/com.unity.xr.openxr/Runtime/ApiLayers/OpenXRApiLayer.cs
 0.1 kb	 0.0% Packages/com.unity.ugui/Runtime/TMP/TMPro_EventManager.cs
 0.1 kb	 0.0% Packages/com.unity.ugui/Runtime/TMP/TMP_UpdateRegistery.cs
 0.1 kb	 0.0% Packages/com.unity.ugui/Runtime/TMP/TMP_UpdateManager.cs
 0.1 kb	 0.0% Packages/com.unity.ugui/Runtime/TMP/TMP_TextUtilities.cs
 0.1 kb	 0.0% Packages/com.unity.ugui/Runtime/TMP/TMP_TextProcessingCommon.cs
 0.1 kb	 0.0% Packages/com.unity.ugui/Runtime/TMP/TMP_SpriteCharacter.cs
 0.1 kb	 0.0% Packages/com.unity.ugui/Runtime/TMP/TMP_SpriteAnimator.cs
 0.1 kb	 0.0% Packages/com.unity.ugui/Runtime/TMP/TMP_SelectionCaret.cs
 0.1 kb	 0.0% Packages/com.unity.ugui/Runtime/TMP/TMP_ResourcesManager.cs
 0.1 kb	 0.0% Packages/com.unity.ugui/Runtime/TMP/TMP_MaterialManager.cs
 0.1 kb	 0.0% Packages/com.unity.ugui/Runtime/TMP/TMP_InputValidator.cs
 0.1 kb	 0.0% Packages/com.unity.ugui/Runtime/TMP/TMP_FontFeatureTable.cs
 0.1 kb	 0.0% Packages/com.unity.ugui/Runtime/TMP/TMP_DefaultControls.cs
 0.1 kb	 0.0% Packages/com.unity.ugui/Runtime/TMP/TMP_Compatibility.cs
 0.1 kb	 0.0% Packages/com.unity.ugui/Runtime/TMP/TMP_ColorGradient.cs
 0.1 kb	 0.0% Packages/com.unity.ugui/Runtime/TMP/TMP_CharacterInfo.cs
 0.1 kb	 0.0% Packages/com.unity.ugui/Runtime/TMP/ITextPreProcessor.cs
 0.1 kb	 0.0% Packages/com.unity.ugui/Runtime/TMP/FontFeatureCommonGPOS.cs
 0.1 kb	 0.0% Packages/com.unity.ugui/Runtime/InternalBridge/TMPHelpURL.cs
 0.1 kb	 0.0% Packages/com.unity.inputsystem/InputSystem/Plugins/PlayerInput/PlayerInput.cs
 0.1 kb	 0.0% Packages/com.unity.inputsystem/InputSystem/Plugins/PlayerInput/InputValue.cs
 0.1 kb	 0.0% Packages/com.unity.inputsystem/InputSystem/InputSystem.cs
 0.1 kb	 0.0% Packages/com.unity.inputsystem/InputSystem/InputManager.cs
 0.1 kb	 0.0% Packages/com.unity.inputsystem/InputSystem/Editor/UITKAssetEditor/Commands/Commands.cs
 0.1 kb	 0.0% Packages/com.unity.inputsystem/InputSystem/Editor/Dialog.cs
 0.1 kb	 0.0% Packages/com.unity.inputsystem/InputSystem/Devices/Touchscreen.cs
 0.1 kb	 0.0% Packages/com.unity.inputsystem/InputSystem/Devices/Precompiled/FastMouse.cs
 0.1 kb	 0.0% Packages/com.unity.inputsystem/InputSystem/Devices/Precompiled/FastKeyboard.cs
 0.1 kb	 0.0% Packages/com.unity.inputsystem/InputSystem/Devices/InputDevice.cs
 0.1 kb	 0.0% Packages/com.unity.inputsystem/InputSystem/Devices/Haptics/IHaptics.cs
 0.1 kb	 0.0% Packages/com.unity.inputsystem/InputSystem/Controls/InputControl.cs
 0.1 kb	 0.0% Packages/com.unity.inputsystem/InputSystem/Controls/CommonUsages.cs
 0.1 kb	 0.0% Packages/com.unity.inputsystem/InputSystem/AssemblyInfo.cs
 0.1 kb	 0.0% Packages/com.unity.inputsystem/InputSystem/Actions/InputBinding.cs
 0.1 kb	 0.0% Packages/com.unity.inputsystem/InputSystem/Actions/InputAction.cs
 0.1 kb	 0.0% Packages/com.unity.collections/Unity.Collections/NativeText.gen.cs
 0.1 kb	 0.0% Packages/com.unity.collections/Unity.Collections/FixedList.gen.cs
 0.1 kb	 0.0% Packages/com.unity.ai.inference/Runtime/Core/Layers/Layer.Math.cs
 0.1 kb	 0.0% Packages/com.unity.ai.inference/Runtime/Core/Graph/SortKey.cs
 0.1 kb	 0.0% Packages/com.unity.ai.inference/Runtime/Core/Graph/NodeSet.cs
 0.1 kb	 0.0% Packages/com.unity.ai.inference/Runtime/Core/Graph/NodeList.cs
 0.1 kb	 0.0% Packages/com.unity.ai.inference/Runtime/Core/Graph/Graph.cs
 0.1 kb	 0.0% Packages/com.unity.ai.inference/Runtime/Core/Graph/Argument.cs
 0.1 kb	 0.0% Packages/com.unity.ai.inference/Runtime/Core/Backends/GPUPixel/GPUPixel.cs
 0.1 kb	 0.0% Packages/com.bytedance.pico.xr/Runtime/InputSystem/DeviceLayouts.cs
 0.1 kb	 0.0% Packages/com.bytedance.pico.xr/Platform/Scripts/Models/IAP.cs
 0.1 kb	 0.0% Packages/com.bytedance.pico.xr/Platform/Scripts/Framework/Task.cs
 0.1 kb	 0.0% Packages/com.bytedance.pico.xr/Enterprise/Sample/VirtualDisplay/PXR/VirtualDisplayEvent.cs
 0.1 kb	 0.0% Packages/com.bytedance.pico.xr/Enterprise/Sample/VirtualDisplay/PXR/VirtualDisplayDemo.cs
 0.1 kb	 0.0% Assets/Resources/PXR_PicoDebuggerSO.asset
 0.1 kb	 0.0% Packages/com.unity.xr.openxr/Runtime/OpenXRLoader.cs
 0.1 kb	 0.0% Packages/com.unity.xr.openxr/Runtime/Constants.cs
 0.1 kb	 0.0% Packages/com.unity.xr.openxr/Runtime/ApiLayers/Support/LogSupport.cs
 0.1 kb	 0.0% Packages/com.unity.xr.management/Runtime/XRLoader.cs
 0.1 kb	 0.0% Packages/com.unity.xr.core-utils/Runtime/UndoBlock.cs
 0.1 kb	 0.0% Packages/com.unity.xr.core-utils/Runtime/TextureUtils.cs
 0.1 kb	 0.0% Packages/com.unity.xr.core-utils/Runtime/MathUtility.cs
 0.1 kb	 0.0% Packages/com.unity.xr.core-utils/Runtime/HashCodeUtil.cs
 0.1 kb	 0.0% Packages/com.unity.xr.core-utils/Runtime/DebugDraw.cs
 0.1 kb	 0.0% Packages/com.unity.xr.core-utils/Runtime/Datums/IntDatum.cs
 0.1 kb	 0.0% Packages/com.unity.xr.core-utils/Runtime/BoundsUtils.cs
 0.1 kb	 0.0% Packages/com.unity.ugui/Runtime/UGUI/UI/Core/VertexModifiers/PositionAsUV1.cs
 0.1 kb	 0.0% Packages/com.unity.ugui/Runtime/UGUI/UI/Core/VertexModifiers/IMeshModifier.cs
 0.1 kb	 0.0% Packages/com.unity.ugui/Runtime/UGUI/UI/Core/VertexModifiers/BaseMeshEffect.cs
 0.1 kb	 0.0% Packages/com.unity.ugui/Runtime/UGUI/UI/Core/StencilMaterial.cs
 0.1 kb	 0.0% Packages/com.unity.ugui/Runtime/UGUI/UI/Core/RaycastReceiver.cs
 0.1 kb	 0.0% Packages/com.unity.ugui/Runtime/UGUI/UI/Core/MaskableGraphic.cs
 0.1 kb	 0.0% Packages/com.unity.ugui/Runtime/UGUI/UI/Core/MaskUtilities.cs
 0.1 kb	 0.0% Packages/com.unity.ugui/Runtime/UGUI/UI/Core/Layout/LayoutUtility.cs
 0.1 kb	 0.0% Packages/com.unity.ugui/Runtime/UGUI/UI/Core/Layout/LayoutRebuilder.cs
 0.1 kb	 0.0% Packages/com.unity.ugui/Runtime/UGUI/UI/Core/Layout/LayoutElement.cs
 0.1 kb	 0.0% Packages/com.unity.ugui/Runtime/UGUI/UI/Core/Layout/ILayoutElement.cs
 0.1 kb	 0.0% Packages/com.unity.ugui/Runtime/UGUI/UI/Core/Layout/GridLayoutGroup.cs
 0.1 kb	 0.0% Packages/com.unity.ugui/Runtime/UGUI/UI/Core/GraphicRegistry.cs
 0.1 kb	 0.0% Packages/com.unity.ugui/Runtime/UGUI/UI/Core/GraphicRaycaster.cs
 0.1 kb	 0.0% Packages/com.unity.ugui/Runtime/UGUI/UI/Core/DefaultControls.cs
 0.1 kb	 0.0% Packages/com.unity.ugui/Runtime/UGUI/UI/Core/Culling/ClipperRegistry.cs
 0.1 kb	 0.0% Packages/com.unity.ugui/Runtime/UGUI/EventSystem/UIBehaviour.cs
 0.1 kb	 0.0% Packages/com.unity.ugui/Runtime/UGUI/EventSystem/InputModules/BaseInput.cs
 0.1 kb	 0.0% Packages/com.unity.ugui/Runtime/UGUI/EventSystem/EventTrigger.cs
 0.1 kb	 0.0% Packages/com.unity.ugui/Runtime/UGUI/EventSystem/EventSystem.cs
 0.1 kb	 0.0% Packages/com.unity.ugui/Runtime/TMP/TMPro_MeshUtilities.cs
 0.1 kb	 0.0% Packages/com.unity.ugui/Runtime/TMP/TMP_ShaderUtilities.cs
 0.1 kb	 0.0% Packages/com.unity.ugui/Runtime/TMP/TMP_RichTextTagsCommon.cs
 0.1 kb	 0.0% Packages/com.unity.ugui/Runtime/TMP/TMP_FontAssetCommon.cs
 0.1 kb	 0.0% Packages/com.unity.inputsystem/InputSystem/Plugins/XR/Devices/Oculus.cs
 0.1 kb	 0.0% Packages/com.unity.collections/Unity.Collections/UIntFloat.cs
 0.1 kb	 0.0% Packages/com.unity.collections/Unity.Collections/NativeStream.cs
 0.1 kb	 0.0% Packages/com.unity.collections/Unity.Collections/Jobs/EarlyInitHelpers.cs
 0.1 kb	 0.0% Packages/com.unity.burst/Runtime/Intrinsics/SimdDebugViews.cs
 0.1 kb	 0.0% Packages/com.unity.burst/Runtime/Editor/BurstReflection.cs
 0.1 kb	 0.0% Packages/com.unity.burst/Runtime/BurstCompilerOptions.cs
 0.1 kb	 0.0% Packages/com.unity.ai.inference/Runtime/Core/Tensor.cs
 0.1 kb	 0.0% Packages/com.unity.ai.inference/Runtime/Core/Serialization/SentisFlatBuffer/KernelCall.cs
 0.1 kb	 0.0% Packages/com.unity.ai.inference/Runtime/Core/Serialization/SentisFlatBuffer/Instruction.cs
 0.1 kb	 0.0% Packages/com.unity.ai.inference/Runtime/Core/Serialization/SentisFlatBuffer/FloatList.cs
 0.1 kb	 0.0% Packages/com.unity.ai.inference/Runtime/Core/Serialization/SentisFlatBuffer/DataSegment.cs
 0.1 kb	 0.0% Packages/com.unity.ai.inference/Runtime/Core/Random.cs
 0.1 kb	 0.0% Packages/com.unity.ai.inference/Runtime/Core/Model.cs
 0.1 kb	 0.0% Packages/com.unity.ai.inference/Runtime/Core/Logger.cs
 0.1 kb	 0.0% Packages/com.unity.ai.inference/Runtime/Core/Layers/Layer.cs
 0.1 kb	 0.0% Packages/com.unity.ai.inference/Runtime/Core/Layers/Constant.cs
 0.1 kb	 0.0% Packages/com.unity.ai.inference/Runtime/Core/Internals/Debug.cs
 0.1 kb	 0.0% Packages/com.unity.ai.inference/Runtime/Core/Backends/Worker.cs
 0.1 kb	 0.0% Packages/com.unity.ai.inference/Runtime/Core/Backends/OpsUtils.cs
 0.1 kb	 0.0% Packages/com.unity.ai.inference/Runtime/Core/Backends/IBackend.cs
 0.1 kb	 0.0% Packages/com.unity.ai.assistant/Modules/Unity.AI.Tracing/TraceCategories.cs
 0.1 kb	 0.0% Packages/com.bytedance.pico.xr/Runtime/Scripts/PXR_Usages.cs
 0.1 kb	 0.0% Packages/com.bytedance.pico.xr/Runtime/Scripts/PXR_Settings.cs
 0.1 kb	 0.0% Packages/com.bytedance.pico.xr/Runtime/Scripts/PXR_Plugin.cs
 0.1 kb	 0.0% Packages/com.bytedance.pico.xr/Runtime/Scripts/PXR_Manager.cs
 0.1 kb	 0.0% Packages/com.bytedance.pico.xr/Runtime/Scripts/PXR_Loader.cs
 0.1 kb	 0.0% Packages/com.bytedance.pico.xr/Runtime/Scripts/Hand/PXR_HandPose.cs
 0.1 kb	 0.0% Packages/com.bytedance.pico.xr/Runtime/Scripts/Features/PXR_System.cs
 0.1 kb	 0.0% Packages/com.bytedance.pico.xr/Runtime/Scripts/Features/PXR_OverLay.cs
 0.1 kb	 0.0% Packages/com.bytedance.pico.xr/Runtime/Scripts/Features/PXR_Input.cs
 0.1 kb	 0.0% Packages/com.bytedance.pico.xr/Runtime/Scripts/Features/PXR_Boundary.cs
 0.1 kb	 0.0% Packages/com.bytedance.pico.xr/Runtime/CompositionLayers/PXR_Utility.cs
 0.1 kb	 0.0% Packages/com.bytedance.pico.xr/Platform/Scripts/Models/User.cs
 0.1 kb	 0.0% Packages/com.bytedance.pico.xr/Platform/Scripts/Models/Room.cs
 0.1 kb	 0.0% Packages/com.bytedance.pico.xr/Platform/Scripts/CLIB/CLIB2.cs
 0.1 kb	 0.0% Packages/com.bytedance.pico.xr/Enterprise/Scripts/Model/Pose.cs
 0.1 kb	 0.0% Assets/SpatialTowerDefense/Runtime/SpatialInputRig.cs
 0.1 kb	 0.0% Assets/SpatialTowerDefense/Runtime/SceneModelAnchor.cs
 0.1 kb	 0.0% Assets/SpatialTowerDefense/Runtime/LotusTitleStage.cs
 0.1 kb	 0.0% Assets/SpatialTowerDefense/Runtime/GameDefinitions.cs
 0.1 kb	 0.0% Assets/SpatialTowerDefense/Runtime/BillboardText.cs
 0.1 kb	 0.0% Packages/com.unity.xr.openxr/Runtime/ApiLayers/Support/ISupport.cs
 0.1 kb	 0.0% Packages/com.unity.ugui/Runtime/TMP/TextMeshProUGUI.cs
 0.1 kb	 0.0% Packages/com.unity.ugui/Runtime/TMP/TextContainer.cs
 0.1 kb	 0.0% Packages/com.unity.ugui/Runtime/TMP/TMP_TextElement.cs
 0.1 kb	 0.0% Packages/com.unity.ugui/Runtime/TMP/TMP_SubMeshUI.cs
 0.1 kb	 0.0% Packages/com.unity.ugui/Runtime/TMP/TMP_StyleSheet.cs
 0.1 kb	 0.0% Packages/com.unity.ugui/Runtime/TMP/TMP_SpriteGlyph.cs
 0.1 kb	 0.0% Packages/com.unity.ugui/Runtime/TMP/TMP_SpriteAsset.cs
 0.1 kb	 0.0% Packages/com.unity.ugui/Runtime/TMP/TMP_InputField.cs
 0.1 kb	 0.0% Packages/com.unity.ugui/Runtime/TMP/TMP_FontAsset.cs
 0.1 kb	 0.0% Packages/com.unity.ugui/Runtime/TMP/TMP_CoroutineTween.cs
 0.1 kb	 0.0% Packages/com.unity.ugui/Runtime/TMP/TMP_Character.cs
 0.1 kb	 0.0% Packages/com.unity.inputsystem/InputSystem/Plugins/XR/Devices/GoogleVR.cs
 0.1 kb	 0.0% Packages/com.unity.inputsystem/InputSystem/Editor/DownloadableSample.cs
 0.1 kb	 0.0% Packages/com.unity.inputsystem/InputSystem/Devices/Sensor.cs
 0.1 kb	 0.0% Packages/com.unity.inputsystem/InputSystem/Devices/Pointer.cs
 0.1 kb	 0.0% Packages/com.unity.inputsystem/InputSystem/Devices/Mouse.cs
 0.1 kb	 0.0% Packages/com.unity.inputsystem/InputSystem/Devices/Keyboard.cs
 0.1 kb	 0.0% Packages/com.unity.inputsystem/InputSystem/Devices/Joystick.cs
 0.1 kb	 0.0% Packages/com.unity.inputsystem/InputSystem/Devices/Gamepad.cs
 0.1 kb	 0.0% Packages/com.unity.collections/Unity.Collections/xxHash3.AVX2.cs
 0.1 kb	 0.0% Packages/com.unity.burst/Runtime/Intrinsics/Arm/NEON_AArch64_rdma.cs
 0.1 kb	 0.0% Packages/com.unity.burst/Runtime/Intrinsics/Arm/NEON_AArch64_dotprod.cs
 0.1 kb	 0.0% Packages/com.unity.burst/Runtime/Intrinsics/Arm/NEON_AArch64_crypto.cs
 0.1 kb	 0.0% Packages/com.unity.ai.inference/Runtime/Core/Graph/Node.cs
 0.1 kb	 0.0% Packages/com.unity.ai.assistant/Modules/Unity.AI.Tracing/TraceTypes.cs
 0.1 kb	 0.0% Packages/com.bytedance.pico.xr/Runtime/Scripts/Utils/PXR_Type.cs
 0.1 kb	 0.0% Packages/com.bytedance.pico.xr/Runtime/Scripts/Utils/LitJson/JsonMockWrapper.cs
 0.1 kb	 0.0% Packages/com.bytedance.pico.xr/Runtime/Scripts/Utils/LitJson/JsonException.cs
 0.1 kb	 0.0% Packages/com.bytedance.pico.xr/Platform/Scripts/CLIB/CLIB.cs
 0.1 kb	 0.0% Packages/com.bytedance.pico.xr/Enterprise/Sample/CameraRendering/EnterpriseAPI.cs
 0.1 kb	 0.0% Assets/SpatialTowerDefense/Runtime/SpatialTargets.cs
 0.1 kb	 0.0% Packages/com.unity.xr.core-utils/Runtime/XROrigin.cs
 0.1 kb	 0.0% Packages/com.unity.xr.core-utils/Runtime/GuidUtil.cs
 0.1 kb	 0.0% Packages/com.unity.ugui/Runtime/UGUI/UI/Core/Utility/VertexHelper.cs
 0.1 kb	 0.0% Packages/com.unity.ugui/Runtime/UGUI/UI/Core/ToggleGroup.cs
 0.1 kb	 0.0% Packages/com.unity.ugui/Runtime/UGUI/UI/Core/SpriteState.cs
 0.1 kb	 0.0% Packages/com.unity.ugui/Runtime/UGUI/UI/Core/Selectable.cs
 0.1 kb	 0.0% Packages/com.unity.ugui/Runtime/UGUI/UI/Core/Scrollbar.cs
 0.1 kb	 0.0% Packages/com.unity.ugui/Runtime/UGUI/UI/Core/ScrollRect.cs
 0.1 kb	 0.0% Packages/com.unity.ugui/Runtime/UGUI/UI/Core/RectMask2D.cs
 0.1 kb	 0.0% Packages/com.unity.ugui/Runtime/UGUI/UI/Core/Navigation.cs
 0.1 kb	 0.0% Packages/com.unity.ugui/Runtime/UGUI/UI/Core/Layout/LayoutGroup.cs
 0.1 kb	 0.0% Packages/com.unity.ugui/Runtime/UGUI/UI/Core/Layout/CanvasScaler.cs
 0.1 kb	 0.0% Packages/com.unity.ugui/Runtime/UGUI/UI/Core/InputField.cs
 0.1 kb	 0.0% Packages/com.unity.ugui/Runtime/UGUI/UI/Core/IMaskable.cs
 0.1 kb	 0.0% Packages/com.unity.ugui/Runtime/UGUI/UI/Core/ColorBlock.cs
 0.1 kb	 0.0% Packages/com.unity.inputsystem/InputSystem/Plugins/XR/Devices/OpenVR.cs
 0.1 kb	 0.0% Packages/com.unity.inputsystem/InputSystem/Plugins/HID/HID.cs
 0.1 kb	 0.0% Packages/com.unity.collections/Unity.Collections/xxHash3.cs
 0.1 kb	 0.0% Packages/com.unity.collections/Unity.Collections/Unicode.cs
 0.1 kb	 0.0% Packages/com.unity.collections/Unity.Collections/Memory.cs
 0.1 kb	 0.0% Packages/com.unity.collections/Unity.Collections/Jobs/IJobFilter.cs
 0.1 kb	 0.0% Packages/com.unity.collections/Unity.Collections/BitField.cs
 0.1 kb	 0.0% Packages/com.unity.burst/Runtime/NoAliasAttribute.cs
 0.1 kb	 0.0% Packages/com.unity.burst/Runtime/FunctionPointer.cs
 0.1 kb	 0.0% Packages/com.unity.burst/Runtime/Editor/BurstLoader.cs
 0.1 kb	 0.0% Packages/com.unity.burst/Runtime/CompilerServices/Constant.cs
 0.1 kb	 0.0% Packages/com.unity.burst/Runtime/CompilerServices/Aliasing.cs
 0.1 kb	 0.0% Packages/com.unity.burst/Runtime/BurstString.Float.cs
 0.1 kb	 0.0% Packages/com.unity.burst/Runtime/BurstCompiler.cs
 0.1 kb	 0.0% Packages/com.unity.ai.inference/Runtime/Core/Serialization/SentisFlatBuffer/Tensor.cs
 0.1 kb	 0.0% Packages/com.unity.ai.inference/Runtime/Core/Serialization/SentisFlatBuffer/String.cs
 0.1 kb	 0.0% Packages/com.unity.ai.inference/Runtime/Core/Serialization/SentisFlatBuffer/Short.cs
 0.1 kb	 0.0% Packages/com.unity.ai.inference/Runtime/Core/Serialization/SentisFlatBuffer/Program.cs
 0.1 kb	 0.0% Packages/com.unity.ai.inference/Runtime/Core/Serialization/SentisFlatBuffer/Operator.cs
 0.1 kb	 0.0% Packages/com.unity.ai.inference/Runtime/Core/Serialization/SentisFlatBuffer/IntList.cs
 0.1 kb	 0.0% Packages/com.unity.ai.inference/Runtime/Core/Serialization/SentisFlatBuffer/Float.cs
 0.1 kb	 0.0% Packages/com.unity.ai.inference/Runtime/Core/Serialization/SentisFlatBuffer/EValue.cs
 0.1 kb	 0.0% Packages/com.unity.ai.inference/Runtime/Core/Serialization/SentisFlatBuffer/Chain.cs
 0.1 kb	 0.0% Packages/com.unity.ai.inference/Runtime/Core/Serialization/SentisFlatBuffer/Buffer.cs
 0.1 kb	 0.0% Packages/com.unity.ai.inference/Runtime/Core/Serialization/SentisFlatBuffer/BoolList.cs
 0.1 kb	 0.0% Packages/com.unity.ai.inference/Runtime/Core/Backends/Ops.cs
 0.1 kb	 0.0% Packages/com.unity.ai.assistant/Modules/Unity.AI.Tracing/TraceWriter.cs
 0.1 kb	 0.0% Packages/com.unity.ai.assistant/Modules/Unity.AI.Tracing/TraceLogger.cs
 0.1 kb	 0.0% Packages/com.unity.ai.assistant/Modules/Unity.AI.Tracing/TraceLogDir.cs
 0.1 kb	 0.0% Packages/com.bytedance.pico.xr/Runtime/Scripts/Hand/PXR_Hand.cs
 0.1 kb	 0.0% Assets/SpatialTowerDefense/Runtime/CombatActors.cs
 0.1 kb	 0.0% Packages/com.unity.ugui/Runtime/UGUI/UI/Core/Culling/IClipRegion.cs
 0.1 kb	 0.0% Packages/com.unity.ugui/Runtime/TMP/TextMeshPro.cs
 0.1 kb	 0.0% Packages/com.unity.ugui/Runtime/TMP/TMP_TextInfo.cs
 0.1 kb	 0.0% Packages/com.unity.ugui/Runtime/TMP/TMP_SubMesh.cs
 0.1 kb	 0.0% Packages/com.unity.ugui/Runtime/TMP/TMP_Style.cs
 0.1 kb	 0.0% Packages/com.unity.ugui/Runtime/TMP/TMP_Sprite.cs
 0.1 kb	 0.0% Packages/com.unity.ugui/Runtime/TMP/TMP_Settings.cs
 0.1 kb	 0.0% Packages/com.unity.ugui/Runtime/TMP/TMP_MeshInfo.cs
 0.1 kb	 0.0% Packages/com.unity.ugui/Runtime/TMP/TMP_LineInfo.cs
 0.1 kb	 0.0% Packages/com.unity.ugui/Runtime/TMP/TMP_Dropdown.cs
 0.1 kb	 0.0% Packages/com.unity.ugui/Runtime/TMP/TMP_Asset.cs
 0.1 kb	 0.0% Packages/com.unity.ugui/Runtime/TMP/FastAction.cs
 0.1 kb	 0.0% Packages/com.unity.inputsystem/InputSystem/Devices/Pen.cs
 0.1 kb	 0.0% Packages/com.unity.burst/Runtime/Intrinsics/Common.cs
 0.1 kb	 0.0% Packages/com.unity.burst/Runtime/Intrinsics/Arm/NEON_ctor.cs
 0.1 kb	 0.0% Packages/com.unity.burst/Runtime/Intrinsics/Arm/NEON_AArch64.cs
 0.1 kb	 0.0% Packages/com.unity.ai.assistant/Modules/Unity.AI.Tracing/TraceSinks.cs
 0.1 kb	 0.0% Packages/com.bytedance.pico.xr/Runtime/Scripts/Utils/PXR_Log.cs
 0.1 kb	 0.0% Packages/com.bytedance.pico.xr/Runtime/Scripts/Utils/LitJson/JsonWriter.cs
 0.1 kb	 0.0% Packages/com.bytedance.pico.xr/Runtime/Scripts/Utils/LitJson/JsonReader.cs
 0.1 kb	 0.0% Packages/com.bytedance.pico.xr/Runtime/Scripts/Utils/LitJson/JsonMapper.cs
 0.1 kb	 0.0% Packages/com.bytedance.pico.xr/Runtime/Scripts/Utils/LitJson/IJsonWrapper.cs
 0.1 kb	 0.0% Packages/com.unity.ugui/Runtime/UGUI/UI/Core/VertexModifiers/Shadow.cs
 0.1 kb	 0.0% Packages/com.unity.ugui/Runtime/UGUI/UI/Core/VertexModifiers/Outline.cs
 0.1 kb	 0.0% Packages/com.unity.ugui/Runtime/UGUI/UI/Core/Toggle.cs
 0.1 kb	 0.0% Packages/com.unity.ugui/Runtime/UGUI/UI/Core/Slider.cs
 0.1 kb	 0.0% Packages/com.unity.ugui/Runtime/UGUI/UI/Core/RawImage.cs
 0.1 kb	 0.0% Packages/com.unity.ugui/Runtime/UGUI/UI/Core/Image.cs
 0.1 kb	 0.0% Packages/com.unity.ugui/Runtime/UGUI/UI/Core/IMask.cs
 0.1 kb	 0.0% Packages/com.unity.ugui/Runtime/UGUI/UI/Core/Graphic.cs
 0.1 kb	 0.0% Packages/com.unity.ugui/Runtime/UGUI/UI/Core/FontData.cs
 0.1 kb	 0.0% Packages/com.unity.ugui/Runtime/UGUI/UI/Core/Dropdown.cs
 0.1 kb	 0.0% Packages/com.unity.ugui/Runtime/UGUI/UI/Core/Culling/Clipping.cs
 0.1 kb	 0.0% Packages/com.unity.ugui/Runtime/UGUI/UI/Core/Button.cs
 0.1 kb	 0.0% Packages/com.unity.burst/Runtime/SharedStatic.cs
 0.1 kb	 0.0% Packages/com.unity.burst/Runtime/Intrinsics/x86/Ssse3.cs
 0.1 kb	 0.0% Packages/com.unity.burst/Runtime/Intrinsics/x86/Sse4_2.cs
 0.1 kb	 0.0% Packages/com.unity.burst/Runtime/Intrinsics/x86/Sse4_1.cs
 0.1 kb	 0.0% Packages/com.unity.burst/Runtime/Intrinsics/x86/Popcnt.cs
 0.1 kb	 0.0% Packages/com.unity.burst/Runtime/Intrinsics/x86/Common.cs
 0.1 kb	 0.0% Packages/com.unity.burst/Runtime/CompilerServices/Hint.cs
 0.1 kb	 0.0% Packages/com.unity.burst/Runtime/BurstString.cs
 0.1 kb	 0.0% Packages/com.unity.burst/Runtime/BurstRuntime.cs
 0.1 kb	 0.0% Packages/com.unity.ai.inference/Runtime/Core/Serialization/SentisFlatBuffer/Null.cs
 0.1 kb	 0.0% Packages/com.unity.ai.inference/Runtime/Core/Serialization/SentisFlatBuffer/Int.cs
 0.1 kb	 0.0% Packages/com.unity.ai.inference/Runtime/Core/Serialization/SentisFlatBuffer/EDim.cs
 0.1 kb	 0.0% Packages/com.unity.ai.inference/Runtime/Core/Serialization/SentisFlatBuffer/Byte.cs
 0.1 kb	 0.0% Packages/com.unity.ai.inference/Runtime/Core/Serialization/SentisFlatBuffer/Bool.cs
 0.1 kb	 0.0% Packages/com.unity.ai.assistant/Modules/Unity.AI.Tracing/Trace.cs
 0.1 kb	 0.0% Assets/XRI/Settings/Resources/XRDeviceSimulatorSettings.asset
 0.1 kb	 0.0% Packages/com.unity.ugui/Runtime/TMP/TMP_Text.cs
 0.1 kb	 0.0% Packages/com.unity.inputsystem/InputSystem/Plugins/UI/UISupport.cs
 0.1 kb	 0.0% Packages/com.unity.burst/Runtime/Intrinsics/x86/Sse3.cs
 0.1 kb	 0.0% Packages/com.unity.burst/Runtime/Intrinsics/x86/Sse2.cs
 0.1 kb	 0.0% Packages/com.unity.burst/Runtime/Intrinsics/x86/Sse.cs
 0.1 kb	 0.0% Packages/com.unity.burst/Runtime/Intrinsics/x86/Fma.cs
 0.1 kb	 0.0% Packages/com.unity.burst/Runtime/Intrinsics/x86/F16C.cs
 0.1 kb	 0.0% Packages/com.unity.burst/Runtime/Intrinsics/x86/Csr.cs
 0.1 kb	 0.0% Packages/com.unity.burst/Runtime/Intrinsics/x86/Bmi2.cs
 0.1 kb	 0.0% Packages/com.unity.burst/Runtime/Intrinsics/x86/Bmi1.cs
 0.1 kb	 0.0% Packages/com.unity.burst/Runtime/Intrinsics/x86/Avx2.cs
 0.1 kb	 0.0% Packages/com.unity.burst/Runtime/Intrinsics/x86/Avx.cs
 0.1 kb	 0.0% Packages/com.unity.burst/Runtime/Intrinsics/v64.cs
 0.1 kb	 0.0% Packages/com.unity.burst/Runtime/Intrinsics/v256.cs
 0.1 kb	 0.0% Packages/com.unity.burst/Runtime/Intrinsics/v128.cs
 0.1 kb	 0.0% Packages/com.unity.burst/Runtime/Intrinsics/Arm/NEON.cs
 0.1 kb	 0.0% Packages/com.bytedance.pico.xr/Runtime/Scripts/Utils/LitJson/Lexer.cs
 0.1 kb	 0.0% Packages/com.bytedance.pico.xr/Runtime/Scripts/Utils/LitJson/JsonData.cs
 0.1 kb	 0.0% Packages/com.bytedance.pico.xr/Runtime/BuildingBlocks/SliderText.cs
 0.1 kb	 0.0% Packages/com.unity.ugui/Runtime/UGUI/UI/Core/Text.cs
 0.1 kb	 0.0% Packages/com.unity.ugui/Runtime/UGUI/UI/Core/Misc.cs
 0.1 kb	 0.0% Packages/com.unity.ugui/Runtime/UGUI/UI/Core/Mask.cs
 0.1 kb	 0.0% Assets/XRI/Settings/Resources/XRInteractionRuntimeSettings.asset
 0.1 kb	 0.0% Assets/XR/Settings/PXR_Settings.asset
 0.1 kb	 0.0% Assets/Resources/PXR_PlatformSetting.asset
 0.1 kb	 0.0% Assets/Resources/PerformanceTestRunSettings.json
 0.0 kb	 0.0% Assets/XR/Loaders/PXR_Loader.asset
-------------------------------------------------------------------------------
Unloading 2 Unused Serialized files (Serialized files now loaded: 0)
Unloading 4184 unused Assets / (13.9 MB). Loaded Objects now: 8145.
Memory consumption went from 391.6 MB to 377.7 MB.
Total: 51.838208 ms (FindLiveObjects: 0.285625 ms CreateObjectMapping: 0.912708 ms MarkObjects: 45.827042 ms  DeleteObjects: 4.812708 ms)

Build Finished, Result: Success.
##utp:{"success":true,"type":"PlayerBuildInfo","version":2,"phase":"Immediate","time":1787290729496,"processId":42242,"steps":[{"description":"Preprocess Player","duration":54},{"description":"Prepare For Build","duration":2164},{"description":"ProducePlayerScriptAssemblies","duration":5144},{"description":"Verify Build setup","duration":78},{"description":"Prepare assets for target platform","duration":0},{"description":"Prepare splash screen","duration":1},{"description":"Build scripts DLLs","duration":7},{"description":"Building scenes","duration":751},{"description":"Build GlobalGameManagers file","duration":75},{"description":"Writing asset files","duration":1277},{"description":"Building Resources/unity_builtin_extra","duration":105},{"description":"Write data build dirty tracking information","duration":169},{"description":"Postprocess built player","duration":15842}],"duration":25667}
Unloading 0 Unused Serialized files (Serialized files now loaded: 0)
Loaded scene 'Temp/__Backupscenes/0.backup'
	Deserialize:            4.542 ms
	Integration:            352.546 ms
	Integration of assets:  0.018 ms
	Thread Wait Time:       0.007 ms
	Total Operation Time:   357.113 ms
Unloading 1 unused Assets / (31.5 MB). Loaded Objects now: 8653.
Memory consumption went from 384.2 MB to 352.7 MB.
Total: 19.792042 ms (FindLiveObjects: 0.254000 ms CreateObjectMapping: 0.555625 ms MarkObjects: 17.959167 ms  DeleteObjects: 1.022875 ms)

Launching external process: /Applications/Unity/Hub/Editor/6000.5.5f1/Unity.app/Contents/Resources/Scripting/il2cpp/build/deploy/Analytics
[Spatial Tower Defense] PICO development APK built: /Users/ld/Documents/Codex/2026-08-03/http-localhost-8080-codex-text-link/outputs/SpatialTowerDefensePICO/Builds/PICO/SpatialTowerDefensePICO.apk
UnityEngine.Debug:ExtractStackTraceNoAlloc (byte*,int,string)
UnityEngine.StackTraceUtility:ExtractStackTrace () (at /Users/bokken/build/output/unity/unity/Runtime/Export/Scripting/StackTrace.cs:35)
UnityEngine.DebugLogHandler:Internal_Log (UnityEngine.LogType,UnityEngine.LogOption,string,UnityEngine.Object)
UnityEngine.DebugLogHandler:LogFormat (UnityEngine.LogType,UnityEngine.Object,string,object[])
UnityEngine.Logger:Log (UnityEngine.LogType,object)
UnityEngine.Debug:Log (object)
PicoTowerDefenseEditor.ProjectSetup:BuildDevelopmentApk () (at Assets/SpatialTowerDefense/Editor/ProjectSetup.cs:469)

(Filename: Assets/SpatialTowerDefense/Editor/ProjectSetup.cs Line: 469)

Batchmode quit successfully invoked - shutting down!
Starting: /Applications/Unity/Hub/Editor/6000.5.5f1/PlaybackEngines/AndroidPlayer/OpenJDK/bin/java -classpath "/Applications/Unity/Hub/Editor/6000.5.5f1/PlaybackEngines/AndroidPlayer/Tools/gradle/lib/gradle-launcher-9.1.0.jar" org.gradle.launcher.GradleMain "-Dorg.gradle.jvmargs=-Xmx4096m" "--stop" 
WorkingDir: 
Build log was saved at '/Users/ld/Documents/Codex/2026-08-03/http-localhost-8080-codex-text-link/outputs/SpatialTowerDefensePICO/build/outputs/logs/unity---stop-build.log'
Killing ADB server in 0.041372 seconds.
AcceleratorClientConnectionCallback - disconnected - :0
Importing 'GUID: 00000000000000004000000000000000 - Path: ProjectSettings/ProjectSettings.asset' with importer (LibraryAssetImporter)
Imported 'GUID: 00000000000000004000000000000000' -> (Import Result ID: 'ae4699a95dfb8deb978a974f7f93f4fe') in 0.001 seconds [static dependencies only]. Details - ImportResultOutputID=276a810dac73e1f29404d5e5f692e214 DependenciesID=d00214632252dd42335fe363627a5866 StaticDependenciesID=f714cd9c7967b8a50a0018f0bcb85dd2 
Refreshing native plugins compatible for Editor in 2.17 ms, found 13 plugins.
Asset Pipeline Refresh (id=c81636ac74c3a43be8aba568c5f3cda4): Total: 0.074 seconds - Initiated by StopAssetImportingV2(NoUpdateAssetOptions)
Thread 0x174587000 may have been prematurely finalized
正在关闭 MSBuild 服务器...
正在关闭 VB/C# 编译器服务器...
Input System module state changed to: ShutdownInProgress.
Input Polling Thread exited.
Input System module state changed to: Shutdown.
成功关闭 MSBuild 服务器。
[Physics::Module] Cleanup current backend.
[Physics::Module] Id: 0xf2b8ea05
[Licensing::IpcConnector] LicenseClient-ld-6000.5.5-notifications channel disconnected successfully.
[Licensing::IpcConnector] LicenseClient-ld-6000.5.5 channel disconnected successfully.
Thread 0x16c8d7000 may have been prematurely finalized
成功关闭 VB/C# 编译器服务器。
AcceleratorClientConnectionCallback - disconnected - :0
Thread 0x17a97f000 may have been prematurely finalized
Cleanup mono
CodeReloadManager destroyed
info: Microsoft.Hosting.Lifetime[0]
      Application is shutting down...
info: Unity.ILPP.Runner.PostProcessingAssemblyLoadContext[0]
      ALC ILPP context 2 is unloading
debugger-agent: Unable to listen on 44
Exiting batchmode successfully now!
[Package Manager] Server process was shutdown
