Unity Editor version:    6000.5.5f1 (d16e074b49fd)
Branch:                  6000.5/staging
Build type:              Release
Batch mode:              YES
macOS version:           Version 26.3.1 (Build 25D2128)
Darwin version:          25.3.0
Architecture:            arm64
Running under Rosetta:   NO
Available memory:        24576 MB
Date:                    2026-08-20T05:59:18Z
[Licensing::Module] Trying to connect to existing licensing client channel...
[Licensing::IpcConnector] Successfully connected to: "LicenseClient-ld" at "2026-08-20T05:59:18.771384Z"
Launching external process: /Applications/Unity/Hub/Editor/6000.5.5f1/Unity.app/Contents/Helpers/PackageManager/Server/UnityPackageManager

COMMAND LINE ARGUMENTS:
/Applications/Unity/Hub/Editor/6000.5.5f1/Unity.app/Contents/MacOS/Unity
-batchmode
-quit
-nographics
-projectPath
/Users/ld/Documents/Codex/2026-08-03/http-localhost-8080-codex-text-link/outputs/SpatialTowerDefensePICO
-executeMethod
PicoTowerDefenseEditor.ProjectSetup.BuildDesktopTest
-logFile
Logs/build-desktop-world-space-current.log
Successfully changed project path to: /Users/ld/Documents/Codex/2026-08-03/http-localhost-8080-codex-text-link/outputs/SpatialTowerDefensePICO
/Users/ld/Documents/Codex/2026-08-03/http-localhost-8080-codex-text-link/outputs/SpatialTowerDefensePICO
[UnityMemory] Configuration Parameters - Can be set up in boot.config
    "memorysetup-temp-allocator-size-gi-baking-worker=262144"
    "memorysetup-temp-allocator-size-gi-baking-worker=262144"
    "memorysetup-temp-allocator-size-gi-baking-worker=262144"
    "memorysetup-temp-allocator-size-gi-baking-worker=262144"
    "memorysetup-temp-allocator-size-gi-baking-worker=262144"
    "memorysetup-temp-allocator-size-nav-mesh-worker=65536"
    "memorysetup-temp-allocator-size-audio-worker=65536"
    "memorysetup-temp-allocator-size-cloud-worker=32768"
    "memorysetup-allocator-temp-initial-block-size-main=262144"
    "memorysetup-allocator-temp-initial-block-size-worker=262144"
    "memorysetup-temp-allocator-size-preload-manager=33554432"
    "memorysetup-temp-allocator-size-gfx=262144"
    "memorysetup-temp-allocator-size-background-worker=32768"
    "memorysetup-temp-allocator-size-job-worker=262144"
    "memorysetup-bucket-allocator-granularity=16"
    "memorysetup-bucket-allocator-bucket-count=8"
    "memorysetup-bucket-allocator-block-size=33554432"
    "memorysetup-bucket-allocator-block-count=8"
    "memorysetup-main-allocator-block-size=16777216"
    "memorysetup-thread-allocator-block-size=16777216"
    "memorysetup-main-allocator-mimalloc-enabled=0"
    "memorysetup-gfx-main-allocator-block-size=16777216"
    "memorysetup-gfx-thread-allocator-block-size=16777216"
    "memorysetup-cache-allocator-block-size=4194304"
    "memorysetup-typetree-allocator-block-size=2097152"
    "memorysetup-profiler-bucket-allocator-granularity=16"
    "memorysetup-profiler-bucket-allocator-bucket-count=8"
    "memorysetup-profiler-bucket-allocator-block-size=33554432"
    "memorysetup-profiler-bucket-allocator-block-count=8"
    "memorysetup-profiler-allocator-block-size=16777216"
    "memorysetup-profiler-editor-allocator-block-size=1048576"
    "memorysetup-temp-allocator-size-main=16777216"
    "memorysetup-job-temp-allocator-block-size=2097152"
    "memorysetup-job-temp-allocator-block-size-background=1048576"
    "memorysetup-job-temp-allocator-reduction-small-platforms=262144"
Logging is directed to a specific file, skipping project log.Player connection [8552739072]  Target information:

Player connection [8552739072]  * "[IP] 10.10.11.248 [Port] 55505 [Flags] 2 [Guid] 1881671404 [EditorId] 1881671404 [Version] 1048832 [Id] OSXEditor(0,LDdeMacBook-Pro.local) [Debug] 1 [PackageName] OSXEditor [ProjectName] Editor" 

Player connection [8552739072]  * "[IP] 198.18.0.1 [Port] 55505 [Flags] 2 [Guid] 1881671404 [EditorId] 1881671404 [Version] 1048832 [Id] OSXEditor(0,LDdeMacBook-Pro.local) [Debug] 1 [PackageName] OSXEditor [ProjectName] Editor" 

Player connection [8552739072] Host joined multi-casting on [225.0.0.222:54997]...
Player connection [8552739072] Host joined alternative multi-casting on [225.0.0.222:34997]...
Input System module state changed to: Initialized.
[Physics::Module] Initialized fallback backend.
[Physics::Module] Id: 0xdecafbad
[Package Manager] Connected to IPC stream "Upm-66056" after 0.4 seconds.
[Licensing::Module] Licensing is not yet initialized.
[Licensing::Client] Error: HandshakeResponse reported an error:
	ResponseCode: 505
	ResponseStatus: Unsupported protocol version '1.18.1'.
[Licensing::Module] Error: Failed to handshake to channel: "LicenseClient-ld"
[Licensing::IpcConnector] LicenseClient-ld channel disconnected successfully.
[Licensing::IpcConnector] Successfully connected to: "LicenseClient-ld-6000.5.5" at "2026-08-20T05:59:19.445373Z"
[Licensing::Client] Handshaking with LicensingClient:
  Version:                 1.18.1+9fbee8e
  Session Id:              b185dcb9360e49f6927fe2d7974a9349
  Correlation Id:          c31dfdacf36f2b8a96ea4cb3e9efba82
  External correlation Id: 3141714905921083564
  Machine Id:              z8Qg7FEjq0dJUslL7Ny/GAJZf2I=
[Licensing::Module] Successfully connected to LicensingClient on channel: "LicenseClient-ld-6000.5.5" (connect: 0.00s, validation: 0.00s, handshake: 0.54s)
[Licensing::IpcConnector] Successfully connected to: "LicenseClient-ld-6000.5.5-notifications" at "2026-08-20T05:59:19.982536Z"
[Licensing::Module] Error: Access token is unavailable; failed to update
[Licensing::Client] Successfully resolved entitlement details
[Licensing::Module] License group:
  Id: ewogICJzdWJzR3JvdXAiIDogInVuaXR5IGVkaXRvciIsCiAgIm5hbWVzcGFjZSIgOiAidW5pdHlfZWRpdG9yIiwKICAidHlwZSIgOiAiRURJVE9SIiwKICAidGFnIiA6ICJVbml0eVBlcnNvbmFsXXXX
  Product: Unity Personal Version
  Type: Assigned
  Expiration: Unlimited
[Licensing::Client] Successfully updated license, isAsync: True, time: 0.00
[Licensing::Client] Successfully resolved entitlement details
[Licensing::Module] Licensing Background thread has ended after 1.23s
[Licensing::Module] Licensing is initialized (took 0.56s).
[Licensing::Client] Successfully resolved entitlement details
Library Redirect Path: Library/
[Physics::Module] Selected backend.
[Physics::Module] Name: PhysX
[Physics::Module] Id: 0xf2b8ea05
[Physics::Module] SDK Version: 4.1.2
[Physics::Module] Integration Version: 1.0.0
[Physics::Module] Threading Mode: Multi-Threaded
Initialize engine version: 6000.5.5f1 (d16e074b49fd)
[Subsystems] Discovering subsystems at path /Applications/Unity/Hub/Editor/6000.5.5f1/Unity.app/Contents/Resources/UnitySubsystems
[Subsystems] Discovering subsystems at path /Users/ld/Documents/Codex/2026-08-03/http-localhost-8080-codex-text-link/outputs/SpatialTowerDefensePICO/Assets
Forcing GfxDevice: Null
GfxDevice: creating device client; kGfxThreadingModeNonThreaded
NullGfxDevice:
    Version:  NULL 1.0 [1.0]
    Renderer: Null Device
    Vendor:   Unity Technologies
Initialize mono
Mono path[0] = '/Applications/Unity/Hub/Editor/6000.5.5f1/Unity.app/Contents/Resources/Scripting/Managed'
Mono path[1] = '/Applications/Unity/Hub/Editor/6000.5.5f1/Unity.app/Contents/Resources/Scripting/BCLExtensions/runtime/netstandard2.1'
Mono path[2] = '/Applications/Unity/Hub/Editor/6000.5.5f1/Unity.app/Contents/Resources/Scripting/MonoBleedingEdge/lib/mono/unityjit-macos'
Mono config path = '/Applications/Unity/Hub/Editor/6000.5.5f1/Unity.app/Contents/Resources/Scripting/MonoBleedingEdge/etc'
Using monoOptions --debugger-agent=transport=dt_socket,embedding=1,server=y,suspend=n,address=127.0.0.1:56056
CodeReloadManager initialized
ImportWorker Server TCP listen port: 0
AcceleratorClientConnectionCallback - disconnected - :0
Begin MonoManager ReloadAssembly
Registering precompiled unity dll's ...
Register platform support module: /Applications/Unity/Hub/Editor/6000.5.5f1/PlaybackEngines/WebGLSupport/UnityEditor.WebGL.Extensions.dll
Register platform support module: /Applications/Unity/Hub/Editor/6000.5.5f1/PlaybackEngines/MacStandaloneSupport/UnityEditor.OSXStandalone.Extensions.dll
[Licensing::Client] Successfully resolved entitlement details
Register platform support module: /Applications/Unity/Hub/Editor/6000.5.5f1/PlaybackEngines/AndroidPlayer/UnityEditor.Android.Extensions.dll
Registered in 0.001319 seconds.
Native extension for Android target not found
Native extension for OSXStandalone target not found
Native extension for WebGL target not found
Package Manager log level set to [2]
ScheduleIndexationOnStartup MainProcess:False IndexOnStartup:True
Mono: successfully reloaded assembly
- Finished resetting the current domain, in  0.189 seconds
Domain Reload Profiling: 430ms
	BeginReloadAssembly (44ms)
		CreateAndSetChildDomain (4ms)
	RebuildCommonClasses (3ms)
	RebuildNativeTypeToScriptingClass (9ms)
	initialDomainReloadingComplete (27ms)
	LoadAllAssembliesAndSetupDomain (156ms)
		LoadAssemblies (41ms)
		AnalyzeDomain (117ms)
			TypeCache.Refresh (116ms)
				TypeCache.ScanAssembly (107ms)
	FinalizeReload (190ms)
		SetupLoadedEditorAssemblies (0ms)
			InitializePlatformSupportModulesInManaged (6ms)
			BeforeProcessingInitializeOnLoad (42ms)
			ProcessInitializeOnLoadAttributes (49ms)
			ProcessInitializeOnLoadMethodAttributes (55ms)
[Licensing::Client] Successfully resolved entitlement details
Application.AssetDatabase Initial Refresh Start
[Package Manager] Restoring resolved packages state from cache
[Licensing::Client] Successfully resolved entitlement details
[Package Manager] Registered 58 packages:
  Packages from [https://packages.unity.com]:
    com.unity.ai.assistant@2.17.0-pre.1 (location: /Users/ld/Documents/Codex/2026-08-03/http-localhost-8080-codex-text-link/outputs/SpatialTowerDefensePICO/Library/PackageCache/com.unity.ai.assistant@284c75a8d208)
    com.unity.ai.inference@2.6.1 (location: /Users/ld/Documents/Codex/2026-08-03/http-localhost-8080-codex-text-link/outputs/SpatialTowerDefensePICO/Library/PackageCache/com.unity.ai.inference@9a123aee5df7)
    com.unity.xr.openxr@1.17.1 (location: /Users/ld/Documents/Codex/2026-08-03/http-localhost-8080-codex-text-link/outputs/SpatialTowerDefensePICO/Library/PackageCache/com.unity.xr.openxr@58837b2992e0)
    com.unity.inputsystem@1.19.0 (location: /Users/ld/Documents/Codex/2026-08-03/http-localhost-8080-codex-text-link/outputs/SpatialTowerDefensePICO/Library/PackageCache/com.unity.inputsystem@21a28c3a6c83)
    com.unity.xr.core-utils@2.6.0 (location: /Users/ld/Documents/Codex/2026-08-03/http-localhost-8080-codex-text-link/outputs/SpatialTowerDefensePICO/Library/PackageCache/com.unity.xr.core-utils@a8b900321199)
    com.unity.xr.management@4.5.4 (location: /Users/ld/Documents/Codex/2026-08-03/http-localhost-8080-codex-text-link/outputs/SpatialTowerDefensePICO/Library/PackageCache/com.unity.xr.management@e3a3882b360a)
    com.unity.xr.legacyinputhelpers@3.0.1 (location: /Users/ld/Documents/Codex/2026-08-03/http-localhost-8080-codex-text-link/outputs/SpatialTowerDefensePICO/Library/PackageCache/com.unity.xr.legacyinputhelpers@3f62d634f63b)
    com.unity.burst@1.8.29 (location: /Users/ld/Documents/Codex/2026-08-03/http-localhost-8080-codex-text-link/outputs/SpatialTowerDefensePICO/Library/PackageCache/com.unity.burst@6bb9aca3ef38)
    com.unity.dt.app-ui@2.1.7 (location: /Users/ld/Documents/Codex/2026-08-03/http-localhost-8080-codex-text-link/outputs/SpatialTowerDefensePICO/Library/PackageCache/com.unity.dt.app-ui@b097002a00c2)
    com.unity.nuget.newtonsoft-json@3.2.2 (location: /Users/ld/Documents/Codex/2026-08-03/http-localhost-8080-codex-text-link/outputs/SpatialTowerDefensePICO/Library/PackageCache/com.unity.nuget.newtonsoft-json@4dfd81071c64)
    com.unity.nuget.mono-cecil@1.11.6 (location: /Users/ld/Documents/Codex/2026-08-03/http-localhost-8080-codex-text-link/outputs/SpatialTowerDefensePICO/Library/PackageCache/com.unity.nuget.mono-cecil@ecb9724e46ff)
    com.unity.xr.interaction.toolkit@3.5.1 (location: /Users/ld/Documents/Codex/2026-08-03/http-localhost-8080-codex-text-link/outputs/SpatialTowerDefensePICO/Library/PackageCache/com.unity.xr.interaction.toolkit@63ca3b7ce776)
    com.unity.test-framework.performance@3.5.0 (location: /Users/ld/Documents/Codex/2026-08-03/http-localhost-8080-codex-text-link/outputs/SpatialTowerDefensePICO/Library/PackageCache/com.unity.test-framework.performance@8b56083ec0f0)
  Built-in packages:
    com.unity.multiplayer.center@1.0.1 (location: /Users/ld/Documents/Codex/2026-08-03/http-localhost-8080-codex-text-link/outputs/SpatialTowerDefensePICO/Library/PackageCache/com.unity.multiplayer.center@b860850997d0)
    com.unity.modules.accessibility@1.0.0 (location: /Users/ld/Documents/Codex/2026-08-03/http-localhost-8080-codex-text-link/outputs/SpatialTowerDefensePICO/Library/PackageCache/com.unity.modules.accessibility)
    com.unity.modules.adaptiveperformance@1.0.0 (location: /Users/ld/Documents/Codex/2026-08-03/http-localhost-8080-codex-text-link/outputs/SpatialTowerDefensePICO/Library/PackageCache/com.unity.modules.adaptiveperformance)
    com.unity.modules.ai@1.0.0 (location: /Users/ld/Documents/Codex/2026-08-03/http-localhost-8080-codex-text-link/outputs/SpatialTowerDefensePICO/Library/PackageCache/com.unity.modules.ai)
    com.unity.modules.androidjni@1.0.0 (location: /Users/ld/Documents/Codex/2026-08-03/http-localhost-8080-codex-text-link/outputs/SpatialTowerDefensePICO/Library/PackageCache/com.unity.modules.androidjni)
    com.unity.modules.animation@1.0.0 (location: /Users/ld/Documents/Codex/2026-08-03/http-localhost-8080-codex-text-link/outputs/SpatialTowerDefensePICO/Library/PackageCache/com.unity.modules.animation)
    com.unity.modules.assetbundle@1.0.0 (location: /Users/ld/Documents/Codex/2026-08-03/http-localhost-8080-codex-text-link/outputs/SpatialTowerDefensePICO/Library/PackageCache/com.unity.modules.assetbundle)
    com.unity.modules.audio@1.0.0 (location: /Users/ld/Documents/Codex/2026-08-03/http-localhost-8080-codex-text-link/outputs/SpatialTowerDefensePICO/Library/PackageCache/com.unity.modules.audio)
    com.unity.modules.cloth@1.0.0 (location: /Users/ld/Documents/Codex/2026-08-03/http-localhost-8080-codex-text-link/outputs/SpatialTowerDefensePICO/Library/PackageCache/com.unity.modules.cloth)
    com.unity.modules.director@1.0.0 (location: /Users/ld/Documents/Codex/2026-08-03/http-localhost-8080-codex-text-link/outputs/SpatialTowerDefensePICO/Library/PackageCache/com.unity.modules.director)
    com.unity.modules.imageconversion@1.0.0 (location: /Users/ld/Documents/Codex/2026-08-03/http-localhost-8080-codex-text-link/outputs/SpatialTowerDefensePICO/Library/PackageCache/com.unity.modules.imageconversion)
    com.unity.modules.imgui@1.0.0 (location: /Users/ld/Documents/Codex/2026-08-03/http-localhost-8080-codex-text-link/outputs/SpatialTowerDefensePICO/Library/PackageCache/com.unity.modules.imgui)
    com.unity.modules.jsonserialize@1.0.0 (location: /Users/ld/Documents/Codex/2026-08-03/http-localhost-8080-codex-text-link/outputs/SpatialTowerDefensePICO/Library/PackageCache/com.unity.modules.jsonserialize)
    com.unity.modules.particlesystem@1.0.0 (location: /Users/ld/Documents/Codex/2026-08-03/http-localhost-8080-codex-text-link/outputs/SpatialTowerDefensePICO/Library/PackageCache/com.unity.modules.particlesystem)
    com.unity.modules.physics@1.0.0 (location: /Users/ld/Documents/Codex/2026-08-03/http-localhost-8080-codex-text-link/outputs/SpatialTowerDefensePICO/Library/PackageCache/com.unity.modules.physics)
    com.unity.modules.physics2d@1.0.0 (location: /Users/ld/Documents/Codex/2026-08-03/http-localhost-8080-codex-text-link/outputs/SpatialTowerDefensePICO/Library/PackageCache/com.unity.modules.physics2d)
    com.unity.modules.physicscore2d@1.0.0 (location: /Users/ld/Documents/Codex/2026-08-03/http-localhost-8080-codex-text-link/outputs/SpatialTowerDefensePICO/Library/PackageCache/com.unity.modules.physicscore2d)
    com.unity.modules.screencapture@1.0.0 (location: /Users/ld/Documents/Codex/2026-08-03/http-localhost-8080-codex-text-link/outputs/SpatialTowerDefensePICO/Library/PackageCache/com.unity.modules.screencapture)
    com.unity.modules.terrain@1.0.0 (location: /Users/ld/Documents/Codex/2026-08-03/http-localhost-8080-codex-text-link/outputs/SpatialTowerDefensePICO/Library/PackageCache/com.unity.modules.terrain)
    com.unity.modules.terrainphysics@1.0.0 (location: /Users/ld/Documents/Codex/2026-08-03/http-localhost-8080-codex-text-link/outputs/SpatialTowerDefensePICO/Library/PackageCache/com.unity.modules.terrainphysics)
    com.unity.modules.tilemap@1.0.0 (location: /Users/ld/Documents/Codex/2026-08-03/http-localhost-8080-codex-text-link/outputs/SpatialTowerDefensePICO/Library/PackageCache/com.unity.modules.tilemap)
    com.unity.modules.ui@1.0.0 (location: /Users/ld/Documents/Codex/2026-08-03/http-localhost-8080-codex-text-link/outputs/SpatialTowerDefensePICO/Library/PackageCache/com.unity.modules.ui)
    com.unity.modules.uielements@1.0.0 (location: /Users/ld/Documents/Codex/2026-08-03/http-localhost-8080-codex-text-link/outputs/SpatialTowerDefensePICO/Library/PackageCache/com.unity.modules.uielements)
    com.unity.modules.umbra@1.0.0 (location: /Users/ld/Documents/Codex/2026-08-03/http-localhost-8080-codex-text-link/outputs/SpatialTowerDefensePICO/Library/PackageCache/com.unity.modules.umbra)
    com.unity.modules.unityanalytics@1.0.0 (location: /Users/ld/Documents/Codex/2026-08-03/http-localhost-8080-codex-text-link/outputs/SpatialTowerDefensePICO/Library/PackageCache/com.unity.modules.unityanalytics)
    com.unity.modules.unitywebrequest@1.0.0 (location: /Users/ld/Documents/Codex/2026-08-03/http-localhost-8080-codex-text-link/outputs/SpatialTowerDefensePICO/Library/PackageCache/com.unity.modules.unitywebrequest)
    com.unity.modules.unitywebrequestassetbundle@1.0.0 (location: /Users/ld/Documents/Codex/2026-08-03/http-localhost-8080-codex-text-link/outputs/SpatialTowerDefensePICO/Library/PackageCache/com.unity.modules.unitywebrequestassetbundle)
    com.unity.modules.unitywebrequestaudio@1.0.0 (location: /Users/ld/Documents/Codex/2026-08-03/http-localhost-8080-codex-text-link/outputs/SpatialTowerDefensePICO/Library/PackageCache/com.unity.modules.unitywebrequestaudio)
    com.unity.modules.unitywebrequesttexture@1.0.0 (location: /Users/ld/Documents/Codex/2026-08-03/http-localhost-8080-codex-text-link/outputs/SpatialTowerDefensePICO/Library/PackageCache/com.unity.modules.unitywebrequesttexture)
    com.unity.modules.unitywebrequestwww@1.0.0 (location: /Users/ld/Documents/Codex/2026-08-03/http-localhost-8080-codex-text-link/outputs/SpatialTowerDefensePICO/Library/PackageCache/com.unity.modules.unitywebrequestwww)
    com.unity.modules.vectorgraphics@1.0.0 (location: /Users/ld/Documents/Codex/2026-08-03/http-localhost-8080-codex-text-link/outputs/SpatialTowerDefensePICO/Library/PackageCache/com.unity.modules.vectorgraphics)
    com.unity.modules.vehicles@1.0.0 (location: /Users/ld/Documents/Codex/2026-08-03/http-localhost-8080-codex-text-link/outputs/SpatialTowerDefensePICO/Library/PackageCache/com.unity.modules.vehicles)
    com.unity.modules.video@1.0.0 (location: /Users/ld/Documents/Codex/2026-08-03/http-localhost-8080-codex-text-link/outputs/SpatialTowerDefensePICO/Library/PackageCache/com.unity.modules.video)
    com.unity.modules.wind@1.0.0 (location: /Users/ld/Documents/Codex/2026-08-03/http-localhost-8080-codex-text-link/outputs/SpatialTowerDefensePICO/Library/PackageCache/com.unity.modules.wind)
    com.unity.modules.xr@1.0.0 (location: /Users/ld/Documents/Codex/2026-08-03/http-localhost-8080-codex-text-link/outputs/SpatialTowerDefensePICO/Library/PackageCache/com.unity.modules.xr)
    com.unity.modules.subsystems@1.0.0 (location: /Users/ld/Documents/Codex/2026-08-03/http-localhost-8080-codex-text-link/outputs/SpatialTowerDefensePICO/Library/PackageCache/com.unity.modules.subsystems)
    com.unity.modules.hierarchycore@1.0.0 (location: /Users/ld/Documents/Codex/2026-08-03/http-localhost-8080-codex-text-link/outputs/SpatialTowerDefensePICO/Library/PackageCache/com.unity.modules.hierarchycore)
    com.unity.collections@6.5.0 (location: /Users/ld/Documents/Codex/2026-08-03/http-localhost-8080-codex-text-link/outputs/SpatialTowerDefensePICO/Library/PackageCache/com.unity.collections@a43cabe808ca)
    com.unity.2d.sprite@1.0.0 (location: /Users/ld/Documents/Codex/2026-08-03/http-localhost-8080-codex-text-link/outputs/SpatialTowerDefensePICO/Library/PackageCache/com.unity.2d.sprite@053a968eab56)
    com.unity.mathematics@1.4.0 (location: /Users/ld/Documents/Codex/2026-08-03/http-localhost-8080-codex-text-link/outputs/SpatialTowerDefensePICO/Library/PackageCache/com.unity.mathematics@981956d94fb6)
    com.unity.ugui@2.5.0 (location: /Users/ld/Documents/Codex/2026-08-03/http-localhost-8080-codex-text-link/outputs/SpatialTowerDefensePICO/Library/PackageCache/com.unity.ugui@f2d87ebaaa32)
    com.unity.textmeshpro@5.0.0 (location: /Users/ld/Documents/Codex/2026-08-03/http-localhost-8080-codex-text-link/outputs/SpatialTowerDefensePICO/Library/PackageCache/com.unity.textmeshpro@53f43edfd2e0)
    com.unity.test-framework@1.7.0 (location: /Users/ld/Documents/Codex/2026-08-03/http-localhost-8080-codex-text-link/outputs/SpatialTowerDefensePICO/Library/PackageCache/com.unity.test-framework@1405238725ab)
    com.unity.ext.nunit@2.1.0 (location: /Users/ld/Documents/Codex/2026-08-03/http-localhost-8080-codex-text-link/outputs/SpatialTowerDefensePICO/Library/PackageCache/com.unity.ext.nunit@44f7d31723bd)
  Local packages:
    com.bytedance.pico.xr@file:/Users/ld/Library/PICO/UnitySDK/6.0.0/PICO-Unity-SDK/XR (location: /Users/ld/Library/PICO/UnitySDK/6.0.0/PICO-Unity-SDK/XR)
[Subsystems] Looking for new subsystems at path /Users/ld/Library/PICO/UnitySDK/6.0.0/PICO-Unity-SDK/XR
[Subsystems] Novel subsystem found at /Users/ld/Library/PICO/UnitySDK/6.0.0/PICO-Unity-SDK/XR/Runtime/UnitySubsystemsManifest.json
[Subsystems] Discovering subsystems at path /Applications/Unity/Hub/Editor/6000.5.5f1/Unity.app/Contents/Resources/UnitySubsystems
[Subsystems] Discovering subsystems at path /Users/ld/Documents/Codex/2026-08-03/http-localhost-8080-codex-text-link/outputs/SpatialTowerDefensePICO/Assets
[Subsystems] Discovering subsystems at path /Users/ld/Library/PICO/UnitySDK/6.0.0/PICO-Unity-SDK/XR
[Subsystems] No descriptors matched for  examples in /Users/ld/Library/PICO/UnitySDK/6.0.0/PICO-Unity-SDK/XR/Runtime/UnitySubsystemsManifest.json.
[Subsystems] 1 'inputs' descriptors matched in /Users/ld/Library/PICO/UnitySDK/6.0.0/PICO-Unity-SDK/XR/Runtime/UnitySubsystemsManifest.json
[Subsystems] 1 'displays' descriptors matched in /Users/ld/Library/PICO/UnitySDK/6.0.0/PICO-Unity-SDK/XR/Runtime/UnitySubsystemsManifest.json
[Subsystems] 1 'meshings' descriptors matched in /Users/ld/Library/PICO/UnitySDK/6.0.0/PICO-Unity-SDK/XR/Runtime/UnitySubsystemsManifest.json
[Subsystems] No descriptors matched for  examples in /Users/ld/Library/PICO/UnitySDK/6.0.0/PICO-Unity-SDK/XR/Spatial/UnitySubsystemsManifest.json.
[Subsystems] 1 'inputs' descriptors matched in /Users/ld/Library/PICO/UnitySDK/6.0.0/PICO-Unity-SDK/XR/Spatial/UnitySubsystemsManifest.json
[Subsystems] No descriptors matched for  displays in /Users/ld/Library/PICO/UnitySDK/6.0.0/PICO-Unity-SDK/XR/Spatial/UnitySubsystemsManifest.json.
[Subsystems] 1 'meshings' descriptors matched in /Users/ld/Library/PICO/UnitySDK/6.0.0/PICO-Unity-SDK/XR/Spatial/UnitySubsystemsManifest.json
[Subsystems] Discovering subsystems at path /Users/ld/Documents/Codex/2026-08-03/http-localhost-8080-codex-text-link/outputs/SpatialTowerDefensePICO/Library/PackageCache/com.unity.xr.openxr@58837b2992e0
[Subsystems] No descriptors matched for  examples in Library/PackageCache/com.unity.xr.openxr@58837b2992e0/Runtime/UnitySubsystemsManifest.json.
[Subsystems] 1 'inputs' descriptors matched in Library/PackageCache/com.unity.xr.openxr@58837b2992e0/Runtime/UnitySubsystemsManifest.json
[Subsystems] 1 'displays' descriptors matched in Library/PackageCache/com.unity.xr.openxr@58837b2992e0/Runtime/UnitySubsystemsManifest.json
[Subsystems] No descriptors matched for  meshings in Library/PackageCache/com.unity.xr.openxr@58837b2992e0/Runtime/UnitySubsystemsManifest.json.
[Package Manager] Done registering packages in 0.01 seconds
The GUID inside 'Packages/com.bytedance.pico.xr/Runtime/CompositionLayers.meta' cannot be extracted by the YAML Parser. Attempting to extract it via string matching instead. Please verify the file does not contain unexpected data.
[ScriptCompilation] Requested script compilation because: AssetDatabase observed changes in script compilation related files
info: Microsoft.Hosting.Lifetime[14]
      Now listening on: http://unix:/tmp/ilpp.sock-3e19fe64f10422ebbff47e68ae62a140
info: Microsoft.Hosting.Lifetime[0]
      Application started. Press Ctrl+C to shut down.
info: Microsoft.Hosting.Lifetime[0]
      Hosting environment: Production
info: Microsoft.Hosting.Lifetime[0]
      Content root path: /Users/ld/Documents/Codex/2026-08-03/http-localhost-8080-codex-text-link/outputs/SpatialTowerDefensePICO
info: Microsoft.AspNetCore.Hosting.Diagnostics[1]
      Request starting HTTP/2 POST http://ilpp/UnityILPP.PostProcessing/Ping - application/grpc -
info: Microsoft.AspNetCore.Routing.EndpointMiddleware[0]
      Executing endpoint 'gRPC - /UnityILPP.PostProcessing/Ping'
info: Microsoft.AspNetCore.Routing.EndpointMiddleware[1]
      Executed endpoint 'gRPC - /UnityILPP.PostProcessing/Ping'
info: Microsoft.AspNetCore.Hosting.Diagnostics[2]
      Request finished HTTP/2 POST http://ilpp/UnityILPP.PostProcessing/Ping - 200 - application/grpc 13.8657ms
Refreshing native plugins compatible for Editor in 5.67 ms, found 13 plugins.
Starting: /Applications/Unity/Hub/Editor/6000.5.5f1/Unity.app/Contents/Resources/BuildPipeline/bee_backend --ipc --defer-dag-verification --dagfile="Library/Bee/200b0aE.dag" --continue-on-failure --profile="Library/Bee/backend1.traceevents" ScriptAssemblies
WorkingDir: /Users/ld/Documents/Codex/2026-08-03/http-localhost-8080-codex-text-link/outputs/SpatialTowerDefensePICO
DisplayProgressbar: Compiling Scripts
info: Microsoft.AspNetCore.Hosting.Diagnostics[1]
      Request starting HTTP/2 POST http://ilpp/UnityILPP.PostProcessing/ConfigurePostProcessors - application/grpc -
info: Microsoft.AspNetCore.Routing.EndpointMiddleware[0]
      Executing endpoint 'gRPC - /UnityILPP.PostProcessing/ConfigurePostProcessors'
warn: Unity.ILPP.Runner.PostProcessingAssemblyLoadContext[0]
      Assembly system.runtime.interopservices.windowsruntime has duplicate hint path. Ignoring "/Applications/Unity/Hub/Editor/6000.5.5f1/Unity.app/Contents/Resources/Scripting/UnityReferenceAssemblies/unity-4.8-api/Facades/System.Runtime.InteropServices.WindowsRuntime.dll" in favor of "/Applications/Unity/Hub/Editor/6000.5.5f1/Unity.app/Contents/Resources/Scripting/NetStandard/Extensions/2.0.0/System.Runtime.InteropServices.WindowsRuntime.dll"
warn: Unity.ILPP.Runner.PostProcessingAssemblyLoadContext[0]
      Assembly system.componentmodel.composition has duplicate hint path. Ignoring "/Applications/Unity/Hub/Editor/6000.5.5f1/Unity.app/Contents/Resources/Scripting/UnityReferenceAssemblies/unity-4.8-api/System.ComponentModel.Composition.dll" in favor of "/Applications/Unity/Hub/Editor/6000.5.5f1/Unity.app/Contents/Resources/Scripting/NetStandard/compat/2.1.0/shims/netfx/System.ComponentModel.Composition.dll"
info: Unity.ILPP.Runner.PostProcessingAssemblyLoadContext[0]
      Resolved Unity.Burst.Cecil, Version=0.11.6.0, Culture=neutral, PublicKeyToken=50cebf1cceb9d05e with Library/PackageCache/com.unity.burst@6bb9aca3ef38/Unity.Burst.CodeGen/Unity.Burst.Cecil.dll
info: Unity.ILPP.Runner.PostProcessingAssemblyLoadContext[0]
      Resolved Mono.Cecil, Version=0.11.5.0, Culture=neutral, PublicKeyToken=50cebf1cceb9d05e with Library/PackageCache/com.unity.nuget.mono-cecil@ecb9724e46ff/Mono.Cecil.dll
info: Microsoft.AspNetCore.Routing.EndpointMiddleware[1]
      Executed endpoint 'gRPC - /UnityILPP.PostProcessing/ConfigurePostProcessors'
info: Microsoft.AspNetCore.Hosting.Diagnostics[2]
      Request finished HTTP/2 POST http://ilpp/UnityILPP.PostProcessing/ConfigurePostProcessors - 200 - application/grpc 16.0079ms
info: Microsoft.AspNetCore.Hosting.Diagnostics[1]
      Request starting HTTP/2 POST http://ilpp/UnityILPP.PostProcessing/PostProcessAssembly - application/grpc -
info: Microsoft.AspNetCore.Routing.EndpointMiddleware[0]
      Executing endpoint 'gRPC - /UnityILPP.PostProcessing/PostProcessAssembly'
info: Microsoft.AspNetCore.Hosting.Diagnostics[1]
      Request starting HTTP/2 POST http://ilpp/UnityILPP.PostProcessing/PostProcessAssembly - application/grpc -
info: Microsoft.AspNetCore.Routing.EndpointMiddleware[0]
      Executing endpoint 'gRPC - /UnityILPP.PostProcessing/PostProcessAssembly'
info: Unity.ILPP.Runner.PostProcessingPipeline[0]
      Processing assembly Library/Bee/artifacts/200b0aE.dag/Assembly-CSharp.dll, with 140 defines and 363 references
info: Unity.ILPP.Runner.PostProcessingPipeline[0]
      Processing assembly Library/Bee/artifacts/200b0aE.dag/Assembly-CSharp-Editor.dll, with 138 defines and 378 references
info: Unity.ILPP.Runner.PostProcessingPipeline[0]
      processors: Unity.Jobs.CodeGen.JobsILPostProcessor, zzzUnity.Burst.CodeGen.BurstILPostProcessor
info: Unity.ILPP.Runner.PostProcessingPipeline[0]
      processors: Unity.Jobs.CodeGen.JobsILPostProcessor, zzzUnity.Burst.CodeGen.BurstILPostProcessor
info: Unity.ILPP.Runner.PostProcessingPipeline[0]
      running Unity.Jobs.CodeGen.JobsILPostProcessor
info: Unity.ILPP.Runner.PostProcessingPipeline[0]
      running Unity.Jobs.CodeGen.JobsILPostProcessor
info: Unity.ILPP.Runner.PostProcessingAssemblyLoadContext[0]
      Resolved Unity.Collections, Version=0.0.0.0, Culture=neutral, PublicKeyToken=null with Library/Bee/artifacts/200b0aE.dag/Unity.Collections.dll
info: Unity.ILPP.Runner.PostProcessingAssemblyLoadContext[0]
      Resolved UnityEditor.CoreModule, Version=0.0.0.0, Culture=neutral, PublicKeyToken=null with /Applications/Unity/Hub/Editor/6000.5.5f1/Unity.app/Contents/Resources/Scripting/Managed/UnityEngine/UnityEditor.CoreModule.dll
info: Unity.ILPP.Runner.PostProcessingAssemblyLoadContext[0]
      Resolved UnityEngine.CoreModule, Version=0.0.0.0, Culture=neutral, PublicKeyToken=null with /Applications/Unity/Hub/Editor/6000.5.5f1/Unity.app/Contents/Resources/Scripting/Managed/UnityEngine/UnityEngine.CoreModule.dll
info: Unity.ILPP.Runner.PostProcessingAssemblyLoadContext[0]
      Resolved Unity.Scripting, Version=0.0.0.0, Culture=neutral, PublicKeyToken=null with /Applications/Unity/Hub/Editor/6000.5.5f1/Unity.app/Contents/Resources/Scripting/Managed/UnityEngine/Unity.Scripting.dll
info: Unity.ILPP.Runner.PostProcessingPipeline[0]
      running zzzUnity.Burst.CodeGen.BurstILPostProcessor
info: Unity.ILPP.Runner.PostProcessingPipeline[0]
      running zzzUnity.Burst.CodeGen.BurstILPostProcessor
info: Unity.ILPP.Runner.PostProcessingAssemblyLoadContext[0]
      Resolved Unity.Burst.Cecil.Rocks, Version=0.11.6.0, Culture=neutral, PublicKeyToken=50cebf1cceb9d05e with Library/PackageCache/com.unity.burst@6bb9aca3ef38/Unity.Burst.CodeGen/Unity.Burst.Cecil.Rocks.dll
info: Microsoft.AspNetCore.Routing.EndpointMiddleware[1]
      Executed endpoint 'gRPC - /UnityILPP.PostProcessing/PostProcessAssembly'
info: Microsoft.AspNetCore.Routing.EndpointMiddleware[1]
      Executed endpoint 'gRPC - /UnityILPP.PostProcessing/PostProcessAssembly'
info: Microsoft.AspNetCore.Hosting.Diagnostics[2]
      Request finished HTTP/2 POST http://ilpp/UnityILPP.PostProcessing/PostProcessAssembly - 200 - application/grpc 234.6478ms
info: Microsoft.AspNetCore.Hosting.Diagnostics[2]
      Request finished HTTP/2 POST http://ilpp/UnityILPP.PostProcessing/PostProcessAssembly - 200 - application/grpc 234.4820ms
ExitCode: 0 Duration: 1s261ms
[1005/1365  0s] ILPP-Configuration Library/ilpp-configuration.nevergeneratedoutput
[1357/1365  0s] Csc Library/Bee/artifacts/200b0aE.dag/Assembly-CSharp.dll (+2 others)
[1359/1365  0s] ILPostProcess Library/Bee/artifacts/200b0aE.dag/post-processed/Assembly-CSharp.dll (+pdb)
Processing assembly Library/Bee/artifacts/200b0aE.dag/Assembly-CSharp.dll, with 140 defines and 363 references
processors: Unity.Jobs.CodeGen.JobsILPostProcessor, zzzUnity.Burst.CodeGen.BurstILPostProcessor
running Unity.Jobs.CodeGen.JobsILPostProcessor
running zzzUnity.Burst.CodeGen.BurstILPostProcessor
[1360/1365  0s] ILPostProcess Library/Bee/artifacts/200b0aE.dag/post-processed/Assembly-CSharp-Editor.dll (+pdb)
Processing assembly Library/Bee/artifacts/200b0aE.dag/Assembly-CSharp-Editor.dll, with 138 defines and 378 references
processors: Unity.Jobs.CodeGen.JobsILPostProcessor, zzzUnity.Burst.CodeGen.BurstILPostProcessor
running Unity.Jobs.CodeGen.JobsILPostProcessor
running zzzUnity.Burst.CodeGen.BurstILPostProcessor
[1363/1365  0s] CopyFiles Library/ScriptAssemblies/Assembly-CSharp.dll
[1364/1365  0s] CopyFiles Library/ScriptAssemblies/Assembly-CSharp.pdb
*** Tundra build success (1.24 seconds), 6 items updated, 1365 evaluated
AssetDatabase: script compilation time: 1.626368s
The GUID inside 'Packages/com.bytedance.pico.xr/Runtime/CompositionLayers.meta' cannot be extracted by the YAML Parser. Attempting to extract it via string matching instead. Please verify the file does not contain unexpected data.
Total cache size 268286883
Begin MonoManager ReloadAssembly
Total cache size after purge 268286883, took 00:00:00.1654923
Symbol file LoadedFromMemory is not a mono symbol file
Symbol file LoadedFromMemory is not a mono symbol file
The GUID inside 'Packages/com.bytedance.pico.xr/Runtime/CompositionLayers.meta' cannot be extracted by the YAML Parser. Attempting to extract it via string matching instead. Please verify the file does not contain unexpected data.
Refreshing native plugins compatible for Editor in 2.81 ms, found 13 plugins.
Native extension for Android target not found
Native extension for OSXStandalone target not found
Native extension for WebGL target not found
Refreshing native plugins compatible for Editor in 2.95 ms, found 13 plugins.
PXRLog [Build Check]RegisterBuildPlayerHandler,Already Do not show: False
UnityEngine.Debug:ExtractStackTraceNoAlloc (byte*,int,string)
UnityEngine.StackTraceUtility:ExtractStackTrace () (at /Users/bokken/build/output/unity/unity/Runtime/Export/Scripting/StackTrace.cs:35)
UnityEngine.DebugLogHandler:Internal_Log (UnityEngine.LogType,UnityEngine.LogOption,string,UnityEngine.Object)
UnityEngine.DebugLogHandler:LogFormat (UnityEngine.LogType,UnityEngine.Object,string,object[])
UnityEngine.Logger:Log (UnityEngine.LogType,object)
UnityEngine.Debug:Log (object)
ByteDance.PICO.XR.Editor.PXR_SDKBuildCheck:.cctor () (at /Users/ld/Library/PICO/UnitySDK/6.0.0/PICO-Unity-SDK/XR/Editor/PXR_SDKBuildCheck.cs:31)
System.Runtime.CompilerServices.RuntimeHelpers:RunClassConstructor (System.RuntimeTypeHandle)
UnityEditor.EditorAssemblies:ProcessInitializeOnLoadAttributes (System.ReadOnlySpan`1<intptr>) (at /Users/bokken/build/output/unity/unity/Editor/Mono/EditorAssemblies.cs:155)

(Filename: /Users/ld/Library/PICO/UnitySDK/6.0.0/PICO-Unity-SDK/XR/Editor/PXR_SDKBuildCheck.cs Line: 31)

Refreshing native plugins compatible for Editor in 5.60 ms, found 13 plugins.
Starting new worker id: 0 with log in /Users/ld/Documents/Codex/2026-08-03/http-localhost-8080-codex-text-link/outputs/SpatialTowerDefensePICO/Logs/AssetImportWorkerHW0.log
[Licensing::Client] Error: Code 404 while processing request (status: Found 0 entitlement groups and 0 free entitlements matching requested entitlement ids)
[Licensing::Client] Error: Code 404 while processing request (status: Found 0 entitlement groups and 0 free entitlements matching requested entitlement ids)
[Licensing::Client] Error: Code 404 while processing request (status: Found 0 entitlement groups and 0 free entitlements matching requested entitlement ids)
ScheduleIndexationOnStartup MainProcess:True IndexOnStartup:True
Mono: successfully reloaded assembly
- Finished resetting the current domain, in  2.084 seconds
Domain Reload Profiling: 2638ms
	BeginReloadAssembly (135ms)
		DisableScriptedObjects (41ms)
		CreateAndSetChildDomain (35ms)
	RebuildCommonClasses (4ms)
	RebuildNativeTypeToScriptingClass (9ms)
	initialDomainReloadingComplete (35ms)
	LoadAllAssembliesAndSetupDomain (369ms)
		LoadAssemblies (162ms)
		AnalyzeDomain (182ms)
			TypeCache.Refresh (149ms)
				TypeCache.ScanAssembly (136ms)
			BuildScriptInfoCaches (31ms)
	FinalizeReload (2084ms)
		SetupLoadedEditorAssemblies (0ms)
			InitializePlatformSupportModulesInManaged (4ms)
			BeforeProcessingInitializeOnLoad (59ms)
			ProcessInitializeOnLoadAttributes (1568ms)
			ProcessInitializeOnLoadMethodAttributes (346ms)
		AwakeInstancesAfterBackupRestoration (19ms)
The GUID inside 'Packages/com.bytedance.pico.xr/Runtime/CompositionLayers.meta' cannot be extracted by the YAML Parser. Attempting to extract it via string matching instead. Please verify the file does not contain unexpected data.
The GUID inside 'Packages/com.bytedance.pico.xr/Runtime/CompositionLayers.meta' cannot be extracted by the YAML Parser. Attempting to extract it via string matching instead. Please verify the file does not contain unexpected data.
Importing 'GUID: 4a6df479423da487ebe0f97981ea0917 - Path: Assets/XR/Settings/OpenXR Package Settings.asset' with importer (NativeFormatImporter)
Imported 'GUID: 4a6df479423da487ebe0f97981ea0917' -> (Import Result ID: '71d544f62a4453752909039f149b7613') in 0.004 seconds [static dependencies only]. Details - ImportResultOutputID=88e19f4867a308cc6a5e4fc2783f8cf8 DependenciesID=87c6a0cb111d084c25371112e343472a StaticDependenciesID=477bf277e990e25d77a0c1b1de47f57f 
Refreshing native plugins compatible for Editor in 2.67 ms, found 13 plugins.
Preloading 4 native plugins for Editor in 6.24 ms.

Asset Pipeline Refresh (id=f9d5af68ee2fa4652844f49e8748345a): Total: 5.851 seconds - Initiated by InitialRefreshV2(ForceSynchronousImport)
	(Values over 0.05ms)
	Summary:
		Imports: total=1 (actual=1, local cache=0, cache server=0)
		Asset DB Process Time: managed=0 ms, native=3203 ms
		Asset DB Callback time: managed=391 ms, native=18 ms
		Scripting: domain reloads=1, domain reload time=577 ms, compile time=1628 ms, other=31 ms
		Project Asset Count: scripts=1961, non-scripts=4943
		Asset File Changes: new=0, changed=1, moved=0, deleted=0
		Scan Filter Count: 1
	InvokePackagesCallback: 8.817ms
	ApplyChangesToAssetFolders: 0.276ms
	Scan: 781.885ms
	Collect global state as custom dependencies: 0.287ms
	OnSourceAssetsModified: 0.446ms
	CategorizeScriptCompilationAssets: 48.647ms
	ProcessAssetsWithTransientArtifactChanges: 45.468ms
	CategorizeAssets: 66.334ms
	CompileScripts: 1627.611ms
	ImportOutOfDateAssets: 2157.312ms (2105.574ms without children)
		ImportManagerImport: 5.085ms (0.845ms without children)
		UnloadImportedAssets: 0.293ms
		ReloadImportedAssets: 0.097ms
		EnsureUptoDateAssetsAreRegisteredWithGuidPM: 0.740ms
		ImportSchedulerStart: 45.557ms
	PostProcessAllAssets: 391.924ms
		XRBuildSystem.XRAssetImported 0.400ms
		MonoPostProcessAllAssets: 391.227ms
			AssetPostprocessor.OnPostprocessAllAssets 158.203ms
			StyleCatalogPostProcessor.OnPostprocessAllAssets 21.501ms
			AssetReferenceReimportMonitor.OnPostprocessAllAssets 21.238ms
			BuilderAssetPostprocessor.OnPostprocessAllAssets 18.230ms
			AssetCallbacks.OnPostprocessAllAssets 14.207ms
			WindowAssetPostprocessingWatcher.OnPostprocessAllAssets 1.375ms
			SpriteSlicePostprocessor.OnPostprocessAllAssets 1.154ms
			GraphRefreshPostprocessor.OnPostprocessAllAssets 0.986ms
			AssetChangedListener.OnPostprocessAllAssets 0.911ms
			RetainedModeAssetPostprocessor.OnPostprocessAllAssets 0.723ms
			EditModeScopePostprocessor.OnPostprocessAllAssets 0.540ms
			SyncVS.PostprocessSyncProject 0.533ms
			AssetChangeDetector.OnPostprocessAllAssets 0.533ms
			TextAssetPostProcessor.OnPostprocessAllAssets 0.519ms
			SpeedTree9Postprocessor.OnPostprocessAllAssets 0.491ms
			ArtifactBrowserPostProcessor.OnPostprocessAllAssets 0.448ms
			SpriteEditorTexturePostprocessor.OnPostprocessAllAssets 0.313ms
			InputActionAssetPostprocessor.OnPostprocessAllAssets 0.216ms
			AudioMixerPostprocessor.OnPostprocessAllAssets 0.200ms
			ReferencedClipsPostProcessor.OnPostprocessAllAssets 0.196ms
			SkillsProjectAssetPostprocessor.OnPostprocessAllAssets 0.180ms
			AssetEvents.OnPostprocessAllAssets 0.177ms
			ModelAssetProcessor.OnPostprocessAllAssets 0.160ms
			ProjectSettingsPostprocessor.OnPostprocessAllAssets 0.154ms
			TMPro_TexturePostProcessor.OnPostprocessAllAssets 0.152ms
			InputActionJsonNameModifierAssetProcessor.OnPostprocessAllAssets 0.132ms
			TerrainToolbarOverlayPostProcessor.OnPostprocessAllAssets 0.129ms
			SpeedTreePostProcessor.OnPostprocessAllAssets 0.088ms
			AssetDatabaseCallbacks.OnPostprocessAllAssets 0.061ms
			RenderPipelineGlobalSettingsPostprocessor.OnPostprocessAllAssets 0.060ms
			ConfigAssetsTracker.OnPostprocessAllAssets 0.059ms
	PostAssetChangesProfiler: 10.074ms
	UnloadStreamsBegin: 1.766ms
	PersistCurrentRevisions: 0.138ms
	GenerateScriptTypeHashes: 3.758ms
	GenerateScriptTypeSerializationHashes: 6.058ms
	Untracked: 707.122ms

Application.AssetDatabase Initial Refresh End
Scanning for USB devices : 0.221ms
Initializing Unity extensions:
[MODES] ModeService[none].Initialize
[MODES] ModeService[none].LoadModes
[MODES] Loading mode Default (0) for mode-current-id-Yi Nian Lotus City PICO
Unloading 47 Unused Serialized files (Serialized files now loaded: 0)
Unloading 6806 unused Assets / (3.4 MB). Loaded Objects now: 7571.
Memory consumption went from 314.1 MB to 310.7 MB.
Total: 17.522875 ms (FindLiveObjects: 0.273833 ms CreateObjectMapping: 1.374834 ms MarkObjects: 13.625125 ms  DeleteObjects: 2.248750 ms)

Worker ready: AssetImportWorkerHW0 0
Opening scene 'Assets/SpatialTowerDefense/Scenes/SpatialDefense.unity'
Unloading 46 Unused Serialized files (Serialized files now loaded: 0)
Launching external process: /Applications/Unity/Hub/Editor/6000.5.5f1/Unity.app/Contents/Helpers/UnityShaderCompiler
Launched and connected shader compiler UnityShaderCompiler after 0.02 seconds
Loaded scene 'Assets/SpatialTowerDefense/Scenes/SpatialDefense.unity'
	Deserialize:            5.687 ms
	Integration:            178.301 ms
	Integration of assets:  0.023 ms
	Thread Wait Time:       0.003 ms
	Total Operation Time:   184.013 ms
Unloading 353 unused Assets / (5.2 MB). Loaded Objects now: 8088.
Memory consumption went from 371.1 MB to 365.9 MB.
Total: 13.218208 ms (FindLiveObjects: 0.211458 ms CreateObjectMapping: 0.487375 ms MarkObjects: 12.265792 ms  DeleteObjects: 0.253125 ms)

[Objective] No authored temple exists in this isolated smoke-test world; using the route endpoint as a temporary fallback marker.
UnityEngine.Debug:ExtractStackTraceNoAlloc (byte*,int,string)
UnityEngine.StackTraceUtility:ExtractStackTrace () (at /Users/bokken/build/output/unity/unity/Runtime/Export/Scripting/StackTrace.cs:35)
UnityEngine.DebugLogHandler:Internal_Log (UnityEngine.LogType,UnityEngine.LogOption,string,UnityEngine.Object)
UnityEngine.DebugLogHandler:LogFormat (UnityEngine.LogType,UnityEngine.Object,string,object[])
UnityEngine.Logger:Log (UnityEngine.LogType,object,UnityEngine.Object)
UnityEngine.Debug:Log (object,UnityEngine.Object)
PicoTowerDefense.SpatialTowerDefenseGame:BuildObjective () (at Assets/SpatialTowerDefense/Runtime/SpatialTowerDefenseGame.cs:1470)
PicoTowerDefense.SpatialTowerDefenseGame:BuildWorld () (at Assets/SpatialTowerDefense/Runtime/SpatialTowerDefenseGame.cs:254)
PicoTowerDefense.SpatialTowerDefenseGame:RunMergeRuleSmokeTest (string&) (at Assets/SpatialTowerDefense/Runtime/SpatialTowerDefenseGame.cs:315)
PicoTowerDefenseEditor.ProjectSetup:Verify () (at Assets/SpatialTowerDefense/Editor/ProjectSetup.cs:231)
PicoTowerDefenseEditor.ProjectSetup:BuildDesktopTest () (at Assets/SpatialTowerDefense/Editor/ProjectSetup.cs:437)

(Filename: Assets/SpatialTowerDefense/Runtime/SpatialTowerDefenseGame.cs Line: 1470)

[Objective] No authored temple exists in this isolated smoke-test world; using the route endpoint as a temporary fallback marker.
UnityEngine.Debug:ExtractStackTraceNoAlloc (byte*,int,string)
UnityEngine.StackTraceUtility:ExtractStackTrace () (at /Users/bokken/build/output/unity/unity/Runtime/Export/Scripting/StackTrace.cs:35)
UnityEngine.DebugLogHandler:Internal_Log (UnityEngine.LogType,UnityEngine.LogOption,string,UnityEngine.Object)
UnityEngine.DebugLogHandler:LogFormat (UnityEngine.LogType,UnityEngine.Object,string,object[])
UnityEngine.Logger:Log (UnityEngine.LogType,object,UnityEngine.Object)
UnityEngine.Debug:Log (object,UnityEngine.Object)
PicoTowerDefense.SpatialTowerDefenseGame:BuildObjective () (at Assets/SpatialTowerDefense/Runtime/SpatialTowerDefenseGame.cs:1470)
PicoTowerDefense.SpatialTowerDefenseGame:BuildWorld () (at Assets/SpatialTowerDefense/Runtime/SpatialTowerDefenseGame.cs:254)
PicoTowerDefense.SpatialTowerDefenseGame:RunManualDragInteractionSmokeTest (string&) (at Assets/SpatialTowerDefense/Runtime/SpatialTowerDefenseGame.cs:360)
PicoTowerDefenseEditor.ProjectSetup:Verify () (at Assets/SpatialTowerDefense/Editor/ProjectSetup.cs:245)
PicoTowerDefenseEditor.ProjectSetup:BuildDesktopTest () (at Assets/SpatialTowerDefense/Editor/ProjectSetup.cs:437)

(Filename: Assets/SpatialTowerDefense/Runtime/SpatialTowerDefenseGame.cs Line: 1470)

[Objective] No authored temple exists in this isolated smoke-test world; using the route endpoint as a temporary fallback marker.
UnityEngine.Debug:ExtractStackTraceNoAlloc (byte*,int,string)
UnityEngine.StackTraceUtility:ExtractStackTrace () (at /Users/bokken/build/output/unity/unity/Runtime/Export/Scripting/StackTrace.cs:35)
UnityEngine.DebugLogHandler:Internal_Log (UnityEngine.LogType,UnityEngine.LogOption,string,UnityEngine.Object)
UnityEngine.DebugLogHandler:LogFormat (UnityEngine.LogType,UnityEngine.Object,string,object[])
UnityEngine.Logger:Log (UnityEngine.LogType,object,UnityEngine.Object)
UnityEngine.Debug:Log (object,UnityEngine.Object)
PicoTowerDefense.SpatialTowerDefenseGame:BuildObjective () (at Assets/SpatialTowerDefense/Runtime/SpatialTowerDefenseGame.cs:1470)
PicoTowerDefense.SpatialTowerDefenseGame:BuildWorld () (at Assets/SpatialTowerDefense/Runtime/SpatialTowerDefenseGame.cs:254)
PicoTowerDefense.SpatialTowerDefenseGame:RunBuildCardDragSmokeTest (string&) (at Assets/SpatialTowerDefense/Runtime/SpatialTowerDefenseGame.cs:411)
PicoTowerDefenseEditor.ProjectSetup:Verify () (at Assets/SpatialTowerDefense/Editor/ProjectSetup.cs:259)
PicoTowerDefenseEditor.ProjectSetup:BuildDesktopTest () (at Assets/SpatialTowerDefense/Editor/ProjectSetup.cs:437)

(Filename: Assets/SpatialTowerDefense/Runtime/SpatialTowerDefenseGame.cs Line: 1470)

[Objective] No authored temple exists in this isolated smoke-test world; using the route endpoint as a temporary fallback marker.
UnityEngine.Debug:ExtractStackTraceNoAlloc (byte*,int,string)
UnityEngine.StackTraceUtility:ExtractStackTrace () (at /Users/bokken/build/output/unity/unity/Runtime/Export/Scripting/StackTrace.cs:35)
UnityEngine.DebugLogHandler:Internal_Log (UnityEngine.LogType,UnityEngine.LogOption,string,UnityEngine.Object)
UnityEngine.DebugLogHandler:LogFormat (UnityEngine.LogType,UnityEngine.Object,string,object[])
UnityEngine.Logger:Log (UnityEngine.LogType,object,UnityEngine.Object)
UnityEngine.Debug:Log (object,UnityEngine.Object)
PicoTowerDefense.SpatialTowerDefenseGame:BuildObjective () (at Assets/SpatialTowerDefense/Runtime/SpatialTowerDefenseGame.cs:1470)
PicoTowerDefense.SpatialTowerDefenseGame:BuildWorld () (at Assets/SpatialTowerDefense/Runtime/SpatialTowerDefenseGame.cs:254)
PicoTowerDefense.SpatialTowerDefenseGame:RunPlayerWeaponSmokeTest (string&) (at Assets/SpatialTowerDefense/Runtime/SpatialTowerDefenseGame.cs:440)
PicoTowerDefenseEditor.ProjectSetup:Verify () (at Assets/SpatialTowerDefense/Editor/ProjectSetup.cs:273)
PicoTowerDefenseEditor.ProjectSetup:BuildDesktopTest () (at Assets/SpatialTowerDefense/Editor/ProjectSetup.cs:437)

(Filename: Assets/SpatialTowerDefense/Runtime/SpatialTowerDefenseGame.cs Line: 1470)

[Objective] No authored temple exists in this isolated smoke-test world; using the route endpoint as a temporary fallback marker.
UnityEngine.Debug:ExtractStackTraceNoAlloc (byte*,int,string)
UnityEngine.StackTraceUtility:ExtractStackTrace () (at /Users/bokken/build/output/unity/unity/Runtime/Export/Scripting/StackTrace.cs:35)
UnityEngine.DebugLogHandler:Internal_Log (UnityEngine.LogType,UnityEngine.LogOption,string,UnityEngine.Object)
UnityEngine.DebugLogHandler:LogFormat (UnityEngine.LogType,UnityEngine.Object,string,object[])
UnityEngine.Logger:Log (UnityEngine.LogType,object,UnityEngine.Object)
UnityEngine.Debug:Log (object,UnityEngine.Object)
PicoTowerDefense.SpatialTowerDefenseGame:BuildObjective () (at Assets/SpatialTowerDefense/Runtime/SpatialTowerDefenseGame.cs:1470)
PicoTowerDefense.SpatialTowerDefenseGame:BuildWorld () (at Assets/SpatialTowerDefense/Runtime/SpatialTowerDefenseGame.cs:254)
PicoTowerDefense.SpatialTowerDefenseGame:RunCombatContinuitySmokeTest (string&) (at Assets/SpatialTowerDefense/Runtime/SpatialTowerDefenseGame.cs:469)
PicoTowerDefenseEditor.ProjectSetup:Verify () (at Assets/SpatialTowerDefense/Editor/ProjectSetup.cs:287)
PicoTowerDefenseEditor.ProjectSetup:BuildDesktopTest () (at Assets/SpatialTowerDefense/Editor/ProjectSetup.cs:437)

(Filename: Assets/SpatialTowerDefense/Runtime/SpatialTowerDefenseGame.cs Line: 1470)

[Yi Nian Lotus City] Start activated: world-space shrine cleared; tabletop gameplay is now visible.
UnityEngine.Debug:ExtractStackTraceNoAlloc (byte*,int,string)
UnityEngine.StackTraceUtility:ExtractStackTrace () (at /Users/bokken/build/output/unity/unity/Runtime/Export/Scripting/StackTrace.cs:35)
UnityEngine.DebugLogHandler:Internal_Log (UnityEngine.LogType,UnityEngine.LogOption,string,UnityEngine.Object)
UnityEngine.DebugLogHandler:LogFormat (UnityEngine.LogType,UnityEngine.Object,string,object[])
UnityEngine.Logger:Log (UnityEngine.LogType,object)
UnityEngine.Debug:Log (object)
PicoTowerDefense.SpatialTowerDefenseGame:StartExperience () (at Assets/SpatialTowerDefense/Runtime/SpatialTowerDefenseGame.cs:2299)
PicoTowerDefense.SpatialTowerDefenseGame:RunCombatContinuitySmokeTest (string&) (at Assets/SpatialTowerDefense/Runtime/SpatialTowerDefenseGame.cs:470)
PicoTowerDefenseEditor.ProjectSetup:Verify () (at Assets/SpatialTowerDefense/Editor/ProjectSetup.cs:287)
PicoTowerDefenseEditor.ProjectSetup:BuildDesktopTest () (at Assets/SpatialTowerDefense/Editor/ProjectSetup.cs:437)

(Filename: Assets/SpatialTowerDefense/Runtime/SpatialTowerDefenseGame.cs Line: 2299)

[Objective] No authored temple exists in this isolated smoke-test world; using the route endpoint as a temporary fallback marker.
UnityEngine.Debug:ExtractStackTraceNoAlloc (byte*,int,string)
UnityEngine.StackTraceUtility:ExtractStackTrace () (at /Users/bokken/build/output/unity/unity/Runtime/Export/Scripting/StackTrace.cs:35)
UnityEngine.DebugLogHandler:Internal_Log (UnityEngine.LogType,UnityEngine.LogOption,string,UnityEngine.Object)
UnityEngine.DebugLogHandler:LogFormat (UnityEngine.LogType,UnityEngine.Object,string,object[])
UnityEngine.Logger:Log (UnityEngine.LogType,object,UnityEngine.Object)
UnityEngine.Debug:Log (object,UnityEngine.Object)
PicoTowerDefense.SpatialTowerDefenseGame:BuildObjective () (at Assets/SpatialTowerDefense/Runtime/SpatialTowerDefenseGame.cs:1470)
PicoTowerDefense.SpatialTowerDefenseGame:BuildWorld () (at Assets/SpatialTowerDefense/Runtime/SpatialTowerDefenseGame.cs:254)
PicoTowerDefense.SpatialTowerDefenseGame:RunStartupCoverCleanupSmokeTest (string&) (at Assets/SpatialTowerDefense/Runtime/SpatialTowerDefenseGame.cs:513)
PicoTowerDefenseEditor.ProjectSetup:Verify () (at Assets/SpatialTowerDefense/Editor/ProjectSetup.cs:301)
PicoTowerDefenseEditor.ProjectSetup:BuildDesktopTest () (at Assets/SpatialTowerDefense/Editor/ProjectSetup.cs:437)

(Filename: Assets/SpatialTowerDefense/Runtime/SpatialTowerDefenseGame.cs Line: 1470)

[Yi Nian Lotus City] Start activated: world-space shrine cleared; tabletop gameplay is now visible.
UnityEngine.Debug:ExtractStackTraceNoAlloc (byte*,int,string)
UnityEngine.StackTraceUtility:ExtractStackTrace () (at /Users/bokken/build/output/unity/unity/Runtime/Export/Scripting/StackTrace.cs:35)
UnityEngine.DebugLogHandler:Internal_Log (UnityEngine.LogType,UnityEngine.LogOption,string,UnityEngine.Object)
UnityEngine.DebugLogHandler:LogFormat (UnityEngine.LogType,UnityEngine.Object,string,object[])
UnityEngine.Logger:Log (UnityEngine.LogType,object)
UnityEngine.Debug:Log (object)
PicoTowerDefense.SpatialTowerDefenseGame:StartExperience () (at Assets/SpatialTowerDefense/Runtime/SpatialTowerDefenseGame.cs:2299)
PicoTowerDefense.SpatialTowerDefenseGame:RunStartupCoverCleanupSmokeTest (string&) (at Assets/SpatialTowerDefense/Runtime/SpatialTowerDefenseGame.cs:514)
PicoTowerDefenseEditor.ProjectSetup:Verify () (at Assets/SpatialTowerDefense/Editor/ProjectSetup.cs:301)
PicoTowerDefenseEditor.ProjectSetup:BuildDesktopTest () (at Assets/SpatialTowerDefense/Editor/ProjectSetup.cs:437)

(Filename: Assets/SpatialTowerDefense/Runtime/SpatialTowerDefenseGame.cs Line: 2299)

[Objective] No authored temple exists in this isolated smoke-test world; using the route endpoint as a temporary fallback marker.
UnityEngine.Debug:ExtractStackTraceNoAlloc (byte*,int,string)
UnityEngine.StackTraceUtility:ExtractStackTrace () (at /Users/bokken/build/output/unity/unity/Runtime/Export/Scripting/StackTrace.cs:35)
UnityEngine.DebugLogHandler:Internal_Log (UnityEngine.LogType,UnityEngine.LogOption,string,UnityEngine.Object)
UnityEngine.DebugLogHandler:LogFormat (UnityEngine.LogType,UnityEngine.Object,string,object[])
UnityEngine.Logger:Log (UnityEngine.LogType,object,UnityEngine.Object)
UnityEngine.Debug:Log (object,UnityEngine.Object)
PicoTowerDefense.SpatialTowerDefenseGame:BuildObjective () (at Assets/SpatialTowerDefense/Runtime/SpatialTowerDefenseGame.cs:1470)
PicoTowerDefense.SpatialTowerDefenseGame:BuildWorld () (at Assets/SpatialTowerDefense/Runtime/SpatialTowerDefenseGame.cs:254)
PicoTowerDefense.SpatialTowerDefenseGame:RunWorldSpacePresentationSmokeTest (string&) (at Assets/SpatialTowerDefense/Runtime/SpatialTowerDefenseGame.cs:541)
PicoTowerDefenseEditor.ProjectSetup:Verify () (at Assets/SpatialTowerDefense/Editor/ProjectSetup.cs:315)
PicoTowerDefenseEditor.ProjectSetup:BuildDesktopTest () (at Assets/SpatialTowerDefense/Editor/ProjectSetup.cs:437)

(Filename: Assets/SpatialTowerDefense/Runtime/SpatialTowerDefenseGame.cs Line: 1470)

[Yi Nian Lotus City] VERIFY PASSED: three-level spatial temple, purification theme, left-hand card/tower placement, right-hand keeper purification, movable restored towers, manual merges through level three, 25 waves with one boss every five waves, PICO immersive VR manifest, PICO XR 6.0.0 loader, Multiview, ARM64/IL2CPP, and controller input are valid.
UnityEngine.Debug:ExtractStackTraceNoAlloc (byte*,int,string)
UnityEngine.StackTraceUtility:ExtractStackTrace () (at /Users/bokken/build/output/unity/unity/Runtime/Export/Scripting/StackTrace.cs:35)
UnityEngine.DebugLogHandler:Internal_Log (UnityEngine.LogType,UnityEngine.LogOption,string,UnityEngine.Object)
UnityEngine.DebugLogHandler:LogFormat (UnityEngine.LogType,UnityEngine.Object,string,object[])
UnityEngine.Logger:Log (UnityEngine.LogType,object)
UnityEngine.Debug:Log (object)
PicoTowerDefenseEditor.ProjectSetup:Verify () (at Assets/SpatialTowerDefense/Editor/ProjectSetup.cs:325)
PicoTowerDefenseEditor.ProjectSetup:BuildDesktopTest () (at Assets/SpatialTowerDefense/Editor/ProjectSetup.cs:437)

(Filename: Assets/SpatialTowerDefense/Editor/ProjectSetup.cs Line: 325)

appID is not configured
UnityEngine.Debug:ExtractStackTraceNoAlloc (byte*,int,string)
UnityEngine.StackTraceUtility:ExtractStackTrace () (at /Users/bokken/build/output/unity/unity/Runtime/Export/Scripting/StackTrace.cs:35)
UnityEngine.DebugLogHandler:Internal_Log (UnityEngine.LogType,UnityEngine.LogOption,string,UnityEngine.Object)
UnityEngine.DebugLogHandler:LogFormat (UnityEngine.LogType,UnityEngine.Object,string,object[])
UnityEngine.Logger:Log (UnityEngine.LogType,object)
UnityEngine.Debug:LogWarning (object)
ByteDance.PICO.Platform.Editor.PlatformPreprocessor:OnPreprocessBuild (UnityEditor.Build.Reporting.BuildReport) (at /Users/ld/Library/PICO/UnitySDK/6.0.0/PICO-Unity-SDK/XR/Platform/Editor/PlatformPreprocessor.cs:32)
UnityEditor.Build.BuildPipelineInterfaces/<>c__DisplayClass17_0:<OnBuildPreProcess>b__1 (UnityEditor.Build.IPreprocessBuildWithReport) (at /Users/bokken/build/output/unity/unity/Editor/Mono/BuildPipeline/BuildPipelineInterfaces.cs:1131)
UnityEditor.Build.BuildPipelineInterfaces:InvokeCallbackInterfacesPair<UnityEditor.Build.IPreprocessBuild, UnityEditor.Build.IPreprocessBuildWithReport> (System.Collections.Generic.List`1<UnityEditor.Build.IPreprocessBuild>,System.Action`1<UnityEditor.Build.IPreprocessBuild>,System.Collections.Generic.List`1<UnityEditor.Build.IPreprocessBuildWithReport>,System.Action`1<UnityEditor.Build.IPreprocessBuildWithReport>,bool) (at /Users/bokken/build/output/unity/unity/Editor/Mono/BuildPipeline/BuildPipelineInterfaces.cs:1090)
UnityEditor.Build.BuildPipelineInterfaces:OnBuildPreProcess (UnityEditor.Build.Reporting.BuildReport) (at /Users/bokken/build/output/unity/unity/Editor/Mono/BuildPipeline/BuildPipelineInterfaces.cs:1122)
UnityEditor.BuildPipeline:BuildPlayerInternal (string[],string,string,UnityEditor.BuildTargetGroup,UnityEditor.BuildTarget,int,UnityEditor.BuildOptions,string[],string[],bool)
UnityEditor.BuildPipeline:BuildPlayer (UnityEditor.BuildPlayerOptions) (at /Users/bokken/build/output/unity/unity/Editor/Mono/BuildPipeline/BuildPipeline.bindings.cs:267)
PicoTowerDefenseEditor.ProjectSetup:BuildDesktopTest () (at Assets/SpatialTowerDefense/Editor/ProjectSetup.cs:455)

(Filename: /Users/ld/Library/PICO/UnitySDK/6.0.0/PICO-Unity-SDK/XR/Platform/Editor/PlatformPreprocessor.cs Line: 32)

[TestRunBuilder] Creating new file 'Assets/Resources/PerformanceTestRunInfo.json' (2898 bytes)
UnityEngine.Debug:ExtractStackTraceNoAlloc (byte*,int,string)
UnityEngine.StackTraceUtility:ExtractStackTrace () (at /Users/bokken/build/output/unity/unity/Runtime/Export/Scripting/StackTrace.cs:35)
UnityEngine.DebugLogHandler:Internal_Log (UnityEngine.LogType,UnityEngine.LogOption,string,UnityEngine.Object)
UnityEngine.DebugLogHandler:LogFormat (UnityEngine.LogType,UnityEngine.Object,string,object[])
UnityEngine.Logger:Log (UnityEngine.LogType,object)
UnityEngine.Debug:Log (object)
Unity.PerformanceTesting.Editor.TestRunBuilder:SaveToStorage (object,string) (at ./Library/PackageCache/com.unity.test-framework.performance@8b56083ec0f0/Editor/TestRunBuilder.cs:242)
Unity.PerformanceTesting.Editor.TestRunBuilder:OnPreprocessBuild (UnityEditor.Build.Reporting.BuildReport) (at ./Library/PackageCache/com.unity.test-framework.performance@8b56083ec0f0/Editor/TestRunBuilder.cs:35)
UnityEditor.Build.BuildPipelineInterfaces/<>c__DisplayClass17_0:<OnBuildPreProcess>b__1 (UnityEditor.Build.IPreprocessBuildWithReport) (at /Users/bokken/build/output/unity/unity/Editor/Mono/BuildPipeline/BuildPipelineInterfaces.cs:1131)
UnityEditor.Build.BuildPipelineInterfaces:InvokeCallbackInterfacesPair<UnityEditor.Build.IPreprocessBuild, UnityEditor.Build.IPreprocessBuildWithReport> (System.Collections.Generic.List`1<UnityEditor.Build.IPreprocessBuild>,System.Action`1<UnityEditor.Build.IPreprocessBuild>,System.Collections.Generic.List`1<UnityEditor.Build.IPreprocessBuildWithReport>,System.Action`1<UnityEditor.Build.IPreprocessBuildWithReport>,bool) (at /Users/bokken/build/output/unity/unity/Editor/Mono/BuildPipeline/BuildPipelineInterfaces.cs:1090)
UnityEditor.Build.BuildPipelineInterfaces:OnBuildPreProcess (UnityEditor.Build.Reporting.BuildReport) (at /Users/bokken/build/output/unity/unity/Editor/Mono/BuildPipeline/BuildPipelineInterfaces.cs:1122)
UnityEditor.BuildPipeline:BuildPlayerInternal (string[],string,string,UnityEditor.BuildTargetGroup,UnityEditor.BuildTarget,int,UnityEditor.BuildOptions,string[],string[],bool)
UnityEditor.BuildPipeline:BuildPlayer (UnityEditor.BuildPlayerOptions) (at /Users/bokken/build/output/unity/unity/Editor/Mono/BuildPipeline/BuildPipeline.bindings.cs:267)
PicoTowerDefenseEditor.ProjectSetup:BuildDesktopTest () (at Assets/SpatialTowerDefense/Editor/ProjectSetup.cs:455)

(Filename: ./Library/PackageCache/com.unity.test-framework.performance@8b56083ec0f0/Editor/TestRunBuilder.cs Line: 242)

[TestRunBuilder] Creating new file 'Assets/Resources/PerformanceTestRunSettings.json' (23 bytes)
UnityEngine.Debug:ExtractStackTraceNoAlloc (byte*,int,string)
UnityEngine.StackTraceUtility:ExtractStackTrace () (at /Users/bokken/build/output/unity/unity/Runtime/Export/Scripting/StackTrace.cs:35)
UnityEngine.DebugLogHandler:Internal_Log (UnityEngine.LogType,UnityEngine.LogOption,string,UnityEngine.Object)
UnityEngine.DebugLogHandler:LogFormat (UnityEngine.LogType,UnityEngine.Object,string,object[])
UnityEngine.Logger:Log (UnityEngine.LogType,object)
UnityEngine.Debug:Log (object)
Unity.PerformanceTesting.Editor.TestRunBuilder:SaveToStorage (object,string) (at ./Library/PackageCache/com.unity.test-framework.performance@8b56083ec0f0/Editor/TestRunBuilder.cs:242)
Unity.PerformanceTesting.Editor.TestRunBuilder:OnPreprocessBuild (UnityEditor.Build.Reporting.BuildReport) (at ./Library/PackageCache/com.unity.test-framework.performance@8b56083ec0f0/Editor/TestRunBuilder.cs:38)
UnityEditor.Build.BuildPipelineInterfaces/<>c__DisplayClass17_0:<OnBuildPreProcess>b__1 (UnityEditor.Build.IPreprocessBuildWithReport) (at /Users/bokken/build/output/unity/unity/Editor/Mono/BuildPipeline/BuildPipelineInterfaces.cs:1131)
UnityEditor.Build.BuildPipelineInterfaces:InvokeCallbackInterfacesPair<UnityEditor.Build.IPreprocessBuild, UnityEditor.Build.IPreprocessBuildWithReport> (System.Collections.Generic.List`1<UnityEditor.Build.IPreprocessBuild>,System.Action`1<UnityEditor.Build.IPreprocessBuild>,System.Collections.Generic.List`1<UnityEditor.Build.IPreprocessBuildWithReport>,System.Action`1<UnityEditor.Build.IPreprocessBuildWithReport>,bool) (at /Users/bokken/build/output/unity/unity/Editor/Mono/BuildPipeline/BuildPipelineInterfaces.cs:1090)
UnityEditor.Build.BuildPipelineInterfaces:OnBuildPreProcess (UnityEditor.Build.Reporting.BuildReport) (at /Users/bokken/build/output/unity/unity/Editor/Mono/BuildPipeline/BuildPipelineInterfaces.cs:1122)
UnityEditor.BuildPipeline:BuildPlayerInternal (string[],string,string,UnityEditor.BuildTargetGroup,UnityEditor.BuildTarget,int,UnityEditor.BuildOptions,string[],string[],bool)
UnityEditor.BuildPipeline:BuildPlayer (UnityEditor.BuildPlayerOptions) (at /Users/bokken/build/output/unity/unity/Editor/Mono/BuildPipeline/BuildPipeline.bindings.cs:267)
PicoTowerDefenseEditor.ProjectSetup:BuildDesktopTest () (at Assets/SpatialTowerDefense/Editor/ProjectSetup.cs:455)

(Filename: ./Library/PackageCache/com.unity.test-framework.performance@8b56083ec0f0/Editor/TestRunBuilder.cs Line: 242)

AcceleratorClientConnectionCallback - disconnected - :0
Importing 'GUID: 00000000000000004000000000000000 - Path: ProjectSettings/ProjectSettings.asset' with importer (LibraryAssetImporter)
Imported 'GUID: 00000000000000004000000000000000' -> (Import Result ID: '9c94de827cd4c32ed0614c692a2691f5') in 0.002 seconds [static dependencies only]. Details - ImportResultOutputID=276a810dac73e1f29404d5e5f692e214 DependenciesID=9c89bfb9a2d597d58dc79267cbb6907b StaticDependenciesID=e89872ccc1fc94b02587519594dc2b7b 
Importing 'GUID: 0000000000000000b000000000000000 - Path: ProjectSettings/EditorBuildSettings.asset' with importer (LibraryAssetImporter)
Imported 'GUID: 0000000000000000b000000000000000' -> (Import Result ID: 'e7464121146b894f312bdd4e04198fb1') in 0.000 seconds [static dependencies only]. Details - ImportResultOutputID=4647dd083cfc32cebcd7526e8846440c DependenciesID=a6028c425a0cb3e092823788a12e3ee0 StaticDependenciesID=692c8f13500735bf8986fbfdfe69241c 
Importing 'GUID: 4a6df479423da487ebe0f97981ea0917 - Path: Assets/XR/Settings/OpenXR Package Settings.asset' with importer (NativeFormatImporter)
Imported 'GUID: 4a6df479423da487ebe0f97981ea0917' -> (Import Result ID: '71d544f62a4453752909039f149b7613') in 0.001 seconds [static dependencies only]. Details - ImportResultOutputID=88e19f4867a308cc6a5e4fc2783f8cf8 DependenciesID=87c6a0cb111d084c25371112e343472a StaticDependenciesID=477bf277e990e25d77a0c1b1de47f57f 
Refreshing native plugins compatible for Editor in 2.78 ms, found 13 plugins.
Asset Pipeline Refresh (id=1a2cada6eba7a47649b8bc4df4acbd3f): Total: 0.076 seconds - Initiated by StopAssetImportingV2(NoUpdateAssetOptions)
Found installed macOS SDK 26.5.
info: Microsoft.AspNetCore.Hosting.Diagnostics[1]
      Request starting HTTP/2 POST http://ilpp/UnityILPP.PostProcessing/Ping - application/grpc -
info: Microsoft.AspNetCore.Routing.EndpointMiddleware[0]
      Executing endpoint 'gRPC - /UnityILPP.PostProcessing/Ping'
info: Microsoft.AspNetCore.Routing.EndpointMiddleware[1]
      Executed endpoint 'gRPC - /UnityILPP.PostProcessing/Ping'
info: Microsoft.AspNetCore.Hosting.Diagnostics[2]
      Request finished HTTP/2 POST http://ilpp/UnityILPP.PostProcessing/Ping - 200 - application/grpc 0.2416ms
Starting: /Applications/Unity/Hub/Editor/6000.5.5f1/Unity.app/Contents/Resources/BuildPipeline/bee_backend --ipc --defer-dag-verification --dagfile="Library/Bee/200b0aESkipCompile.dag" --continue-on-failure --profile="Library/Bee/backend1.traceevents" ScriptAssembliesAndTypeDB
WorkingDir: /Users/ld/Documents/Codex/2026-08-03/http-localhost-8080-codex-text-link/outputs/SpatialTowerDefensePICO
ExitCode: 0 Duration: 2s911ms
[2/3        2s] BuildPlayerDataGenerator Library/BuildPlayerData/Editor/TypeDb-All.json
*** Tundra build success (2.88 seconds), 1 items updated, 3 evaluated
The GUID inside 'Packages/com.bytedance.pico.xr/Runtime/CompositionLayers.meta' cannot be extracted by the YAML Parser. Attempting to extract it via string matching instead. Please verify the file does not contain unexpected data.
UnityEngine.Debug:ExtractStackTraceNoAlloc (byte*,int,string)
UnityEngine.StackTraceUtility:ExtractStackTrace () (at /Users/bokken/build/output/unity/unity/Runtime/Export/Scripting/StackTrace.cs:35)
UnityEditor.BuildPipeline:BuildPlayerInternal (string[],string,string,UnityEditor.BuildTargetGroup,UnityEditor.BuildTarget,int,UnityEditor.BuildOptions,string[],string[],bool)
UnityEditor.BuildPipeline:BuildPlayer (UnityEditor.BuildPlayerOptions) (at /Users/bokken/build/output/unity/unity/Editor/Mono/BuildPipeline/BuildPipeline.bindings.cs:267)
PicoTowerDefenseEditor.ProjectSetup:BuildDesktopTest () (at Assets/SpatialTowerDefense/Editor/ProjectSetup.cs:455)

[/Users/bokken/build/output/unity/unity/Editor/Mono/BuildPipeline/BuildPipeline.bindings.cs line 267]

Total cache size 268286883
Total cache size after purge 268286883, took 00:00:00.1977737
Importing 'GUID: 88b558e062ad2497286db4b786978928 - Path: Assets/Resources/PerformanceTestRunInfo.json' with importer (TextScriptImporter)
Imported 'GUID: 88b558e062ad2497286db4b786978928' -> (Import Result ID: 'abe8b5a57527091db45b66a72a13651f') in 0.002 seconds [static dependencies only]. Details - ImportResultOutputID=8b96c9cbce4bac2fd234f6b26331ff2b DependenciesID=433b01dc2e5c9ab30ee50469c5e0541f StaticDependenciesID=08346298b178568a13661fc68b2996cd 
Importing 'GUID: 9e18ba3b6129c4e4fb20539be9ec1770 - Path: Assets/Resources/PerformanceTestRunSettings.json' with importer (TextScriptImporter)
Imported 'GUID: 9e18ba3b6129c4e4fb20539be9ec1770' -> (Import Result ID: 'a35ea7a3b18e49e4f6afa8694d3deea7') in 0.001 seconds [static dependencies only]. Details - ImportResultOutputID=fd627c413ac26c470c5c51d2ecc496dc DependenciesID=3ad2b7900c744284065d2cd0b514a004 StaticDependenciesID=e56539526e170456f732475adecdadaf 
Refreshing native plugins compatible for Editor in 3.02 ms, found 13 plugins.
Asset Pipeline Refresh (id=d9b1f6b6c1768444382d17d8e03e98cf): Total: 0.213 seconds - Initiated by RefreshV2(NoUpdateAssetOptions)
[ScriptCompilation] Requested script compilation because: Recompiling scripts for player build.
BuildPlayer: start building target 2
info: Microsoft.AspNetCore.Hosting.Diagnostics[1]
      Request starting HTTP/2 POST http://ilpp/UnityILPP.PostProcessing/Ping - application/grpc -
info: Microsoft.AspNetCore.Routing.EndpointMiddleware[0]
      Executing endpoint 'gRPC - /UnityILPP.PostProcessing/Ping'
info: Microsoft.AspNetCore.Routing.EndpointMiddleware[1]
      Executed endpoint 'gRPC - /UnityILPP.PostProcessing/Ping'
info: Microsoft.AspNetCore.Hosting.Diagnostics[2]
      Request finished HTTP/2 POST http://ilpp/UnityILPP.PostProcessing/Ping - 200 - application/grpc 0.1570ms
Starting: /Applications/Unity/Hub/Editor/6000.5.5f1/Unity.app/Contents/Resources/BuildPipeline/bee_backend --ipc --defer-dag-verification --dagfile="Library/Bee/200b0aP.dag" --continue-on-failure --profile="Library/Bee/backend1.traceevents" ScriptAssembliesAndTypeDB
WorkingDir: /Users/ld/Documents/Codex/2026-08-03/http-localhost-8080-codex-text-link/outputs/SpatialTowerDefensePICO
info: Microsoft.AspNetCore.Hosting.Diagnostics[1]
      Request starting HTTP/2 POST http://ilpp/UnityILPP.PostProcessing/ConfigurePostProcessors - application/grpc -
info: Microsoft.AspNetCore.Routing.EndpointMiddleware[0]
      Executing endpoint 'gRPC - /UnityILPP.PostProcessing/ConfigurePostProcessors'
info: Unity.ILPP.Runner.PostProcessingAssemblyLoadContext[0]
      ALC ILPP context 1 is unloading
warn: Unity.ILPP.Runner.PostProcessingAssemblyLoadContext[0]
      Assembly system.runtime.interopservices.windowsruntime has duplicate hint path. Ignoring "/Applications/Unity/Hub/Editor/6000.5.5f1/Unity.app/Contents/Resources/Scripting/UnityReferenceAssemblies/unity-4.8-api/Facades/System.Runtime.InteropServices.WindowsRuntime.dll" in favor of "/Applications/Unity/Hub/Editor/6000.5.5f1/Unity.app/Contents/Resources/Scripting/NetStandard/Extensions/2.0.0/System.Runtime.InteropServices.WindowsRuntime.dll"
warn: Unity.ILPP.Runner.PostProcessingAssemblyLoadContext[0]
      Assembly system.componentmodel.composition has duplicate hint path. Ignoring "/Applications/Unity/Hub/Editor/6000.5.5f1/Unity.app/Contents/Resources/Scripting/UnityReferenceAssemblies/unity-4.8-api/System.ComponentModel.Composition.dll" in favor of "/Applications/Unity/Hub/Editor/6000.5.5f1/Unity.app/Contents/Resources/Scripting/NetStandard/compat/2.1.0/shims/netfx/System.ComponentModel.Composition.dll"
info: Unity.ILPP.Runner.PostProcessingAssemblyLoadContext[0]
      Resolved Unity.Burst.Cecil, Version=0.11.6.0, Culture=neutral, PublicKeyToken=50cebf1cceb9d05e with Library/PackageCache/com.unity.burst@6bb9aca3ef38/Unity.Burst.CodeGen/Unity.Burst.Cecil.dll
info: Unity.ILPP.Runner.PostProcessingAssemblyLoadContext[0]
      Resolved Mono.Cecil, Version=0.11.5.0, Culture=neutral, PublicKeyToken=50cebf1cceb9d05e with Library/PackageCache/com.unity.nuget.mono-cecil@ecb9724e46ff/Mono.Cecil.dll
info: Microsoft.AspNetCore.Routing.EndpointMiddleware[1]
      Executed endpoint 'gRPC - /UnityILPP.PostProcessing/ConfigurePostProcessors'
info: Microsoft.AspNetCore.Hosting.Diagnostics[2]
      Request finished HTTP/2 POST http://ilpp/UnityILPP.PostProcessing/ConfigurePostProcessors - 200 - application/grpc 5.0164ms
info: Microsoft.AspNetCore.Hosting.Diagnostics[1]
      Request starting HTTP/2 POST http://ilpp/UnityILPP.PostProcessing/PostProcessAssembly - application/grpc -
info: Microsoft.AspNetCore.Routing.EndpointMiddleware[0]
      Executing endpoint 'gRPC - /UnityILPP.PostProcessing/PostProcessAssembly'
info: Unity.ILPP.Runner.PostProcessingPipeline[0]
      Processing assembly Library/Bee/artifacts/200b0aP.dag/Assembly-CSharp.dll, with 129 defines and 252 references
info: Unity.ILPP.Runner.PostProcessingPipeline[0]
      processors: Unity.Jobs.CodeGen.JobsILPostProcessor, zzzUnity.Burst.CodeGen.BurstILPostProcessor
info: Unity.ILPP.Runner.PostProcessingPipeline[0]
      running Unity.Jobs.CodeGen.JobsILPostProcessor
info: Unity.ILPP.Runner.PostProcessingAssemblyLoadContext[0]
      Resolved Unity.Collections, Version=0.0.0.0, Culture=neutral, PublicKeyToken=null with Library/Bee/artifacts/StandaloneOSX_CodeGen/Unity.Collections.dll
info: Unity.ILPP.Runner.PostProcessingAssemblyLoadContext[0]
      Resolved UnityEditor.CoreModule, Version=0.0.0.0, Culture=neutral, PublicKeyToken=null with /Applications/Unity/Hub/Editor/6000.5.5f1/Unity.app/Contents/Resources/Scripting/Managed/UnityEngine/UnityEditor.CoreModule.dll
info: Unity.ILPP.Runner.PostProcessingAssemblyLoadContext[0]
      Resolved UnityEngine.CoreModule, Version=0.0.0.0, Culture=neutral, PublicKeyToken=null with /Applications/Unity/Hub/Editor/6000.5.5f1/Unity.app/Contents/Resources/Scripting/Managed/UnityEngine/UnityEngine.CoreModule.dll
info: Unity.ILPP.Runner.PostProcessingAssemblyLoadContext[0]
      Resolved Unity.Scripting, Version=0.0.0.0, Culture=neutral, PublicKeyToken=null with /Applications/Unity/Hub/Editor/6000.5.5f1/Unity.app/Contents/Resources/Scripting/Managed/UnityEngine/Unity.Scripting.dll
info: Unity.ILPP.Runner.PostProcessingPipeline[0]
      running zzzUnity.Burst.CodeGen.BurstILPostProcessor
info: Unity.ILPP.Runner.PostProcessingAssemblyLoadContext[0]
      Resolved Unity.Burst.Cecil.Rocks, Version=0.11.6.0, Culture=neutral, PublicKeyToken=50cebf1cceb9d05e with Library/PackageCache/com.unity.burst@6bb9aca3ef38/Unity.Burst.CodeGen/Unity.Burst.Cecil.Rocks.dll
info: Microsoft.AspNetCore.Routing.EndpointMiddleware[1]
      Executed endpoint 'gRPC - /UnityILPP.PostProcessing/PostProcessAssembly'
info: Microsoft.AspNetCore.Hosting.Diagnostics[2]
      Request finished HTTP/2 POST http://ilpp/UnityILPP.PostProcessing/PostProcessAssembly - 200 - application/grpc 325.0370ms
ExitCode: 0 Duration: 2s36ms
[558/676    0s] ILPP-Configuration Library/ilpp-configuration.nevergeneratedoutput
[587/676    0s] CopyFiles Library/Bee/PlayerScriptAssemblies/Unity.XR.OpenXR.Features.ConformanceAutomation.dll
[588/676    0s] CopyFiles Library/Bee/PlayerScriptAssemblies/Unity.InputSystem.ForUI.dll
[590/676    0s] CopyFiles Library/Bee/PlayerScriptAssemblies/Unity.XR.OpenXR.Features.MockRuntime.dll
[591/676    0s] CopyFiles Library/Bee/PlayerScriptAssemblies/UnityEngine.UI.dll
[592/676    0s] CopyFiles Library/Bee/PlayerScriptAssemblies/Unity.XR.OpenXR.Features.MetaQuestSupport.dll
[593/676    0s] CopyFiles Library/Bee/PlayerScriptAssemblies/Unity.XR.Management.dll
[594/676    0s] CopyFiles Library/Bee/PlayerScriptAssemblies/Unity.Collections.dll
[595/676    0s] CopyFiles Library/Bee/PlayerScriptAssemblies/Unity.Burst.dll
[596/676    0s] CopyFiles Library/Bee/PlayerScriptAssemblies/ByteDance.PICO.XR.Spatializer.Example.dll
[597/676    0s] CopyFiles Library/Bee/PlayerScriptAssemblies/Unity.XR.Interaction.Toolkit.Samples.StarterAssets.dll
[598/676    0s] CopyFiles Library/Bee/PlayerScriptAssemblies/Unity.XR.CoreUtils.dll
[599/676    0s] CopyFiles Library/Bee/PlayerScriptAssemblies/Unity.TextMeshPro.dll
[600/676    0s] CopyFiles Library/Bee/PlayerScriptAssemblies/Unity.Multiplayer.Center.Common.dll
[601/676    0s] CopyFiles Library/Bee/PlayerScriptAssemblies/UnityEngine.SpatialTracking.dll
[603/676    0s] CopyFiles Library/Bee/PlayerScriptAssemblies/ByteDance.PICO.CameraPack.dll
[604/676    0s] CopyFiles Library/Bee/PlayerScriptAssemblies/ByteDance.PICO.Platform.dll
[605/676    0s] CopyFiles Library/Bee/PlayerScriptAssemblies/Unity.AI.Tracing.dll
[606/676    0s] CopyFiles Library/Bee/PlayerScriptAssemblies/Unity.XR.OpenXR.TestTooling.dll
[607/676    0s] CopyFiles Library/Bee/PlayerScriptAssemblies/Unity.InputSystem.dll
[608/676    0s] CopyFiles Library/Bee/PlayerScriptAssemblies/ByteDance.PICO.Interaction.dll
[609/676    0s] CopyFiles Library/Bee/PlayerScriptAssemblies/Unity.InferenceEngine.Tokenization.dll
[610/676    0s] CopyFiles Library/Bee/PlayerScriptAssemblies/Unity.InferenceEngine.dll
[611/676    0s] CopyFiles Library/Bee/PlayerScriptAssemblies/ByteDance.PICO.Enterprise.dll
[612/676    0s] CopyFiles Library/Bee/PlayerScriptAssemblies/ByteDance.PICO.SptatialUI.dll
[613/676    0s] CopyFiles Library/Bee/PlayerScriptAssemblies/ByteDance.PICO.XR.Spatializer.dll
[614/676    0s] CopyFiles Library/Bee/PlayerScriptAssemblies/ByteDance.PICO.XR.dll
[615/676    0s] CopyFiles Library/Bee/PlayerScriptAssemblies/Unity.XR.OpenXR.dll
[616/676    0s] CopyFiles Library/Bee/PlayerScriptAssemblies/Unity.Mathematics.dll
[617/676    0s] CopyFiles Library/Bee/PlayerScriptAssemblies/Unity.AI.MCP.Runtime.dll
[618/676    0s] CopyFiles Library/Bee/PlayerScriptAssemblies/Unity.XR.OpenXR.TestTooling.pdb
[619/676    0s] CopyFiles Library/Bee/PlayerScriptAssemblies/ByteDance.PICO.Spatial.Stage.dll
[620/676    0s] CopyFiles Library/Bee/PlayerScriptAssemblies/Unity.XR.OpenXR.Features.MockRuntime.pdb
[622/676    0s] CopyFiles Library/Bee/PlayerScriptAssemblies/Unity.XR.Management.pdb
[623/676    0s] CopyFiles Library/Bee/PlayerScriptAssemblies/Unity.XR.OpenXR.Features.ConformanceAutomation.pdb
[624/676    0s] CopyFiles Library/Bee/PlayerScriptAssemblies/Unity.Burst.pdb
[625/676    0s] CopyFiles Library/Bee/PlayerScriptAssemblies/Unity.InferenceEngine.MacBLAS.dll
[626/676    0s] CopyFiles Library/Bee/PlayerScriptAssemblies/Unity.XR.Interaction.Toolkit.Samples.StarterAssets.pdb
[627/676    0s] CopyFiles Library/Bee/PlayerScriptAssemblies/Unity.XR.CoreUtils.pdb
[628/676    0s] CopyFiles Library/Bee/PlayerScriptAssemblies/Unity.InferenceEngine.MacBLAS.pdb
[630/676    0s] CopyFiles Library/Bee/PlayerScriptAssemblies/Unity.AI.Tracing.pdb
[631/676    0s] CopyFiles Library/Bee/PlayerScriptAssemblies/UnityEngine.SpatialTracking.pdb
[633/676    0s] CopyFiles Library/Bee/PlayerScriptAssemblies/ByteDance.PICO.Platform.pdb
[634/676    0s] CopyFiles Library/Bee/PlayerScriptAssemblies/Unity.InferenceEngine.Tokenization.pdb
[635/676    0s] CopyFiles Library/Bee/PlayerScriptAssemblies/ByteDance.PICO.Enterprise.pdb
[636/676    0s] CopyFiles Library/Bee/PlayerScriptAssemblies/Unity.XR.Interaction.Toolkit.dll
[637/676    0s] CopyFiles Library/Bee/PlayerScriptAssemblies/Unity.XR.Interaction.Toolkit.pdb
[638/676    0s] CopyFiles Library/Bee/PlayerScriptAssemblies/ByteDance.PICO.SptatialUI.pdb
[639/676    0s] CopyFiles Library/Bee/PlayerScriptAssemblies/UnityEngine.XR.LegacyInputHelpers.dll
[640/676    0s] CopyFiles Library/Bee/PlayerScriptAssemblies/UnityEngine.XR.LegacyInputHelpers.pdb
[641/676    0s] CopyFiles Library/Bee/PlayerScriptAssemblies/Unity.AI.MCP.Runtime.pdb
[643/676    0s] CopyFiles Library/Bee/PlayerScriptAssemblies/Unity.Mathematics.pdb
[644/676    0s] CopyFiles Library/Bee/PlayerScriptAssemblies/Unity.InputSystem.pdb
[645/676    0s] CopyFiles Library/Bee/PlayerScriptAssemblies/Unity.InputSystem.ForUI.pdb
[646/676    0s] CopyFiles Library/Bee/PlayerScriptAssemblies/Unity.Multiplayer.Center.Common.pdb
[647/676    0s] CopyFiles Library/Bee/PlayerScriptAssemblies/ByteDance.PICO.XR.pdb
[648/676    0s] CopyFiles Library/Bee/PlayerScriptAssemblies/Unity.XR.OpenXR.Features.MetaQuestSupport.pdb
[649/676    0s] CopyFiles Library/Bee/PlayerScriptAssemblies/Unity.TextMeshPro.pdb
[650/676    0s] CopyFiles Library/Bee/PlayerScriptAssemblies/Unity.XR.OpenXR.Features.RuntimeDebugger.dll
[651/676    0s] CopyFiles Library/Bee/PlayerScriptAssemblies/Unity.XR.OpenXR.Features.RuntimeDebugger.pdb
[652/676    0s] CopyFiles Library/Bee/PlayerScriptAssemblies/ByteDance.PICO.CameraPack.pdb
[653/676    0s] CopyFiles Library/Bee/PlayerScriptAssemblies/ByteDance.PICO.XR.Spatializer.pdb
[654/676    0s] CopyFiles Library/Bee/PlayerScriptAssemblies/ByteDance.PICO.Spatial.Stage.pdb
[655/676    0s] CopyFiles Library/Bee/PlayerScriptAssemblies/Unity.InferenceEngine.pdb
[656/676    0s] CopyFiles Library/Bee/PlayerScriptAssemblies/ByteDance.PICO.Interaction.pdb
[657/676    0s] CopyFiles Library/Bee/PlayerScriptAssemblies/UnityEngine.UI.pdb
[658/676    0s] CopyFiles Library/Bee/PlayerScriptAssemblies/Unity.XR.OpenXR.pdb
[659/676    0s] CopyFiles Library/Bee/PlayerScriptAssemblies/Unity.Collections.pdb
[661/676    0s] CopyFiles Library/Bee/PlayerScriptAssemblies/ByteDance.PICO.XR.Spatializer.Example.pdb
[663/676    0s] CopyFiles Library/Bee/PlayerScriptAssemblies/Unity.InternalAPIEngineBridge.004.dll
[664/676    0s] CopyFiles Library/Bee/PlayerScriptAssemblies/Unity.XR.OpenXR.Features.OculusQuestSupport.dll
[665/676    0s] CopyFiles Library/Bee/PlayerScriptAssemblies/Unity.InternalAPIEngineBridge.004.pdb
[667/676    0s] CopyFiles Library/Bee/PlayerScriptAssemblies/ByteDance.PICO.Debugger.pdb
[668/676    0s] CopyFiles Library/Bee/PlayerScriptAssemblies/Unity.XR.OpenXR.Features.OculusQuestSupport.pdb
[669/676    0s] CopyFiles Library/Bee/PlayerScriptAssemblies/ByteDance.PICO.Debugger.dll
[670/676    0s] Csc Library/Bee/artifacts/200b0aP.dag/Assembly-CSharp.dll (+2 others)
[671/676    0s] ILPostProcess Library/Bee/artifacts/200b0aP.dag/post-processed/Assembly-CSharp.dll (+pdb)
Processing assembly Library/Bee/artifacts/200b0aP.dag/Assembly-CSharp.dll, with 129 defines and 252 references
processors: Unity.Jobs.CodeGen.JobsILPostProcessor, zzzUnity.Burst.CodeGen.BurstILPostProcessor
running Unity.Jobs.CodeGen.JobsILPostProcessor
running zzzUnity.Burst.CodeGen.BurstILPostProcessor
[672/676    0s] CopyFiles Library/Bee/PlayerScriptAssemblies/Assembly-CSharp.pdb
[673/676    0s] CopyFiles Library/Bee/PlayerScriptAssemblies/Assembly-CSharp.dll
[675/676    1s] BuildPlayerDataGenerator Library/BuildPlayerData/Player/RuntimeInitializeOnLoads.json (+1 other)
*** Tundra build success (2.01 seconds), 80 items updated, 676 evaluated
Total cache size 268286883
Total cache size after purge 268286883, took 00:00:00.0732829
Rebuilding Data files because Assets/Resources/PerformanceTestRunSettings.json is dirty (hash)


Mono dependencies included in the build
Dependency assembly - System.Data.Common.dll
Dependency assembly - Microsoft.Build.dll
Dependency assembly - System.Security.Cryptography.ProtectedData.dll
Dependency assembly - System.Reactive.Interfaces.dll
Dependency assembly - System.Runtime.Numerics.dll
Dependency assembly - System.Web.WebPages.dll
Dependency assembly - System.Text.Encoding.CodePages.dll
Dependency assembly - System.IO.Hashing.dll
Dependency assembly - System.Net.WebSockets.dll
Dependency assembly - Unity.InternalAPIEngineBridge.004.dll
Dependency assembly - System.Reactive.Debugger.dll
Dependency assembly - System.Buffers.dll
Dependency assembly - System.Threading.Thread.dll
Dependency assembly - System.Security.Principal.dll
Dependency assembly - System.Threading.AccessControl.dll
Dependency assembly - System.ServiceModel.Primitives.dll
Dependency assembly - System.Threading.Tasks.Extensions.dll
Dependency assembly - System.ComponentModel.dll
Dependency assembly - System.Deployment.dll
Dependency assembly - Mono.Tasklets.dll
Dependency assembly - System.IO.IsolatedStorage.dll
Dependency assembly - System.IO.MemoryMappedFiles.dll
Dependency assembly - Mono.Http.dll
Dependency assembly - System.Net.Security.dll
Dependency assembly - Unity.XR.Interaction.Toolkit.dll
Dependency assembly - System.Messaging.dll
Dependency assembly - System.Runtime.Serialization.Primitives.dll
Dependency assembly - System.Xml.XPath.dll
Dependency assembly - System.IO.Compression.ZipFile.dll
Dependency assembly - Mono.XBuild.Tasks.dll
Dependency assembly - I18N.dll
Dependency assembly - System.Net.Http.Formatting.dll
Dependency assembly - System.Numerics.dll
Dependency assembly - System.Security.Principal.Windows.dll
Dependency assembly - System.ServiceModel.NetTcp.dll
Dependency assembly - ByteDance.PICO.XR.dll
Dependency assembly - System.Security.Cryptography.Csp.dll
Dependency assembly - ByteDance.PICO.Debugger.dll
Dependency assembly - Mono.C5.dll
Dependency assembly - System.ComponentModel.DataAnnotations.dll
Dependency assembly - Microsoft.Extensions.DependencyInjection.Abstractions.dll
Dependency assembly - System.Web.RegularExpressions.dll
Dependency assembly - System.Runtime.CompilerServices.VisualC.dll
Dependency assembly - netstandard.dll
Dependency assembly - Assembly-CSharp.dll
Dependency assembly - System.Globalization.dll
Dependency assembly - System.Runtime.Extensions.dll
Dependency assembly - System.IO.Pipes.dll
Dependency assembly - ByteDance.PICO.SptatialUI.dll
Dependency assembly - RabbitMQ.Client.dll
Dependency assembly - System.Runtime.Remoting.dll
Dependency assembly - Mono.Posix.dll
Dependency assembly - Unity.XR.OpenXR.dll
Dependency assembly - System.IO.dll
Dependency assembly - PXRInteractionLib.dll
Dependency assembly - System.ServiceProcess.dll
Dependency assembly - monodoc.dll
Dependency assembly - System.Security.Cryptography.DeriveBytes.dll
Dependency assembly - System.Xml.Serialization.dll
Dependency assembly - System.Drawing.Design.dll
Dependency assembly - System.Web.Extensions.Design.dll
Dependency assembly - System.Web.DynamicData.dll
Dependency assembly - Accessibility.dll
Dependency assembly - System.Data.Linq.dll
Dependency assembly - System.Web.WebPages.Razor.dll
Dependency assembly - System.Diagnostics.TraceSource.dll
Dependency assembly - Unity.XR.OpenXR.Features.OculusQuestSupport.dll
Dependency assembly - Microsoft.Bcl.AsyncInterfaces.dll
Dependency assembly - System.Runtime.CompilerServices.Unsafe.dll
Dependency assembly - System.Net.Cache.dll
Dependency assembly - System.IO.FileSystem.Primitives.dll
Dependency assembly - System.Text.Encoding.dll
Dependency assembly - System.Data.OracleClient.dll
Dependency assembly - System.ServiceModel.dll
Dependency assembly - System.Net.Primitives.dll
Dependency assembly - System.Reflection.DispatchProxy.dll
Dependency assembly - System.Reflection.TypeExtensions.dll
Dependency assembly - System.Diagnostics.TraceEvent.dll
Dependency assembly - System.Reflection.Context.dll
Dependency assembly - System.IO.FileSystem.DriveInfo.dll
Dependency assembly - System.Runtime.Loader.dll
Dependency assembly - ByteDance.PICO.Enterprise.dll
Dependency assembly - System.DirectoryServices.dll
Dependency assembly - System.IO.UnmanagedMemoryStream.dll
Dependency assembly - Unity.InferenceEngine.Tokenization.dll
Dependency assembly - System.Net.NetworkInformation.dll
Dependency assembly - Unity.XR.Interaction.Toolkit.Samples.StarterAssets.dll
Dependency assembly - System.Runtime.InteropServices.dll
Dependency assembly - System.Collections.Specialized.dll
Dependency assembly - ByteDance.PICO.XR.Spatializer.dll
Dependency assembly - System.Linq.Parallel.dll
Dependency assembly - System.Management.dll
Dependency assembly - System.Xml.XmlSerializer.dll
Dependency assembly - System.Reflection.Metadata.dll
Dependency assembly - ICSharpCode.SharpZipLib.dll
Dependency assembly - System.Net.Ping.dll
Dependency assembly - System.Runtime.InteropServices.RuntimeInformation.dll
Dependency assembly - System.Security.Cryptography.Hashing.Algorithms.dll
Dependency assembly - System.Xaml.dll
Dependency assembly - System.Data.Entity.dll
Dependency assembly - System.Collections.dll
Dependency assembly - Mono.Parallel.dll
Dependency assembly - Mono.Messaging.dll
Dependency assembly - Microsoft.Build.Utilities.v4.0.dll
Dependency assembly - System.Security.Cryptography.Encoding.dll
Dependency assembly - Mono.Simd.dll
Dependency assembly - System.Reflection.Emit.dll
Dependency assembly - System.Windows.dll
Dependency assembly - Commons.Xml.Relaxng.dll
Dependency assembly - I18N.Other.dll
Dependency assembly - System.Diagnostics.TextWriterTraceListener.dll
Dependency assembly - System.Drawing.dll
Dependency assembly - System.Core.dll
Dependency assembly - System.Resources.ResourceManager.dll
Dependency assembly - System.Linq.Expressions.dll
Dependency assembly - System.Net.ServicePoint.dll
Dependency assembly - System.Security.Cryptography.RSA.dll
Dependency assembly - System.Diagnostics.Contracts.dll
Dependency assembly - System.Runtime.DurableInstancing.dll
Dependency assembly - Unity.XR.OpenXR.Features.MetaQuestSupport.dll
Dependency assembly - System.Workflow.Activities.dll
Dependency assembly - System.Diagnostics.StackTrace.dll
Dependency assembly - System.Runtime.Handles.dll
Dependency assembly - System.Reactive.Experimental.dll
Dependency assembly - System.Dynamic.dll
Dependency assembly - System.Web.Http.dll
Dependency assembly - Microsoft.Win32.Registry.AccessControl.dll
Dependency assembly - System.Threading.ThreadPool.dll
Dependency assembly - System.Web.Extensions.dll
Dependency assembly - System.Reactive.Observable.Aliases.dll
Dependency assembly - mscorlib.dll
Dependency assembly - System.ServiceProcess.ServiceController.dll
Dependency assembly - System.Collections.NonGeneric.dll
Dependency assembly - System.Web.Http.WebHost.dll
Dependency assembly - UnityEngine.XR.LegacyInputHelpers.dll
Dependency assembly - System.IO.Compression.dll
Dependency assembly - System.Web.Abstractions.dll
Dependency assembly - System.Runtime.Serialization.dll
Dependency assembly - System.Net.HttpListener.dll
Dependency assembly - System.Xml.XmlDocument.dll
Dependency assembly - System.Diagnostics.Tools.dll
Dependency assembly - PEAPI.dll
Dependency assembly - System.Security.Claims.dll
Dependency assembly - Unity.InferenceEngine.dll
Dependency assembly - System.Security.Cryptography.Encryption.Aes.dll
Dependency assembly - ByteDance.PICO.Interaction.dll
Dependency assembly - System.Xml.ReaderWriter.dll
Dependency assembly - System.Net.AuthenticationManager.dll
Dependency assembly - Unity.Burst.Unsafe.dll
Dependency assembly - System.IdentityModel.dll
Dependency assembly - System.Text.Encodings.Web.dll
Dependency assembly - System.Reactive.PlatformServices.dll
Dependency assembly - System.Reactive.Runtime.Remoting.dll
Dependency assembly - System.AppContext.dll
Dependency assembly - System.ComponentModel.EventBasedAsync.dll
Dependency assembly - Microsoft.Extensions.Logging.Abstractions.dll
Dependency assembly - I18N.Rare.dll
Dependency assembly - System.Collections.Concurrent.dll
Dependency assembly - System.Net.Http.Rtc.dll
Dependency assembly - Unity.XR.OpenXR.Features.ConformanceAutomation.dll
Dependency assembly - System.Data.DataSetExtensions.dll
Dependency assembly - System.Security.Cryptography.Cng.dll
Dependency assembly - System.Security.Cryptography.Primitives.dll
Dependency assembly - System.Collections.Immutable.dll
Dependency assembly - System.Diagnostics.Debug.dll
Dependency assembly - System.Configuration.Install.dll
Dependency assembly - System.Workflow.ComponentModel.dll
Dependency assembly - Mono.Data.Sqlite.dll
Dependency assembly - System.Xml.dll
Dependency assembly - System.Numerics.Vectors.dll
Dependency assembly - System.Data.SqlClient.dll
Dependency assembly - System.Security.Cryptography.RandomNumberGenerator.dll
Dependency assembly - System.Web.Mvc.dll
Dependency assembly - Microsoft.Win32.Registry.dll
Dependency assembly - WindowsBase.dll
Dependency assembly - System.Security.SecureString.dll
Dependency assembly - System.Reactive.Core.dll
Dependency assembly - System.ComponentModel.Primitives.dll
Dependency assembly - Unity.Multiplayer.Center.Common.dll
Dependency assembly - System.Xml.XDocument.dll
Dependency assembly - System.Web.Razor.dll
Dependency assembly - System.Xml.XPath.XmlDocument.dll
Dependency assembly - System.Net.NameResolution.dll
Dependency assembly - Unity.XR.OpenXR.TestTooling.dll
Dependency assembly - WebMatrix.Data.dll
Dependency assembly - System.Diagnostics.DiagnosticSource.dll
Dependency assembly - I18N.West.dll
Dependency assembly - System.Security.Cryptography.OpenSsl.dll
Dependency assembly - System.ServiceModel.Discovery.dll
Dependency assembly - System.Runtime.Serialization.Json.dll
Dependency assembly - System.Security.Cryptography.Encryption.ECDsa.dll
Dependency assembly - System.Net.Mail.dll
Dependency assembly - System.Diagnostics.Process.dll
Dependency assembly - System.Xml.Xsl.Primitives.dll
Dependency assembly - System.Threading.Timer.dll
Dependency assembly - System.Json.Microsoft.dll
Dependency assembly - System.Threading.Tasks.Dataflow.dll
Dependency assembly - Mono.Messaging.RabbitMQ.dll
Dependency assembly - UnityEngine.UI.dll
Dependency assembly - System.Reflection.Primitives.dll
Dependency assembly - ByteDance.PICO.XR.Spatializer.Example.dll
Dependency assembly - Novell.Directory.Ldap.dll
Dependency assembly - System.Net.WebSockets.Client.dll
Dependency assembly - Mono.CSharp.dll
Dependency assembly - System.Web.dll
Dependency assembly - System.Threading.Overlapped.dll
Dependency assembly - Microsoft.Build.Framework.dll
Dependency assembly - System.Security.Cryptography.Algorithms.dll
Dependency assembly - Unity.Collections.dll
Dependency assembly - System.IO.Compression.FileSystem.dll
Dependency assembly - Mono.Data.Tds.dll
Dependency assembly - SMDiagnostics.dll
Dependency assembly - System.Security.Cryptography.Hashing.dll
Dependency assembly - System.Data.Services.Client.dll
Dependency assembly - System.ServiceModel.Activation.dll
Dependency assembly - System.Linq.Queryable.dll
Dependency assembly - System.Diagnostics.FileVersionInfo.dll
Dependency assembly - System.Security.AccessControl.dll
Dependency assembly - System.Security.Cryptography.Pkcs.dll
Dependency assembly - System.ServiceModel.Routing.dll
Dependency assembly - System.ServiceModel.Internals.dll
Dependency assembly - IBM.Data.DB2.dll
Dependency assembly - System.EnterpriseServices.dll
Dependency assembly - System.Net.Http.WebRequest.dll
Dependency assembly - System.Net.dll
Dependency assembly - System.Resources.Reader.dll
Dependency assembly - Mono.Security.Win32.dll
Dependency assembly - System.Dynamic.Runtime.dll
Dependency assembly - System.Console.dll
Dependency assembly - System.Web.Routing.dll
Dependency assembly - System.IO.FileSystem.Watcher.dll
Dependency assembly - Unity.AI.MCP.Runtime.dll
Dependency assembly - ByteDance.PICO.Spatial.Stage.dll
Dependency assembly - System.Reactive.Windows.Forms.dll
Dependency assembly - System.Runtime.InteropServices.WindowsRuntime.dll
Dependency assembly - I18N.CJK.dll
Dependency assembly - Microsoft.Build.Tasks.v4.0.dll
Dependency assembly - Mono.Options.dll
Dependency assembly - Unity.AI.Tracing.dll
Dependency assembly - System.Text.Json.dll
Dependency assembly - System.ServiceModel.Web.dll
Dependency assembly - System.Reflection.dll
Dependency assembly - Unity.InputSystem.ForUI.dll
Dependency assembly - System.Json.dll
Dependency assembly - System.Security.Cryptography.Encryption.dll
Dependency assembly - System.Globalization.Extensions.dll
Dependency assembly - Mono.WebBrowser.dll
Dependency assembly - System.Workflow.Runtime.dll
Dependency assembly - System.Globalization.Calendars.dll
Dependency assembly - System.ServiceModel.Security.dll
Dependency assembly - System.Data.Services.dll
Dependency assembly - System.IdentityModel.Selectors.dll
Dependency assembly - Unity.XR.OpenXR.Features.RuntimeDebugger.dll
Dependency assembly - System.Threading.Tasks.dll
Dependency assembly - System.ComponentModel.Composition.dll
Dependency assembly - System.Reactive.Linq.dll
Dependency assembly - System.Runtime.Serialization.Formatters.Soap.dll
Dependency assembly - System.Transactions.dll
Dependency assembly - System.DirectoryServices.Protocols.dll
Dependency assembly - Mono.Btls.Interface.dll
Dependency assembly - System.Net.WebHeaderCollection.dll
Dependency assembly - Microsoft.CSharp.dll
Dependency assembly - System.Runtime.Caching.dll
Dependency assembly - SystemWebTestShim.dll
Dependency assembly - System.Net.Http.dll
Dependency assembly - System.Security.Cryptography.Encryption.ECDiffieHellman.dll
Dependency assembly - System.Reflection.Emit.ILGeneration.dll
Dependency assembly - System.ObjectModel.dll
Dependency assembly - Microsoft.Build.Engine.dll
Dependency assembly - System.Windows.Forms.DataVisualization.dll
Dependency assembly - UnityEngine.SpatialTracking.dll
Dependency assembly - Unity.Burst.dll
Dependency assembly - System.Text.Encoding.Extensions.dll
Dependency assembly - System.Runtime.Serialization.Xml.dll
Dependency assembly - Unity.XR.CoreUtils.dll
Dependency assembly - Unity.XR.Management.dll
Dependency assembly - Unity.TextMeshPro.dll
Dependency assembly - System.Drawing.Primitives.dll
Dependency assembly - System.Net.Requests.dll
Dependency assembly - Unity.XR.OpenXR.Features.MockRuntime.dll
Dependency assembly - Mono.Cairo.dll
Dependency assembly - System.ComponentModel.TypeConverter.dll
Dependency assembly - CustomMarshalers.dll
Dependency assembly - System.Net.Sockets.dll
Dependency assembly - System.Web.Http.SelfHost.dll
Dependency assembly - System.Windows.Forms.dll
Dependency assembly - Microsoft.Web.Infrastructure.dll
Dependency assembly - System.ComponentModel.Annotations.dll
Dependency assembly - Unity.Collections.LowLevel.ILSupport.dll
Dependency assembly - System.Reflection.Emit.Lightweight.dll
Dependency assembly - System.Reactive.Providers.dll
Dependency assembly - System.IO.FileSystem.dll
Dependency assembly - System.Memory.dll
Dependency assembly - System.Net.Utilities.dll
Dependency assembly - System.Runtime.Serialization.Formatters.dll
Dependency assembly - System.Resources.Writer.dll
Dependency assembly - System.Threading.Tasks.Parallel.dll
Dependency assembly - System.Threading.dll
Dependency assembly - System.Runtime.dll
Dependency assembly - Microsoft.Win32.Primitives.dll
Dependency assembly - System.Diagnostics.Tracing.dll
Dependency assembly - System.ValueTuple.dll
Dependency assembly - System.Design.dll
Dependency assembly - Unity.Mathematics.dll
Dependency assembly - I18N.MidEast.dll
Dependency assembly - System.Security.dll
Dependency assembly - System.Web.ApplicationServices.dll
Dependency assembly - System.IO.FileSystem.AccessControl.dll
Dependency assembly - ByteDance.PICO.CameraPack.dll
Dependency assembly - System.Web.Mobile.dll
Dependency assembly - System.Xml.Linq.dll
Dependency assembly - System.ServiceModel.Http.dll
Dependency assembly - System.dll
Dependency assembly - System.Xml.XPath.XDocument.dll
Dependency assembly - Mono.Management.dll
Dependency assembly - Mono.Security.dll
Dependency assembly - System.ServiceModel.Duplex.dll
Dependency assembly - System.Resources.ReaderWriter.dll
Dependency assembly - cscompmgd.dll
Dependency assembly - System.Text.RegularExpressions.dll
Dependency assembly - Newtonsoft.Json.dll
Dependency assembly - System.Data.dll
Dependency assembly - Unity.InferenceEngine.MacBLAS.dll
Dependency assembly - System.Configuration.dll
Dependency assembly - System.Web.Services.dll
Dependency assembly - Microsoft.VisualC.dll
Dependency assembly - System.Reflection.Extensions.dll
Dependency assembly - Unity.InputSystem.dll
Dependency assembly - System.Reactive.Windows.Threading.dll
Dependency assembly - System.Web.WebPages.Deployment.dll
Dependency assembly - Mono.CompilerServices.SymbolWriter.dll
Dependency assembly - System.Linq.dll
Dependency assembly - Mono.Profiler.Log.dll
Dependency assembly - ByteDance.PICO.Platform.dll
Dependency assembly - System.Security.Cryptography.X509Certificates.dll

Opening scene 'Assets/SpatialTowerDefense/Scenes/SpatialDefense.unity'
Unloading 2 Unused Serialized files (Serialized files now loaded: 0)
Loaded scene 'Assets/SpatialTowerDefense/Scenes/SpatialDefense.unity'
	Deserialize:            3.966 ms
	Integration:            174.431 ms
	Integration of assets:  0.031 ms
	Thread Wait Time:       0.003 ms
	Total Operation Time:   178.432 ms
Unloading 538 unused Assets / (10.9 MB). Loaded Objects now: 8110.
Memory consumption went from 394.1 MB to 383.1 MB.
Total: 19.422000 ms (FindLiveObjects: 0.210459 ms CreateObjectMapping: 0.530583 ms MarkObjects: 17.478083 ms  DeleteObjects: 1.202250 ms)

Unloading 384 Unused Serialized files (Serialized files now loaded: 0)
Unloading 4371 unused Assets / (33.9 MB). Loaded Objects now: 7601.
Memory consumption went from 0.53 GB to 508.4 MB.
Total: 19.095917 ms (FindLiveObjects: 0.328250 ms CreateObjectMapping: 1.054000 ms MarkObjects: 14.837042 ms  DeleteObjects: 2.876125 ms)

Unloading 0 Unused Serialized files (Serialized files now loaded: 0)
Unloading 0 unused Assets / (5.4 MB). Loaded Objects now: 7601.
Memory consumption went from 508.0 MB to 502.6 MB.
Total: 14.857792 ms (FindLiveObjects: 0.190917 ms CreateObjectMapping: 0.488333 ms MarkObjects: 13.776417 ms  DeleteObjects: 0.401292 ms)

Unloading 10 Unused Serialized files (Serialized files now loaded: 0)
Unloading 145 unused Assets / (136.0 MB). Loaded Objects now: 7601.
Memory consumption went from 0.58 GB to 461.2 MB.
Total: 23.491209 ms (FindLiveObjects: 0.135958 ms CreateObjectMapping: 0.501292 ms MarkObjects: 14.506959 ms  DeleteObjects: 8.346292 ms)

Compiling shader "Mobile/VertexLit"
  Pass "" (vp)
    Target graphics API: metal
    Full variant space:         12
    After settings filtering:   12
    After built-in stripping:   6
    After scriptable stripping: 6
    Processed in 0.00 seconds
  Pass "" (fp)
    Target graphics API: metal
    Full variant space:         12
    After settings filtering:   12
    After built-in stripping:   6
    After scriptable stripping: 6
    Processed in 0.00 seconds
  Pass "" (vp)
    Target graphics API: metal
    Full variant space:         4
    After settings filtering:   4
    After built-in stripping:   2
    After scriptable stripping: 2
    Processed in 0.00 seconds
  Pass "" (fp)
    Target graphics API: metal
    Full variant space:         4
    After settings filtering:   4
    After built-in stripping:   2
    After scriptable stripping: 2
    Processed in 0.00 seconds
  Pass "ShadowCaster" (vp)
    Target graphics API: metal
    Full variant space:         4
    After settings filtering:   4
    After built-in stripping:   4
    After scriptable stripping: 4
    Processed in 0.00 seconds
  Pass "ShadowCaster" (fp)
    Target graphics API: metal
    Full variant space:         4
    After settings filtering:   4
    After built-in stripping:   4
    After scriptable stripping: 4
    Processed in 0.00 seconds
  Pass  (vp, metal) finished in 0.00 seconds. Local cache hits 6 (0.00s CPU time), remote cache hits 0 (0.00s CPU time), compiled 0 variants (0.00s CPU time), skipped 0 variants.
    Prepared data for serialisation in 0.00s
  Pass  (fp, metal) finished in 0.00 seconds. Local cache hits 6 (0.00s CPU time), remote cache hits 0 (0.00s CPU time), compiled 0 variants (0.00s CPU time), skipped 0 variants.
    Prepared data for serialisation in 0.00s
  Pass  (vp, metal) finished in 0.00 seconds. Local cache hits 2 (0.00s CPU time), remote cache hits 0 (0.00s CPU time), compiled 0 variants (0.00s CPU time), skipped 0 variants.
    Prepared data for serialisation in 0.00s
  Pass  (fp, metal) finished in 0.00 seconds. Local cache hits 2 (0.00s CPU time), remote cache hits 0 (0.00s CPU time), compiled 0 variants (0.00s CPU time), skipped 0 variants.
    Prepared data for serialisation in 0.00s
  Pass ShadowCaster (vp, metal) finished in 0.00 seconds. Local cache hits 4 (0.00s CPU time), remote cache hits 0 (0.00s CPU time), compiled 0 variants (0.00s CPU time), skipped 0 variants.
    Prepared data for serialisation in 0.00s
  Pass ShadowCaster (fp, metal) finished in 0.00 seconds. Local cache hits 4 (0.00s CPU time), remote cache hits 0 (0.00s CPU time), compiled 0 variants (0.00s CPU time), skipped 0 variants.
    Prepared data for serialisation in 0.00s
Serialized binary data for shader Mobile/VertexLit in 0.00s
    metal (total internal programs: 24, unique: 24)
Compiling shader "Mobile/Diffuse"
  Pass "FORWARD" (vp)
    Target graphics API: metal
    Full variant space:         664
    After settings filtering:   664
    After built-in stripping:   16
    After scriptable stripping: 16
    Processed in 0.00 seconds
  Pass "FORWARD" (fp)
    Target graphics API: metal
    Full variant space:         504
    After settings filtering:   504
    After built-in stripping:   8
    After scriptable stripping: 8
    Processed in 0.00 seconds
  Pass "DEFERRED" (vp)
    Target graphics API: metal
    Full variant space:         76
    After settings filtering:   76
    After built-in stripping:   8
    After scriptable stripping: 8
    Processed in 0.00 seconds
  Pass "DEFERRED" (fp)
    Target graphics API: metal
    Full variant space:         76
    After settings filtering:   76
    After built-in stripping:   8
    After scriptable stripping: 8
    Processed in 0.00 seconds
  Pass FORWARD (vp, metal) finished in 0.00 seconds. Local cache hits 16 (0.01s CPU time), remote cache hits 0 (0.00s CPU time), compiled 0 variants (0.00s CPU time), skipped 0 variants.
    Prepared data for serialisation in 0.00s
  Pass FORWARD (fp, metal) finished in 0.00 seconds. Local cache hits 8 (0.00s CPU time), remote cache hits 0 (0.00s CPU time), compiled 0 variants (0.00s CPU time), skipped 0 variants.
    Prepared data for serialisation in 0.00s
  Pass DEFERRED (vp, metal) finished in 0.00 seconds. Local cache hits 8 (0.00s CPU time), remote cache hits 0 (0.00s CPU time), compiled 0 variants (0.00s CPU time), skipped 0 variants.
    Prepared data for serialisation in 0.00s
  Pass DEFERRED (fp, metal) finished in 0.00 seconds. Local cache hits 8 (0.00s CPU time), remote cache hits 0 (0.00s CPU time), compiled 0 variants (0.00s CPU time), skipped 0 variants.
    Prepared data for serialisation in 0.00s
Serialized binary data for shader Mobile/Diffuse in 0.00s
    metal (total internal programs: 40, unique: 40)
Compiling shader "Mobile/Unlit (Supports Lightmap)"
  Pass "" (vp)
    Target graphics API: metal
    Full variant space:         4
    After settings filtering:   4
    After built-in stripping:   2
    After scriptable stripping: 2
    Processed in 0.00 seconds
  Pass "" (fp)
    Target graphics API: metal
    Full variant space:         4
    After settings filtering:   4
    After built-in stripping:   2
    After scriptable stripping: 2
    Processed in 0.00 seconds
  Pass "" (vp)
    Target graphics API: metal
    Full variant space:         4
    After settings filtering:   4
    After built-in stripping:   2
    After scriptable stripping: 2
    Processed in 0.00 seconds
  Pass "" (fp)
    Target graphics API: metal
    Full variant space:         4
    After settings filtering:   4
    After built-in stripping:   2
    After scriptable stripping: 2
    Processed in 0.00 seconds
  Pass  (vp, metal) finished in 0.00 seconds. Local cache hits 2 (0.00s CPU time), remote cache hits 0 (0.00s CPU time), compiled 0 variants (0.00s CPU time), skipped 0 variants.
    Prepared data for serialisation in 0.00s
  Pass  (fp, metal) finished in 0.00 seconds. Local cache hits 2 (0.00s CPU time), remote cache hits 0 (0.00s CPU time), compiled 0 variants (0.00s CPU time), skipped 0 variants.
    Prepared data for serialisation in 0.00s
  Pass  (vp, metal) finished in 0.00 seconds. Local cache hits 2 (0.00s CPU time), remote cache hits 0 (0.00s CPU time), compiled 0 variants (0.00s CPU time), skipped 0 variants.
    Prepared data for serialisation in 0.00s
  Pass  (fp, metal) finished in 0.00 seconds. Local cache hits 2 (0.00s CPU time), remote cache hits 0 (0.00s CPU time), compiled 0 variants (0.00s CPU time), skipped 0 variants.
    Prepared data for serialisation in 0.00s
Serialized binary data for shader Mobile/Unlit (Supports Lightmap) in 0.00s
    metal (total internal programs: 8, unique: 8)
Compiling shader "Unlit/Transparent"
  Pass "" (vp)
    Target graphics API: metal
    Full variant space:         4
    After settings filtering:   4
    After built-in stripping:   2
    After scriptable stripping: 2
    Processed in 0.00 seconds
  Pass "" (fp)
    Target graphics API: metal
    Full variant space:         4
    After settings filtering:   4
    After built-in stripping:   2
    After scriptable stripping: 2
    Processed in 0.00 seconds
  Pass  (vp, metal) finished in 0.00 seconds. Local cache hits 2 (0.00s CPU time), remote cache hits 0 (0.00s CPU time), compiled 0 variants (0.00s CPU time), skipped 0 variants.
    Prepared data for serialisation in 0.00s
  Pass  (fp, metal) finished in 0.00 seconds. Local cache hits 2 (0.00s CPU time), remote cache hits 0 (0.00s CPU time), compiled 0 variants (0.00s CPU time), skipped 0 variants.
    Prepared data for serialisation in 0.00s
Serialized binary data for shader Unlit/Transparent in 0.00s
    metal (total internal programs: 4, unique: 4)
Compiling shader "Unlit/Texture"
  Pass "" (vp)
    Target graphics API: metal
    Full variant space:         4
    After settings filtering:   4
    After built-in stripping:   2
    After scriptable stripping: 2
    Processed in 0.00 seconds
  Pass "" (fp)
    Target graphics API: metal
    Full variant space:         4
    After settings filtering:   4
    After built-in stripping:   2
    After scriptable stripping: 2
    Processed in 0.00 seconds
  Pass  (vp, metal) finished in 0.00 seconds. Local cache hits 2 (0.00s CPU time), remote cache hits 0 (0.00s CPU time), compiled 0 variants (0.00s CPU time), skipped 0 variants.
    Prepared data for serialisation in 0.00s
  Pass  (fp, metal) finished in 0.00 seconds. Local cache hits 2 (0.00s CPU time), remote cache hits 0 (0.00s CPU time), compiled 0 variants (0.00s CPU time), skipped 0 variants.
    Prepared data for serialisation in 0.00s
Serialized binary data for shader Unlit/Texture in 0.00s
    metal (total internal programs: 4, unique: 4)
Compiling shader "Unlit/Color"
  Pass "" (vp)
    Target graphics API: metal
    Full variant space:         4
    After settings filtering:   4
    After built-in stripping:   2
    After scriptable stripping: 2
    Processed in 0.00 seconds
  Pass "" (fp)
    Target graphics API: metal
    Full variant space:         4
    After settings filtering:   4
    After built-in stripping:   2
    After scriptable stripping: 2
    Processed in 0.00 seconds
  Pass  (vp, metal) finished in 0.00 seconds. Local cache hits 2 (0.00s CPU time), remote cache hits 0 (0.00s CPU time), compiled 0 variants (0.00s CPU time), skipped 0 variants.
    Prepared data for serialisation in 0.00s
  Pass  (fp, metal) finished in 0.00 seconds. Local cache hits 2 (0.00s CPU time), remote cache hits 0 (0.00s CPU time), compiled 0 variants (0.00s CPU time), skipped 0 variants.
    Prepared data for serialisation in 0.00s
Serialized binary data for shader Unlit/Color in 0.00s
    metal (total internal programs: 4, unique: 4)
Compiling shader "PXR_SDK/PXR_EyeMask"
  Pass "" (vp)
    Target graphics API: metal
    Full variant space:         1
    After settings filtering:   1
    After built-in stripping:   2
    After scriptable stripping: 2
    Processed in 0.00 seconds
  Pass "" (fp)
    Target graphics API: metal
    Full variant space:         1
    After settings filtering:   1
    After built-in stripping:   2
    After scriptable stripping: 2
    Processed in 0.00 seconds
  Pass "" (vp)
    Target graphics API: metal
    Full variant space:         1
    After settings filtering:   1
    After built-in stripping:   2
    After scriptable stripping: 2
    Processed in 0.00 seconds
  Pass "" (fp)
    Target graphics API: metal
    Full variant space:         1
    After settings filtering:   1
    After built-in stripping:   2
    After scriptable stripping: 2
    Processed in 0.00 seconds
  Pass  (vp, metal) finished in 0.00 seconds. Local cache hits 2 (0.00s CPU time), remote cache hits 0 (0.00s CPU time), compiled 0 variants (0.00s CPU time), skipped 0 variants.
    Prepared data for serialisation in 0.00s
  Pass  (fp, metal) finished in 0.00 seconds. Local cache hits 2 (0.00s CPU time), remote cache hits 0 (0.00s CPU time), compiled 0 variants (0.00s CPU time), skipped 0 variants.
    Prepared data for serialisation in 0.00s
  Pass  (vp, metal) finished in 0.00 seconds. Local cache hits 2 (0.00s CPU time), remote cache hits 0 (0.00s CPU time), compiled 0 variants (0.00s CPU time), skipped 0 variants.
    Prepared data for serialisation in 0.00s
  Pass  (fp, metal) finished in 0.00 seconds. Local cache hits 2 (0.00s CPU time), remote cache hits 0 (0.00s CPU time), compiled 0 variants (0.00s CPU time), skipped 0 variants.
    Prepared data for serialisation in 0.00s
Serialized binary data for shader PXR_SDK/PXR_EyeMask in 0.00s
    metal (total internal programs: 8, unique: 6)
Compiling shader "Hidden/Sentis/ReduceExpBias"
  Pass "" (vp)
    Target graphics API: metal
    Full variant space:         1
    After settings filtering:   1
    After built-in stripping:   2
    After scriptable stripping: 2
    Processed in 0.00 seconds
  Pass "" (fp)
    Target graphics API: metal
    Full variant space:         1
    After settings filtering:   1
    After built-in stripping:   2
    After scriptable stripping: 2
    Processed in 0.00 seconds
  Pass  (vp, metal) finished in 0.00 seconds. Local cache hits 2 (0.00s CPU time), remote cache hits 0 (0.00s CPU time), compiled 0 variants (0.00s CPU time), skipped 0 variants.
    Prepared data for serialisation in 0.00s
  Pass  (fp, metal) finished in 0.00 seconds. Local cache hits 2 (0.00s CPU time), remote cache hits 0 (0.00s CPU time), compiled 0 variants (0.00s CPU time), skipped 0 variants.
    Prepared data for serialisation in 0.00s
Serialized binary data for shader Hidden/Sentis/ReduceExpBias in 0.00s
    metal (total internal programs: 4, unique: 4)
Compiling shader "Hidden/Sentis/Activation"
  Pass "" (vp)
    Target graphics API: metal
    Full variant space:         49
    After settings filtering:   49
    After built-in stripping:   98
    After scriptable stripping: 98
    Processed in 0.00 seconds
  Pass "" (fp)
    Target graphics API: metal
    Full variant space:         49
    After settings filtering:   49
    After built-in stripping:   98
    After scriptable stripping: 98
    Processed in 0.00 seconds
  Pass  (vp, metal) finished in 0.00 seconds. Local cache hits 98 (0.03s CPU time), remote cache hits 0 (0.00s CPU time), compiled 0 variants (0.00s CPU time), skipped 0 variants.
    Prepared data for serialisation in 0.00s
  Pass  (fp, metal) finished in 0.00 seconds. Local cache hits 98 (0.03s CPU time), remote cache hits 0 (0.00s CPU time), compiled 0 variants (0.00s CPU time), skipped 0 variants.
    Prepared data for serialisation in 0.00s
Serialized binary data for shader Hidden/Sentis/Activation in 0.00s
    metal (total internal programs: 196, unique: 196)
Compiling shader "HPE/head_fade"
  Pass "headFade" (vp)
    Target graphics API: metal
    Full variant space:         1
    After settings filtering:   1
    After built-in stripping:   2
    After scriptable stripping: 2
    Processed in 0.00 seconds
  Pass "headFade" (fp)
    Target graphics API: metal
    Full variant space:         1
    After settings filtering:   1
    After built-in stripping:   2
    After scriptable stripping: 2
    Processed in 0.00 seconds
  Pass "headFade" (vp)
    Target graphics API: metal
    Full variant space:         1
    After settings filtering:   1
    After built-in stripping:   2
    After scriptable stripping: 2
    Processed in 0.00 seconds
  Pass "headFade" (fp)
    Target graphics API: metal
    Full variant space:         1
    After settings filtering:   1
    After built-in stripping:   2
    After scriptable stripping: 2
    Processed in 0.00 seconds
  Pass headFade (vp, metal) finished in 0.00 seconds. Local cache hits 2 (0.00s CPU time), remote cache hits 0 (0.00s CPU time), compiled 0 variants (0.00s CPU time), skipped 0 variants.
    Prepared data for serialisation in 0.00s
  Pass headFade (fp, metal) finished in 0.00 seconds. Local cache hits 2 (0.00s CPU time), remote cache hits 0 (0.00s CPU time), compiled 0 variants (0.00s CPU time), skipped 0 variants.
    Prepared data for serialisation in 0.00s
  Pass headFade (vp, metal) finished in 0.00 seconds. Local cache hits 2 (0.00s CPU time), remote cache hits 0 (0.00s CPU time), compiled 0 variants (0.00s CPU time), skipped 0 variants.
    Prepared data for serialisation in 0.00s
  Pass headFade (fp, metal) finished in 0.00 seconds. Local cache hits 2 (0.00s CPU time), remote cache hits 0 (0.00s CPU time), compiled 0 variants (0.00s CPU time), skipped 0 variants.
    Prepared data for serialisation in 0.00s
Serialized binary data for shader HPE/head_fade in 0.00s
    metal (total internal programs: 8, unique: 4)
Compiling shader "Hidden/Sentis/Dense"
  Pass "" (vp)
    Target graphics API: metal
    Full variant space:         4
    After settings filtering:   4
    After built-in stripping:   8
    After scriptable stripping: 8
    Processed in 0.00 seconds
  Pass "" (fp)
    Target graphics API: metal
    Full variant space:         4
    After settings filtering:   4
    After built-in stripping:   8
    After scriptable stripping: 8
    Processed in 0.00 seconds
  Pass  (vp, metal) finished in 0.00 seconds. Local cache hits 8 (0.00s CPU time), remote cache hits 0 (0.00s CPU time), compiled 0 variants (0.00s CPU time), skipped 0 variants.
    Prepared data for serialisation in 0.00s
  Pass  (fp, metal) finished in 0.00 seconds. Local cache hits 8 (0.00s CPU time), remote cache hits 0 (0.00s CPU time), compiled 0 variants (0.00s CPU time), skipped 0 variants.
    Prepared data for serialisation in 0.00s
Serialized binary data for shader Hidden/Sentis/Dense in 0.00s
    metal (total internal programs: 16, unique: 16)
Compiling shader "PXR_SDK/PXR_Fade"
  Pass "" (vp)
    Target graphics API: metal
    Full variant space:         4
    After settings filtering:   4
    After built-in stripping:   2
    After scriptable stripping: 2
    Processed in 0.00 seconds
  Pass "" (fp)
    Target graphics API: metal
    Full variant space:         4
    After settings filtering:   4
    After built-in stripping:   2
    After scriptable stripping: 2
    Processed in 0.00 seconds
  Pass  (vp, metal) finished in 0.00 seconds. Local cache hits 2 (0.00s CPU time), remote cache hits 0 (0.00s CPU time), compiled 0 variants (0.00s CPU time), skipped 0 variants.
    Prepared data for serialisation in 0.00s
  Pass  (fp, metal) finished in 0.00 seconds. Local cache hits 2 (0.00s CPU time), remote cache hits 0 (0.00s CPU time), compiled 0 variants (0.00s CPU time), skipped 0 variants.
    Prepared data for serialisation in 0.00s
Serialized binary data for shader PXR_SDK/PXR_Fade in 0.00s
    metal (total internal programs: 4, unique: 4)
Compiling shader "PXR/Neo3"
  Pass "" (vp)
    Target graphics API: metal
    Full variant space:         1
    After settings filtering:   1
    After built-in stripping:   2
    After scriptable stripping: 2
    Processed in 0.00 seconds
  Pass "" (fp)
    Target graphics API: metal
    Full variant space:         1
    After settings filtering:   1
    After built-in stripping:   2
    After scriptable stripping: 2
    Processed in 0.00 seconds
  Pass "" (vp)
    Target graphics API: metal
    Full variant space:         1
    After settings filtering:   1
    After built-in stripping:   2
    After scriptable stripping: 2
    Processed in 0.00 seconds
  Pass "" (fp)
    Target graphics API: metal
    Full variant space:         1
    After settings filtering:   1
    After built-in stripping:   2
    After scriptable stripping: 2
    Processed in 0.00 seconds
  Pass  (vp, metal) finished in 0.00 seconds. Local cache hits 2 (0.00s CPU time), remote cache hits 0 (0.00s CPU time), compiled 0 variants (0.00s CPU time), skipped 0 variants.
    Prepared data for serialisation in 0.00s
  Pass  (fp, metal) finished in 0.00 seconds. Local cache hits 2 (0.00s CPU time), remote cache hits 0 (0.00s CPU time), compiled 0 variants (0.00s CPU time), skipped 0 variants.
    Prepared data for serialisation in 0.00s
  Pass  (vp, metal) finished in 0.00 seconds. Local cache hits 2 (0.00s CPU time), remote cache hits 0 (0.00s CPU time), compiled 0 variants (0.00s CPU time), skipped 0 variants.
    Prepared data for serialisation in 0.00s
  Pass  (fp, metal) finished in 0.00 seconds. Local cache hits 2 (0.00s CPU time), remote cache hits 0 (0.00s CPU time), compiled 0 variants (0.00s CPU time), skipped 0 variants.
    Prepared data for serialisation in 0.00s
Serialized binary data for shader PXR/Neo3 in 0.00s
    metal (total internal programs: 8, unique: 4)
Compiling shader "HandEditor/Transparent Outlined Hand (PrepassZ)"
  Pass "" (vp)
    Target graphics API: metal
    Full variant space:         1
    After settings filtering:   1
    After built-in stripping:   2
    After scriptable stripping: 2
    Processed in 0.00 seconds
  Pass "" (fp)
    Target graphics API: metal
    Full variant space:         1
    After settings filtering:   1
    After built-in stripping:   2
    After scriptable stripping: 2
    Processed in 0.00 seconds
  Pass  (vp, metal) finished in 0.00 seconds. Local cache hits 2 (0.00s CPU time), remote cache hits 0 (0.00s CPU time), compiled 0 variants (0.00s CPU time), skipped 0 variants.
    Prepared data for serialisation in 0.00s
  Pass  (fp, metal) finished in 0.00 seconds. Local cache hits 2 (0.00s CPU time), remote cache hits 0 (0.00s CPU time), compiled 0 variants (0.00s CPU time), skipped 0 variants.
    Prepared data for serialisation in 0.00s
Serialized binary data for shader HandEditor/Transparent Outlined Hand (PrepassZ) in 0.00s
    metal (total internal programs: 4, unique: 4)
Compiling shader "Hidden/Sentis/Pad"
  Pass "" (vp)
    Target graphics API: metal
    Full variant space:         10
    After settings filtering:   10
    After built-in stripping:   20
    After scriptable stripping: 20
    Processed in 0.00 seconds
  Pass "" (fp)
    Target graphics API: metal
    Full variant space:         10
    After settings filtering:   10
    After built-in stripping:   20
    After scriptable stripping: 20
    Processed in 0.00 seconds
  Pass  (vp, metal) finished in 0.00 seconds. Local cache hits 20 (0.00s CPU time), remote cache hits 0 (0.00s CPU time), compiled 0 variants (0.00s CPU time), skipped 0 variants.
    Prepared data for serialisation in 0.00s
  Pass  (fp, metal) finished in 0.00 seconds. Local cache hits 20 (0.01s CPU time), remote cache hits 0 (0.00s CPU time), compiled 0 variants (0.00s CPU time), skipped 0 variants.
    Prepared data for serialisation in 0.00s
Serialized binary data for shader Hidden/Sentis/Pad in 0.00s
    metal (total internal programs: 40, unique: 40)
Shader warning in 'Hidden/Sentis/Pad': integer modulus may be much slower, try using uints if possible. at Packages/com.unity.ai.inference/Runtime/Core/Resources/Sentis/PixelShaders/Pad.shader(55) (on metal)

Compiling Subshader: 0, Pass: , Fragment program with STEREO_INSTANCING_ON WRAP
Platform defines: SHADER_API_DESKTOP UNITY_ENABLE_DETAIL_NORMALMAP UNITY_ENABLE_REFLECTION_BUFFERS UNITY_FRAMEBUFFER_FETCH_AVAILABLE UNITY_LIGHTMAP_FULL_HDR UNITY_LIGHT_PROBE_PROXY_VOLUME UNITY_NEEDS_RENDERPASS_FBFETCH_FALLBACK UNITY_PBS_USE_BRDF1 UNITY_SPECCUBE_BLENDING UNITY_SPECCUBE_BOX_PROJECTION UNITY_USE_DITHER_MASK_FOR_ALPHABLENDED_SHADOWS
Disabled keywords: CONSTANT EDGE INT REFLECT SHADER_API_GLES30 SHADER_API_GLES31 SHADER_API_GLES32 SYMMETRIC UNITY_ASTC_NORMALMAP_ENCODING UNITY_COLORSPACE_GAMMA UNITY_HARDWARE_TIER1 UNITY_HARDWARE_TIER2 UNITY_HARDWARE_TIER3 UNITY_LIGHTMAP_DLDR_ENCODING UNITY_LIGHTMAP_RGBM_ENCODING UNITY_METAL_SHADOWS_USE_POINT_FILTERING UNITY_NO_DXT5nm UNITY_NO_SCREENSPACE_SHADOWS UNITY_PBS_USE_BRDF2 UNITY_PBS_USE_BRDF3 UNITY_PRETRANSFORM_TO_DISPLAY_ORIENTATION UNITY_UNIFIED_SHADER_PRECISION_MODEL UNITY_VIRTUAL_TEXTURING
Compiling shader "Hidden/Sentis/WindowedDFTMatrix"
  Pass "" (vp)
    Target graphics API: metal
    Full variant space:         8
    After settings filtering:   8
    After built-in stripping:   16
    After scriptable stripping: 16
    Processed in 0.00 seconds
  Pass "" (fp)
    Target graphics API: metal
    Full variant space:         8
    After settings filtering:   8
    After built-in stripping:   16
    After scriptable stripping: 16
    Processed in 0.00 seconds
  Pass  (vp, metal) finished in 0.00 seconds. Local cache hits 16 (0.01s CPU time), remote cache hits 0 (0.00s CPU time), compiled 0 variants (0.00s CPU time), skipped 0 variants.
    Prepared data for serialisation in 0.00s
  Pass  (fp, metal) finished in 0.00 seconds. Local cache hits 16 (0.00s CPU time), remote cache hits 0 (0.00s CPU time), compiled 0 variants (0.00s CPU time), skipped 0 variants.
    Prepared data for serialisation in 0.00s
Serialized binary data for shader Hidden/Sentis/WindowedDFTMatrix in 0.00s
    metal (total internal programs: 32, unique: 32)
Compiling shader "Hidden/Sentis/MatMul"
  Pass "" (vp)
    Target graphics API: metal
    Full variant space:         1
    After settings filtering:   1
    After built-in stripping:   2
    After scriptable stripping: 2
    Processed in 0.00 seconds
  Pass "" (fp)
    Target graphics API: metal
    Full variant space:         1
    After settings filtering:   1
    After built-in stripping:   2
    After scriptable stripping: 2
    Processed in 0.00 seconds
  Pass  (vp, metal) finished in 0.00 seconds. Local cache hits 2 (0.00s CPU time), remote cache hits 0 (0.00s CPU time), compiled 0 variants (0.00s CPU time), skipped 0 variants.
    Prepared data for serialisation in 0.00s
  Pass  (fp, metal) finished in 0.00 seconds. Local cache hits 2 (0.00s CPU time), remote cache hits 0 (0.00s CPU time), compiled 0 variants (0.00s CPU time), skipped 0 variants.
    Prepared data for serialisation in 0.00s
Serialized binary data for shader Hidden/Sentis/MatMul in 0.00s
    metal (total internal programs: 4, unique: 4)
Compiling shader "Hidden/Sentis/Transpose"
  Pass "" (vp)
    Target graphics API: metal
    Full variant space:         2
    After settings filtering:   2
    After built-in stripping:   4
    After scriptable stripping: 4
    Processed in 0.00 seconds
  Pass "" (fp)
    Target graphics API: metal
    Full variant space:         2
    After settings filtering:   2
    After built-in stripping:   4
    After scriptable stripping: 4
    Processed in 0.00 seconds
  Pass  (vp, metal) finished in 0.00 seconds. Local cache hits 4 (0.00s CPU time), remote cache hits 0 (0.00s CPU time), compiled 0 variants (0.00s CPU time), skipped 0 variants.
    Prepared data for serialisation in 0.00s
  Pass  (fp, metal) finished in 0.00 seconds. Local cache hits 4 (0.00s CPU time), remote cache hits 0 (0.00s CPU time), compiled 0 variants (0.00s CPU time), skipped 0 variants.
    Prepared data for serialisation in 0.00s
Serialized binary data for shader Hidden/Sentis/Transpose in 0.00s
    metal (total internal programs: 8, unique: 8)
Compiling shader "Hidden/Sentis/ActivationInt"
  Pass "" (vp)
    Target graphics API: metal
    Full variant space:         6
    After settings filtering:   6
    After built-in stripping:   12
    After scriptable stripping: 12
    Processed in 0.00 seconds
  Pass "" (fp)
    Target graphics API: metal
    Full variant space:         6
    After settings filtering:   6
    After built-in stripping:   12
    After scriptable stripping: 12
    Processed in 0.00 seconds
  Pass  (vp, metal) finished in 0.00 seconds. Local cache hits 12 (0.01s CPU time), remote cache hits 0 (0.00s CPU time), compiled 0 variants (0.00s CPU time), skipped 0 variants.
    Prepared data for serialisation in 0.00s
  Pass  (fp, metal) finished in 0.00 seconds. Local cache hits 12 (0.00s CPU time), remote cache hits 0 (0.00s CPU time), compiled 0 variants (0.00s CPU time), skipped 0 variants.
    Prepared data for serialisation in 0.00s
Serialized binary data for shader Hidden/Sentis/ActivationInt in 0.00s
    metal (total internal programs: 24, unique: 24)
Compiling shader "Hidden/Sentis/Trilu"
  Pass "" (vp)
    Target graphics API: metal
    Full variant space:         2
    After settings filtering:   2
    After built-in stripping:   4
    After scriptable stripping: 4
    Processed in 0.00 seconds
  Pass "" (fp)
    Target graphics API: metal
    Full variant space:         2
    After settings filtering:   2
    After built-in stripping:   4
    After scriptable stripping: 4
    Processed in 0.00 seconds
  Pass  (vp, metal) finished in 0.00 seconds. Local cache hits 4 (0.00s CPU time), remote cache hits 0 (0.00s CPU time), compiled 0 variants (0.00s CPU time), skipped 0 variants.
    Prepared data for serialisation in 0.00s
  Pass  (fp, metal) finished in 0.00 seconds. Local cache hits 4 (0.00s CPU time), remote cache hits 0 (0.00s CPU time), compiled 0 variants (0.00s CPU time), skipped 0 variants.
    Prepared data for serialisation in 0.00s
Serialized binary data for shader Hidden/Sentis/Trilu in 0.00s
    metal (total internal programs: 8, unique: 8)
Compiling shader "Hidden/Sentis/InstanceNormalizationTail"
  Pass "" (vp)
    Target graphics API: metal
    Full variant space:         1
    After settings filtering:   1
    After built-in stripping:   2
    After scriptable stripping: 2
    Processed in 0.00 seconds
  Pass "" (fp)
    Target graphics API: metal
    Full variant space:         1
    After settings filtering:   1
    After built-in stripping:   2
    After scriptable stripping: 2
    Processed in 0.00 seconds
  Pass  (vp, metal) finished in 0.00 seconds. Local cache hits 2 (0.00s CPU time), remote cache hits 0 (0.00s CPU time), compiled 0 variants (0.00s CPU time), skipped 0 variants.
    Prepared data for serialisation in 0.00s
  Pass  (fp, metal) finished in 0.00 seconds. Local cache hits 2 (0.00s CPU time), remote cache hits 0 (0.00s CPU time), compiled 0 variants (0.00s CPU time), skipped 0 variants.
    Prepared data for serialisation in 0.00s
Serialized binary data for shader Hidden/Sentis/InstanceNormalizationTail in 0.00s
    metal (total internal programs: 4, unique: 4)
Compiling shader "Hidden/Sentis/Tile"
  Pass "" (vp)
    Target graphics API: metal
    Full variant space:         2
    After settings filtering:   2
    After built-in stripping:   4
    After scriptable stripping: 4
    Processed in 0.00 seconds
  Pass "" (fp)
    Target graphics API: metal
    Full variant space:         2
    After settings filtering:   2
    After built-in stripping:   4
    After scriptable stripping: 4
    Processed in 0.00 seconds
  Pass  (vp, metal) finished in 0.00 seconds. Local cache hits 4 (0.00s CPU time), remote cache hits 0 (0.00s CPU time), compiled 0 variants (0.00s CPU time), skipped 0 variants.
    Prepared data for serialisation in 0.00s
  Pass  (fp, metal) finished in 0.00 seconds. Local cache hits 4 (0.00s CPU time), remote cache hits 0 (0.00s CPU time), compiled 0 variants (0.00s CPU time), skipped 0 variants.
    Prepared data for serialisation in 0.00s
Serialized binary data for shader Hidden/Sentis/Tile in 0.00s
    metal (total internal programs: 8, unique: 8)
Compiling shader "Hidden/Sentis/TextureConversion/TensorToTexture"
  Pass "" (vp)
    Target graphics API: metal
    Full variant space:         12
    After settings filtering:   12
    After built-in stripping:   24
    After scriptable stripping: 24
    Processed in 0.00 seconds
  Pass "" (fp)
    Target graphics API: metal
    Full variant space:         12
    After settings filtering:   12
    After built-in stripping:   24
    After scriptable stripping: 24
    Processed in 0.00 seconds
  Pass  (vp, metal) finished in 0.00 seconds. Local cache hits 24 (0.01s CPU time), remote cache hits 0 (0.00s CPU time), compiled 0 variants (0.00s CPU time), skipped 0 variants.
    Prepared data for serialisation in 0.00s
  Pass  (fp, metal) finished in 0.00 seconds. Local cache hits 24 (0.01s CPU time), remote cache hits 0 (0.00s CPU time), compiled 0 variants (0.00s CPU time), skipped 0 variants.
    Prepared data for serialisation in 0.00s
Serialized binary data for shader Hidden/Sentis/TextureConversion/TensorToTexture in 0.00s
    metal (total internal programs: 48, unique: 48)
Compiling shader "Hidden/Sentis/TextureTensorDataDownload"
  Pass "" (vp)
    Target graphics API: metal
    Full variant space:         3
    After settings filtering:   3
    After built-in stripping:   6
    After scriptable stripping: 6
    Processed in 0.00 seconds
  Pass "" (fp)
    Target graphics API: metal
    Full variant space:         3
    After settings filtering:   3
    After built-in stripping:   6
    After scriptable stripping: 6
    Processed in 0.00 seconds
  Pass  (vp, metal) finished in 0.00 seconds. Local cache hits 6 (0.00s CPU time), remote cache hits 0 (0.00s CPU time), compiled 0 variants (0.00s CPU time), skipped 0 variants.
    Prepared data for serialisation in 0.00s
  Pass  (fp, metal) finished in 0.00 seconds. Local cache hits 6 (0.00s CPU time), remote cache hits 0 (0.00s CPU time), compiled 0 variants (0.00s CPU time), skipped 0 variants.
    Prepared data for serialisation in 0.00s
Serialized binary data for shader Hidden/Sentis/TextureTensorDataDownload in 0.00s
    metal (total internal programs: 12, unique: 12)
Compiling shader "HPE/hand_FloorShadow"
  Pass "Fade" (vp)
    Target graphics API: metal
    Full variant space:         1
    After settings filtering:   1
    After built-in stripping:   2
    After scriptable stripping: 2
    Processed in 0.00 seconds
  Pass "Fade" (fp)
    Target graphics API: metal
    Full variant space:         1
    After settings filtering:   1
    After built-in stripping:   2
    After scriptable stripping: 2
    Processed in 0.00 seconds
  Pass "Fade" (vp)
    Target graphics API: metal
    Full variant space:         1
    After settings filtering:   1
    After built-in stripping:   2
    After scriptable stripping: 2
    Processed in 0.00 seconds
  Pass "Fade" (fp)
    Target graphics API: metal
    Full variant space:         1
    After settings filtering:   1
    After built-in stripping:   2
    After scriptable stripping: 2
    Processed in 0.00 seconds
  Pass Fade (vp, metal) finished in 0.00 seconds. Local cache hits 2 (0.00s CPU time), remote cache hits 0 (0.00s CPU time), compiled 0 variants (0.00s CPU time), skipped 0 variants.
    Prepared data for serialisation in 0.00s
  Pass Fade (fp, metal) finished in 0.00 seconds. Local cache hits 2 (0.00s CPU time), remote cache hits 0 (0.00s CPU time), compiled 0 variants (0.00s CPU time), skipped 0 variants.
    Prepared data for serialisation in 0.00s
  Pass Fade (vp, metal) finished in 0.00 seconds. Local cache hits 2 (0.00s CPU time), remote cache hits 0 (0.00s CPU time), compiled 0 variants (0.00s CPU time), skipped 0 variants.
    Prepared data for serialisation in 0.00s
  Pass Fade (fp, metal) finished in 0.00 seconds. Local cache hits 2 (0.00s CPU time), remote cache hits 0 (0.00s CPU time), compiled 0 variants (0.00s CPU time), skipped 0 variants.
    Prepared data for serialisation in 0.00s
Serialized binary data for shader HPE/hand_FloorShadow in 0.00s
    metal (total internal programs: 8, unique: 4)
Compiling shader "Hidden/Sentis/MelWeightMatrix"
  Pass "" (vp)
    Target graphics API: metal
    Full variant space:         1
    After settings filtering:   1
    After built-in stripping:   2
    After scriptable stripping: 2
    Processed in 0.00 seconds
  Pass "" (fp)
    Target graphics API: metal
    Full variant space:         1
    After settings filtering:   1
    After built-in stripping:   2
    After scriptable stripping: 2
    Processed in 0.00 seconds
  Pass  (vp, metal) finished in 0.00 seconds. Local cache hits 2 (0.00s CPU time), remote cache hits 0 (0.00s CPU time), compiled 0 variants (0.00s CPU time), skipped 0 variants.
    Prepared data for serialisation in 0.00s
  Pass  (fp, metal) finished in 0.00 seconds. Local cache hits 2 (0.00s CPU time), remote cache hits 0 (0.00s CPU time), compiled 0 variants (0.00s CPU time), skipped 0 variants.
    Prepared data for serialisation in 0.00s
Serialized binary data for shader Hidden/Sentis/MelWeightMatrix in 0.00s
    metal (total internal programs: 4, unique: 4)
Compiling shader "Hidden/Sentis/CumSum"
  Pass "" (vp)
    Target graphics API: metal
    Full variant space:         8
    After settings filtering:   8
    After built-in stripping:   16
    After scriptable stripping: 16
    Processed in 0.00 seconds
  Pass "" (fp)
    Target graphics API: metal
    Full variant space:         8
    After settings filtering:   8
    After built-in stripping:   16
    After scriptable stripping: 16
    Processed in 0.00 seconds
  Pass  (vp, metal) finished in 0.00 seconds. Local cache hits 16 (0.01s CPU time), remote cache hits 0 (0.00s CPU time), compiled 0 variants (0.00s CPU time), skipped 0 variants.
    Prepared data for serialisation in 0.00s
  Pass  (fp, metal) finished in 0.00 seconds. Local cache hits 16 (0.00s CPU time), remote cache hits 0 (0.00s CPU time), compiled 0 variants (0.00s CPU time), skipped 0 variants.
    Prepared data for serialisation in 0.00s
Serialized binary data for shader Hidden/Sentis/CumSum in 0.00s
    metal (total internal programs: 32, unique: 32)
Compiling shader "Hidden/Sentis/Window"
  Pass "" (vp)
    Target graphics API: metal
    Full variant space:         3
    After settings filtering:   3
    After built-in stripping:   6
    After scriptable stripping: 6
    Processed in 0.00 seconds
  Pass "" (fp)
    Target graphics API: metal
    Full variant space:         3
    After settings filtering:   3
    After built-in stripping:   6
    After scriptable stripping: 6
    Processed in 0.00 seconds
  Pass  (vp, metal) finished in 0.00 seconds. Local cache hits 6 (0.00s CPU time), remote cache hits 0 (0.00s CPU time), compiled 0 variants (0.00s CPU time), skipped 0 variants.
    Prepared data for serialisation in 0.00s
  Pass  (fp, metal) finished in 0.00 seconds. Local cache hits 6 (0.00s CPU time), remote cache hits 0 (0.00s CPU time), compiled 0 variants (0.00s CPU time), skipped 0 variants.
    Prepared data for serialisation in 0.00s
Serialized binary data for shader Hidden/Sentis/Window in 0.00s
    metal (total internal programs: 12, unique: 12)
Compiling shader "Hidden/Sentis/LocalResponseNormalization"
  Pass "" (vp)
    Target graphics API: metal
    Full variant space:         1
    After settings filtering:   1
    After built-in stripping:   2
    After scriptable stripping: 2
    Processed in 0.00 seconds
  Pass "" (fp)
    Target graphics API: metal
    Full variant space:         1
    After settings filtering:   1
    After built-in stripping:   2
    After scriptable stripping: 2
    Processed in 0.00 seconds
  Pass  (vp, metal) finished in 0.00 seconds. Local cache hits 2 (0.00s CPU time), remote cache hits 0 (0.00s CPU time), compiled 0 variants (0.00s CPU time), skipped 0 variants.
    Prepared data for serialisation in 0.00s
  Pass  (fp, metal) finished in 0.00 seconds. Local cache hits 2 (0.00s CPU time), remote cache hits 0 (0.00s CPU time), compiled 0 variants (0.00s CPU time), skipped 0 variants.
    Prepared data for serialisation in 0.00s
Serialized binary data for shader Hidden/Sentis/LocalResponseNormalization in 0.00s
    metal (total internal programs: 4, unique: 4)
Compiling shader "o_com_shader_code"
  Pass "Forward" (vp)
    Target graphics API: metal
    Full variant space:         1
    After settings filtering:   1
    After built-in stripping:   2
    After scriptable stripping: 2
    Processed in 0.00 seconds
  Pass "Forward" (fp)
    Target graphics API: metal
    Full variant space:         1
    After settings filtering:   1
    After built-in stripping:   2
    After scriptable stripping: 2
    Processed in 0.00 seconds
  Pass "Depth" (vp)
    Target graphics API: metal
    Full variant space:         4
    After settings filtering:   4
    After built-in stripping:   2
    After scriptable stripping: 2
    Processed in 0.00 seconds
  Pass "Depth" (fp)
    Target graphics API: metal
    Full variant space:         4
    After settings filtering:   4
    After built-in stripping:   2
    After scriptable stripping: 2
    Processed in 0.00 seconds
  Pass "Interior" (vp)
    Target graphics API: metal
    Full variant space:         1
    After settings filtering:   1
    After built-in stripping:   2
    After scriptable stripping: 2
    Processed in 0.00 seconds
  Pass "Interior" (fp)
    Target graphics API: metal
    Full variant space:         1
    After settings filtering:   1
    After built-in stripping:   2
    After scriptable stripping: 2
    Processed in 0.00 seconds
  Pass Forward (vp, metal) finished in 0.00 seconds. Local cache hits 2 (0.00s CPU time), remote cache hits 0 (0.00s CPU time), compiled 0 variants (0.00s CPU time), skipped 0 variants.
    Prepared data for serialisation in 0.00s
  Pass Forward (fp, metal) finished in 0.00 seconds. Local cache hits 2 (0.00s CPU time), remote cache hits 0 (0.00s CPU time), compiled 0 variants (0.00s CPU time), skipped 0 variants.
    Prepared data for serialisation in 0.00s
  Pass Depth (vp, metal) finished in 0.00 seconds. Local cache hits 2 (0.00s CPU time), remote cache hits 0 (0.00s CPU time), compiled 0 variants (0.00s CPU time), skipped 0 variants.
    Prepared data for serialisation in 0.00s
  Pass Depth (fp, metal) finished in 0.00 seconds. Local cache hits 2 (0.00s CPU time), remote cache hits 0 (0.00s CPU time), compiled 0 variants (0.00s CPU time), skipped 0 variants.
    Prepared data for serialisation in 0.00s
  Pass Interior (vp, metal) finished in 0.00 seconds. Local cache hits 2 (0.00s CPU time), remote cache hits 0 (0.00s CPU time), compiled 0 variants (0.00s CPU time), skipped 0 variants.
    Prepared data for serialisation in 0.00s
  Pass Interior (fp, metal) finished in 0.00 seconds. Local cache hits 2 (0.00s CPU time), remote cache hits 0 (0.00s CPU time), compiled 0 variants (0.00s CPU time), skipped 0 variants.
    Prepared data for serialisation in 0.00s
Serialized binary data for shader o_com_shader_code in 0.00s
    metal (total internal programs: 12, unique: 8)
Shader warning in 'o_com_shader_code': floating point division by zero at 4U/Shader/o_com_shader_code.shader(72) (on metal)

Compiling Subshader: 0, Pass: Forward, Fragment program with STEREO_INSTANCING_ON
Platform defines: SHADER_API_DESKTOP UNITY_ENABLE_DETAIL_NORMALMAP UNITY_ENABLE_REFLECTION_BUFFERS UNITY_FRAMEBUFFER_FETCH_AVAILABLE UNITY_LIGHTMAP_FULL_HDR UNITY_LIGHT_PROBE_PROXY_VOLUME UNITY_NEEDS_RENDERPASS_FBFETCH_FALLBACK UNITY_PBS_USE_BRDF1 UNITY_SPECCUBE_BLENDING UNITY_SPECCUBE_BOX_PROJECTION UNITY_USE_DITHER_MASK_FOR_ALPHABLENDED_SHADOWS
Disabled keywords: SHADER_API_GLES30 SHADER_API_GLES31 SHADER_API_GLES32 UNITY_ASTC_NORMALMAP_ENCODING UNITY_COLORSPACE_GAMMA UNITY_HARDWARE_TIER1 UNITY_HARDWARE_TIER2 UNITY_HARDWARE_TIER3 UNITY_LIGHTMAP_DLDR_ENCODING UNITY_LIGHTMAP_RGBM_ENCODING UNITY_METAL_SHADOWS_USE_POINT_FILTERING UNITY_NO_DXT5nm UNITY_NO_SCREENSPACE_SHADOWS UNITY_PBS_USE_BRDF2 UNITY_PBS_USE_BRDF3 UNITY_PRETRANSFORM_TO_DISPLAY_ORIENTATION UNITY_UNIFIED_SHADER_PRECISION_MODEL UNITY_VIRTUAL_TEXTURING
Compiling shader "PICO/EnvironmentDepth/Preprocessing"
  Pass "Environment Depth Preprocessing Pass" (vp)
    Target graphics API: metal
    Full variant space:         1
    After settings filtering:   1
    After built-in stripping:   2
    After scriptable stripping: 2
    Processed in 0.00 seconds
  Pass "Environment Depth Preprocessing Pass" (fp)
    Target graphics API: metal
    Full variant space:         1
    After settings filtering:   1
    After built-in stripping:   2
    After scriptable stripping: 2
    Processed in 0.00 seconds
  Pass Environment Depth Preprocessing Pass (vp, metal) finished in 0.00 seconds. Local cache hits 2 (0.00s CPU time), remote cache hits 0 (0.00s CPU time), compiled 0 variants (0.00s CPU time), skipped 0 variants.
    Prepared data for serialisation in 0.00s
  Pass Environment Depth Preprocessing Pass (fp, metal) finished in 0.00 seconds. Local cache hits 2 (0.00s CPU time), remote cache hits 0 (0.00s CPU time), compiled 0 variants (0.00s CPU time), skipped 0 variants.
    Prepared data for serialisation in 0.00s
Serialized binary data for shader PICO/EnvironmentDepth/Preprocessing in 0.00s
    metal (total internal programs: 4, unique: 4)
Shader warning in 'PICO/EnvironmentDepth/Preprocessing': 'i': loop control variable conflicts with a previous declaration in the outer scope; most recent declaration will be used at Packages/com.bytedance.pico.xr/Assets/Resources/Shader/DepthPreprocessing.shader(108) (on metal)

Compiling Subshader: 0, Pass: Environment Depth Preprocessing Pass, Vertex program with <no keywords>
Platform defines: SHADER_API_DESKTOP UNITY_ENABLE_DETAIL_NORMALMAP UNITY_ENABLE_REFLECTION_BUFFERS UNITY_FRAMEBUFFER_FETCH_AVAILABLE UNITY_LIGHTMAP_FULL_HDR UNITY_LIGHT_PROBE_PROXY_VOLUME UNITY_NEEDS_RENDERPASS_FBFETCH_FALLBACK UNITY_PBS_USE_BRDF1 UNITY_SPECCUBE_BLENDING UNITY_SPECCUBE_BOX_PROJECTION UNITY_USE_DITHER_MASK_FOR_ALPHABLENDED_SHADOWS
Disabled keywords: SHADER_API_GLES30 SHADER_API_GLES31 SHADER_API_GLES32 UNITY_ASTC_NORMALMAP_ENCODING UNITY_COLORSPACE_GAMMA UNITY_HARDWARE_TIER1 UNITY_HARDWARE_TIER2 UNITY_HARDWARE_TIER3 UNITY_LIGHTMAP_DLDR_ENCODING UNITY_LIGHTMAP_RGBM_ENCODING UNITY_METAL_SHADOWS_USE_POINT_FILTERING UNITY_NO_DXT5nm UNITY_NO_SCREENSPACE_SHADOWS UNITY_PBS_USE_BRDF2 UNITY_PBS_USE_BRDF3 UNITY_PRETRANSFORM_TO_DISPLAY_ORIENTATION UNITY_UNIFIED_SHADER_PRECISION_MODEL UNITY_VIRTUAL_TEXTURING
Compiling shader "Hidden/Sentis/LayerNormalizationTail"
  Pass "" (vp)
    Target graphics API: metal
    Full variant space:         1
    After settings filtering:   1
    After built-in stripping:   2
    After scriptable stripping: 2
    Processed in 0.00 seconds
  Pass "" (fp)
    Target graphics API: metal
    Full variant space:         1
    After settings filtering:   1
    After built-in stripping:   2
    After scriptable stripping: 2
    Processed in 0.00 seconds
  Pass  (vp, metal) finished in 0.00 seconds. Local cache hits 2 (0.00s CPU time), remote cache hits 0 (0.00s CPU time), compiled 0 variants (0.00s CPU time), skipped 0 variants.
    Prepared data for serialisation in 0.00s
  Pass  (fp, metal) finished in 0.00 seconds. Local cache hits 2 (0.00s CPU time), remote cache hits 0 (0.00s CPU time), compiled 0 variants (0.00s CPU time), skipped 0 variants.
    Prepared data for serialisation in 0.00s
Serialized binary data for shader Hidden/Sentis/LayerNormalizationTail in 0.00s
    metal (total internal programs: 4, unique: 4)
Compiling shader "Hidden/Sentis/IsInfNaN"
  Pass "" (vp)
    Target graphics API: metal
    Full variant space:         2
    After settings filtering:   2
    After built-in stripping:   4
    After scriptable stripping: 4
    Processed in 0.00 seconds
  Pass "" (fp)
    Target graphics API: metal
    Full variant space:         2
    After settings filtering:   2
    After built-in stripping:   4
    After scriptable stripping: 4
    Processed in 0.00 seconds
  Pass  (vp, metal) finished in 0.00 seconds. Local cache hits 4 (0.00s CPU time), remote cache hits 0 (0.00s CPU time), compiled 0 variants (0.00s CPU time), skipped 0 variants.
    Prepared data for serialisation in 0.00s
  Pass  (fp, metal) finished in 0.00 seconds. Local cache hits 4 (0.00s CPU time), remote cache hits 0 (0.00s CPU time), compiled 0 variants (0.00s CPU time), skipped 0 variants.
    Prepared data for serialisation in 0.00s
Serialized binary data for shader Hidden/Sentis/IsInfNaN in 0.00s
    metal (total internal programs: 8, unique: 8)
Compiling shader "PXR_SDK/PXR_CubemapBlit"
  Pass "" (vp)
    Target graphics API: metal
    Full variant space:         1
    After settings filtering:   1
    After built-in stripping:   2
    After scriptable stripping: 2
    Processed in 0.00 seconds
  Pass "" (fp)
    Target graphics API: metal
    Full variant space:         1
    After settings filtering:   1
    After built-in stripping:   2
    After scriptable stripping: 2
    Processed in 0.00 seconds
  Pass  (vp, metal) finished in 0.00 seconds. Local cache hits 2 (0.00s CPU time), remote cache hits 0 (0.00s CPU time), compiled 0 variants (0.00s CPU time), skipped 0 variants.
    Prepared data for serialisation in 0.00s
  Pass  (fp, metal) finished in 0.00 seconds. Local cache hits 2 (0.00s CPU time), remote cache hits 0 (0.00s CPU time), compiled 0 variants (0.00s CPU time), skipped 0 variants.
    Prepared data for serialisation in 0.00s
Serialized binary data for shader PXR_SDK/PXR_CubemapBlit in 0.00s
    metal (total internal programs: 4, unique: 4)
Compiling shader "Hidden/Sentis/GatherElements"
  Pass "" (vp)
    Target graphics API: metal
    Full variant space:         4
    After settings filtering:   4
    After built-in stripping:   8
    After scriptable stripping: 8
    Processed in 0.00 seconds
  Pass "" (fp)
    Target graphics API: metal
    Full variant space:         4
    After settings filtering:   4
    After built-in stripping:   8
    After scriptable stripping: 8
    Processed in 0.00 seconds
  Pass  (vp, metal) finished in 0.00 seconds. Local cache hits 8 (0.00s CPU time), remote cache hits 0 (0.00s CPU time), compiled 0 variants (0.00s CPU time), skipped 0 variants.
    Prepared data for serialisation in 0.00s
  Pass  (fp, metal) finished in 0.00 seconds. Local cache hits 8 (0.00s CPU time), remote cache hits 0 (0.00s CPU time), compiled 0 variants (0.00s CPU time), skipped 0 variants.
    Prepared data for serialisation in 0.00s
Serialized binary data for shader Hidden/Sentis/GatherElements in 0.00s
    metal (total internal programs: 16, unique: 16)
Compiling shader "Hidden/Sentis/TextureConversion/TextureToTensor"
  Pass "" (vp)
    Target graphics API: metal
    Full variant space:         12
    After settings filtering:   12
    After built-in stripping:   24
    After scriptable stripping: 24
    Processed in 0.00 seconds
  Pass "" (fp)
    Target graphics API: metal
    Full variant space:         12
    After settings filtering:   12
    After built-in stripping:   24
    After scriptable stripping: 24
    Processed in 0.00 seconds
  Pass  (vp, metal) finished in 0.00 seconds. Local cache hits 24 (0.01s CPU time), remote cache hits 0 (0.00s CPU time), compiled 0 variants (0.00s CPU time), skipped 0 variants.
    Prepared data for serialisation in 0.00s
  Pass  (fp, metal) finished in 0.00 seconds. Local cache hits 24 (0.01s CPU time), remote cache hits 0 (0.00s CPU time), compiled 0 variants (0.00s CPU time), skipped 0 variants.
    Prepared data for serialisation in 0.00s
Serialized binary data for shader Hidden/Sentis/TextureConversion/TextureToTensor in 0.00s
    metal (total internal programs: 48, unique: 48)
Compiling shader "PICO/EnvironmentDepth/BIRP/OcclusionUnlit"
  Pass "" (vp)
    Target graphics API: metal
    Full variant space:         1
    After settings filtering:   1
    After built-in stripping:   2
    After scriptable stripping: 2
    Processed in 0.00 seconds
  Pass "" (fp)
    Target graphics API: metal
    Full variant space:         1
    After settings filtering:   1
    After built-in stripping:   2
    After scriptable stripping: 2
    Processed in 0.00 seconds
  Pass  (vp, metal) finished in 0.00 seconds. Local cache hits 2 (0.00s CPU time), remote cache hits 0 (0.00s CPU time), compiled 0 variants (0.00s CPU time), skipped 0 variants.
    Prepared data for serialisation in 0.00s
  Pass  (fp, metal) finished in 0.00 seconds. Local cache hits 2 (0.00s CPU time), remote cache hits 0 (0.00s CPU time), compiled 0 variants (0.00s CPU time), skipped 0 variants.
    Prepared data for serialisation in 0.00s
Serialized binary data for shader PICO/EnvironmentDepth/BIRP/OcclusionUnlit in 0.00s
    metal (total internal programs: 4, unique: 4)
Shader warning in 'PICO/EnvironmentDepth/BIRP/OcclusionUnlit': Output value 'vert' is not completely initialized at Packages/com.bytedance.pico.xr/Assets/Resources/Shader/OcclusionUnlit.shader(48) (on metal)

Compiling Subshader: 0, Pass: , Vertex program with STEREO_INSTANCING_ON
Platform defines: SHADER_API_DESKTOP UNITY_ENABLE_DETAIL_NORMALMAP UNITY_ENABLE_REFLECTION_BUFFERS UNITY_FRAMEBUFFER_FETCH_AVAILABLE UNITY_LIGHTMAP_FULL_HDR UNITY_LIGHT_PROBE_PROXY_VOLUME UNITY_NEEDS_RENDERPASS_FBFETCH_FALLBACK UNITY_PBS_USE_BRDF1 UNITY_SPECCUBE_BLENDING UNITY_SPECCUBE_BOX_PROJECTION UNITY_USE_DITHER_MASK_FOR_ALPHABLENDED_SHADOWS
Disabled keywords: SHADER_API_GLES30 SHADER_API_GLES31 SHADER_API_GLES32 UNITY_ASTC_NORMALMAP_ENCODING UNITY_COLORSPACE_GAMMA UNITY_HARDWARE_TIER1 UNITY_HARDWARE_TIER2 UNITY_HARDWARE_TIER3 UNITY_LIGHTMAP_DLDR_ENCODING UNITY_LIGHTMAP_RGBM_ENCODING UNITY_METAL_SHADOWS_USE_POINT_FILTERING UNITY_NO_DXT5nm UNITY_NO_SCREENSPACE_SHADOWS UNITY_PBS_USE_BRDF2 UNITY_PBS_USE_BRDF3 UNITY_PRETRANSFORM_TO_DISPLAY_ORIENTATION UNITY_UNIFIED_SHADER_PRECISION_MODEL UNITY_VIRTUAL_TEXTURING
Compiling shader "Hidden/Sentis/DepthwiseConv"
  Pass "" (vp)
    Target graphics API: metal
    Full variant space:         12
    After settings filtering:   12
    After built-in stripping:   24
    After scriptable stripping: 24
    Processed in 0.00 seconds
  Pass "" (fp)
    Target graphics API: metal
    Full variant space:         12
    After settings filtering:   12
    After built-in stripping:   24
    After scriptable stripping: 24
    Processed in 0.00 seconds
  Pass  (vp, metal) finished in 0.00 seconds. Local cache hits 24 (0.00s CPU time), remote cache hits 0 (0.00s CPU time), compiled 0 variants (0.00s CPU time), skipped 0 variants.
    Prepared data for serialisation in 0.00s
  Pass  (fp, metal) finished in 0.00 seconds. Local cache hits 24 (0.02s CPU time), remote cache hits 0 (0.00s CPU time), compiled 0 variants (0.00s CPU time), skipped 0 variants.
    Prepared data for serialisation in 0.00s
Serialized binary data for shader Hidden/Sentis/DepthwiseConv in 0.00s
    metal (total internal programs: 48, unique: 48)
Compiling shader "SuperSystems/Wireframe-Transparent-Culled"
  Pass "" (vp)
    Target graphics API: metal
    Full variant space:         1
    After settings filtering:   1
    After built-in stripping:   2
    After scriptable stripping: 2
    Processed in 0.00 seconds
  Pass "" (fp)
    Target graphics API: metal
    Full variant space:         1
    After settings filtering:   1
    After built-in stripping:   2
    After scriptable stripping: 2
    Processed in 0.00 seconds
  Pass "" (gp)
    Target graphics API: metal
    Full variant space:         1
    After settings filtering:   1
    After built-in stripping:   2
    After scriptable stripping: 2
    Processed in 0.00 seconds
  Pass  (vp, metal) finished in 0.00 seconds. Local cache hits 0 (0.00s CPU time), remote cache hits 0 (0.00s CPU time), compiled 0 variants (0.00s CPU time), skipped 2 variants.
    Prepared data for serialisation in 0.00s
  Pass  (fp, metal) finished in 0.00 seconds. Local cache hits 0 (0.00s CPU time), remote cache hits 0 (0.00s CPU time), compiled 0 variants (0.00s CPU time), skipped 2 variants.
    Prepared data for serialisation in 0.00s
  Pass  (gp, metal) finished in -0.00 seconds. Local cache hits 0 (0.00s CPU time), remote cache hits 0 (0.00s CPU time), compiled 0 variants (0.00s CPU time), skipped 2 variants.
    Prepared data for serialisation in 0.00s
Serialized binary data for shader SuperSystems/Wireframe-Transparent-Culled in 0.00s
    metal (total internal programs: 0, unique: 0)
Compiling shader "Hidden/Sentis/ConvTranspose"
  Pass "" (vp)
    Target graphics API: metal
    Full variant space:         648
    After settings filtering:   648
    After built-in stripping:   1.296
    After scriptable stripping: 1.296
    Processed in 0.03 seconds
  Pass "" (fp)
    Target graphics API: metal
    Full variant space:         648
    After settings filtering:   648
    After built-in stripping:   1.296
    After scriptable stripping: 1.296
    Processed in 0.03 seconds
  Pass  (vp, metal) finished in 0.03 seconds. Local cache hits 1296 (0.33s CPU time), remote cache hits 0 (0.00s CPU time), compiled 0 variants (0.00s CPU time), skipped 0 variants.
    Prepared data for serialisation in 0.00s
  Pass  (fp, metal) finished in 0.04 seconds. Local cache hits 1296 (0.48s CPU time), remote cache hits 0 (0.00s CPU time), compiled 0 variants (0.00s CPU time), skipped 0 variants.
    Prepared data for serialisation in 0.03s
Serialized binary data for shader Hidden/Sentis/ConvTranspose in 0.00s
    metal (total internal programs: 2592, unique: 2592)
Shader warning in 'Hidden/Sentis/ConvTranspose': integer modulus may be much slower, try using uints if possible. at Packages/com.unity.ai.inference/Runtime/Core/Resources/Sentis/PixelShaders/ConvTranspose.shader(215) (on metal)

Compiling Subshader: 0, Pass: , Fragment program with CONVTRANSPOSE1D DILATIONX_GT_STRIDE NONE USEBIAS
Platform defines: SHADER_API_DESKTOP UNITY_ENABLE_DETAIL_NORMALMAP UNITY_ENABLE_REFLECTION_BUFFERS UNITY_FRAMEBUFFER_FETCH_AVAILABLE UNITY_LIGHTMAP_FULL_HDR UNITY_LIGHT_PROBE_PROXY_VOLUME UNITY_NEEDS_RENDERPASS_FBFETCH_FALLBACK UNITY_PBS_USE_BRDF1 UNITY_SPECCUBE_BLENDING UNITY_SPECCUBE_BOX_PROJECTION UNITY_USE_DITHER_MASK_FOR_ALPHABLENDED_SHADOWS
Disabled keywords: CONVTRANSPOSE2D CONVTRANSPOSE3D DILATIONX_GT_ONE_LTE_STRIDE DILATIONY_GT_ONE_LTE_STRIDE DILATIONY_GT_STRIDE DILATIONZ_GT_ONE_LTE_STRIDE DILATIONZ_GT_STRIDE GROUPS_ENABLED RELU SHADER_API_GLES30 SHADER_API_GLES31 SHADER_API_GLES32 UNITY_ASTC_NORMALMAP_ENCODING UNITY_COLORSPACE_GAMMA UNITY_HARDWARE_TIER1 UNITY_HARDWARE_TIER2 UNITY_HARDWARE_TIER3 UNITY_LIGHTMAP_DLDR_ENCODING UNITY_LIGHTMAP_RGBM_ENCODING UNITY_METAL_SHADOWS_USE_POINT_FILTERING UNITY_NO_DXT5nm UNITY_NO_SCREENSPACE_SHADOWS UNITY_PBS_USE_BRDF2 UNITY_PBS_USE_BRDF3 UNITY_PRETRANSFORM_TO_DISPLAY_ORIENTATION UNITY_UNIFIED_SHADER_PRECISION_MODEL UNITY_VIRTUAL_TEXTURING
Shader warning in 'Hidden/Sentis/ConvTranspose': integer modulus may be much slower, try using uints if possible. at Packages/com.unity.ai.inference/Runtime/Core/Resources/Sentis/PixelShaders/ConvTranspose.shader(218) (on metal)

Compiling Subshader: 0, Pass: , Fragment program with CONVTRANSPOSE1D DILATIONX_GT_STRIDE NONE USEBIAS
Platform defines: SHADER_API_DESKTOP UNITY_ENABLE_DETAIL_NORMALMAP UNITY_ENABLE_REFLECTION_BUFFERS UNITY_FRAMEBUFFER_FETCH_AVAILABLE UNITY_LIGHTMAP_FULL_HDR UNITY_LIGHT_PROBE_PROXY_VOLUME UNITY_NEEDS_RENDERPASS_FBFETCH_FALLBACK UNITY_PBS_USE_BRDF1 UNITY_SPECCUBE_BLENDING UNITY_SPECCUBE_BOX_PROJECTION UNITY_USE_DITHER_MASK_FOR_ALPHABLENDED_SHADOWS
Disabled keywords: CONVTRANSPOSE2D CONVTRANSPOSE3D DILATIONX_GT_ONE_LTE_STRIDE DILATIONY_GT_ONE_LTE_STRIDE DILATIONY_GT_STRIDE DILATIONZ_GT_ONE_LTE_STRIDE DILATIONZ_GT_STRIDE GROUPS_ENABLED RELU SHADER_API_GLES30 SHADER_API_GLES31 SHADER_API_GLES32 UNITY_ASTC_NORMALMAP_ENCODING UNITY_COLORSPACE_GAMMA UNITY_HARDWARE_TIER1 UNITY_HARDWARE_TIER2 UNITY_HARDWARE_TIER3 UNITY_LIGHTMAP_DLDR_ENCODING UNITY_LIGHTMAP_RGBM_ENCODING UNITY_METAL_SHADOWS_USE_POINT_FILTERING UNITY_NO_DXT5nm UNITY_NO_SCREENSPACE_SHADOWS UNITY_PBS_USE_BRDF2 UNITY_PBS_USE_BRDF3 UNITY_PRETRANSFORM_TO_DISPLAY_ORIENTATION UNITY_UNIFIED_SHADER_PRECISION_MODEL UNITY_VIRTUAL_TEXTURING
Shader warning in 'Hidden/Sentis/ConvTranspose': integer modulus may be much slower, try using uints if possible. at Packages/com.unity.ai.inference/Runtime/Core/Resources/Sentis/PixelShaders/ConvTranspose.shader(256) (on metal)

Compiling Subshader: 0, Pass: , Fragment program with CONVTRANSPOSE2D DILATIONY_GT_STRIDE NONE USEBIAS
Platform defines: SHADER_API_DESKTOP UNITY_ENABLE_DETAIL_NORMALMAP UNITY_ENABLE_REFLECTION_BUFFERS UNITY_FRAMEBUFFER_FETCH_AVAILABLE UNITY_LIGHTMAP_FULL_HDR UNITY_LIGHT_PROBE_PROXY_VOLUME UNITY_NEEDS_RENDERPASS_FBFETCH_FALLBACK UNITY_PBS_USE_BRDF1 UNITY_SPECCUBE_BLENDING UNITY_SPECCUBE_BOX_PROJECTION UNITY_USE_DITHER_MASK_FOR_ALPHABLENDED_SHADOWS
Disabled keywords: CONVTRANSPOSE1D CONVTRANSPOSE3D DILATIONX_GT_ONE_LTE_STRIDE DILATIONX_GT_STRIDE DILATIONY_GT_ONE_LTE_STRIDE DILATIONZ_GT_ONE_LTE_STRIDE DILATIONZ_GT_STRIDE GROUPS_ENABLED RELU SHADER_API_GLES30 SHADER_API_GLES31 SHADER_API_GLES32 UNITY_ASTC_NORMALMAP_ENCODING UNITY_COLORSPACE_GAMMA UNITY_HARDWARE_TIER1 UNITY_HARDWARE_TIER2 UNITY_HARDWARE_TIER3 UNITY_LIGHTMAP_DLDR_ENCODING UNITY_LIGHTMAP_RGBM_ENCODING UNITY_METAL_SHADOWS_USE_POINT_FILTERING UNITY_NO_DXT5nm UNITY_NO_SCREENSPACE_SHADOWS UNITY_PBS_USE_BRDF2 UNITY_PBS_USE_BRDF3 UNITY_PRETRANSFORM_TO_DISPLAY_ORIENTATION UNITY_UNIFIED_SHADER_PRECISION_MODEL UNITY_VIRTUAL_TEXTURING
Shader warning in 'Hidden/Sentis/ConvTranspose': integer modulus may be much slower, try using uints if possible. at Packages/com.unity.ai.inference/Runtime/Core/Resources/Sentis/PixelShaders/ConvTranspose.shader(259) (on metal)

Compiling Subshader: 0, Pass: , Fragment program with CONVTRANSPOSE2D DILATIONY_GT_STRIDE NONE USEBIAS
Platform defines: SHADER_API_DESKTOP UNITY_ENABLE_DETAIL_NORMALMAP UNITY_ENABLE_REFLECTION_BUFFERS UNITY_FRAMEBUFFER_FETCH_AVAILABLE UNITY_LIGHTMAP_FULL_HDR UNITY_LIGHT_PROBE_PROXY_VOLUME UNITY_NEEDS_RENDERPASS_FBFETCH_FALLBACK UNITY_PBS_USE_BRDF1 UNITY_SPECCUBE_BLENDING UNITY_SPECCUBE_BOX_PROJECTION UNITY_USE_DITHER_MASK_FOR_ALPHABLENDED_SHADOWS
Disabled keywords: CONVTRANSPOSE1D CONVTRANSPOSE3D DILATIONX_GT_ONE_LTE_STRIDE DILATIONX_GT_STRIDE DILATIONY_GT_ONE_LTE_STRIDE DILATIONZ_GT_ONE_LTE_STRIDE DILATIONZ_GT_STRIDE GROUPS_ENABLED RELU SHADER_API_GLES30 SHADER_API_GLES31 SHADER_API_GLES32 UNITY_ASTC_NORMALMAP_ENCODING UNITY_COLORSPACE_GAMMA UNITY_HARDWARE_TIER1 UNITY_HARDWARE_TIER2 UNITY_HARDWARE_TIER3 UNITY_LIGHTMAP_DLDR_ENCODING UNITY_LIGHTMAP_RGBM_ENCODING UNITY_METAL_SHADOWS_USE_POINT_FILTERING UNITY_NO_DXT5nm UNITY_NO_SCREENSPACE_SHADOWS UNITY_PBS_USE_BRDF2 UNITY_PBS_USE_BRDF3 UNITY_PRETRANSFORM_TO_DISPLAY_ORIENTATION UNITY_UNIFIED_SHADER_PRECISION_MODEL UNITY_VIRTUAL_TEXTURING
Shader warning in 'Hidden/Sentis/ConvTranspose': integer modulus may be much slower, try using uints if possible. at Packages/com.unity.ai.inference/Runtime/Core/Resources/Sentis/PixelShaders/ConvTranspose.shader(296) (on metal)

Compiling Subshader: 0, Pass: , Fragment program with CONVTRANSPOSE3D DILATIONZ_GT_STRIDE RELU
Platform defines: SHADER_API_DESKTOP UNITY_ENABLE_DETAIL_NORMALMAP UNITY_ENABLE_REFLECTION_BUFFERS UNITY_FRAMEBUFFER_FETCH_AVAILABLE UNITY_LIGHTMAP_FULL_HDR UNITY_LIGHT_PROBE_PROXY_VOLUME UNITY_NEEDS_RENDERPASS_FBFETCH_FALLBACK UNITY_PBS_USE_BRDF1 UNITY_SPECCUBE_BLENDING UNITY_SPECCUBE_BOX_PROJECTION UNITY_USE_DITHER_MASK_FOR_ALPHABLENDED_SHADOWS
Disabled keywords: CONVTRANSPOSE1D CONVTRANSPOSE2D DILATIONX_GT_ONE_LTE_STRIDE DILATIONX_GT_STRIDE DILATIONY_GT_ONE_LTE_STRIDE DILATIONY_GT_STRIDE DILATIONZ_GT_ONE_LTE_STRIDE GROUPS_ENABLED NONE SHADER_API_GLES30 SHADER_API_GLES31 SHADER_API_GLES32 UNITY_ASTC_NORMALMAP_ENCODING UNITY_COLORSPACE_GAMMA UNITY_HARDWARE_TIER1 UNITY_HARDWARE_TIER2 UNITY_HARDWARE_TIER3 UNITY_LIGHTMAP_DLDR_ENCODING UNITY_LIGHTMAP_RGBM_ENCODING UNITY_METAL_SHADOWS_USE_POINT_FILTERING UNITY_NO_DXT5nm UNITY_NO_SCREENSPACE_SHADOWS UNITY_PBS_USE_BRDF2 UNITY_PBS_USE_BRDF3 UNITY_PRETRANSFORM_TO_DISPLAY_ORIENTATION UNITY_UNIFIED_SHADER_PRECISION_MODEL UNITY_VIRTUAL_TEXTURING USEBIAS
Shader warning in 'Hidden/Sentis/ConvTranspose': integer modulus may be much slower, try using uints if possible. at Packages/com.unity.ai.inference/Runtime/Core/Resources/Sentis/PixelShaders/ConvTranspose.shader(299) (on metal)

Compiling Subshader: 0, Pass: , Fragment program with CONVTRANSPOSE3D DILATIONZ_GT_STRIDE RELU
Platform defines: SHADER_API_DESKTOP UNITY_ENABLE_DETAIL_NORMALMAP UNITY_ENABLE_REFLECTION_BUFFERS UNITY_FRAMEBUFFER_FETCH_AVAILABLE UNITY_LIGHTMAP_FULL_HDR UNITY_LIGHT_PROBE_PROXY_VOLUME UNITY_NEEDS_RENDERPASS_FBFETCH_FALLBACK UNITY_PBS_USE_BRDF1 UNITY_SPECCUBE_BLENDING UNITY_SPECCUBE_BOX_PROJECTION UNITY_USE_DITHER_MASK_FOR_ALPHABLENDED_SHADOWS
Disabled keywords: CONVTRANSPOSE1D CONVTRANSPOSE2D DILATIONX_GT_ONE_LTE_STRIDE DILATIONX_GT_STRIDE DILATIONY_GT_ONE_LTE_STRIDE DILATIONY_GT_STRIDE DILATIONZ_GT_ONE_LTE_STRIDE GROUPS_ENABLED NONE SHADER_API_GLES30 SHADER_API_GLES31 SHADER_API_GLES32 UNITY_ASTC_NORMALMAP_ENCODING UNITY_COLORSPACE_GAMMA UNITY_HARDWARE_TIER1 UNITY_HARDWARE_TIER2 UNITY_HARDWARE_TIER3 UNITY_LIGHTMAP_DLDR_ENCODING UNITY_LIGHTMAP_RGBM_ENCODING UNITY_METAL_SHADOWS_USE_POINT_FILTERING UNITY_NO_DXT5nm UNITY_NO_SCREENSPACE_SHADOWS UNITY_PBS_USE_BRDF2 UNITY_PBS_USE_BRDF3 UNITY_PRETRANSFORM_TO_DISPLAY_ORIENTATION UNITY_UNIFIED_SHADER_PRECISION_MODEL UNITY_VIRTUAL_TEXTURING USEBIAS
Compressed shader 'Hidden/Sentis/ConvTranspose' on metal from 28.25MB to 0.77MB
Compressed shader 'Hidden/Sentis/ConvTranspose' in 0.05s
Compiling shader "Hidden/Sentis/DepthToSpace"
  Pass "" (vp)
    Target graphics API: metal
    Full variant space:         4
    After settings filtering:   4
    After built-in stripping:   8
    After scriptable stripping: 8
    Processed in 0.00 seconds
  Pass "" (fp)
    Target graphics API: metal
    Full variant space:         4
    After settings filtering:   4
    After built-in stripping:   8
    After scriptable stripping: 8
    Processed in 0.00 seconds
  Pass  (vp, metal) finished in 0.00 seconds. Local cache hits 8 (0.00s CPU time), remote cache hits 0 (0.00s CPU time), compiled 0 variants (0.00s CPU time), skipped 0 variants.
    Prepared data for serialisation in 0.00s
  Pass  (fp, metal) finished in 0.00 seconds. Local cache hits 8 (0.00s CPU time), remote cache hits 0 (0.00s CPU time), compiled 0 variants (0.00s CPU time), skipped 0 variants.
    Prepared data for serialisation in 0.00s
Serialized binary data for shader Hidden/Sentis/DepthToSpace in 0.00s
    metal (total internal programs: 16, unique: 16)
Compiling shader "PXR/PICO4"
  Pass "" (vp)
    Target graphics API: metal
    Full variant space:         1
    After settings filtering:   1
    After built-in stripping:   2
    After scriptable stripping: 2
    Processed in 0.00 seconds
  Pass "" (fp)
    Target graphics API: metal
    Full variant space:         1
    After settings filtering:   1
    After built-in stripping:   2
    After scriptable stripping: 2
    Processed in 0.00 seconds
  Pass "" (vp)
    Target graphics API: metal
    Full variant space:         1
    After settings filtering:   1
    After built-in stripping:   2
    After scriptable stripping: 2
    Processed in 0.00 seconds
  Pass "" (fp)
    Target graphics API: metal
    Full variant space:         1
    After settings filtering:   1
    After built-in stripping:   2
    After scriptable stripping: 2
    Processed in 0.00 seconds
  Pass  (vp, metal) finished in 0.00 seconds. Local cache hits 2 (0.00s CPU time), remote cache hits 0 (0.00s CPU time), compiled 0 variants (0.00s CPU time), skipped 0 variants.
    Prepared data for serialisation in 0.00s
  Pass  (fp, metal) finished in 0.00 seconds. Local cache hits 2 (0.00s CPU time), remote cache hits 0 (0.00s CPU time), compiled 0 variants (0.00s CPU time), skipped 0 variants.
    Prepared data for serialisation in 0.00s
  Pass  (vp, metal) finished in 0.00 seconds. Local cache hits 2 (0.00s CPU time), remote cache hits 0 (0.00s CPU time), compiled 0 variants (0.00s CPU time), skipped 0 variants.
    Prepared data for serialisation in 0.00s
  Pass  (fp, metal) finished in 0.00 seconds. Local cache hits 2 (0.00s CPU time), remote cache hits 0 (0.00s CPU time), compiled 0 variants (0.00s CPU time), skipped 0 variants.
    Prepared data for serialisation in 0.00s
Serialized binary data for shader PXR/PICO4 in 0.00s
    metal (total internal programs: 8, unique: 4)
Compiling shader "Hidden/PicoTowerDefense/DesktopCameraBackground"
  Pass "" (vp)
    Target graphics API: metal
    Full variant space:         1
    After settings filtering:   1
    After built-in stripping:   2
    After scriptable stripping: 2
    Processed in 0.00 seconds
  Pass "" (fp)
    Target graphics API: metal
    Full variant space:         1
    After settings filtering:   1
    After built-in stripping:   2
    After scriptable stripping: 2
    Processed in 0.00 seconds
  Pass  (vp, metal) finished in 0.00 seconds. Local cache hits 2 (0.00s CPU time), remote cache hits 0 (0.00s CPU time), compiled 0 variants (0.00s CPU time), skipped 0 variants.
    Prepared data for serialisation in 0.00s
  Pass  (fp, metal) finished in 0.00 seconds. Local cache hits 2 (0.00s CPU time), remote cache hits 0 (0.00s CPU time), compiled 0 variants (0.00s CPU time), skipped 0 variants.
    Prepared data for serialisation in 0.00s
Serialized binary data for shader Hidden/PicoTowerDefense/DesktopCameraBackground in 0.00s
    metal (total internal programs: 4, unique: 4)
Compiling shader "PXR/PICO4_Power"
  Pass "" (vp)
    Target graphics API: metal
    Full variant space:         1
    After settings filtering:   1
    After built-in stripping:   2
    After scriptable stripping: 2
    Processed in 0.00 seconds
  Pass "" (fp)
    Target graphics API: metal
    Full variant space:         1
    After settings filtering:   1
    After built-in stripping:   2
    After scriptable stripping: 2
    Processed in 0.00 seconds
  Pass "" (vp)
    Target graphics API: metal
    Full variant space:         1
    After settings filtering:   1
    After built-in stripping:   2
    After scriptable stripping: 2
    Processed in 0.00 seconds
  Pass "" (fp)
    Target graphics API: metal
    Full variant space:         1
    After settings filtering:   1
    After built-in stripping:   2
    After scriptable stripping: 2
    Processed in 0.00 seconds
  Pass  (vp, metal) finished in 0.00 seconds. Local cache hits 2 (0.00s CPU time), remote cache hits 0 (0.00s CPU time), compiled 0 variants (0.00s CPU time), skipped 0 variants.
    Prepared data for serialisation in 0.00s
  Pass  (fp, metal) finished in 0.00 seconds. Local cache hits 2 (0.00s CPU time), remote cache hits 0 (0.00s CPU time), compiled 0 variants (0.00s CPU time), skipped 0 variants.
    Prepared data for serialisation in 0.00s
  Pass  (vp, metal) finished in 0.00 seconds. Local cache hits 2 (0.00s CPU time), remote cache hits 0 (0.00s CPU time), compiled 0 variants (0.00s CPU time), skipped 0 variants.
    Prepared data for serialisation in 0.00s
  Pass  (fp, metal) finished in 0.00 seconds. Local cache hits 2 (0.00s CPU time), remote cache hits 0 (0.00s CPU time), compiled 0 variants (0.00s CPU time), skipped 0 variants.
    Prepared data for serialisation in 0.00s
Serialized binary data for shader PXR/PICO4_Power in 0.00s
    metal (total internal programs: 8, unique: 4)
Compiling shader "Hidden/Sentis/SpaceToDepth"
  Pass "" (vp)
    Target graphics API: metal
    Full variant space:         2
    After settings filtering:   2
    After built-in stripping:   4
    After scriptable stripping: 4
    Processed in 0.00 seconds
  Pass "" (fp)
    Target graphics API: metal
    Full variant space:         2
    After settings filtering:   2
    After built-in stripping:   4
    After scriptable stripping: 4
    Processed in 0.00 seconds
  Pass  (vp, metal) finished in 0.00 seconds. Local cache hits 4 (0.00s CPU time), remote cache hits 0 (0.00s CPU time), compiled 0 variants (0.00s CPU time), skipped 0 variants.
    Prepared data for serialisation in 0.00s
  Pass  (fp, metal) finished in 0.00 seconds. Local cache hits 4 (0.00s CPU time), remote cache hits 0 (0.00s CPU time), compiled 0 variants (0.00s CPU time), skipped 0 variants.
    Prepared data for serialisation in 0.00s
Serialized binary data for shader Hidden/Sentis/SpaceToDepth in 0.00s
    metal (total internal programs: 8, unique: 8)
Compiling shader "PXR/G3"
  Pass "" (vp)
    Target graphics API: metal
    Full variant space:         1
    After settings filtering:   1
    After built-in stripping:   2
    After scriptable stripping: 2
    Processed in 0.00 seconds
  Pass "" (fp)
    Target graphics API: metal
    Full variant space:         1
    After settings filtering:   1
    After built-in stripping:   2
    After scriptable stripping: 2
    Processed in 0.00 seconds
  Pass "" (vp)
    Target graphics API: metal
    Full variant space:         1
    After settings filtering:   1
    After built-in stripping:   2
    After scriptable stripping: 2
    Processed in 0.00 seconds
  Pass "" (fp)
    Target graphics API: metal
    Full variant space:         1
    After settings filtering:   1
    After built-in stripping:   2
    After scriptable stripping: 2
    Processed in 0.00 seconds
  Pass  (vp, metal) finished in 0.00 seconds. Local cache hits 2 (0.00s CPU time), remote cache hits 0 (0.00s CPU time), compiled 0 variants (0.00s CPU time), skipped 0 variants.
    Prepared data for serialisation in 0.00s
  Pass  (fp, metal) finished in 0.00 seconds. Local cache hits 2 (0.00s CPU time), remote cache hits 0 (0.00s CPU time), compiled 0 variants (0.00s CPU time), skipped 0 variants.
    Prepared data for serialisation in 0.00s
  Pass  (vp, metal) finished in 0.00 seconds. Local cache hits 2 (0.00s CPU time), remote cache hits 0 (0.00s CPU time), compiled 0 variants (0.00s CPU time), skipped 0 variants.
    Prepared data for serialisation in 0.00s
  Pass  (fp, metal) finished in 0.00 seconds. Local cache hits 2 (0.00s CPU time), remote cache hits 0 (0.00s CPU time), compiled 0 variants (0.00s CPU time), skipped 0 variants.
    Prepared data for serialisation in 0.00s
Serialized binary data for shader PXR/G3 in 0.00s
    metal (total internal programs: 8, unique: 4)
Compiling shader "SpatialTowerDefense/WorldTextTransparent"
  Pass "" (vp)
    Target graphics API: metal
    Full variant space:         1
    After settings filtering:   1
    After built-in stripping:   2
    After scriptable stripping: 2
    Processed in 0.00 seconds
  Pass "" (fp)
    Target graphics API: metal
    Full variant space:         1
    After settings filtering:   1
    After built-in stripping:   2
    After scriptable stripping: 2
    Processed in 0.00 seconds
  Pass  (vp, metal) finished in 0.00 seconds. Local cache hits 2 (0.00s CPU time), remote cache hits 0 (0.00s CPU time), compiled 0 variants (0.00s CPU time), skipped 0 variants.
    Prepared data for serialisation in 0.00s
  Pass  (fp, metal) finished in 0.00 seconds. Local cache hits 2 (0.00s CPU time), remote cache hits 0 (0.00s CPU time), compiled 0 variants (0.00s CPU time), skipped 0 variants.
    Prepared data for serialisation in 0.00s
Serialized binary data for shader SpatialTowerDefense/WorldTextTransparent in 0.00s
    metal (total internal programs: 4, unique: 4)
Compiling shader "Hidden/Sentis/ScatterND"
  Pass "" (vp)
    Target graphics API: metal
    Full variant space:         20
    After settings filtering:   20
    After built-in stripping:   40
    After scriptable stripping: 40
    Processed in 0.00 seconds
  Pass "" (fp)
    Target graphics API: metal
    Full variant space:         20
    After settings filtering:   20
    After built-in stripping:   40
    After scriptable stripping: 40
    Processed in 0.00 seconds
  Pass  (vp, metal) finished in 0.00 seconds. Local cache hits 40 (0.02s CPU time), remote cache hits 0 (0.00s CPU time), compiled 0 variants (0.00s CPU time), skipped 0 variants.
    Prepared data for serialisation in 0.00s
  Pass  (fp, metal) finished in 0.00 seconds. Local cache hits 40 (0.04s CPU time), remote cache hits 0 (0.00s CPU time), compiled 0 variants (0.00s CPU time), skipped 0 variants.
    Prepared data for serialisation in 0.00s
Serialized binary data for shader Hidden/Sentis/ScatterND in 0.00s
    metal (total internal programs: 80, unique: 80)
Shader warning in 'Hidden/Sentis/ScatterND': 'j': loop control variable conflicts with a previous declaration in the outer scope; most recent declaration will be used at Packages/com.unity.ai.inference/Runtime/Core/Resources/Sentis/PixelShaders/ScatterND.shader(72) (on metal)

Compiling Subshader: 0, Pass: , Vertex program with K_LARGE ReduceMin
Platform defines: SHADER_API_DESKTOP UNITY_ENABLE_DETAIL_NORMALMAP UNITY_ENABLE_REFLECTION_BUFFERS UNITY_FRAMEBUFFER_FETCH_AVAILABLE UNITY_LIGHTMAP_FULL_HDR UNITY_LIGHT_PROBE_PROXY_VOLUME UNITY_NEEDS_RENDERPASS_FBFETCH_FALLBACK UNITY_PBS_USE_BRDF1 UNITY_SPECCUBE_BLENDING UNITY_SPECCUBE_BOX_PROJECTION UNITY_USE_DITHER_MASK_FOR_ALPHABLENDED_SHADOWS
Disabled keywords: ReduceAdd ReduceMax ReduceMul ReduceNone SHADER_API_GLES30 SHADER_API_GLES31 SHADER_API_GLES32 ScatterInt UNITY_ASTC_NORMALMAP_ENCODING UNITY_COLORSPACE_GAMMA UNITY_HARDWARE_TIER1 UNITY_HARDWARE_TIER2 UNITY_HARDWARE_TIER3 UNITY_LIGHTMAP_DLDR_ENCODING UNITY_LIGHTMAP_RGBM_ENCODING UNITY_METAL_SHADOWS_USE_POINT_FILTERING UNITY_NO_DXT5nm UNITY_NO_SCREENSPACE_SHADOWS UNITY_PBS_USE_BRDF2 UNITY_PBS_USE_BRDF3 UNITY_PRETRANSFORM_TO_DISPLAY_ORIENTATION UNITY_UNIFIED_SHADER_PRECISION_MODEL UNITY_VIRTUAL_TEXTURING
Shader warning in 'Hidden/Sentis/ScatterND': signed/unsigned mismatch, unsigned assumed at Packages/com.unity.ai.inference/Runtime/Core/Resources/Sentis/PixelShaders/ScatterND.shader(75) (on metal)

Compiling Subshader: 0, Pass: , Vertex program with K_LARGE ReduceMin
Platform defines: SHADER_API_DESKTOP UNITY_ENABLE_DETAIL_NORMALMAP UNITY_ENABLE_REFLECTION_BUFFERS UNITY_FRAMEBUFFER_FETCH_AVAILABLE UNITY_LIGHTMAP_FULL_HDR UNITY_LIGHT_PROBE_PROXY_VOLUME UNITY_NEEDS_RENDERPASS_FBFETCH_FALLBACK UNITY_PBS_USE_BRDF1 UNITY_SPECCUBE_BLENDING UNITY_SPECCUBE_BOX_PROJECTION UNITY_USE_DITHER_MASK_FOR_ALPHABLENDED_SHADOWS
Disabled keywords: ReduceAdd ReduceMax ReduceMul ReduceNone SHADER_API_GLES30 SHADER_API_GLES31 SHADER_API_GLES32 ScatterInt UNITY_ASTC_NORMALMAP_ENCODING UNITY_COLORSPACE_GAMMA UNITY_HARDWARE_TIER1 UNITY_HARDWARE_TIER2 UNITY_HARDWARE_TIER3 UNITY_LIGHTMAP_DLDR_ENCODING UNITY_LIGHTMAP_RGBM_ENCODING UNITY_METAL_SHADOWS_USE_POINT_FILTERING UNITY_NO_DXT5nm UNITY_NO_SCREENSPACE_SHADOWS UNITY_PBS_USE_BRDF2 UNITY_PBS_USE_BRDF3 UNITY_PRETRANSFORM_TO_DISPLAY_ORIENTATION UNITY_UNIFIED_SHADER_PRECISION_MODEL UNITY_VIRTUAL_TEXTURING
Shader warning in 'Hidden/Sentis/ScatterND': signed/unsigned mismatch, unsigned assumed at Packages/com.unity.ai.inference/Runtime/Core/Resources/Sentis/PixelShaders/ScatterND.shader(77) (on metal)

Compiling Subshader: 0, Pass: , Vertex program with K_LARGE ReduceMin
Platform defines: SHADER_API_DESKTOP UNITY_ENABLE_DETAIL_NORMALMAP UNITY_ENABLE_REFLECTION_BUFFERS UNITY_FRAMEBUFFER_FETCH_AVAILABLE UNITY_LIGHTMAP_FULL_HDR UNITY_LIGHT_PROBE_PROXY_VOLUME UNITY_NEEDS_RENDERPASS_FBFETCH_FALLBACK UNITY_PBS_USE_BRDF1 UNITY_SPECCUBE_BLENDING UNITY_SPECCUBE_BOX_PROJECTION UNITY_USE_DITHER_MASK_FOR_ALPHABLENDED_SHADOWS
Disabled keywords: ReduceAdd ReduceMax ReduceMul ReduceNone SHADER_API_GLES30 SHADER_API_GLES31 SHADER_API_GLES32 ScatterInt UNITY_ASTC_NORMALMAP_ENCODING UNITY_COLORSPACE_GAMMA UNITY_HARDWARE_TIER1 UNITY_HARDWARE_TIER2 UNITY_HARDWARE_TIER3 UNITY_LIGHTMAP_DLDR_ENCODING UNITY_LIGHTMAP_RGBM_ENCODING UNITY_METAL_SHADOWS_USE_POINT_FILTERING UNITY_NO_DXT5nm UNITY_NO_SCREENSPACE_SHADOWS UNITY_PBS_USE_BRDF2 UNITY_PBS_USE_BRDF3 UNITY_PRETRANSFORM_TO_DISPLAY_ORIENTATION UNITY_UNIFIED_SHADER_PRECISION_MODEL UNITY_VIRTUAL_TEXTURING
Shader warning in 'Hidden/Sentis/ScatterND': signed/unsigned mismatch, unsigned assumed at Packages/com.unity.ai.inference/Runtime/Core/Resources/Sentis/PixelShaders/ScatterND.shader(79) (on metal)

Compiling Subshader: 0, Pass: , Vertex program with K_LARGE ReduceMin
Platform defines: SHADER_API_DESKTOP UNITY_ENABLE_DETAIL_NORMALMAP UNITY_ENABLE_REFLECTION_BUFFERS UNITY_FRAMEBUFFER_FETCH_AVAILABLE UNITY_LIGHTMAP_FULL_HDR UNITY_LIGHT_PROBE_PROXY_VOLUME UNITY_NEEDS_RENDERPASS_FBFETCH_FALLBACK UNITY_PBS_USE_BRDF1 UNITY_SPECCUBE_BLENDING UNITY_SPECCUBE_BOX_PROJECTION UNITY_USE_DITHER_MASK_FOR_ALPHABLENDED_SHADOWS
Disabled keywords: ReduceAdd ReduceMax ReduceMul ReduceNone SHADER_API_GLES30 SHADER_API_GLES31 SHADER_API_GLES32 ScatterInt UNITY_ASTC_NORMALMAP_ENCODING UNITY_COLORSPACE_GAMMA UNITY_HARDWARE_TIER1 UNITY_HARDWARE_TIER2 UNITY_HARDWARE_TIER3 UNITY_LIGHTMAP_DLDR_ENCODING UNITY_LIGHTMAP_RGBM_ENCODING UNITY_METAL_SHADOWS_USE_POINT_FILTERING UNITY_NO_DXT5nm UNITY_NO_SCREENSPACE_SHADOWS UNITY_PBS_USE_BRDF2 UNITY_PBS_USE_BRDF3 UNITY_PRETRANSFORM_TO_DISPLAY_ORIENTATION UNITY_UNIFIED_SHADER_PRECISION_MODEL UNITY_VIRTUAL_TEXTURING
Shader warning in 'Hidden/Sentis/ScatterND': signed/unsigned mismatch, unsigned assumed at Packages/com.unity.ai.inference/Runtime/Core/Resources/Sentis/PixelShaders/ScatterND.shader(81) (on metal)

Compiling Subshader: 0, Pass: , Vertex program with K_LARGE ReduceMin
Platform defines: SHADER_API_DESKTOP UNITY_ENABLE_DETAIL_NORMALMAP UNITY_ENABLE_REFLECTION_BUFFERS UNITY_FRAMEBUFFER_FETCH_AVAILABLE UNITY_LIGHTMAP_FULL_HDR UNITY_LIGHT_PROBE_PROXY_VOLUME UNITY_NEEDS_RENDERPASS_FBFETCH_FALLBACK UNITY_PBS_USE_BRDF1 UNITY_SPECCUBE_BLENDING UNITY_SPECCUBE_BOX_PROJECTION UNITY_USE_DITHER_MASK_FOR_ALPHABLENDED_SHADOWS
Disabled keywords: ReduceAdd ReduceMax ReduceMul ReduceNone SHADER_API_GLES30 SHADER_API_GLES31 SHADER_API_GLES32 ScatterInt UNITY_ASTC_NORMALMAP_ENCODING UNITY_COLORSPACE_GAMMA UNITY_HARDWARE_TIER1 UNITY_HARDWARE_TIER2 UNITY_HARDWARE_TIER3 UNITY_LIGHTMAP_DLDR_ENCODING UNITY_LIGHTMAP_RGBM_ENCODING UNITY_METAL_SHADOWS_USE_POINT_FILTERING UNITY_NO_DXT5nm UNITY_NO_SCREENSPACE_SHADOWS UNITY_PBS_USE_BRDF2 UNITY_PBS_USE_BRDF3 UNITY_PRETRANSFORM_TO_DISPLAY_ORIENTATION UNITY_UNIFIED_SHADER_PRECISION_MODEL UNITY_VIRTUAL_TEXTURING
Shader warning in 'Hidden/Sentis/ScatterND': signed/unsigned mismatch, unsigned assumed at Packages/com.unity.ai.inference/Runtime/Core/Resources/Sentis/PixelShaders/ScatterND.shader(86) (on metal)

Compiling Subshader: 0, Pass: , Vertex program with K_LARGE ReduceMin
Platform defines: SHADER_API_DESKTOP UNITY_ENABLE_DETAIL_NORMALMAP UNITY_ENABLE_REFLECTION_BUFFERS UNITY_FRAMEBUFFER_FETCH_AVAILABLE UNITY_LIGHTMAP_FULL_HDR UNITY_LIGHT_PROBE_PROXY_VOLUME UNITY_NEEDS_RENDERPASS_FBFETCH_FALLBACK UNITY_PBS_USE_BRDF1 UNITY_SPECCUBE_BLENDING UNITY_SPECCUBE_BOX_PROJECTION UNITY_USE_DITHER_MASK_FOR_ALPHABLENDED_SHADOWS
Disabled keywords: ReduceAdd ReduceMax ReduceMul ReduceNone SHADER_API_GLES30 SHADER_API_GLES31 SHADER_API_GLES32 ScatterInt UNITY_ASTC_NORMALMAP_ENCODING UNITY_COLORSPACE_GAMMA UNITY_HARDWARE_TIER1 UNITY_HARDWARE_TIER2 UNITY_HARDWARE_TIER3 UNITY_LIGHTMAP_DLDR_ENCODING UNITY_LIGHTMAP_RGBM_ENCODING UNITY_METAL_SHADOWS_USE_POINT_FILTERING UNITY_NO_DXT5nm UNITY_NO_SCREENSPACE_SHADOWS UNITY_PBS_USE_BRDF2 UNITY_PBS_USE_BRDF3 UNITY_PRETRANSFORM_TO_DISPLAY_ORIENTATION UNITY_UNIFIED_SHADER_PRECISION_MODEL UNITY_VIRTUAL_TEXTURING
Shader warning in 'Hidden/Sentis/ScatterND': signed/unsigned mismatch, unsigned assumed at Packages/com.unity.ai.inference/Runtime/Core/Resources/Sentis/PixelShaders/ScatterND.shader(88) (on metal)

Compiling Subshader: 0, Pass: , Vertex program with K_LARGE ReduceMin
Platform defines: SHADER_API_DESKTOP UNITY_ENABLE_DETAIL_NORMALMAP UNITY_ENABLE_REFLECTION_BUFFERS UNITY_FRAMEBUFFER_FETCH_AVAILABLE UNITY_LIGHTMAP_FULL_HDR UNITY_LIGHT_PROBE_PROXY_VOLUME UNITY_NEEDS_RENDERPASS_FBFETCH_FALLBACK UNITY_PBS_USE_BRDF1 UNITY_SPECCUBE_BLENDING UNITY_SPECCUBE_BOX_PROJECTION UNITY_USE_DITHER_MASK_FOR_ALPHABLENDED_SHADOWS
Disabled keywords: ReduceAdd ReduceMax ReduceMul ReduceNone SHADER_API_GLES30 SHADER_API_GLES31 SHADER_API_GLES32 ScatterInt UNITY_ASTC_NORMALMAP_ENCODING UNITY_COLORSPACE_GAMMA UNITY_HARDWARE_TIER1 UNITY_HARDWARE_TIER2 UNITY_HARDWARE_TIER3 UNITY_LIGHTMAP_DLDR_ENCODING UNITY_LIGHTMAP_RGBM_ENCODING UNITY_METAL_SHADOWS_USE_POINT_FILTERING UNITY_NO_DXT5nm UNITY_NO_SCREENSPACE_SHADOWS UNITY_PBS_USE_BRDF2 UNITY_PBS_USE_BRDF3 UNITY_PRETRANSFORM_TO_DISPLAY_ORIENTATION UNITY_UNIFIED_SHADER_PRECISION_MODEL UNITY_VIRTUAL_TEXTURING
Shader warning in 'Hidden/Sentis/ScatterND': signed/unsigned mismatch, unsigned assumed at Packages/com.unity.ai.inference/Runtime/Core/Resources/Sentis/PixelShaders/ScatterND.shader(90) (on metal)

Compiling Subshader: 0, Pass: , Vertex program with K_LARGE ReduceMin
Platform defines: SHADER_API_DESKTOP UNITY_ENABLE_DETAIL_NORMALMAP UNITY_ENABLE_REFLECTION_BUFFERS UNITY_FRAMEBUFFER_FETCH_AVAILABLE UNITY_LIGHTMAP_FULL_HDR UNITY_LIGHT_PROBE_PROXY_VOLUME UNITY_NEEDS_RENDERPASS_FBFETCH_FALLBACK UNITY_PBS_USE_BRDF1 UNITY_SPECCUBE_BLENDING UNITY_SPECCUBE_BOX_PROJECTION UNITY_USE_DITHER_MASK_FOR_ALPHABLENDED_SHADOWS
Disabled keywords: ReduceAdd ReduceMax ReduceMul ReduceNone SHADER_API_GLES30 SHADER_API_GLES31 SHADER_API_GLES32 ScatterInt UNITY_ASTC_NORMALMAP_ENCODING UNITY_COLORSPACE_GAMMA UNITY_HARDWARE_TIER1 UNITY_HARDWARE_TIER2 UNITY_HARDWARE_TIER3 UNITY_LIGHTMAP_DLDR_ENCODING UNITY_LIGHTMAP_RGBM_ENCODING UNITY_METAL_SHADOWS_USE_POINT_FILTERING UNITY_NO_DXT5nm UNITY_NO_SCREENSPACE_SHADOWS UNITY_PBS_USE_BRDF2 UNITY_PBS_USE_BRDF3 UNITY_PRETRANSFORM_TO_DISPLAY_ORIENTATION UNITY_UNIFIED_SHADER_PRECISION_MODEL UNITY_VIRTUAL_TEXTURING
Shader warning in 'Hidden/Sentis/ScatterND': signed/unsigned mismatch, unsigned assumed at Packages/com.unity.ai.inference/Runtime/Core/Resources/Sentis/PixelShaders/ScatterND.shader(92) (on metal)

Compiling Subshader: 0, Pass: , Vertex program with K_LARGE ReduceMin
Platform defines: SHADER_API_DESKTOP UNITY_ENABLE_DETAIL_NORMALMAP UNITY_ENABLE_REFLECTION_BUFFERS UNITY_FRAMEBUFFER_FETCH_AVAILABLE UNITY_LIGHTMAP_FULL_HDR UNITY_LIGHT_PROBE_PROXY_VOLUME UNITY_NEEDS_RENDERPASS_FBFETCH_FALLBACK UNITY_PBS_USE_BRDF1 UNITY_SPECCUBE_BLENDING UNITY_SPECCUBE_BOX_PROJECTION UNITY_USE_DITHER_MASK_FOR_ALPHABLENDED_SHADOWS
Disabled keywords: ReduceAdd ReduceMax ReduceMul ReduceNone SHADER_API_GLES30 SHADER_API_GLES31 SHADER_API_GLES32 ScatterInt UNITY_ASTC_NORMALMAP_ENCODING UNITY_COLORSPACE_GAMMA UNITY_HARDWARE_TIER1 UNITY_HARDWARE_TIER2 UNITY_HARDWARE_TIER3 UNITY_LIGHTMAP_DLDR_ENCODING UNITY_LIGHTMAP_RGBM_ENCODING UNITY_METAL_SHADOWS_USE_POINT_FILTERING UNITY_NO_DXT5nm UNITY_NO_SCREENSPACE_SHADOWS UNITY_PBS_USE_BRDF2 UNITY_PBS_USE_BRDF3 UNITY_PRETRANSFORM_TO_DISPLAY_ORIENTATION UNITY_UNIFIED_SHADER_PRECISION_MODEL UNITY_VIRTUAL_TEXTURING
Compiling shader "SyntyStudios/VegitationShader"
  Pass "FORWARD" (vp)
    Target graphics API: metal
    Full variant space:         1.328
    After settings filtering:   1.328
    After built-in stripping:   32
    After scriptable stripping: 32
    Processed in 0.00 seconds
  Pass "FORWARD" (fp)
    Target graphics API: metal
    Full variant space:         1.008
    After settings filtering:   1.008
    After built-in stripping:   16
    After scriptable stripping: 16
    Processed in 0.00 seconds
  Pass "FORWARD" (vp)
    Target graphics API: metal
    Full variant space:         376
    After settings filtering:   376
    After built-in stripping:   52
    After scriptable stripping: 52
    Processed in 0.00 seconds
  Pass "FORWARD" (fp)
    Target graphics API: metal
    Full variant space:         376
    After settings filtering:   376
    After built-in stripping:   52
    After scriptable stripping: 52
    Processed in 0.00 seconds
  Pass "DEFERRED" (vp)
    Target graphics API: metal
    Full variant space:         152
    After settings filtering:   152
    After built-in stripping:   16
    After scriptable stripping: 16
    Processed in 0.00 seconds
  Pass "DEFERRED" (fp)
    Target graphics API: metal
    Full variant space:         152
    After settings filtering:   152
    After built-in stripping:   16
    After scriptable stripping: 16
    Processed in 0.00 seconds
  Pass "ShadowCaster" (vp)
    Target graphics API: metal
    Full variant space:         2
    After settings filtering:   2
    After built-in stripping:   4
    After scriptable stripping: 4
    Processed in 0.00 seconds
  Pass "ShadowCaster" (fp)
    Target graphics API: metal
    Full variant space:         2
    After settings filtering:   2
    After built-in stripping:   4
    After scriptable stripping: 4
    Processed in 0.00 seconds
  Pass FORWARD (vp, metal) finished in 0.00 seconds. Local cache hits 32 (0.01s CPU time), remote cache hits 0 (0.00s CPU time), compiled 0 variants (0.00s CPU time), skipped 0 variants.
    Prepared data for serialisation in 0.00s
  Pass FORWARD (fp, metal) finished in 0.00 seconds. Local cache hits 16 (0.01s CPU time), remote cache hits 0 (0.00s CPU time), compiled 0 variants (0.00s CPU time), skipped 0 variants.
    Prepared data for serialisation in 0.00s
  Pass FORWARD (vp, metal) finished in 0.00 seconds. Local cache hits 52 (0.01s CPU time), remote cache hits 0 (0.00s CPU time), compiled 0 variants (0.00s CPU time), skipped 0 variants.
    Prepared data for serialisation in 0.00s
  Pass FORWARD (fp, metal) finished in 0.00 seconds. Local cache hits 52 (0.01s CPU time), remote cache hits 0 (0.00s CPU time), compiled 0 variants (0.00s CPU time), skipped 0 variants.
    Prepared data for serialisation in 0.00s
  Pass DEFERRED (vp, metal) finished in 0.00 seconds. Local cache hits 16 (0.00s CPU time), remote cache hits 0 (0.00s CPU time), compiled 0 variants (0.00s CPU time), skipped 0 variants.
    Prepared data for serialisation in 0.00s
  Pass DEFERRED (fp, metal) finished in 0.00 seconds. Local cache hits 16 (0.01s CPU time), remote cache hits 0 (0.00s CPU time), compiled 0 variants (0.00s CPU time), skipped 0 variants.
    Prepared data for serialisation in 0.00s
  Pass ShadowCaster (vp, metal) finished in 0.00 seconds. Local cache hits 4 (0.00s CPU time), remote cache hits 0 (0.00s CPU time), compiled 0 variants (0.00s CPU time), skipped 0 variants.
    Prepared data for serialisation in 0.00s
  Pass ShadowCaster (fp, metal) finished in 0.00 seconds. Local cache hits 4 (0.00s CPU time), remote cache hits 0 (0.00s CPU time), compiled 0 variants (0.00s CPU time), skipped 0 variants.
    Prepared data for serialisation in 0.00s
Serialized binary data for shader SyntyStudios/VegitationShader in 0.00s
    metal (total internal programs: 192, unique: 192)
Compressed shader 'SyntyStudios/VegitationShader' on metal from 4.77MB to 0.15MB
Compressed shader 'SyntyStudios/VegitationShader' in 0.03s
Compiling shader "Hidden/Sentis/STFT"
  Pass "" (vp)
    Target graphics API: metal
    Full variant space:         10
    After settings filtering:   10
    After built-in stripping:   20
    After scriptable stripping: 20
    Processed in 0.00 seconds
  Pass "" (fp)
    Target graphics API: metal
    Full variant space:         10
    After settings filtering:   10
    After built-in stripping:   20
    After scriptable stripping: 20
    Processed in 0.00 seconds
  Pass "" (vp)
    Target graphics API: metal
    Full variant space:         10
    After settings filtering:   10
    After built-in stripping:   20
    After scriptable stripping: 20
    Processed in 0.00 seconds
  Pass "" (fp)
    Target graphics API: metal
    Full variant space:         10
    After settings filtering:   10
    After built-in stripping:   20
    After scriptable stripping: 20
    Processed in 0.00 seconds
  Pass  (vp, metal) finished in 0.00 seconds. Local cache hits 20 (0.01s CPU time), remote cache hits 0 (0.00s CPU time), compiled 0 variants (0.00s CPU time), skipped 0 variants.
    Prepared data for serialisation in 0.00s
  Pass  (fp, metal) finished in 0.00 seconds. Local cache hits 20 (0.01s CPU time), remote cache hits 0 (0.00s CPU time), compiled 0 variants (0.00s CPU time), skipped 0 variants.
    Prepared data for serialisation in 0.00s
  Pass  (vp, metal) finished in 0.00 seconds. Local cache hits 20 (0.01s CPU time), remote cache hits 0 (0.00s CPU time), compiled 0 variants (0.00s CPU time), skipped 0 variants.
    Prepared data for serialisation in 0.00s
  Pass  (fp, metal) finished in 0.00 seconds. Local cache hits 20 (0.00s CPU time), remote cache hits 0 (0.00s CPU time), compiled 0 variants (0.00s CPU time), skipped 0 variants.
    Prepared data for serialisation in 0.00s
Serialized binary data for shader Hidden/Sentis/STFT in 0.00s
    metal (total internal programs: 80, unique: 40)
Compiling shader "o_com_power_code"
  Pass "Forward" (vp)
    Target graphics API: metal
    Full variant space:         1
    After settings filtering:   1
    After built-in stripping:   2
    After scriptable stripping: 2
    Processed in 0.00 seconds
  Pass "Forward" (fp)
    Target graphics API: metal
    Full variant space:         1
    After settings filtering:   1
    After built-in stripping:   2
    After scriptable stripping: 2
    Processed in 0.00 seconds
  Pass "Interior" (vp)
    Target graphics API: metal
    Full variant space:         1
    After settings filtering:   1
    After built-in stripping:   2
    After scriptable stripping: 2
    Processed in 0.00 seconds
  Pass "Interior" (fp)
    Target graphics API: metal
    Full variant space:         1
    After settings filtering:   1
    After built-in stripping:   2
    After scriptable stripping: 2
    Processed in 0.00 seconds
  Pass Forward (vp, metal) finished in 0.00 seconds. Local cache hits 2 (0.00s CPU time), remote cache hits 0 (0.00s CPU time), compiled 0 variants (0.00s CPU time), skipped 0 variants.
    Prepared data for serialisation in 0.00s
  Pass Forward (fp, metal) finished in 0.00 seconds. Local cache hits 2 (0.00s CPU time), remote cache hits 0 (0.00s CPU time), compiled 0 variants (0.00s CPU time), skipped 0 variants.
    Prepared data for serialisation in 0.00s
  Pass Interior (vp, metal) finished in 0.00 seconds. Local cache hits 2 (0.00s CPU time), remote cache hits 0 (0.00s CPU time), compiled 0 variants (0.00s CPU time), skipped 0 variants.
    Prepared data for serialisation in 0.00s
  Pass Interior (fp, metal) finished in 0.00 seconds. Local cache hits 2 (0.00s CPU time), remote cache hits 0 (0.00s CPU time), compiled 0 variants (0.00s CPU time), skipped 0 variants.
    Prepared data for serialisation in 0.00s
Serialized binary data for shader o_com_power_code in 0.00s
    metal (total internal programs: 8, unique: 4)
Compiling shader "SpatialTowerDefense/GeneratedUiOverlaySurface"
  Pass "" (vp)
    Target graphics API: metal
    Full variant space:         1
    After settings filtering:   1
    After built-in stripping:   2
    After scriptable stripping: 2
    Processed in 0.00 seconds
  Pass "" (fp)
    Target graphics API: metal
    Full variant space:         1
    After settings filtering:   1
    After built-in stripping:   2
    After scriptable stripping: 2
    Processed in 0.00 seconds
  Pass  (vp, metal) finished in 0.00 seconds. Local cache hits 2 (0.00s CPU time), remote cache hits 0 (0.00s CPU time), compiled 0 variants (0.00s CPU time), skipped 0 variants.
    Prepared data for serialisation in 0.00s
  Pass  (fp, metal) finished in 0.00 seconds. Local cache hits 2 (0.00s CPU time), remote cache hits 0 (0.00s CPU time), compiled 0 variants (0.00s CPU time), skipped 0 variants.
    Prepared data for serialisation in 0.00s
Serialized binary data for shader SpatialTowerDefense/GeneratedUiOverlaySurface in 0.00s
    metal (total internal programs: 4, unique: 4)
Compiling shader "Hidden/Sentis/Reshape"
  Pass "" (vp)
    Target graphics API: metal
    Full variant space:         4
    After settings filtering:   4
    After built-in stripping:   8
    After scriptable stripping: 8
    Processed in 0.00 seconds
  Pass "" (fp)
    Target graphics API: metal
    Full variant space:         4
    After settings filtering:   4
    After built-in stripping:   8
    After scriptable stripping: 8
    Processed in 0.00 seconds
  Pass  (vp, metal) finished in 0.00 seconds. Local cache hits 8 (0.00s CPU time), remote cache hits 0 (0.00s CPU time), compiled 0 variants (0.00s CPU time), skipped 0 variants.
    Prepared data for serialisation in 0.00s
  Pass  (fp, metal) finished in 0.00 seconds. Local cache hits 8 (0.01s CPU time), remote cache hits 0 (0.00s CPU time), compiled 0 variants (0.00s CPU time), skipped 0 variants.
    Prepared data for serialisation in 0.00s
Serialized binary data for shader Hidden/Sentis/Reshape in 0.00s
    metal (total internal programs: 16, unique: 16)
Compiling shader "Hidden/Sentis/Conv"
  Pass "" (vp)
    Target graphics API: metal
    Full variant space:         12
    After settings filtering:   12
    After built-in stripping:   24
    After scriptable stripping: 24
    Processed in 0.00 seconds
  Pass "" (fp)
    Target graphics API: metal
    Full variant space:         12
    After settings filtering:   12
    After built-in stripping:   24
    After scriptable stripping: 24
    Processed in 0.00 seconds
  Pass  (vp, metal) finished in 0.00 seconds. Local cache hits 24 (0.01s CPU time), remote cache hits 0 (0.00s CPU time), compiled 0 variants (0.00s CPU time), skipped 0 variants.
    Prepared data for serialisation in 0.00s
  Pass  (fp, metal) finished in 0.00 seconds. Local cache hits 24 (0.01s CPU time), remote cache hits 0 (0.00s CPU time), compiled 0 variants (0.00s CPU time), skipped 0 variants.
    Prepared data for serialisation in 0.00s
Serialized binary data for shader Hidden/Sentis/Conv in 0.00s
    metal (total internal programs: 48, unique: 48)
Compiling shader "Hidden/Sentis/GridSample"
  Pass "" (vp)
    Target graphics API: metal
    Full variant space:         36
    After settings filtering:   36
    After built-in stripping:   72
    After scriptable stripping: 72
    Processed in 0.00 seconds
  Pass "" (fp)
    Target graphics API: metal
    Full variant space:         36
    After settings filtering:   36
    After built-in stripping:   72
    After scriptable stripping: 72
    Processed in 0.00 seconds
  Pass  (vp, metal) finished in 0.00 seconds. Local cache hits 72 (0.02s CPU time), remote cache hits 0 (0.00s CPU time), compiled 0 variants (0.00s CPU time), skipped 0 variants.
    Prepared data for serialisation in 0.00s
  Pass  (fp, metal) finished in 0.00 seconds. Local cache hits 72 (0.02s CPU time), remote cache hits 0 (0.00s CPU time), compiled 0 variants (0.00s CPU time), skipped 0 variants.
    Prepared data for serialisation in 0.00s
Serialized binary data for shader Hidden/Sentis/GridSample in 0.00s
    metal (total internal programs: 144, unique: 144)
Shader warning in 'Hidden/Sentis/GridSample': signed/unsigned mismatch, unsigned assumed at Packages/com.unity.ai.inference/Runtime/Core/Resources/Sentis/PixelShaders/GridSample.shader(44) (on metal)

Compiling Subshader: 0, Pass: , Vertex program with GRIDSAMPLE1D NEAREST ZEROS
Platform defines: SHADER_API_DESKTOP UNITY_ENABLE_DETAIL_NORMALMAP UNITY_ENABLE_REFLECTION_BUFFERS UNITY_FRAMEBUFFER_FETCH_AVAILABLE UNITY_LIGHTMAP_FULL_HDR UNITY_LIGHT_PROBE_PROXY_VOLUME UNITY_NEEDS_RENDERPASS_FBFETCH_FALLBACK UNITY_PBS_USE_BRDF1 UNITY_SPECCUBE_BLENDING UNITY_SPECCUBE_BOX_PROJECTION UNITY_USE_DITHER_MASK_FOR_ALPHABLENDED_SHADOWS
Disabled keywords: ALIGN_CORNERS BORDER GRIDSAMPLE2D GRIDSAMPLE3D LINEAR REFLECTION SHADER_API_GLES30 SHADER_API_GLES31 SHADER_API_GLES32 UNITY_ASTC_NORMALMAP_ENCODING UNITY_COLORSPACE_GAMMA UNITY_HARDWARE_TIER1 UNITY_HARDWARE_TIER2 UNITY_HARDWARE_TIER3 UNITY_LIGHTMAP_DLDR_ENCODING UNITY_LIGHTMAP_RGBM_ENCODING UNITY_METAL_SHADOWS_USE_POINT_FILTERING UNITY_NO_DXT5nm UNITY_NO_SCREENSPACE_SHADOWS UNITY_PBS_USE_BRDF2 UNITY_PBS_USE_BRDF3 UNITY_PRETRANSFORM_TO_DISPLAY_ORIENTATION UNITY_UNIFIED_SHADER_PRECISION_MODEL UNITY_VIRTUAL_TEXTURING
Shader warning in 'Hidden/Sentis/GridSample': signed/unsigned mismatch, unsigned assumed at Packages/com.unity.ai.inference/Runtime/Core/Resources/Sentis/PixelShaders/GridSample.shader(47) (on metal)

Compiling Subshader: 0, Pass: , Vertex program with GRIDSAMPLE2D LINEAR ZEROS
Platform defines: SHADER_API_DESKTOP UNITY_ENABLE_DETAIL_NORMALMAP UNITY_ENABLE_REFLECTION_BUFFERS UNITY_FRAMEBUFFER_FETCH_AVAILABLE UNITY_LIGHTMAP_FULL_HDR UNITY_LIGHT_PROBE_PROXY_VOLUME UNITY_NEEDS_RENDERPASS_FBFETCH_FALLBACK UNITY_PBS_USE_BRDF1 UNITY_SPECCUBE_BLENDING UNITY_SPECCUBE_BOX_PROJECTION UNITY_USE_DITHER_MASK_FOR_ALPHABLENDED_SHADOWS
Disabled keywords: ALIGN_CORNERS BORDER GRIDSAMPLE1D GRIDSAMPLE3D NEAREST REFLECTION SHADER_API_GLES30 SHADER_API_GLES31 SHADER_API_GLES32 UNITY_ASTC_NORMALMAP_ENCODING UNITY_COLORSPACE_GAMMA UNITY_HARDWARE_TIER1 UNITY_HARDWARE_TIER2 UNITY_HARDWARE_TIER3 UNITY_LIGHTMAP_DLDR_ENCODING UNITY_LIGHTMAP_RGBM_ENCODING UNITY_METAL_SHADOWS_USE_POINT_FILTERING UNITY_NO_DXT5nm UNITY_NO_SCREENSPACE_SHADOWS UNITY_PBS_USE_BRDF2 UNITY_PBS_USE_BRDF3 UNITY_PRETRANSFORM_TO_DISPLAY_ORIENTATION UNITY_UNIFIED_SHADER_PRECISION_MODEL UNITY_VIRTUAL_TEXTURING
Shader warning in 'Hidden/Sentis/GridSample': signed/unsigned mismatch, unsigned assumed at Packages/com.unity.ai.inference/Runtime/Core/Resources/Sentis/PixelShaders/GridSample.shader(50) (on metal)

Compiling Subshader: 0, Pass: , Vertex program with GRIDSAMPLE3D NEAREST ZEROS
Platform defines: SHADER_API_DESKTOP UNITY_ENABLE_DETAIL_NORMALMAP UNITY_ENABLE_REFLECTION_BUFFERS UNITY_FRAMEBUFFER_FETCH_AVAILABLE UNITY_LIGHTMAP_FULL_HDR UNITY_LIGHT_PROBE_PROXY_VOLUME UNITY_NEEDS_RENDERPASS_FBFETCH_FALLBACK UNITY_PBS_USE_BRDF1 UNITY_SPECCUBE_BLENDING UNITY_SPECCUBE_BOX_PROJECTION UNITY_USE_DITHER_MASK_FOR_ALPHABLENDED_SHADOWS
Disabled keywords: ALIGN_CORNERS BORDER GRIDSAMPLE1D GRIDSAMPLE2D LINEAR REFLECTION SHADER_API_GLES30 SHADER_API_GLES31 SHADER_API_GLES32 UNITY_ASTC_NORMALMAP_ENCODING UNITY_COLORSPACE_GAMMA UNITY_HARDWARE_TIER1 UNITY_HARDWARE_TIER2 UNITY_HARDWARE_TIER3 UNITY_LIGHTMAP_DLDR_ENCODING UNITY_LIGHTMAP_RGBM_ENCODING UNITY_METAL_SHADOWS_USE_POINT_FILTERING UNITY_NO_DXT5nm UNITY_NO_SCREENSPACE_SHADOWS UNITY_PBS_USE_BRDF2 UNITY_PBS_USE_BRDF3 UNITY_PRETRANSFORM_TO_DISPLAY_ORIENTATION UNITY_UNIFIED_SHADER_PRECISION_MODEL UNITY_VIRTUAL_TEXTURING
Compiling shader "Hidden/Sentis/TextureConversion/ComputeBufferToTexture"
  Pass "" (vp)
    Target graphics API: metal
    Full variant space:         2
    After settings filtering:   2
    After built-in stripping:   4
    After scriptable stripping: 4
    Processed in 0.00 seconds
  Pass "" (fp)
    Target graphics API: metal
    Full variant space:         2
    After settings filtering:   2
    After built-in stripping:   4
    After scriptable stripping: 4
    Processed in 0.00 seconds
  Pass  (vp, metal) finished in 0.00 seconds. Local cache hits 4 (0.00s CPU time), remote cache hits 0 (0.00s CPU time), compiled 0 variants (0.00s CPU time), skipped 0 variants.
    Prepared data for serialisation in 0.00s
  Pass  (fp, metal) finished in 0.00 seconds. Local cache hits 4 (0.00s CPU time), remote cache hits 0 (0.00s CPU time), compiled 0 variants (0.00s CPU time), skipped 0 variants.
    Prepared data for serialisation in 0.00s
Serialized binary data for shader Hidden/Sentis/TextureConversion/ComputeBufferToTexture in 0.00s
    metal (total internal programs: 8, unique: 8)
Compiling shader "Hidden/Sentis/Gather"
  Pass "" (vp)
    Target graphics API: metal
    Full variant space:         2
    After settings filtering:   2
    After built-in stripping:   4
    After scriptable stripping: 4
    Processed in 0.00 seconds
  Pass "" (fp)
    Target graphics API: metal
    Full variant space:         2
    After settings filtering:   2
    After built-in stripping:   4
    After scriptable stripping: 4
    Processed in 0.00 seconds
  Pass  (vp, metal) finished in 0.00 seconds. Local cache hits 4 (0.00s CPU time), remote cache hits 0 (0.00s CPU time), compiled 0 variants (0.00s CPU time), skipped 0 variants.
    Prepared data for serialisation in 0.00s
  Pass  (fp, metal) finished in 0.00 seconds. Local cache hits 4 (0.00s CPU time), remote cache hits 0 (0.00s CPU time), compiled 0 variants (0.00s CPU time), skipped 0 variants.
    Prepared data for serialisation in 0.00s
Serialized binary data for shader Hidden/Sentis/Gather in 0.00s
    metal (total internal programs: 8, unique: 8)
Compiling shader "Hidden/Sentis/Cast"
  Pass "" (vp)
    Target graphics API: metal
    Full variant space:         2
    After settings filtering:   2
    After built-in stripping:   4
    After scriptable stripping: 4
    Processed in 0.00 seconds
  Pass "" (fp)
    Target graphics API: metal
    Full variant space:         2
    After settings filtering:   2
    After built-in stripping:   4
    After scriptable stripping: 4
    Processed in 0.00 seconds
  Pass  (vp, metal) finished in 0.00 seconds. Local cache hits 4 (0.00s CPU time), remote cache hits 0 (0.00s CPU time), compiled 0 variants (0.00s CPU time), skipped 0 variants.
    Prepared data for serialisation in 0.00s
  Pass  (fp, metal) finished in 0.00 seconds. Local cache hits 4 (0.00s CPU time), remote cache hits 0 (0.00s CPU time), compiled 0 variants (0.00s CPU time), skipped 0 variants.
    Prepared data for serialisation in 0.00s
Serialized binary data for shader Hidden/Sentis/Cast in 0.00s
    metal (total internal programs: 8, unique: 8)
Compiling shader "Hidden/Sentis/Broadcast"
  Pass "" (vp)
    Target graphics API: metal
    Full variant space:         44
    After settings filtering:   44
    After built-in stripping:   88
    After scriptable stripping: 88
    Processed in 0.00 seconds
  Pass "" (fp)
    Target graphics API: metal
    Full variant space:         44
    After settings filtering:   44
    After built-in stripping:   88
    After scriptable stripping: 88
    Processed in 0.00 seconds
  Pass  (vp, metal) finished in 0.00 seconds. Local cache hits 88 (0.02s CPU time), remote cache hits 0 (0.00s CPU time), compiled 0 variants (0.00s CPU time), skipped 0 variants.
    Prepared data for serialisation in 0.00s
  Pass  (fp, metal) finished in 0.00 seconds. Local cache hits 88 (0.03s CPU time), remote cache hits 0 (0.00s CPU time), compiled 0 variants (0.00s CPU time), skipped 0 variants.
    Prepared data for serialisation in 0.00s
Serialized binary data for shader Hidden/Sentis/Broadcast in 0.00s
    metal (total internal programs: 176, unique: 176)
Compiling shader "Hidden/Sentis/BatchNormalization"
  Pass "" (vp)
    Target graphics API: metal
    Full variant space:         1
    After settings filtering:   1
    After built-in stripping:   2
    After scriptable stripping: 2
    Processed in 0.00 seconds
  Pass "" (fp)
    Target graphics API: metal
    Full variant space:         1
    After settings filtering:   1
    After built-in stripping:   2
    After scriptable stripping: 2
    Processed in 0.00 seconds
  Pass  (vp, metal) finished in 0.00 seconds. Local cache hits 2 (0.00s CPU time), remote cache hits 0 (0.00s CPU time), compiled 0 variants (0.00s CPU time), skipped 0 variants.
    Prepared data for serialisation in 0.00s
  Pass  (fp, metal) finished in 0.00 seconds. Local cache hits 2 (0.00s CPU time), remote cache hits 0 (0.00s CPU time), compiled 0 variants (0.00s CPU time), skipped 0 variants.
    Prepared data for serialisation in 0.00s
Serialized binary data for shader Hidden/Sentis/BatchNormalization in 0.00s
    metal (total internal programs: 4, unique: 4)
Compiling shader "Hidden/Sentis/Gemm"
  Pass "" (vp)
    Target graphics API: metal
    Full variant space:         4
    After settings filtering:   4
    After built-in stripping:   8
    After scriptable stripping: 8
    Processed in 0.00 seconds
  Pass "" (fp)
    Target graphics API: metal
    Full variant space:         4
    After settings filtering:   4
    After built-in stripping:   8
    After scriptable stripping: 8
    Processed in 0.00 seconds
  Pass  (vp, metal) finished in 0.00 seconds. Local cache hits 8 (0.00s CPU time), remote cache hits 0 (0.00s CPU time), compiled 0 variants (0.00s CPU time), skipped 0 variants.
    Prepared data for serialisation in 0.00s
  Pass  (fp, metal) finished in 0.00 seconds. Local cache hits 8 (0.00s CPU time), remote cache hits 0 (0.00s CPU time), compiled 0 variants (0.00s CPU time), skipped 0 variants.
    Prepared data for serialisation in 0.00s
Serialized binary data for shader Hidden/Sentis/Gemm in 0.00s
    metal (total internal programs: 16, unique: 16)
Compiling shader "HPE/hand_axis"
  Pass "Fade" (vp)
    Target graphics API: metal
    Full variant space:         1
    After settings filtering:   1
    After built-in stripping:   2
    After scriptable stripping: 2
    Processed in 0.00 seconds
  Pass "Fade" (fp)
    Target graphics API: metal
    Full variant space:         1
    After settings filtering:   1
    After built-in stripping:   2
    After scriptable stripping: 2
    Processed in 0.00 seconds
  Pass "Fade" (vp)
    Target graphics API: metal
    Full variant space:         1
    After settings filtering:   1
    After built-in stripping:   2
    After scriptable stripping: 2
    Processed in 0.00 seconds
  Pass "Fade" (fp)
    Target graphics API: metal
    Full variant space:         1
    After settings filtering:   1
    After built-in stripping:   2
    After scriptable stripping: 2
    Processed in 0.00 seconds
  Pass Fade (vp, metal) finished in 0.00 seconds. Local cache hits 2 (0.00s CPU time), remote cache hits 0 (0.00s CPU time), compiled 0 variants (0.00s CPU time), skipped 0 variants.
    Prepared data for serialisation in 0.00s
  Pass Fade (fp, metal) finished in 0.00 seconds. Local cache hits 2 (0.00s CPU time), remote cache hits 0 (0.00s CPU time), compiled 0 variants (0.00s CPU time), skipped 0 variants.
    Prepared data for serialisation in 0.00s
  Pass Fade (vp, metal) finished in 0.00 seconds. Local cache hits 2 (0.00s CPU time), remote cache hits 0 (0.00s CPU time), compiled 0 variants (0.00s CPU time), skipped 0 variants.
    Prepared data for serialisation in 0.00s
  Pass Fade (fp, metal) finished in 0.00 seconds. Local cache hits 2 (0.00s CPU time), remote cache hits 0 (0.00s CPU time), compiled 0 variants (0.00s CPU time), skipped 0 variants.
    Prepared data for serialisation in 0.00s
Serialized binary data for shader HPE/hand_axis in 0.00s
    metal (total internal programs: 8, unique: 4)
Compiling shader "Hidden/Sentis/TextureTensorDataUpload"
  Pass "" (vp)
    Target graphics API: metal
    Full variant space:         2
    After settings filtering:   2
    After built-in stripping:   4
    After scriptable stripping: 4
    Processed in 0.00 seconds
  Pass "" (fp)
    Target graphics API: metal
    Full variant space:         2
    After settings filtering:   2
    After built-in stripping:   4
    After scriptable stripping: 4
    Processed in 0.00 seconds
  Pass  (vp, metal) finished in 0.00 seconds. Local cache hits 4 (0.00s CPU time), remote cache hits 0 (0.00s CPU time), compiled 0 variants (0.00s CPU time), skipped 0 variants.
    Prepared data for serialisation in 0.00s
  Pass  (fp, metal) finished in 0.00 seconds. Local cache hits 4 (0.00s CPU time), remote cache hits 0 (0.00s CPU time), compiled 0 variants (0.00s CPU time), skipped 0 variants.
    Prepared data for serialisation in 0.00s
Serialized binary data for shader Hidden/Sentis/TextureTensorDataUpload in 0.00s
    metal (total internal programs: 8, unique: 8)
Compiling shader "PXR_SDK/PXR_UnderlayHole"
  Pass "" (vp)
    Target graphics API: metal
    Full variant space:         1
    After settings filtering:   1
    After built-in stripping:   2
    After scriptable stripping: 2
    Processed in 0.00 seconds
  Pass "" (fp)
    Target graphics API: metal
    Full variant space:         1
    After settings filtering:   1
    After built-in stripping:   2
    After scriptable stripping: 2
    Processed in 0.00 seconds
  Pass  (vp, metal) finished in 0.00 seconds. Local cache hits 2 (0.00s CPU time), remote cache hits 0 (0.00s CPU time), compiled 0 variants (0.00s CPU time), skipped 0 variants.
    Prepared data for serialisation in 0.00s
  Pass  (fp, metal) finished in 0.00 seconds. Local cache hits 2 (0.00s CPU time), remote cache hits 0 (0.00s CPU time), compiled 0 variants (0.00s CPU time), skipped 0 variants.
    Prepared data for serialisation in 0.00s
Serialized binary data for shader PXR_SDK/PXR_UnderlayHole in 0.00s
    metal (total internal programs: 4, unique: 4)
Compiling shader "Hidden/Sentis/Reduce"
  Pass "" (vp)
    Target graphics API: metal
    Full variant space:         18
    After settings filtering:   18
    After built-in stripping:   36
    After scriptable stripping: 36
    Processed in 0.00 seconds
  Pass "" (fp)
    Target graphics API: metal
    Full variant space:         18
    After settings filtering:   18
    After built-in stripping:   36
    After scriptable stripping: 36
    Processed in 0.00 seconds
  Pass  (vp, metal) finished in 0.00 seconds. Local cache hits 36 (0.01s CPU time), remote cache hits 0 (0.00s CPU time), compiled 0 variants (0.00s CPU time), skipped 0 variants.
    Prepared data for serialisation in 0.00s
  Pass  (fp, metal) finished in 0.00 seconds. Local cache hits 36 (0.01s CPU time), remote cache hits 0 (0.00s CPU time), compiled 0 variants (0.00s CPU time), skipped 0 variants.
    Prepared data for serialisation in 0.00s
Serialized binary data for shader Hidden/Sentis/Reduce in 0.00s
    metal (total internal programs: 72, unique: 72)
Compiling shader "PXR_Debugger/Tool/Ruler"
  Pass "" (vp)
    Target graphics API: metal
    Full variant space:         1
    After settings filtering:   1
    After built-in stripping:   2
    After scriptable stripping: 2
    Processed in 0.00 seconds
  Pass "" (fp)
    Target graphics API: metal
    Full variant space:         1
    After settings filtering:   1
    After built-in stripping:   2
    After scriptable stripping: 2
    Processed in 0.00 seconds
  Pass  (vp, metal) finished in 0.00 seconds. Local cache hits 2 (0.00s CPU time), remote cache hits 0 (0.00s CPU time), compiled 0 variants (0.00s CPU time), skipped 0 variants.
    Prepared data for serialisation in 0.00s
  Pass  (fp, metal) finished in 0.00 seconds. Local cache hits 2 (0.00s CPU time), remote cache hits 0 (0.00s CPU time), compiled 0 variants (0.00s CPU time), skipped 0 variants.
    Prepared data for serialisation in 0.00s
Serialized binary data for shader PXR_Debugger/Tool/Ruler in 0.00s
    metal (total internal programs: 4, unique: 4)
Compiling shader "SpatialTowerDefense/WorldTextOverlay"
  Pass "" (vp)
    Target graphics API: metal
    Full variant space:         1
    After settings filtering:   1
    After built-in stripping:   2
    After scriptable stripping: 2
    Processed in 0.00 seconds
  Pass "" (fp)
    Target graphics API: metal
    Full variant space:         1
    After settings filtering:   1
    After built-in stripping:   2
    After scriptable stripping: 2
    Processed in 0.00 seconds
  Pass  (vp, metal) finished in 0.00 seconds. Local cache hits 2 (0.00s CPU time), remote cache hits 0 (0.00s CPU time), compiled 0 variants (0.00s CPU time), skipped 0 variants.
    Prepared data for serialisation in 0.00s
  Pass  (fp, metal) finished in 0.00 seconds. Local cache hits 2 (0.00s CPU time), remote cache hits 0 (0.00s CPU time), compiled 0 variants (0.00s CPU time), skipped 0 variants.
    Prepared data for serialisation in 0.00s
Serialized binary data for shader SpatialTowerDefense/WorldTextOverlay in 0.00s
    metal (total internal programs: 4, unique: 4)
Compiling shader "Hidden/Sentis/Softmax"
  Pass "" (vp)
    Target graphics API: metal
    Full variant space:         2
    After settings filtering:   2
    After built-in stripping:   4
    After scriptable stripping: 4
    Processed in 0.00 seconds
  Pass "" (fp)
    Target graphics API: metal
    Full variant space:         2
    After settings filtering:   2
    After built-in stripping:   4
    After scriptable stripping: 4
    Processed in 0.00 seconds
  Pass  (vp, metal) finished in 0.00 seconds. Local cache hits 4 (0.00s CPU time), remote cache hits 0 (0.00s CPU time), compiled 0 variants (0.00s CPU time), skipped 0 variants.
    Prepared data for serialisation in 0.00s
  Pass  (fp, metal) finished in 0.00 seconds. Local cache hits 4 (0.00s CPU time), remote cache hits 0 (0.00s CPU time), compiled 0 variants (0.00s CPU time), skipped 0 variants.
    Prepared data for serialisation in 0.00s
Serialized binary data for shader Hidden/Sentis/Softmax in 0.00s
    metal (total internal programs: 8, unique: 8)
Compiling shader "Hidden/Sentis/RoiAlign"
  Pass "" (vp)
    Target graphics API: metal
    Full variant space:         4
    After settings filtering:   4
    After built-in stripping:   8
    After scriptable stripping: 8
    Processed in 0.00 seconds
  Pass "" (fp)
    Target graphics API: metal
    Full variant space:         4
    After settings filtering:   4
    After built-in stripping:   8
    After scriptable stripping: 8
    Processed in 0.00 seconds
  Pass  (vp, metal) finished in 0.00 seconds. Local cache hits 8 (0.00s CPU time), remote cache hits 0 (0.00s CPU time), compiled 0 variants (0.00s CPU time), skipped 0 variants.
    Prepared data for serialisation in 0.00s
  Pass  (fp, metal) finished in 0.00 seconds. Local cache hits 8 (0.01s CPU time), remote cache hits 0 (0.00s CPU time), compiled 0 variants (0.00s CPU time), skipped 0 variants.
    Prepared data for serialisation in 0.00s
Serialized binary data for shader Hidden/Sentis/RoiAlign in 0.00s
    metal (total internal programs: 16, unique: 16)
Compiling shader "Hidden/Sentis/Random"
  Pass "" (vp)
    Target graphics API: metal
    Full variant space:         4
    After settings filtering:   4
    After built-in stripping:   8
    After scriptable stripping: 8
    Processed in 0.00 seconds
  Pass "" (fp)
    Target graphics API: metal
    Full variant space:         4
    After settings filtering:   4
    After built-in stripping:   8
    After scriptable stripping: 8
    Processed in 0.00 seconds
  Pass  (vp, metal) finished in 0.00 seconds. Local cache hits 8 (0.00s CPU time), remote cache hits 0 (0.00s CPU time), compiled 0 variants (0.00s CPU time), skipped 0 variants.
    Prepared data for serialisation in 0.00s
  Pass  (fp, metal) finished in 0.00 seconds. Local cache hits 8 (0.00s CPU time), remote cache hits 0 (0.00s CPU time), compiled 0 variants (0.00s CPU time), skipped 0 variants.
    Prepared data for serialisation in 0.00s
Serialized binary data for shader Hidden/Sentis/Random in 0.00s
    metal (total internal programs: 16, unique: 16)
Compiling shader "Hidden/Sentis/HardmaxEnd"
  Pass "" (vp)
    Target graphics API: metal
    Full variant space:         1
    After settings filtering:   1
    After built-in stripping:   2
    After scriptable stripping: 2
    Processed in 0.00 seconds
  Pass "" (fp)
    Target graphics API: metal
    Full variant space:         1
    After settings filtering:   1
    After built-in stripping:   2
    After scriptable stripping: 2
    Processed in 0.00 seconds
  Pass  (vp, metal) finished in 0.00 seconds. Local cache hits 2 (0.00s CPU time), remote cache hits 0 (0.00s CPU time), compiled 0 variants (0.00s CPU time), skipped 0 variants.
    Prepared data for serialisation in 0.00s
  Pass  (fp, metal) finished in 0.00 seconds. Local cache hits 2 (0.00s CPU time), remote cache hits 0 (0.00s CPU time), compiled 0 variants (0.00s CPU time), skipped 0 variants.
    Prepared data for serialisation in 0.00s
Serialized binary data for shader Hidden/Sentis/HardmaxEnd in 0.00s
    metal (total internal programs: 4, unique: 4)
Compiling shader "Hidden/Sentis/ScatterElements"
  Pass "" (vp)
    Target graphics API: metal
    Full variant space:         40
    After settings filtering:   40
    After built-in stripping:   80
    After scriptable stripping: 80
    Processed in 0.00 seconds
  Pass "" (fp)
    Target graphics API: metal
    Full variant space:         40
    After settings filtering:   40
    After built-in stripping:   80
    After scriptable stripping: 80
    Processed in 0.00 seconds
  Pass  (vp, metal) finished in 0.00 seconds. Local cache hits 80 (0.02s CPU time), remote cache hits 0 (0.00s CPU time), compiled 0 variants (0.00s CPU time), skipped 0 variants.
    Prepared data for serialisation in 0.00s
  Pass  (fp, metal) finished in 0.00 seconds. Local cache hits 80 (0.03s CPU time), remote cache hits 0 (0.00s CPU time), compiled 0 variants (0.00s CPU time), skipped 0 variants.
    Prepared data for serialisation in 0.00s
Serialized binary data for shader Hidden/Sentis/ScatterElements in 0.00s
    metal (total internal programs: 160, unique: 160)
Shader warning in 'Hidden/Sentis/ScatterElements': signed/unsigned mismatch, unsigned assumed at Packages/com.unity.ai.inference/Runtime/Core/Resources/Sentis/PixelShaders/ScatterElements.shader(147) (on metal)

Compiling Subshader: 0, Pass: , Vertex program with NoFastPath ReduceMul
Platform defines: SHADER_API_DESKTOP UNITY_ENABLE_DETAIL_NORMALMAP UNITY_ENABLE_REFLECTION_BUFFERS UNITY_FRAMEBUFFER_FETCH_AVAILABLE UNITY_LIGHTMAP_FULL_HDR UNITY_LIGHT_PROBE_PROXY_VOLUME UNITY_NEEDS_RENDERPASS_FBFETCH_FALLBACK UNITY_PBS_USE_BRDF1 UNITY_SPECCUBE_BLENDING UNITY_SPECCUBE_BOX_PROJECTION UNITY_USE_DITHER_MASK_FOR_ALPHABLENDED_SHADOWS
Disabled keywords: ReduceAdd ReduceMax ReduceMin ReduceNone SHADER_API_GLES30 SHADER_API_GLES31 SHADER_API_GLES32 ScatterInt UNITY_ASTC_NORMALMAP_ENCODING UNITY_COLORSPACE_GAMMA UNITY_HARDWARE_TIER1 UNITY_HARDWARE_TIER2 UNITY_HARDWARE_TIER3 UNITY_LIGHTMAP_DLDR_ENCODING UNITY_LIGHTMAP_RGBM_ENCODING UNITY_METAL_SHADOWS_USE_POINT_FILTERING UNITY_NO_DXT5nm UNITY_NO_SCREENSPACE_SHADOWS UNITY_PBS_USE_BRDF2 UNITY_PBS_USE_BRDF3 UNITY_PRETRANSFORM_TO_DISPLAY_ORIENTATION UNITY_UNIFIED_SHADER_PRECISION_MODEL UNITY_VIRTUAL_TEXTURING UseDiv4Mask
Shader warning in 'Hidden/Sentis/ScatterElements': signed/unsigned mismatch, unsigned assumed at Packages/com.unity.ai.inference/Runtime/Core/Resources/Sentis/PixelShaders/ScatterElements.shader(202) (on metal)

Compiling Subshader: 0, Pass: , Vertex program with NoFastPath ReduceMul
Platform defines: SHADER_API_DESKTOP UNITY_ENABLE_DETAIL_NORMALMAP UNITY_ENABLE_REFLECTION_BUFFERS UNITY_FRAMEBUFFER_FETCH_AVAILABLE UNITY_LIGHTMAP_FULL_HDR UNITY_LIGHT_PROBE_PROXY_VOLUME UNITY_NEEDS_RENDERPASS_FBFETCH_FALLBACK UNITY_PBS_USE_BRDF1 UNITY_SPECCUBE_BLENDING UNITY_SPECCUBE_BOX_PROJECTION UNITY_USE_DITHER_MASK_FOR_ALPHABLENDED_SHADOWS
Disabled keywords: ReduceAdd ReduceMax ReduceMin ReduceNone SHADER_API_GLES30 SHADER_API_GLES31 SHADER_API_GLES32 ScatterInt UNITY_ASTC_NORMALMAP_ENCODING UNITY_COLORSPACE_GAMMA UNITY_HARDWARE_TIER1 UNITY_HARDWARE_TIER2 UNITY_HARDWARE_TIER3 UNITY_LIGHTMAP_DLDR_ENCODING UNITY_LIGHTMAP_RGBM_ENCODING UNITY_METAL_SHADOWS_USE_POINT_FILTERING UNITY_NO_DXT5nm UNITY_NO_SCREENSPACE_SHADOWS UNITY_PBS_USE_BRDF2 UNITY_PBS_USE_BRDF3 UNITY_PRETRANSFORM_TO_DISPLAY_ORIENTATION UNITY_UNIFIED_SHADER_PRECISION_MODEL UNITY_VIRTUAL_TEXTURING UseDiv4Mask
Compiling shader "Hidden/Sentis/GatherND"
  Pass "" (vp)
    Target graphics API: metal
    Full variant space:         2
    After settings filtering:   2
    After built-in stripping:   4
    After scriptable stripping: 4
    Processed in 0.00 seconds
  Pass "" (fp)
    Target graphics API: metal
    Full variant space:         2
    After settings filtering:   2
    After built-in stripping:   4
    After scriptable stripping: 4
    Processed in 0.00 seconds
  Pass  (vp, metal) finished in 0.00 seconds. Local cache hits 4 (0.00s CPU time), remote cache hits 0 (0.00s CPU time), compiled 0 variants (0.00s CPU time), skipped 0 variants.
    Prepared data for serialisation in 0.00s
  Pass  (fp, metal) finished in 0.00 seconds. Local cache hits 4 (0.00s CPU time), remote cache hits 0 (0.00s CPU time), compiled 0 variants (0.00s CPU time), skipped 0 variants.
    Prepared data for serialisation in 0.00s
Serialized binary data for shader Hidden/Sentis/GatherND in 0.00s
    metal (total internal programs: 8, unique: 8)
Compiling shader "Hidden/Sentis/ConstantOfShape"
  Pass "" (vp)
    Target graphics API: metal
    Full variant space:         2
    After settings filtering:   2
    After built-in stripping:   4
    After scriptable stripping: 4
    Processed in 0.00 seconds
  Pass "" (fp)
    Target graphics API: metal
    Full variant space:         2
    After settings filtering:   2
    After built-in stripping:   4
    After scriptable stripping: 4
    Processed in 0.00 seconds
  Pass  (vp, metal) finished in 0.00 seconds. Local cache hits 4 (0.00s CPU time), remote cache hits 0 (0.00s CPU time), compiled 0 variants (0.00s CPU time), skipped 0 variants.
    Prepared data for serialisation in 0.00s
  Pass  (fp, metal) finished in 0.00 seconds. Local cache hits 4 (0.00s CPU time), remote cache hits 0 (0.00s CPU time), compiled 0 variants (0.00s CPU time), skipped 0 variants.
    Prepared data for serialisation in 0.00s
Serialized binary data for shader Hidden/Sentis/ConstantOfShape in 0.00s
    metal (total internal programs: 8, unique: 8)
Compiling shader "Hidden/Sentis/Clip"
  Pass "" (vp)
    Target graphics API: metal
    Full variant space:         8
    After settings filtering:   8
    After built-in stripping:   16
    After scriptable stripping: 16
    Processed in 0.00 seconds
  Pass "" (fp)
    Target graphics API: metal
    Full variant space:         8
    After settings filtering:   8
    After built-in stripping:   16
    After scriptable stripping: 16
    Processed in 0.00 seconds
  Pass  (vp, metal) finished in 0.00 seconds. Local cache hits 16 (0.01s CPU time), remote cache hits 0 (0.00s CPU time), compiled 0 variants (0.00s CPU time), skipped 0 variants.
    Prepared data for serialisation in 0.00s
  Pass  (fp, metal) finished in 0.00 seconds. Local cache hits 16 (0.00s CPU time), remote cache hits 0 (0.00s CPU time), compiled 0 variants (0.00s CPU time), skipped 0 variants.
    Prepared data for serialisation in 0.00s
Serialized binary data for shader Hidden/Sentis/Clip in 0.00s
    metal (total internal programs: 32, unique: 32)
Compiling shader "PICO/LightEstimation/InvertCubemap"
  Pass "" (vp)
    Target graphics API: metal
    Full variant space:         1
    After settings filtering:   1
    After built-in stripping:   2
    After scriptable stripping: 2
    Processed in 0.00 seconds
  Pass "" (fp)
    Target graphics API: metal
    Full variant space:         1
    After settings filtering:   1
    After built-in stripping:   2
    After scriptable stripping: 2
    Processed in 0.00 seconds
  Pass  (vp, metal) finished in 0.00 seconds. Local cache hits 2 (0.00s CPU time), remote cache hits 0 (0.00s CPU time), compiled 0 variants (0.00s CPU time), skipped 0 variants.
    Prepared data for serialisation in 0.00s
  Pass  (fp, metal) finished in 0.00 seconds. Local cache hits 2 (0.00s CPU time), remote cache hits 0 (0.00s CPU time), compiled 0 variants (0.00s CPU time), skipped 0 variants.
    Prepared data for serialisation in 0.00s
Serialized binary data for shader PICO/LightEstimation/InvertCubemap in 0.00s
    metal (total internal programs: 4, unique: 4)
Compiling shader "Hidden/Sentis/Where"
  Pass "" (vp)
    Target graphics API: metal
    Full variant space:         2
    After settings filtering:   2
    After built-in stripping:   4
    After scriptable stripping: 4
    Processed in 0.00 seconds
  Pass "" (fp)
    Target graphics API: metal
    Full variant space:         2
    After settings filtering:   2
    After built-in stripping:   4
    After scriptable stripping: 4
    Processed in 0.00 seconds
  Pass  (vp, metal) finished in 0.00 seconds. Local cache hits 4 (0.00s CPU time), remote cache hits 0 (0.00s CPU time), compiled 0 variants (0.00s CPU time), skipped 0 variants.
    Prepared data for serialisation in 0.00s
  Pass  (fp, metal) finished in 0.00 seconds. Local cache hits 4 (0.00s CPU time), remote cache hits 0 (0.00s CPU time), compiled 0 variants (0.00s CPU time), skipped 0 variants.
    Prepared data for serialisation in 0.00s
Serialized binary data for shader Hidden/Sentis/Where in 0.00s
    metal (total internal programs: 8, unique: 8)
Compiling shader "PXR/Hand"
  Pass "Depth" (vp)
    Target graphics API: metal
    Full variant space:         4
    After settings filtering:   4
    After built-in stripping:   2
    After scriptable stripping: 2
    Processed in 0.00 seconds
  Pass "Depth" (fp)
    Target graphics API: metal
    Full variant space:         4
    After settings filtering:   4
    After built-in stripping:   2
    After scriptable stripping: 2
    Processed in 0.00 seconds
  Pass "BaseColor" (vp)
    Target graphics API: metal
    Full variant space:         1
    After settings filtering:   1
    After built-in stripping:   2
    After scriptable stripping: 2
    Processed in 0.00 seconds
  Pass "BaseColor" (fp)
    Target graphics API: metal
    Full variant space:         1
    After settings filtering:   1
    After built-in stripping:   2
    After scriptable stripping: 2
    Processed in 0.00 seconds
  Pass "Depth" (vp)
    Target graphics API: metal
    Full variant space:         4
    After settings filtering:   4
    After built-in stripping:   2
    After scriptable stripping: 2
    Processed in 0.00 seconds
  Pass "Depth" (fp)
    Target graphics API: metal
    Full variant space:         4
    After settings filtering:   4
    After built-in stripping:   2
    After scriptable stripping: 2
    Processed in 0.00 seconds
  Pass "Interior" (vp)
    Target graphics API: metal
    Full variant space:         1
    After settings filtering:   1
    After built-in stripping:   2
    After scriptable stripping: 2
    Processed in 0.00 seconds
  Pass "Interior" (fp)
    Target graphics API: metal
    Full variant space:         1
    After settings filtering:   1
    After built-in stripping:   2
    After scriptable stripping: 2
    Processed in 0.00 seconds
  Pass Depth (vp, metal) finished in 0.00 seconds. Local cache hits 2 (0.00s CPU time), remote cache hits 0 (0.00s CPU time), compiled 0 variants (0.00s CPU time), skipped 0 variants.
    Prepared data for serialisation in 0.00s
  Pass Depth (fp, metal) finished in 0.00 seconds. Local cache hits 2 (0.00s CPU time), remote cache hits 0 (0.00s CPU time), compiled 0 variants (0.00s CPU time), skipped 0 variants.
    Prepared data for serialisation in 0.00s
  Pass BaseColor (vp, metal) finished in 0.00 seconds. Local cache hits 2 (0.00s CPU time), remote cache hits 0 (0.00s CPU time), compiled 0 variants (0.00s CPU time), skipped 0 variants.
    Prepared data for serialisation in 0.00s
  Pass BaseColor (fp, metal) finished in 0.00 seconds. Local cache hits 2 (0.00s CPU time), remote cache hits 0 (0.00s CPU time), compiled 0 variants (0.00s CPU time), skipped 0 variants.
    Prepared data for serialisation in 0.00s
  Pass Depth (vp, metal) finished in 0.00 seconds. Local cache hits 2 (0.00s CPU time), remote cache hits 0 (0.00s CPU time), compiled 0 variants (0.00s CPU time), skipped 0 variants.
    Prepared data for serialisation in 0.00s
  Pass Depth (fp, metal) finished in 0.00 seconds. Local cache hits 2 (0.00s CPU time), remote cache hits 0 (0.00s CPU time), compiled 0 variants (0.00s CPU time), skipped 0 variants.
    Prepared data for serialisation in 0.00s
  Pass Interior (vp, metal) finished in 0.00 seconds. Local cache hits 2 (0.00s CPU time), remote cache hits 0 (0.00s CPU time), compiled 0 variants (0.00s CPU time), skipped 0 variants.
    Prepared data for serialisation in 0.00s
  Pass Interior (fp, metal) finished in 0.00 seconds. Local cache hits 2 (0.00s CPU time), remote cache hits 0 (0.00s CPU time), compiled 0 variants (0.00s CPU time), skipped 0 variants.
    Prepared data for serialisation in 0.00s
Serialized binary data for shader PXR/Hand in 0.00s
    metal (total internal programs: 16, unique: 8)
Compiling shader "Hidden/Sentis/Copy"
  Pass "" (vp)
    Target graphics API: metal
    Full variant space:         2
    After settings filtering:   2
    After built-in stripping:   4
    After scriptable stripping: 4
    Processed in 0.00 seconds
  Pass "" (fp)
    Target graphics API: metal
    Full variant space:         2
    After settings filtering:   2
    After built-in stripping:   4
    After scriptable stripping: 4
    Processed in 0.00 seconds
  Pass  (vp, metal) finished in 0.00 seconds. Local cache hits 4 (0.00s CPU time), remote cache hits 0 (0.00s CPU time), compiled 0 variants (0.00s CPU time), skipped 0 variants.
    Prepared data for serialisation in 0.00s
  Pass  (fp, metal) finished in 0.00 seconds. Local cache hits 4 (0.00s CPU time), remote cache hits 0 (0.00s CPU time), compiled 0 variants (0.00s CPU time), skipped 0 variants.
    Prepared data for serialisation in 0.00s
Serialized binary data for shader Hidden/Sentis/Copy in 0.00s
    metal (total internal programs: 8, unique: 8)
Compiling shader "Hidden/Sentis/RMSNormalizationTail"
  Pass "" (vp)
    Target graphics API: metal
    Full variant space:         1
    After settings filtering:   1
    After built-in stripping:   2
    After scriptable stripping: 2
    Processed in 0.00 seconds
  Pass "" (fp)
    Target graphics API: metal
    Full variant space:         1
    After settings filtering:   1
    After built-in stripping:   2
    After scriptable stripping: 2
    Processed in 0.00 seconds
  Pass  (vp, metal) finished in 0.00 seconds. Local cache hits 2 (0.00s CPU time), remote cache hits 0 (0.00s CPU time), compiled 0 variants (0.00s CPU time), skipped 0 variants.
    Prepared data for serialisation in 0.00s
  Pass  (fp, metal) finished in 0.00 seconds. Local cache hits 2 (0.00s CPU time), remote cache hits 0 (0.00s CPU time), compiled 0 variants (0.00s CPU time), skipped 0 variants.
    Prepared data for serialisation in 0.00s
Serialized binary data for shader Hidden/Sentis/RMSNormalizationTail in 0.00s
    metal (total internal programs: 4, unique: 4)
Compiling shader "Hidden/Sentis/Upsample"
  Pass "" (vp)
    Target graphics API: metal
    Full variant space:         9
    After settings filtering:   9
    After built-in stripping:   18
    After scriptable stripping: 18
    Processed in 0.00 seconds
  Pass "" (fp)
    Target graphics API: metal
    Full variant space:         9
    After settings filtering:   9
    After built-in stripping:   18
    After scriptable stripping: 18
    Processed in 0.00 seconds
  Pass  (vp, metal) finished in 0.00 seconds. Local cache hits 18 (0.01s CPU time), remote cache hits 0 (0.00s CPU time), compiled 0 variants (0.00s CPU time), skipped 0 variants.
    Prepared data for serialisation in 0.00s
  Pass  (fp, metal) finished in 0.00 seconds. Local cache hits 18 (0.01s CPU time), remote cache hits 0 (0.00s CPU time), compiled 0 variants (0.00s CPU time), skipped 0 variants.
    Prepared data for serialisation in 0.00s
Serialized binary data for shader Hidden/Sentis/Upsample in 0.00s
    metal (total internal programs: 36, unique: 36)
Compiling shader "Hidden/Sentis/SliceSet"
  Pass "" (vp)
    Target graphics API: metal
    Full variant space:         4
    After settings filtering:   4
    After built-in stripping:   8
    After scriptable stripping: 8
    Processed in 0.00 seconds
  Pass "" (fp)
    Target graphics API: metal
    Full variant space:         4
    After settings filtering:   4
    After built-in stripping:   8
    After scriptable stripping: 8
    Processed in 0.00 seconds
  Pass  (vp, metal) finished in 0.00 seconds. Local cache hits 8 (0.00s CPU time), remote cache hits 0 (0.00s CPU time), compiled 0 variants (0.00s CPU time), skipped 0 variants.
    Prepared data for serialisation in 0.00s
  Pass  (fp, metal) finished in 0.00 seconds. Local cache hits 8 (0.00s CPU time), remote cache hits 0 (0.00s CPU time), compiled 0 variants (0.00s CPU time), skipped 0 variants.
    Prepared data for serialisation in 0.00s
Serialized binary data for shader Hidden/Sentis/SliceSet in 0.00s
    metal (total internal programs: 16, unique: 16)
Shader warning in 'Hidden/Sentis/SliceSet': integer divides may be much slower, try using uints if possible. at Packages/com.unity.ai.inference/Runtime/Core/Resources/Sentis/PixelShaders/SliceSet.shader(55) (on metal)

Compiling Subshader: 0, Pass: , Fragment program with BLOCKWISE INT
Platform defines: SHADER_API_DESKTOP UNITY_ENABLE_DETAIL_NORMALMAP UNITY_ENABLE_REFLECTION_BUFFERS UNITY_FRAMEBUFFER_FETCH_AVAILABLE UNITY_LIGHTMAP_FULL_HDR UNITY_LIGHT_PROBE_PROXY_VOLUME UNITY_NEEDS_RENDERPASS_FBFETCH_FALLBACK UNITY_PBS_USE_BRDF1 UNITY_SPECCUBE_BLENDING UNITY_SPECCUBE_BOX_PROJECTION UNITY_USE_DITHER_MASK_FOR_ALPHABLENDED_SHADOWS
Disabled keywords: SHADER_API_GLES30 SHADER_API_GLES31 SHADER_API_GLES32 UNITY_ASTC_NORMALMAP_ENCODING UNITY_COLORSPACE_GAMMA UNITY_HARDWARE_TIER1 UNITY_HARDWARE_TIER2 UNITY_HARDWARE_TIER3 UNITY_LIGHTMAP_DLDR_ENCODING UNITY_LIGHTMAP_RGBM_ENCODING UNITY_METAL_SHADOWS_USE_POINT_FILTERING UNITY_NO_DXT5nm UNITY_NO_SCREENSPACE_SHADOWS UNITY_PBS_USE_BRDF2 UNITY_PBS_USE_BRDF3 UNITY_PRETRANSFORM_TO_DISPLAY_ORIENTATION UNITY_UNIFIED_SHADER_PRECISION_MODEL UNITY_VIRTUAL_TEXTURING
Shader warning in 'Hidden/Sentis/SliceSet': signed/unsigned mismatch, unsigned assumed at Packages/com.unity.ai.inference/Runtime/Core/Resources/Sentis/PixelShaders/SliceSet.shader(57) (on metal)

Compiling Subshader: 0, Pass: , Vertex program with BLOCKWISE
Platform defines: SHADER_API_DESKTOP UNITY_ENABLE_DETAIL_NORMALMAP UNITY_ENABLE_REFLECTION_BUFFERS UNITY_FRAMEBUFFER_FETCH_AVAILABLE UNITY_LIGHTMAP_FULL_HDR UNITY_LIGHT_PROBE_PROXY_VOLUME UNITY_NEEDS_RENDERPASS_FBFETCH_FALLBACK UNITY_PBS_USE_BRDF1 UNITY_SPECCUBE_BLENDING UNITY_SPECCUBE_BOX_PROJECTION UNITY_USE_DITHER_MASK_FOR_ALPHABLENDED_SHADOWS
Disabled keywords: INT SHADER_API_GLES30 SHADER_API_GLES31 SHADER_API_GLES32 UNITY_ASTC_NORMALMAP_ENCODING UNITY_COLORSPACE_GAMMA UNITY_HARDWARE_TIER1 UNITY_HARDWARE_TIER2 UNITY_HARDWARE_TIER3 UNITY_LIGHTMAP_DLDR_ENCODING UNITY_LIGHTMAP_RGBM_ENCODING UNITY_METAL_SHADOWS_USE_POINT_FILTERING UNITY_NO_DXT5nm UNITY_NO_SCREENSPACE_SHADOWS UNITY_PBS_USE_BRDF2 UNITY_PBS_USE_BRDF3 UNITY_PRETRANSFORM_TO_DISPLAY_ORIENTATION UNITY_UNIFIED_SHADER_PRECISION_MODEL UNITY_VIRTUAL_TEXTURING
Shader warning in 'Hidden/Sentis/SliceSet': integer divides may be much slower, try using uints if possible. at Packages/com.unity.ai.inference/Runtime/Core/Resources/Sentis/PixelShaders/SliceSet.shader(69) (on metal)

Compiling Subshader: 0, Pass: , Fragment program with INT STEREO_INSTANCING_ON
Platform defines: SHADER_API_DESKTOP UNITY_ENABLE_DETAIL_NORMALMAP UNITY_ENABLE_REFLECTION_BUFFERS UNITY_FRAMEBUFFER_FETCH_AVAILABLE UNITY_LIGHTMAP_FULL_HDR UNITY_LIGHT_PROBE_PROXY_VOLUME UNITY_NEEDS_RENDERPASS_FBFETCH_FALLBACK UNITY_PBS_USE_BRDF1 UNITY_SPECCUBE_BLENDING UNITY_SPECCUBE_BOX_PROJECTION UNITY_USE_DITHER_MASK_FOR_ALPHABLENDED_SHADOWS
Disabled keywords: BLOCKWISE SHADER_API_GLES30 SHADER_API_GLES31 SHADER_API_GLES32 UNITY_ASTC_NORMALMAP_ENCODING UNITY_COLORSPACE_GAMMA UNITY_HARDWARE_TIER1 UNITY_HARDWARE_TIER2 UNITY_HARDWARE_TIER3 UNITY_LIGHTMAP_DLDR_ENCODING UNITY_LIGHTMAP_RGBM_ENCODING UNITY_METAL_SHADOWS_USE_POINT_FILTERING UNITY_NO_DXT5nm UNITY_NO_SCREENSPACE_SHADOWS UNITY_PBS_USE_BRDF2 UNITY_PBS_USE_BRDF3 UNITY_PRETRANSFORM_TO_DISPLAY_ORIENTATION UNITY_UNIFIED_SHADER_PRECISION_MODEL UNITY_VIRTUAL_TEXTURING
Shader warning in 'Hidden/Sentis/SliceSet': signed/unsigned mismatch, unsigned assumed at Packages/com.unity.ai.inference/Runtime/Core/Resources/Sentis/PixelShaders/SliceSet.shader(71) (on metal)

Compiling Subshader: 0, Pass: , Vertex program with INT
Platform defines: SHADER_API_DESKTOP UNITY_ENABLE_DETAIL_NORMALMAP UNITY_ENABLE_REFLECTION_BUFFERS UNITY_FRAMEBUFFER_FETCH_AVAILABLE UNITY_LIGHTMAP_FULL_HDR UNITY_LIGHT_PROBE_PROXY_VOLUME UNITY_NEEDS_RENDERPASS_FBFETCH_FALLBACK UNITY_PBS_USE_BRDF1 UNITY_SPECCUBE_BLENDING UNITY_SPECCUBE_BOX_PROJECTION UNITY_USE_DITHER_MASK_FOR_ALPHABLENDED_SHADOWS
Disabled keywords: BLOCKWISE SHADER_API_GLES30 SHADER_API_GLES31 SHADER_API_GLES32 UNITY_ASTC_NORMALMAP_ENCODING UNITY_COLORSPACE_GAMMA UNITY_HARDWARE_TIER1 UNITY_HARDWARE_TIER2 UNITY_HARDWARE_TIER3 UNITY_LIGHTMAP_DLDR_ENCODING UNITY_LIGHTMAP_RGBM_ENCODING UNITY_METAL_SHADOWS_USE_POINT_FILTERING UNITY_NO_DXT5nm UNITY_NO_SCREENSPACE_SHADOWS UNITY_PBS_USE_BRDF2 UNITY_PBS_USE_BRDF3 UNITY_PRETRANSFORM_TO_DISPLAY_ORIENTATION UNITY_UNIFIED_SHADER_PRECISION_MODEL UNITY_VIRTUAL_TEXTURING
Compiling shader "Hidden/Sentis/Expand"
  Pass "" (vp)
    Target graphics API: metal
    Full variant space:         2
    After settings filtering:   2
    After built-in stripping:   4
    After scriptable stripping: 4
    Processed in 0.00 seconds
  Pass "" (fp)
    Target graphics API: metal
    Full variant space:         2
    After settings filtering:   2
    After built-in stripping:   4
    After scriptable stripping: 4
    Processed in 0.00 seconds
  Pass  (vp, metal) finished in 0.00 seconds. Local cache hits 4 (0.00s CPU time), remote cache hits 0 (0.00s CPU time), compiled 0 variants (0.00s CPU time), skipped 0 variants.
    Prepared data for serialisation in 0.00s
  Pass  (fp, metal) finished in 0.00 seconds. Local cache hits 4 (0.00s CPU time), remote cache hits 0 (0.00s CPU time), compiled 0 variants (0.00s CPU time), skipped 0 variants.
    Prepared data for serialisation in 0.00s
Serialized binary data for shader Hidden/Sentis/Expand in 0.00s
    metal (total internal programs: 8, unique: 8)
Compiling shader "Hidden/Sentis/GlobalPool"
  Pass "" (vp)
    Target graphics API: metal
    Full variant space:         3
    After settings filtering:   3
    After built-in stripping:   6
    After scriptable stripping: 6
    Processed in 0.00 seconds
  Pass "" (fp)
    Target graphics API: metal
    Full variant space:         3
    After settings filtering:   3
    After built-in stripping:   6
    After scriptable stripping: 6
    Processed in 0.00 seconds
  Pass  (vp, metal) finished in 0.00 seconds. Local cache hits 6 (0.00s CPU time), remote cache hits 0 (0.00s CPU time), compiled 0 variants (0.00s CPU time), skipped 0 variants.
    Prepared data for serialisation in 0.00s
  Pass  (fp, metal) finished in 0.00 seconds. Local cache hits 6 (0.00s CPU time), remote cache hits 0 (0.00s CPU time), compiled 0 variants (0.00s CPU time), skipped 0 variants.
    Prepared data for serialisation in 0.00s
Serialized binary data for shader Hidden/Sentis/GlobalPool in 0.00s
    metal (total internal programs: 12, unique: 12)
Compiling shader "Hidden/Sentis/GroupedConv"
  Pass "" (vp)
    Target graphics API: metal
    Full variant space:         12
    After settings filtering:   12
    After built-in stripping:   24
    After scriptable stripping: 24
    Processed in 0.00 seconds
  Pass "" (fp)
    Target graphics API: metal
    Full variant space:         12
    After settings filtering:   12
    After built-in stripping:   24
    After scriptable stripping: 24
    Processed in 0.00 seconds
  Pass  (vp, metal) finished in 0.00 seconds. Local cache hits 24 (0.01s CPU time), remote cache hits 0 (0.00s CPU time), compiled 0 variants (0.00s CPU time), skipped 0 variants.
    Prepared data for serialisation in 0.00s
  Pass  (fp, metal) finished in 0.00 seconds. Local cache hits 24 (0.01s CPU time), remote cache hits 0 (0.00s CPU time), compiled 0 variants (0.00s CPU time), skipped 0 variants.
    Prepared data for serialisation in 0.00s
Serialized binary data for shader Hidden/Sentis/GroupedConv in 0.00s
    metal (total internal programs: 48, unique: 48)
Compiling shader "PXR_SDK/PXR_Texture2DBlit"
  Pass "" (vp)
    Target graphics API: metal
    Full variant space:         1
    After settings filtering:   1
    After built-in stripping:   2
    After scriptable stripping: 2
    Processed in 0.00 seconds
  Pass "" (fp)
    Target graphics API: metal
    Full variant space:         1
    After settings filtering:   1
    After built-in stripping:   2
    After scriptable stripping: 2
    Processed in 0.00 seconds
  Pass  (vp, metal) finished in 0.00 seconds. Local cache hits 2 (0.00s CPU time), remote cache hits 0 (0.00s CPU time), compiled 0 variants (0.00s CPU time), skipped 0 variants.
    Prepared data for serialisation in 0.00s
  Pass  (fp, metal) finished in 0.00 seconds. Local cache hits 2 (0.00s CPU time), remote cache hits 0 (0.00s CPU time), compiled 0 variants (0.00s CPU time), skipped 0 variants.
    Prepared data for serialisation in 0.00s
Serialized binary data for shader PXR_SDK/PXR_Texture2DBlit in 0.00s
    metal (total internal programs: 4, unique: 4)
Compiling shader "HPE/hand_Fade"
  Pass "Fade" (vp)
    Target graphics API: metal
    Full variant space:         1
    After settings filtering:   1
    After built-in stripping:   2
    After scriptable stripping: 2
    Processed in 0.00 seconds
  Pass "Fade" (fp)
    Target graphics API: metal
    Full variant space:         1
    After settings filtering:   1
    After built-in stripping:   2
    After scriptable stripping: 2
    Processed in 0.00 seconds
  Pass "Fade" (vp)
    Target graphics API: metal
    Full variant space:         1
    After settings filtering:   1
    After built-in stripping:   2
    After scriptable stripping: 2
    Processed in 0.00 seconds
  Pass "Fade" (fp)
    Target graphics API: metal
    Full variant space:         1
    After settings filtering:   1
    After built-in stripping:   2
    After scriptable stripping: 2
    Processed in 0.00 seconds
  Pass "Fade" (vp)
    Target graphics API: metal
    Full variant space:         1
    After settings filtering:   1
    After built-in stripping:   2
    After scriptable stripping: 2
    Processed in 0.00 seconds
  Pass "Fade" (fp)
    Target graphics API: metal
    Full variant space:         1
    After settings filtering:   1
    After built-in stripping:   2
    After scriptable stripping: 2
    Processed in 0.00 seconds
  Pass "Fade" (vp)
    Target graphics API: metal
    Full variant space:         1
    After settings filtering:   1
    After built-in stripping:   2
    After scriptable stripping: 2
    Processed in 0.00 seconds
  Pass "Fade" (fp)
    Target graphics API: metal
    Full variant space:         1
    After settings filtering:   1
    After built-in stripping:   2
    After scriptable stripping: 2
    Processed in 0.00 seconds
  Pass Fade (vp, metal) finished in 0.00 seconds. Local cache hits 2 (0.00s CPU time), remote cache hits 0 (0.00s CPU time), compiled 0 variants (0.00s CPU time), skipped 0 variants.
    Prepared data for serialisation in 0.00s
  Pass Fade (fp, metal) finished in 0.00 seconds. Local cache hits 2 (0.00s CPU time), remote cache hits 0 (0.00s CPU time), compiled 0 variants (0.00s CPU time), skipped 0 variants.
    Prepared data for serialisation in 0.00s
  Pass Fade (vp, metal) finished in 0.00 seconds. Local cache hits 2 (0.00s CPU time), remote cache hits 0 (0.00s CPU time), compiled 0 variants (0.00s CPU time), skipped 0 variants.
    Prepared data for serialisation in 0.00s
  Pass Fade (fp, metal) finished in 0.00 seconds. Local cache hits 2 (0.00s CPU time), remote cache hits 0 (0.00s CPU time), compiled 0 variants (0.00s CPU time), skipped 0 variants.
    Prepared data for serialisation in 0.00s
  Pass Fade (vp, metal) finished in 0.00 seconds. Local cache hits 2 (0.00s CPU time), remote cache hits 0 (0.00s CPU time), compiled 0 variants (0.00s CPU time), skipped 0 variants.
    Prepared data for serialisation in 0.00s
  Pass Fade (fp, metal) finished in 0.00 seconds. Local cache hits 2 (0.00s CPU time), remote cache hits 0 (0.00s CPU time), compiled 0 variants (0.00s CPU time), skipped 0 variants.
    Prepared data for serialisation in 0.00s
  Pass Fade (vp, metal) finished in 0.00 seconds. Local cache hits 2 (0.00s CPU time), remote cache hits 0 (0.00s CPU time), compiled 0 variants (0.00s CPU time), skipped 0 variants.
    Prepared data for serialisation in 0.00s
  Pass Fade (fp, metal) finished in 0.00 seconds. Local cache hits 2 (0.00s CPU time), remote cache hits 0 (0.00s CPU time), compiled 0 variants (0.00s CPU time), skipped 0 variants.
    Prepared data for serialisation in 0.00s
Serialized binary data for shader HPE/hand_Fade in 0.00s
    metal (total internal programs: 16, unique: 4)
Compiling shader "HPE/Outline"
  Pass "Depth" (vp)
    Target graphics API: metal
    Full variant space:         4
    After settings filtering:   4
    After built-in stripping:   2
    After scriptable stripping: 2
    Processed in 0.00 seconds
  Pass "Depth" (fp)
    Target graphics API: metal
    Full variant space:         4
    After settings filtering:   4
    After built-in stripping:   2
    After scriptable stripping: 2
    Processed in 0.00 seconds
  Pass "Outline" (vp)
    Target graphics API: metal
    Full variant space:         1
    After settings filtering:   1
    After built-in stripping:   2
    After scriptable stripping: 2
    Processed in 0.00 seconds
  Pass "Outline" (fp)
    Target graphics API: metal
    Full variant space:         1
    After settings filtering:   1
    After built-in stripping:   2
    After scriptable stripping: 2
    Processed in 0.00 seconds
  Pass "Depth" (vp)
    Target graphics API: metal
    Full variant space:         4
    After settings filtering:   4
    After built-in stripping:   2
    After scriptable stripping: 2
    Processed in 0.00 seconds
  Pass "Depth" (fp)
    Target graphics API: metal
    Full variant space:         4
    After settings filtering:   4
    After built-in stripping:   2
    After scriptable stripping: 2
    Processed in 0.00 seconds
  Pass "Outline" (vp)
    Target graphics API: metal
    Full variant space:         1
    After settings filtering:   1
    After built-in stripping:   2
    After scriptable stripping: 2
    Processed in 0.00 seconds
  Pass "Outline" (fp)
    Target graphics API: metal
    Full variant space:         1
    After settings filtering:   1
    After built-in stripping:   2
    After scriptable stripping: 2
    Processed in 0.00 seconds
  Pass Depth (vp, metal) finished in 0.00 seconds. Local cache hits 2 (0.00s CPU time), remote cache hits 0 (0.00s CPU time), compiled 0 variants (0.00s CPU time), skipped 0 variants.
    Prepared data for serialisation in 0.00s
  Pass Depth (fp, metal) finished in 0.00 seconds. Local cache hits 2 (0.00s CPU time), remote cache hits 0 (0.00s CPU time), compiled 0 variants (0.00s CPU time), skipped 0 variants.
    Prepared data for serialisation in 0.00s
  Pass Outline (vp, metal) finished in 0.00 seconds. Local cache hits 2 (0.00s CPU time), remote cache hits 0 (0.00s CPU time), compiled 0 variants (0.00s CPU time), skipped 0 variants.
    Prepared data for serialisation in 0.00s
  Pass Outline (fp, metal) finished in 0.00 seconds. Local cache hits 2 (0.00s CPU time), remote cache hits 0 (0.00s CPU time), compiled 0 variants (0.00s CPU time), skipped 0 variants.
    Prepared data for serialisation in 0.00s
  Pass Depth (vp, metal) finished in 0.00 seconds. Local cache hits 2 (0.00s CPU time), remote cache hits 0 (0.00s CPU time), compiled 0 variants (0.00s CPU time), skipped 0 variants.
    Prepared data for serialisation in 0.00s
  Pass Depth (fp, metal) finished in 0.00 seconds. Local cache hits 2 (0.00s CPU time), remote cache hits 0 (0.00s CPU time), compiled 0 variants (0.00s CPU time), skipped 0 variants.
    Prepared data for serialisation in 0.00s
  Pass Outline (vp, metal) finished in 0.00 seconds. Local cache hits 2 (0.00s CPU time), remote cache hits 0 (0.00s CPU time), compiled 0 variants (0.00s CPU time), skipped 0 variants.
    Prepared data for serialisation in 0.00s
  Pass Outline (fp, metal) finished in 0.00 seconds. Local cache hits 2 (0.00s CPU time), remote cache hits 0 (0.00s CPU time), compiled 0 variants (0.00s CPU time), skipped 0 variants.
    Prepared data for serialisation in 0.00s
Serialized binary data for shader HPE/Outline in 0.00s
    metal (total internal programs: 16, unique: 8)
Shader warning in 'HPE/Outline': Output value 'outlineVertex' is not completely initialized at Packages/com.bytedance.pico.xr/Assets/Resources/Hand/HandPose/Shaders/HPE_hand_outline.shader(91) (on metal)

Compiling Subshader: 0, Pass: Outline, Vertex program with <no keywords>
Platform defines: SHADER_API_DESKTOP UNITY_ENABLE_DETAIL_NORMALMAP UNITY_ENABLE_REFLECTION_BUFFERS UNITY_FRAMEBUFFER_FETCH_AVAILABLE UNITY_LIGHTMAP_FULL_HDR UNITY_LIGHT_PROBE_PROXY_VOLUME UNITY_NEEDS_RENDERPASS_FBFETCH_FALLBACK UNITY_PBS_USE_BRDF1 UNITY_SPECCUBE_BLENDING UNITY_SPECCUBE_BOX_PROJECTION UNITY_USE_DITHER_MASK_FOR_ALPHABLENDED_SHADOWS
Disabled keywords: SHADER_API_GLES30 SHADER_API_GLES31 SHADER_API_GLES32 UNITY_ASTC_NORMALMAP_ENCODING UNITY_COLORSPACE_GAMMA UNITY_HARDWARE_TIER1 UNITY_HARDWARE_TIER2 UNITY_HARDWARE_TIER3 UNITY_LIGHTMAP_DLDR_ENCODING UNITY_LIGHTMAP_RGBM_ENCODING UNITY_METAL_SHADOWS_USE_POINT_FILTERING UNITY_NO_DXT5nm UNITY_NO_SCREENSPACE_SHADOWS UNITY_PBS_USE_BRDF2 UNITY_PBS_USE_BRDF3 UNITY_PRETRANSFORM_TO_DISPLAY_ORIENTATION UNITY_UNIFIED_SHADER_PRECISION_MODEL UNITY_VIRTUAL_TEXTURING
Shader warning in 'HPE/Outline': Output value 'outlineVertex' is not completely initialized at Packages/com.bytedance.pico.xr/Assets/Resources/Hand/HandPose/Shaders/HPE_hand_outline.shader(175) (on metal)

Compiling Subshader: 1, Pass: Outline, Vertex program with <no keywords>
Platform defines: SHADER_API_DESKTOP UNITY_ENABLE_DETAIL_NORMALMAP UNITY_ENABLE_REFLECTION_BUFFERS UNITY_FRAMEBUFFER_FETCH_AVAILABLE UNITY_LIGHTMAP_FULL_HDR UNITY_LIGHT_PROBE_PROXY_VOLUME UNITY_NEEDS_RENDERPASS_FBFETCH_FALLBACK UNITY_PBS_USE_BRDF1 UNITY_SPECCUBE_BLENDING UNITY_SPECCUBE_BOX_PROJECTION UNITY_USE_DITHER_MASK_FOR_ALPHABLENDED_SHADOWS
Disabled keywords: SHADER_API_GLES30 SHADER_API_GLES31 SHADER_API_GLES32 UNITY_ASTC_NORMALMAP_ENCODING UNITY_COLORSPACE_GAMMA UNITY_HARDWARE_TIER1 UNITY_HARDWARE_TIER2 UNITY_HARDWARE_TIER3 UNITY_LIGHTMAP_DLDR_ENCODING UNITY_LIGHTMAP_RGBM_ENCODING UNITY_METAL_SHADOWS_USE_POINT_FILTERING UNITY_NO_DXT5nm UNITY_NO_SCREENSPACE_SHADOWS UNITY_PBS_USE_BRDF2 UNITY_PBS_USE_BRDF3 UNITY_PRETRANSFORM_TO_DISPLAY_ORIENTATION UNITY_UNIFIED_SHADER_PRECISION_MODEL UNITY_VIRTUAL_TEXTURING
Compiling shader "Hidden/Sentis/Split"
  Pass "" (vp)
    Target graphics API: metal
    Full variant space:         4
    After settings filtering:   4
    After built-in stripping:   8
    After scriptable stripping: 8
    Processed in 0.00 seconds
  Pass "" (fp)
    Target graphics API: metal
    Full variant space:         4
    After settings filtering:   4
    After built-in stripping:   8
    After scriptable stripping: 8
    Processed in 0.00 seconds
  Pass  (vp, metal) finished in 0.00 seconds. Local cache hits 8 (0.00s CPU time), remote cache hits 0 (0.00s CPU time), compiled 0 variants (0.00s CPU time), skipped 0 variants.
    Prepared data for serialisation in 0.00s
  Pass  (fp, metal) finished in 0.00 seconds. Local cache hits 8 (0.00s CPU time), remote cache hits 0 (0.00s CPU time), compiled 0 variants (0.00s CPU time), skipped 0 variants.
    Prepared data for serialisation in 0.00s
Serialized binary data for shader Hidden/Sentis/Split in 0.00s
    metal (total internal programs: 16, unique: 16)
Compiling shader "SpatialTowerDefense/GeneratedUiSurface"
  Pass "" (vp)
    Target graphics API: metal
    Full variant space:         1
    After settings filtering:   1
    After built-in stripping:   2
    After scriptable stripping: 2
    Processed in 0.00 seconds
  Pass "" (fp)
    Target graphics API: metal
    Full variant space:         1
    After settings filtering:   1
    After built-in stripping:   2
    After scriptable stripping: 2
    Processed in 0.00 seconds
  Pass  (vp, metal) finished in 0.00 seconds. Local cache hits 2 (0.00s CPU time), remote cache hits 0 (0.00s CPU time), compiled 0 variants (0.00s CPU time), skipped 0 variants.
    Prepared data for serialisation in 0.00s
  Pass  (fp, metal) finished in 0.00 seconds. Local cache hits 2 (0.00s CPU time), remote cache hits 0 (0.00s CPU time), compiled 0 variants (0.00s CPU time), skipped 0 variants.
    Prepared data for serialisation in 0.00s
Serialized binary data for shader SpatialTowerDefense/GeneratedUiSurface in 0.00s
    metal (total internal programs: 4, unique: 4)
Compiling shader "Hidden/Sentis/Range"
  Pass "" (vp)
    Target graphics API: metal
    Full variant space:         2
    After settings filtering:   2
    After built-in stripping:   4
    After scriptable stripping: 4
    Processed in 0.00 seconds
  Pass "" (fp)
    Target graphics API: metal
    Full variant space:         2
    After settings filtering:   2
    After built-in stripping:   4
    After scriptable stripping: 4
    Processed in 0.00 seconds
  Pass  (vp, metal) finished in 0.00 seconds. Local cache hits 4 (0.00s CPU time), remote cache hits 0 (0.00s CPU time), compiled 0 variants (0.00s CPU time), skipped 0 variants.
    Prepared data for serialisation in 0.00s
  Pass  (fp, metal) finished in 0.00 seconds. Local cache hits 4 (0.00s CPU time), remote cache hits 0 (0.00s CPU time), compiled 0 variants (0.00s CPU time), skipped 0 variants.
    Prepared data for serialisation in 0.00s
Serialized binary data for shader Hidden/Sentis/Range in 0.00s
    metal (total internal programs: 8, unique: 8)
Compiling shader "Hidden/Sentis/OneHot"
  Pass "" (vp)
    Target graphics API: metal
    Full variant space:         2
    After settings filtering:   2
    After built-in stripping:   4
    After scriptable stripping: 4
    Processed in 0.00 seconds
  Pass "" (fp)
    Target graphics API: metal
    Full variant space:         2
    After settings filtering:   2
    After built-in stripping:   4
    After scriptable stripping: 4
    Processed in 0.00 seconds
  Pass  (vp, metal) finished in 0.00 seconds. Local cache hits 4 (0.00s CPU time), remote cache hits 0 (0.00s CPU time), compiled 0 variants (0.00s CPU time), skipped 0 variants.
    Prepared data for serialisation in 0.00s
  Pass  (fp, metal) finished in 0.00 seconds. Local cache hits 4 (0.00s CPU time), remote cache hits 0 (0.00s CPU time), compiled 0 variants (0.00s CPU time), skipped 0 variants.
    Prepared data for serialisation in 0.00s
Serialized binary data for shader Hidden/Sentis/OneHot in 0.00s
    metal (total internal programs: 8, unique: 8)
Compiling shader "Hidden/Sentis/Resize1D"
  Pass "" (vp)
    Target graphics API: metal
    Full variant space:         3
    After settings filtering:   3
    After built-in stripping:   6
    After scriptable stripping: 6
    Processed in 0.00 seconds
  Pass "" (fp)
    Target graphics API: metal
    Full variant space:         3
    After settings filtering:   3
    After built-in stripping:   6
    After scriptable stripping: 6
    Processed in 0.00 seconds
  Pass  (vp, metal) finished in 0.00 seconds. Local cache hits 6 (0.00s CPU time), remote cache hits 0 (0.00s CPU time), compiled 0 variants (0.00s CPU time), skipped 0 variants.
    Prepared data for serialisation in 0.00s
  Pass  (fp, metal) finished in 0.00 seconds. Local cache hits 6 (0.01s CPU time), remote cache hits 0 (0.00s CPU time), compiled 0 variants (0.00s CPU time), skipped 0 variants.
    Prepared data for serialisation in 0.00s
Serialized binary data for shader Hidden/Sentis/Resize1D in 0.00s
    metal (total internal programs: 12, unique: 12)
Compiling shader "Hidden/Sentis/LocalPool"
  Pass "" (vp)
    Target graphics API: metal
    Full variant space:         6
    After settings filtering:   6
    After built-in stripping:   12
    After scriptable stripping: 12
    Processed in 0.00 seconds
  Pass "" (fp)
    Target graphics API: metal
    Full variant space:         6
    After settings filtering:   6
    After built-in stripping:   12
    After scriptable stripping: 12
    Processed in 0.00 seconds
  Pass  (vp, metal) finished in 0.00 seconds. Local cache hits 12 (0.00s CPU time), remote cache hits 0 (0.00s CPU time), compiled 0 variants (0.00s CPU time), skipped 0 variants.
    Prepared data for serialisation in 0.00s
  Pass  (fp, metal) finished in 0.00 seconds. Local cache hits 12 (0.00s CPU time), remote cache hits 0 (0.00s CPU time), compiled 0 variants (0.00s CPU time), skipped 0 variants.
    Prepared data for serialisation in 0.00s
Serialized binary data for shader Hidden/Sentis/LocalPool in 0.00s
    metal (total internal programs: 24, unique: 24)
Compiling shader "Hidden/Sentis/ScalarMad"
  Pass "" (vp)
    Target graphics API: metal
    Full variant space:         2
    After settings filtering:   2
    After built-in stripping:   4
    After scriptable stripping: 4
    Processed in 0.00 seconds
  Pass "" (fp)
    Target graphics API: metal
    Full variant space:         2
    After settings filtering:   2
    After built-in stripping:   4
    After scriptable stripping: 4
    Processed in 0.00 seconds
  Pass  (vp, metal) finished in 0.00 seconds. Local cache hits 4 (0.00s CPU time), remote cache hits 0 (0.00s CPU time), compiled 0 variants (0.00s CPU time), skipped 0 variants.
    Prepared data for serialisation in 0.00s
  Pass  (fp, metal) finished in 0.00 seconds. Local cache hits 4 (0.00s CPU time), remote cache hits 0 (0.00s CPU time), compiled 0 variants (0.00s CPU time), skipped 0 variants.
    Prepared data for serialisation in 0.00s
Serialized binary data for shader Hidden/Sentis/ScalarMad in 0.00s
    metal (total internal programs: 8, unique: 8)
Compiling shader "HPE/Highlight"
  Pass "Depth" (vp)
    Target graphics API: metal
    Full variant space:         4
    After settings filtering:   4
    After built-in stripping:   2
    After scriptable stripping: 2
    Processed in 0.00 seconds
  Pass "Depth" (fp)
    Target graphics API: metal
    Full variant space:         4
    After settings filtering:   4
    After built-in stripping:   2
    After scriptable stripping: 2
    Processed in 0.00 seconds
  Pass "Highlight" (vp)
    Target graphics API: metal
    Full variant space:         1
    After settings filtering:   1
    After built-in stripping:   2
    After scriptable stripping: 2
    Processed in 0.00 seconds
  Pass "Highlight" (fp)
    Target graphics API: metal
    Full variant space:         1
    After settings filtering:   1
    After built-in stripping:   2
    After scriptable stripping: 2
    Processed in 0.00 seconds
  Pass "Depth" (vp)
    Target graphics API: metal
    Full variant space:         4
    After settings filtering:   4
    After built-in stripping:   2
    After scriptable stripping: 2
    Processed in 0.00 seconds
  Pass "Depth" (fp)
    Target graphics API: metal
    Full variant space:         4
    After settings filtering:   4
    After built-in stripping:   2
    After scriptable stripping: 2
    Processed in 0.00 seconds
  Pass "Highlight" (vp)
    Target graphics API: metal
    Full variant space:         1
    After settings filtering:   1
    After built-in stripping:   2
    After scriptable stripping: 2
    Processed in 0.00 seconds
  Pass "Highlight" (fp)
    Target graphics API: metal
    Full variant space:         1
    After settings filtering:   1
    After built-in stripping:   2
    After scriptable stripping: 2
    Processed in 0.00 seconds
  Pass Depth (vp, metal) finished in 0.00 seconds. Local cache hits 2 (0.00s CPU time), remote cache hits 0 (0.00s CPU time), compiled 0 variants (0.00s CPU time), skipped 0 variants.
    Prepared data for serialisation in 0.00s
  Pass Depth (fp, metal) finished in 0.00 seconds. Local cache hits 2 (0.00s CPU time), remote cache hits 0 (0.00s CPU time), compiled 0 variants (0.00s CPU time), skipped 0 variants.
    Prepared data for serialisation in 0.00s
  Pass Highlight (vp, metal) finished in 0.00 seconds. Local cache hits 2 (0.00s CPU time), remote cache hits 0 (0.00s CPU time), compiled 0 variants (0.00s CPU time), skipped 0 variants.
    Prepared data for serialisation in 0.00s
  Pass Highlight (fp, metal) finished in 0.00 seconds. Local cache hits 2 (0.00s CPU time), remote cache hits 0 (0.00s CPU time), compiled 0 variants (0.00s CPU time), skipped 0 variants.
    Prepared data for serialisation in 0.00s
  Pass Depth (vp, metal) finished in 0.00 seconds. Local cache hits 2 (0.00s CPU time), remote cache hits 0 (0.00s CPU time), compiled 0 variants (0.00s CPU time), skipped 0 variants.
    Prepared data for serialisation in 0.00s
  Pass Depth (fp, metal) finished in 0.00 seconds. Local cache hits 2 (0.00s CPU time), remote cache hits 0 (0.00s CPU time), compiled 0 variants (0.00s CPU time), skipped 0 variants.
    Prepared data for serialisation in 0.00s
  Pass Highlight (vp, metal) finished in 0.00 seconds. Local cache hits 2 (0.00s CPU time), remote cache hits 0 (0.00s CPU time), compiled 0 variants (0.00s CPU time), skipped 0 variants.
    Prepared data for serialisation in 0.00s
  Pass Highlight (fp, metal) finished in 0.00 seconds. Local cache hits 2 (0.00s CPU time), remote cache hits 0 (0.00s CPU time), compiled 0 variants (0.00s CPU time), skipped 0 variants.
    Prepared data for serialisation in 0.00s
Serialized binary data for shader HPE/Highlight in 0.00s
    metal (total internal programs: 16, unique: 8)
Compiling shader "Hidden/Sentis/ReduceIndices"
  Pass "" (vp)
    Target graphics API: metal
    Full variant space:         8
    After settings filtering:   8
    After built-in stripping:   16
    After scriptable stripping: 16
    Processed in 0.00 seconds
  Pass "" (fp)
    Target graphics API: metal
    Full variant space:         8
    After settings filtering:   8
    After built-in stripping:   16
    After scriptable stripping: 16
    Processed in 0.00 seconds
  Pass  (vp, metal) finished in 0.00 seconds. Local cache hits 16 (0.00s CPU time), remote cache hits 0 (0.00s CPU time), compiled 0 variants (0.00s CPU time), skipped 0 variants.
    Prepared data for serialisation in 0.00s
  Pass  (fp, metal) finished in 0.00 seconds. Local cache hits 16 (0.00s CPU time), remote cache hits 0 (0.00s CPU time), compiled 0 variants (0.00s CPU time), skipped 0 variants.
    Prepared data for serialisation in 0.00s
Serialized binary data for shader Hidden/Sentis/ReduceIndices in 0.00s
    metal (total internal programs: 32, unique: 32)
Compiling shader "Hidden/Sentis/Slice"
  Pass "" (vp)
    Target graphics API: metal
    Full variant space:         4
    After settings filtering:   4
    After built-in stripping:   8
    After scriptable stripping: 8
    Processed in 0.00 seconds
  Pass "" (fp)
    Target graphics API: metal
    Full variant space:         4
    After settings filtering:   4
    After built-in stripping:   8
    After scriptable stripping: 8
    Processed in 0.00 seconds
  Pass  (vp, metal) finished in 0.00 seconds. Local cache hits 8 (0.00s CPU time), remote cache hits 0 (0.00s CPU time), compiled 0 variants (0.00s CPU time), skipped 0 variants.
    Prepared data for serialisation in 0.00s
  Pass  (fp, metal) finished in 0.00 seconds. Local cache hits 8 (0.00s CPU time), remote cache hits 0 (0.00s CPU time), compiled 0 variants (0.00s CPU time), skipped 0 variants.
    Prepared data for serialisation in 0.00s
Serialized binary data for shader Hidden/Sentis/Slice in 0.00s
    metal (total internal programs: 16, unique: 16)
Compiling shader "Hidden/Sentis/ScaleBias"
  Pass "" (vp)
    Target graphics API: metal
    Full variant space:         2
    After settings filtering:   2
    After built-in stripping:   4
    After scriptable stripping: 4
    Processed in 0.00 seconds
  Pass "" (fp)
    Target graphics API: metal
    Full variant space:         2
    After settings filtering:   2
    After built-in stripping:   4
    After scriptable stripping: 4
    Processed in 0.00 seconds
  Pass  (vp, metal) finished in 0.00 seconds. Local cache hits 4 (0.00s CPU time), remote cache hits 0 (0.00s CPU time), compiled 0 variants (0.00s CPU time), skipped 0 variants.
    Prepared data for serialisation in 0.00s
  Pass  (fp, metal) finished in 0.00 seconds. Local cache hits 4 (0.00s CPU time), remote cache hits 0 (0.00s CPU time), compiled 0 variants (0.00s CPU time), skipped 0 variants.
    Prepared data for serialisation in 0.00s
Serialized binary data for shader Hidden/Sentis/ScaleBias in 0.00s
    metal (total internal programs: 8, unique: 8)
Compiling shader "Hidden/Sentis/LayoutSwitchBlockedAxis"
  Pass "" (vp)
    Target graphics API: metal
    Full variant space:         2
    After settings filtering:   2
    After built-in stripping:   4
    After scriptable stripping: 4
    Processed in 0.00 seconds
  Pass "" (fp)
    Target graphics API: metal
    Full variant space:         2
    After settings filtering:   2
    After built-in stripping:   4
    After scriptable stripping: 4
    Processed in 0.00 seconds
  Pass  (vp, metal) finished in 0.00 seconds. Local cache hits 4 (0.00s CPU time), remote cache hits 0 (0.00s CPU time), compiled 0 variants (0.00s CPU time), skipped 0 variants.
    Prepared data for serialisation in 0.00s
  Pass  (fp, metal) finished in 0.00 seconds. Local cache hits 4 (0.00s CPU time), remote cache hits 0 (0.00s CPU time), compiled 0 variants (0.00s CPU time), skipped 0 variants.
    Prepared data for serialisation in 0.00s
Serialized binary data for shader Hidden/Sentis/LayoutSwitchBlockedAxis in 0.00s
    metal (total internal programs: 8, unique: 8)
Compiling shader "PXR/HandRay"
  Pass "Depth" (vp)
    Target graphics API: metal
    Full variant space:         4
    After settings filtering:   4
    After built-in stripping:   2
    After scriptable stripping: 2
    Processed in 0.00 seconds
  Pass "Depth" (fp)
    Target graphics API: metal
    Full variant space:         4
    After settings filtering:   4
    After built-in stripping:   2
    After scriptable stripping: 2
    Processed in 0.00 seconds
  Pass "Fresnel" (vp)
    Target graphics API: metal
    Full variant space:         1
    After settings filtering:   1
    After built-in stripping:   2
    After scriptable stripping: 2
    Processed in 0.00 seconds
  Pass "Fresnel" (fp)
    Target graphics API: metal
    Full variant space:         1
    After settings filtering:   1
    After built-in stripping:   2
    After scriptable stripping: 2
    Processed in 0.00 seconds
  Pass "Depth" (vp)
    Target graphics API: metal
    Full variant space:         4
    After settings filtering:   4
    After built-in stripping:   2
    After scriptable stripping: 2
    Processed in 0.00 seconds
  Pass "Depth" (fp)
    Target graphics API: metal
    Full variant space:         4
    After settings filtering:   4
    After built-in stripping:   2
    After scriptable stripping: 2
    Processed in 0.00 seconds
  Pass "Fresnel" (vp)
    Target graphics API: metal
    Full variant space:         1
    After settings filtering:   1
    After built-in stripping:   2
    After scriptable stripping: 2
    Processed in 0.00 seconds
  Pass "Fresnel" (fp)
    Target graphics API: metal
    Full variant space:         1
    After settings filtering:   1
    After built-in stripping:   2
    After scriptable stripping: 2
    Processed in 0.00 seconds
  Pass Depth (vp, metal) finished in 0.00 seconds. Local cache hits 2 (0.00s CPU time), remote cache hits 0 (0.00s CPU time), compiled 0 variants (0.00s CPU time), skipped 0 variants.
    Prepared data for serialisation in 0.00s
  Pass Depth (fp, metal) finished in 0.00 seconds. Local cache hits 2 (0.00s CPU time), remote cache hits 0 (0.00s CPU time), compiled 0 variants (0.00s CPU time), skipped 0 variants.
    Prepared data for serialisation in 0.00s
  Pass Fresnel (vp, metal) finished in 0.00 seconds. Local cache hits 2 (0.00s CPU time), remote cache hits 0 (0.00s CPU time), compiled 0 variants (0.00s CPU time), skipped 0 variants.
    Prepared data for serialisation in 0.00s
  Pass Fresnel (fp, metal) finished in 0.00 seconds. Local cache hits 2 (0.00s CPU time), remote cache hits 0 (0.00s CPU time), compiled 0 variants (0.00s CPU time), skipped 0 variants.
    Prepared data for serialisation in 0.00s
  Pass Depth (vp, metal) finished in 0.00 seconds. Local cache hits 2 (0.00s CPU time), remote cache hits 0 (0.00s CPU time), compiled 0 variants (0.00s CPU time), skipped 0 variants.
    Prepared data for serialisation in 0.00s
  Pass Depth (fp, metal) finished in 0.00 seconds. Local cache hits 2 (0.00s CPU time), remote cache hits 0 (0.00s CPU time), compiled 0 variants (0.00s CPU time), skipped 0 variants.
    Prepared data for serialisation in 0.00s
  Pass Fresnel (vp, metal) finished in 0.00 seconds. Local cache hits 2 (0.00s CPU time), remote cache hits 0 (0.00s CPU time), compiled 0 variants (0.00s CPU time), skipped 0 variants.
    Prepared data for serialisation in 0.00s
  Pass Fresnel (fp, metal) finished in 0.00 seconds. Local cache hits 2 (0.00s CPU time), remote cache hits 0 (0.00s CPU time), compiled 0 variants (0.00s CPU time), skipped 0 variants.
    Prepared data for serialisation in 0.00s
Serialized binary data for shader PXR/HandRay in 0.00s
    metal (total internal programs: 16, unique: 8)
Compiling shader "Hidden/Sentis/TopP"
  Pass "" (vp)
    Target graphics API: metal
    Full variant space:         1
    After settings filtering:   1
    After built-in stripping:   2
    After scriptable stripping: 2
    Processed in 0.00 seconds
  Pass "" (fp)
    Target graphics API: metal
    Full variant space:         1
    After settings filtering:   1
    After built-in stripping:   2
    After scriptable stripping: 2
    Processed in 0.00 seconds
  Pass  (vp, metal) finished in 0.00 seconds. Local cache hits 2 (0.00s CPU time), remote cache hits 0 (0.00s CPU time), compiled 0 variants (0.00s CPU time), skipped 0 variants.
    Prepared data for serialisation in 0.00s
  Pass  (fp, metal) finished in 0.00 seconds. Local cache hits 2 (0.00s CPU time), remote cache hits 0 (0.00s CPU time), compiled 0 variants (0.00s CPU time), skipped 0 variants.
    Prepared data for serialisation in 0.00s
Serialized binary data for shader Hidden/Sentis/TopP in 0.00s
    metal (total internal programs: 4, unique: 4)
Compiling compute shader "ReferenceImpl.IndexingOpsA"
    starting stripping...
    finished in 0.00 seconds. 8 of 8 variants left
    8 variants, starting compilation...
    finished in 0.00 seconds. Local cache hits 8, remote cache hits 0, compiled 0 variants
Compiling compute shader "TensorToTexture"
    starting stripping...
    finished in 0.00 seconds. 4 of 4 variants left
    4 variants, starting compilation...
    finished in 0.00 seconds. Local cache hits 4, remote cache hits 0, compiled 0 variants
Compiling compute shader "Resize"
    starting stripping...
    finished in 0.00 seconds. 12 of 12 variants left
    12 variants, starting compilation...
    finished in 0.00 seconds. Local cache hits 12, remote cache hits 0, compiled 0 variants
Compiling compute shader "GemmT"
    starting stripping...
    finished in 0.00 seconds. 3 of 3 variants left
    3 variants, starting compilation...
    finished in 0.00 seconds. Local cache hits 3, remote cache hits 0, compiled 0 variants
Compiling compute shader "ImageBased"
    starting stripping...
    finished in 0.00 seconds. 3 of 3 variants left
    3 variants, starting compilation...
    finished in 0.00 seconds. Local cache hits 3, remote cache hits 0, compiled 0 variants
Compiling compute shader "ReferenceImpl"
    starting stripping...
    finished in 0.00 seconds. 1 of 1 variants left
    1 variants, starting compilation...
    finished in 0.00 seconds. Local cache hits 1, remote cache hits 0, compiled 0 variants
Compiling compute shader "ReduceIndices"
    starting stripping...
    finished in 0.00 seconds. 8 of 8 variants left
    8 variants, starting compilation...
    finished in 0.00 seconds. Local cache hits 8, remote cache hits 0, compiled 0 variants
Compiling compute shader "IndexingOps"
    starting stripping...
    finished in 0.00 seconds. 3 of 3 variants left
    3 variants, starting compilation...
    finished in 0.00 seconds. Local cache hits 3, remote cache hits 0, compiled 0 variants
Compiling compute shader "AxisActivations"
    starting stripping...
    finished in 0.00 seconds. 3 of 3 variants left
    3 variants, starting compilation...
    finished in 0.00 seconds. Local cache hits 3, remote cache hits 0, compiled 0 variants
Compiling compute shader "Normalization"
    starting stripping...
    finished in 0.00 seconds. 4 of 4 variants left
    4 variants, starting compilation...
    finished in 0.00 seconds. Local cache hits 4, remote cache hits 0, compiled 0 variants
Compiling compute shader "Random"
    starting stripping...
    finished in 0.00 seconds. 5 of 5 variants left
    5 variants, starting compilation...
    finished in 0.00 seconds. Local cache hits 5, remote cache hits 0, compiled 0 variants
Compiling compute shader "NMS"
    starting stripping...
    finished in 0.00 seconds. 4 of 4 variants left
    4 variants, starting compilation...
    finished in 0.00 seconds. Local cache hits 4, remote cache hits 0, compiled 0 variants
Compiling compute shader "Spectral"
    starting stripping...
    finished in 0.00 seconds. 4 of 4 variants left
    4 variants, starting compilation...
    finished in 0.00 seconds. Local cache hits 4, remote cache hits 0, compiled 0 variants
Compiling compute shader "ReferenceImpl.PadA"
    starting stripping...
    finished in 0.00 seconds. 5 of 5 variants left
    5 variants, starting compilation...
    finished in 0.00 seconds. Local cache hits 5, remote cache hits 0, compiled 0 variants
Compiling compute shader "RNN"
    starting stripping...
    finished in 0.00 seconds. 1 of 1 variants left
    1 variants, starting compilation...
    finished in 0.00 seconds. Local cache hits 1, remote cache hits 0, compiled 0 variants
Compiling compute shader "CumSum"
    starting stripping...
    finished in 0.00 seconds. 8 of 8 variants left
    8 variants, starting compilation...
    finished in 0.00 seconds. Local cache hits 8, remote cache hits 0, compiled 0 variants
Compiling compute shader "ScatterOps"
    starting stripping...
    finished in 0.00 seconds. 10 of 10 variants left
    10 variants, starting compilation...
    finished in 0.00 seconds. Local cache hits 10, remote cache hits 0, compiled 0 variants
Compiling compute shader "Compute.Shaders.ReductionUnrolled.gen"
    starting stripping...
    finished in 0.00 seconds. 19 of 19 variants left
    19 variants, starting compilation...
    finished in 0.00 seconds. Local cache hits 19, remote cache hits 0, compiled 0 variants
Compiling compute shader "Clip"
    starting stripping...
    finished in 0.00 seconds. 8 of 8 variants left
    8 variants, starting compilation...
    finished in 0.00 seconds. Local cache hits 8, remote cache hits 0, compiled 0 variants
Compiling compute shader "WindowedDFTMatrix"
    starting stripping...
    finished in 0.00 seconds. 8 of 8 variants left
    8 variants, starting compilation...
    finished in 0.00 seconds. Local cache hits 8, remote cache hits 0, compiled 0 variants
Compiling compute shader "Dense"
    starting stripping...
    finished in 0.00 seconds. 12 of 12 variants left
    12 variants, starting compilation...
    finished in 0.00 seconds. Local cache hits 12, remote cache hits 0, compiled 0 variants
Compiling compute shader "ReferenceImpl.GenericA"
    starting stripping...
    finished in 0.00 seconds. 2 of 2 variants left
    2 variants, starting compilation...
    finished in 0.00 seconds. Local cache hits 2, remote cache hits 0, compiled 0 variants
Compiling compute shader "BitonicSort"
    starting stripping...
    finished in 0.00 seconds. 4 of 4 variants left
    4 variants, starting compilation...
    finished in 0.00 seconds. Local cache hits 4, remote cache hits 0, compiled 0 variants
Compiling compute shader "ConvGeneric"
    starting stripping...
    finished in 0.00 seconds. 204 of 204 variants left
    204 variants, starting compilation...
Shader warning in 'ConvGeneric': "TRANSPOSE_OUTPUT variants not supported with NON_UNIFORM_CONVGROUP_PER_OC, make sure this variant is not used" at kernel Conv1D_OutTransposed_4eoc_4esp at ConvGeneric.compute(550)
Shader warning in 'ConvGeneric': "TRANSPOSE_OUTPUT variants not supported with NON_UNIFORM_CONVGROUP_PER_OC, make sure this variant is not used" at kernel Conv1D_OutTransposed_4eoc_4esp at Packages/com.unity.ai.inference/Runtime/Core/Resources/Sentis/ComputeShaders/ConvGeneric.compute(550)
Shader warning in 'ConvGeneric': "TRANSPOSE_OUTPUT variants not supported with NON_UNIFORM_CONVGROUP_PER_OC, make sure this variant is not used" at kernel Conv1D_OutTransposed_4eoc_4esp at ConvGeneric.compute(549)
Shader warning in 'ConvGeneric': "TRANSPOSE_OUTPUT variants not supported with NON_UNIFORM_CONVGROUP_PER_OC, make sure this variant is not used" at kernel Conv1D_OutTransposed_4eoc_4esp at ConvGeneric.compute(550)
Shader warning in 'ConvGeneric': "TRANSPOSE_OUTPUT variants not supported with NON_UNIFORM_CONVGROUP_PER_OC, make sure this variant is not used" at kernel Conv1D_OutTransposed_4eoc_4esp at Packages/com.unity.ai.inference/Runtime/Core/Resources/Sentis/ComputeShaders/ConvGeneric.compute(549)
Shader warning in 'ConvGeneric': "TRANSPOSE_OUTPUT variants not supported with NON_UNIFORM_CONVGROUP_PER_OC, make sure this variant is not used" at kernel Conv1D_OutTransposed_4eoc_4esp at Packages/com.unity.ai.inference/Runtime/Core/Resources/Sentis/ComputeShaders/ConvGeneric.compute(550)
Shader warning in 'ConvGeneric': "TRANSPOSE_OUTPUT variants not supported with NON_UNIFORM_CONVGROUP_PER_OC, make sure this variant is not used" at kernel Conv1D_OutTransposed_4eoc_4esp at ConvGeneric.compute(549)
Shader warning in 'ConvGeneric': "TRANSPOSE_OUTPUT variants not supported with NON_UNIFORM_CONVGROUP_PER_OC, make sure this variant is not used" at kernel Conv1D_OutTransposed_4eoc_4esp at ConvGeneric.compute(550)
Shader warning in 'ConvGeneric': "TRANSPOSE_OUTPUT variants not supported with NON_UNIFORM_CONVGROUP_PER_OC, make sure this variant is not used" at kernel Conv1D_OutTransposed_4eoc_4esp at Packages/com.unity.ai.inference/Runtime/Core/Resources/Sentis/ComputeShaders/ConvGeneric.compute(549)
Shader warning in 'ConvGeneric': "TRANSPOSE_OUTPUT variants not supported with NON_UNIFORM_CONVGROUP_PER_OC, make sure this variant is not used" at kernel Conv1D_OutTransposed_4eoc_4esp at Packages/com.unity.ai.inference/Runtime/Core/Resources/Sentis/ComputeShaders/ConvGeneric.compute(550)
Shader warning in 'ConvGeneric': "TRANSPOSE_OUTPUT variants not supported with NON_UNIFORM_CONVGROUP_PER_OC, make sure this variant is not used" at kernel Conv1D_OutTransposed_4eoc_4esp at ConvGeneric.compute(548)
Shader warning in 'ConvGeneric': "TRANSPOSE_OUTPUT variants not supported with NON_UNIFORM_CONVGROUP_PER_OC, make sure this variant is not used" at kernel Conv1D_OutTransposed_4eoc_4esp at ConvGeneric.compute(549)
Shader warning in 'ConvGeneric': "TRANSPOSE_OUTPUT variants not supported with NON_UNIFORM_CONVGROUP_PER_OC, make sure this variant is not used" at kernel Conv1D_OutTransposed_4eoc_4esp at ConvGeneric.compute(550)
Shader warning in 'ConvGeneric': "TRANSPOSE_OUTPUT variants not supported with NON_UNIFORM_CONVGROUP_PER_OC, make sure this variant is not used" at kernel Conv1D_OutTransposed_4eoc_4esp at Packages/com.unity.ai.inference/Runtime/Core/Resources/Sentis/ComputeShaders/ConvGeneric.compute(548)
Shader warning in 'ConvGeneric': "TRANSPOSE_OUTPUT variants not supported with NON_UNIFORM_CONVGROUP_PER_OC, make sure this variant is not used" at kernel Conv1D_OutTransposed_4eoc_4esp at Packages/com.unity.ai.inference/Runtime/Core/Resources/Sentis/ComputeShaders/ConvGeneric.compute(549)
Shader warning in 'ConvGeneric': "TRANSPOSE_OUTPUT variants not supported with NON_UNIFORM_CONVGROUP_PER_OC, make sure this variant is not used" at kernel Conv1D_OutTransposed_4eoc_4esp at Packages/com.unity.ai.inference/Runtime/Core/Resources/Sentis/ComputeShaders/ConvGeneric.compute(550)
Shader warning in 'ConvGeneric': "TRANSPOSE_OUTPUT variants not supported with NON_UNIFORM_CONVGROUP_PER_OC, make sure this variant is not used" at kernel Conv1D_OutTransposed_4eoc_4esp at ConvGeneric.compute(548)
Shader warning in 'ConvGeneric': "TRANSPOSE_OUTPUT variants not supported with NON_UNIFORM_CONVGROUP_PER_OC, make sure this variant is not used" at kernel Conv1D_OutTransposed_4eoc_4esp at ConvGeneric.compute(549)
Shader warning in 'ConvGeneric': "TRANSPOSE_OUTPUT variants not supported with NON_UNIFORM_CONVGROUP_PER_OC, make sure this variant is not used" at kernel Conv1DComplex_OutTransposed_4eoc_4esp at ConvGeneric.compute(550)
Shader warning in 'ConvGeneric': "TRANSPOSE_OUTPUT variants not supported with NON_UNIFORM_CONVGROUP_PER_OC, make sure this variant is not used" at kernel Conv1D_OutTransposed_4eoc_4esp at ConvGeneric.compute(550)
Shader warning in 'ConvGeneric': "TRANSPOSE_OUTPUT variants not supported with NON_UNIFORM_CONVGROUP_PER_OC, make sure this variant is not used" at kernel Conv1D_OutTransposed_4eoc_4esp at Packages/com.unity.ai.inference/Runtime/Core/Resources/Sentis/ComputeShaders/ConvGeneric.compute(548)
Shader warning in 'ConvGeneric': "TRANSPOSE_OUTPUT variants not supported with NON_UNIFORM_CONVGROUP_PER_OC, make sure this variant is not used" at kernel Conv1D_OutTransposed_4eoc_4esp at Packages/com.unity.ai.inference/Runtime/Core/Resources/Sentis/ComputeShaders/ConvGeneric.compute(549)
Shader warning in 'ConvGeneric': "TRANSPOSE_OUTPUT variants not supported with NON_UNIFORM_CONVGROUP_PER_OC, make sure this variant is not used" at kernel Conv1DComplex_OutTransposed_4eoc_4esp at Packages/com.unity.ai.inference/Runtime/Core/Resources/Sentis/ComputeShaders/ConvGeneric.compute(550)
Shader warning in 'ConvGeneric': "TRANSPOSE_OUTPUT variants not supported with NON_UNIFORM_CONVGROUP_PER_OC, make sure this variant is not used" at kernel Conv1D_OutTransposed_4eoc_4esp at Packages/com.unity.ai.inference/Runtime/Core/Resources/Sentis/ComputeShaders/ConvGeneric.compute(550)
Shader warning in 'ConvGeneric': "TRANSPOSE_OUTPUT variants not supported with NON_UNIFORM_CONVGROUP_PER_OC, make sure this variant is not used" at kernel Conv1D_OutTransposed_4eoc_4esp at ConvGeneric.compute(548)
Shader warning in 'ConvGeneric': "TRANSPOSE_OUTPUT variants not supported with NON_UNIFORM_CONVGROUP_PER_OC, make sure this variant is not used" at kernel Conv1DComplex_OutTransposed_4eoc_4esp at ConvGeneric.compute(549)
Shader warning in 'ConvGeneric': "TRANSPOSE_OUTPUT variants not supported with NON_UNIFORM_CONVGROUP_PER_OC, make sure this variant is not used" at kernel Conv1D_OutTransposed_4eoc_4esp at ConvGeneric.compute(549)
Shader warning in 'ConvGeneric': "TRANSPOSE_OUTPUT variants not supported with NON_UNIFORM_CONVGROUP_PER_OC, make sure this variant is not used" at kernel Conv1DComplex_OutTransposed_4eoc_4esp at ConvGeneric.compute(550)
Shader warning in 'ConvGeneric': "TRANSPOSE_OUTPUT variants not supported with NON_UNIFORM_CONVGROUP_PER_OC, make sure this variant is not used" at kernel Conv1D_OutTransposed_4eoc_4esp at ConvGeneric.compute(550)
Shader warning in 'ConvGeneric': "TRANSPOSE_OUTPUT variants not supported with NON_UNIFORM_CONVGROUP_PER_OC, make sure this variant is not used" at kernel Conv1D_OutTransposed_4eoc_4esp at Packages/com.unity.ai.inference/Runtime/Core/Resources/Sentis/ComputeShaders/ConvGeneric.compute(548)
Shader warning in 'ConvGeneric': "TRANSPOSE_OUTPUT variants not supported with NON_UNIFORM_CONVGROUP_PER_OC, make sure this variant is not used" at kernel Conv1DComplex_OutTransposed_4eoc_4esp at Packages/com.unity.ai.inference/Runtime/Core/Resources/Sentis/ComputeShaders/ConvGeneric.compute(549)
Shader warning in 'ConvGeneric': "TRANSPOSE_OUTPUT variants not supported with NON_UNIFORM_CONVGROUP_PER_OC, make sure this variant is not used" at kernel Conv1D_OutTransposed_4eoc_4esp at Packages/com.unity.ai.inference/Runtime/Core/Resources/Sentis/ComputeShaders/ConvGeneric.compute(549)
Shader warning in 'ConvGeneric': "TRANSPOSE_OUTPUT variants not supported with NON_UNIFORM_CONVGROUP_PER_OC, make sure this variant is not used" at kernel Conv1DComplex_OutTransposed_4eoc_4esp at Packages/com.unity.ai.inference/Runtime/Core/Resources/Sentis/ComputeShaders/ConvGeneric.compute(550)
Shader warning in 'ConvGeneric': "TRANSPOSE_OUTPUT variants not supported with NON_UNIFORM_CONVGROUP_PER_OC, make sure this variant is not used" at kernel Conv1D_OutTransposed_4eoc_4esp at Packages/com.unity.ai.inference/Runtime/Core/Resources/Sentis/ComputeShaders/ConvGeneric.compute(550)
Shader warning in 'ConvGeneric': "TRANSPOSE_OUTPUT variants not supported with NON_UNIFORM_CONVGROUP_PER_OC, make sure this variant is not used" at kernel Conv1D_OutTransposed_4eoc_4esp at ConvGeneric.compute(548)
Shader warning in 'ConvGeneric': "TRANSPOSE_OUTPUT variants not supported with NON_UNIFORM_CONVGROUP_PER_OC, make sure this variant is not used" at kernel Conv1DComplex_OutTransposed_4eoc_4esp at ConvGeneric.compute(549)
Shader warning in 'ConvGeneric': "TRANSPOSE_OUTPUT variants not supported with NON_UNIFORM_CONVGROUP_PER_OC, make sure this variant is not used" at kernel Conv1D_OutTransposed_4eoc_4esp at ConvGeneric.compute(549)
Shader warning in 'ConvGeneric': "TRANSPOSE_OUTPUT variants not supported with NON_UNIFORM_CONVGROUP_PER_OC, make sure this variant is not used" at kernel Conv1DComplex_OutTransposed_4eoc_4esp at ConvGeneric.compute(550)
Shader warning in 'ConvGeneric': "TRANSPOSE_OUTPUT variants not supported with NON_UNIFORM_CONVGROUP_PER_OC, make sure this variant is not used" at kernel Conv1D_OutTransposed_4eoc_4esp at ConvGeneric.compute(550)
Shader warning in 'ConvGeneric': "TRANSPOSE_OUTPUT variants not supported with NON_UNIFORM_CONVGROUP_PER_OC, make sure this variant is not used" at kernel Conv1D_OutTransposed_4eoc_4esp at Packages/com.unity.ai.inference/Runtime/Core/Resources/Sentis/ComputeShaders/ConvGeneric.compute(548)
Shader warning in 'ConvGeneric': "TRANSPOSE_OUTPUT variants not supported with NON_UNIFORM_CONVGROUP_PER_OC, make sure this variant is not used" at kernel Conv1DComplex_OutTransposed_4eoc_4esp at Packages/com.unity.ai.inference/Runtime/Core/Resources/Sentis/ComputeShaders/ConvGeneric.compute(549)
Shader warning in 'ConvGeneric': "TRANSPOSE_OUTPUT variants not supported with NON_UNIFORM_CONVGROUP_PER_OC, make sure this variant is not used" at kernel Conv1D_OutTransposed_4eoc_4esp at Packages/com.unity.ai.inference/Runtime/Core/Resources/Sentis/ComputeShaders/ConvGeneric.compute(549)
Shader warning in 'ConvGeneric': "TRANSPOSE_OUTPUT variants not supported with NON_UNIFORM_CONVGROUP_PER_OC, make sure this variant is not used" at kernel Conv1DComplex_OutTransposed_4eoc_4esp at Packages/com.unity.ai.inference/Runtime/Core/Resources/Sentis/ComputeShaders/ConvGeneric.compute(550)
Shader warning in 'ConvGeneric': "TRANSPOSE_OUTPUT variants not supported with NON_UNIFORM_CONVGROUP_PER_OC, make sure this variant is not used" at kernel Conv1D_OutTransposed_4eoc_4esp at Packages/com.unity.ai.inference/Runtime/Core/Resources/Sentis/ComputeShaders/ConvGeneric.compute(550)
Shader warning in 'ConvGeneric': "TRANSPOSE_OUTPUT variants not supported with NON_UNIFORM_CONVGROUP_PER_OC, make sure this variant is not used" at kernel Conv1DComplex_OutTransposed_4eoc_4esp at ConvGeneric.compute(548)
Shader warning in 'ConvGeneric': "TRANSPOSE_OUTPUT variants not supported with NON_UNIFORM_CONVGROUP_PER_OC, make sure this variant is not used" at kernel Conv1D_OutTransposed_4eoc_4esp at ConvGeneric.compute(548)
Shader warning in 'ConvGeneric': "TRANSPOSE_OUTPUT variants not supported with NON_UNIFORM_CONVGROUP_PER_OC, make sure this variant is not used" at kernel Conv1DComplex_OutTransposed_4eoc_4esp at ConvGeneric.compute(549)
Shader warning in 'ConvGeneric': "TRANSPOSE_OUTPUT variants not supported with NON_UNIFORM_CONVGROUP_PER_OC, make sure this variant is not used" at kernel Conv1D_OutTransposed_4eoc_4esp at ConvGeneric.compute(549)
Shader warning in 'ConvGeneric': "TRANSPOSE_OUTPUT variants not supported with NON_UNIFORM_CONVGROUP_PER_OC, make sure this variant is not used" at kernel Conv1DComplex_OutTransposed_4eoc_4esp at ConvGeneric.compute(550)
Shader warning in 'ConvGeneric': "TRANSPOSE_OUTPUT variants not supported with NON_UNIFORM_CONVGROUP_PER_OC, make sure this variant is not used" at kernel Conv1D_OutTransposed_4eoc_4esp at ConvGeneric.compute(550)
Shader warning in 'ConvGeneric': "TRANSPOSE_OUTPUT variants not supported with NON_UNIFORM_CONVGROUP_PER_OC, make sure this variant is not used" at kernel Conv1DComplex_OutTransposed_4eoc_4esp at Packages/com.unity.ai.inference/Runtime/Core/Resources/Sentis/ComputeShaders/ConvGeneric.compute(548)
Shader warning in 'ConvGeneric': "TRANSPOSE_OUTPUT variants not supported with NON_UNIFORM_CONVGROUP_PER_OC, make sure this variant is not used" at kernel Conv1D_OutTransposed_4eoc_4esp at Packages/com.unity.ai.inference/Runtime/Core/Resources/Sentis/ComputeShaders/ConvGeneric.compute(548)
Shader warning in 'ConvGeneric': "TRANSPOSE_OUTPUT variants not supported with NON_UNIFORM_CONVGROUP_PER_OC, make sure this variant is not used" at kernel Conv1DComplex_OutTransposed_4eoc_4esp at Packages/com.unity.ai.inference/Runtime/Core/Resources/Sentis/ComputeShaders/ConvGeneric.compute(549)
Shader warning in 'ConvGeneric': "TRANSPOSE_OUTPUT variants not supported with NON_UNIFORM_CONVGROUP_PER_OC, make sure this variant is not used" at kernel Conv1D_OutTransposed_4eoc_4esp at Packages/com.unity.ai.inference/Runtime/Core/Resources/Sentis/ComputeShaders/ConvGeneric.compute(549)
Shader warning in 'ConvGeneric': "TRANSPOSE_OUTPUT variants not supported with NON_UNIFORM_CONVGROUP_PER_OC, make sure this variant is not used" at kernel Conv1DComplex_OutTransposed_4eoc_4esp at Packages/com.unity.ai.inference/Runtime/Core/Resources/Sentis/ComputeShaders/ConvGeneric.compute(550)
Shader warning in 'ConvGeneric': "TRANSPOSE_OUTPUT variants not supported with NON_UNIFORM_CONVGROUP_PER_OC, make sure this variant is not used" at kernel Conv1D_OutTransposed_4eoc_4esp at Packages/com.unity.ai.inference/Runtime/Core/Resources/Sentis/ComputeShaders/ConvGeneric.compute(550)
Shader warning in 'ConvGeneric': "TRANSPOSE_OUTPUT variants not supported with NON_UNIFORM_CONVGROUP_PER_OC, make sure this variant is not used" at kernel Conv1DComplex_OutTransposed_4eoc_4esp at ConvGeneric.compute(548)
Shader warning in 'ConvGeneric': "TRANSPOSE_OUTPUT variants not supported with NON_UNIFORM_CONVGROUP_PER_OC, make sure this variant is not used" at kernel Conv1D_OutTransposed_4eoc_4esp at ConvGeneric.compute(548)
Shader warning in 'ConvGeneric': "TRANSPOSE_OUTPUT variants not supported with NON_UNIFORM_CONVGROUP_PER_OC, make sure this variant is not used" at kernel Conv1DComplex_OutTransposed_4eoc_4esp at ConvGeneric.compute(549)
Shader warning in 'ConvGeneric': "TRANSPOSE_OUTPUT variants not supported with NON_UNIFORM_CONVGROUP_PER_OC, make sure this variant is not used" at kernel Conv1D_OutTransposed_4eoc_4esp at ConvGeneric.compute(549)
Shader warning in 'ConvGeneric': "TRANSPOSE_OUTPUT variants not supported with NON_UNIFORM_CONVGROUP_PER_OC, make sure this variant is not used" at kernel Conv1DComplex_OutTransposed_4eoc_4esp at ConvGeneric.compute(550)
Shader warning in 'ConvGeneric': "TRANSPOSE_OUTPUT variants not supported with NON_UNIFORM_CONVGROUP_PER_OC, make sure this variant is not used" at kernel Conv1D_OutTransposed_4eoc_4esp at ConvGeneric.compute(550)
Shader warning in 'ConvGeneric': "TRANSPOSE_OUTPUT variants not supported with NON_UNIFORM_CONVGROUP_PER_OC, make sure this variant is not used" at kernel Conv1D_Scaled_OutTransposed_4eoc_4esp at ConvGeneric.compute(550)
Shader warning in 'ConvGeneric': "TRANSPOSE_OUTPUT variants not supported with NON_UNIFORM_CONVGROUP_PER_OC, make sure this variant is not used" at kernel Conv1DComplex_OutTransposed_4eoc_4esp at Packages/com.unity.ai.inference/Runtime/Core/Resources/Sentis/ComputeShaders/ConvGeneric.compute(548)
Shader warning in 'ConvGeneric': "TRANSPOSE_OUTPUT variants not supported with NON_UNIFORM_CONVGROUP_PER_OC, make sure this variant is not used" at kernel Conv1D_OutTransposed_4eoc_4esp at Packages/com.unity.ai.inference/Runtime/Core/Resources/Sentis/ComputeShaders/ConvGeneric.compute(548)
Shader warning in 'ConvGeneric': "TRANSPOSE_OUTPUT variants not supported with NON_UNIFORM_CONVGROUP_PER_OC, make sure this variant is not used" at kernel Conv1DComplex_OutTransposed_4eoc_4esp at Packages/com.unity.ai.inference/Runtime/Core/Resources/Sentis/ComputeShaders/ConvGeneric.compute(549)
Shader warning in 'ConvGeneric': "TRANSPOSE_OUTPUT variants not supported with NON_UNIFORM_CONVGROUP_PER_OC, make sure this variant is not used" at kernel Conv1D_OutTransposed_4eoc_4esp at Packages/com.unity.ai.inference/Runtime/Core/Resources/Sentis/ComputeShaders/ConvGeneric.compute(549)
Shader warning in 'ConvGeneric': "TRANSPOSE_OUTPUT variants not supported with NON_UNIFORM_CONVGROUP_PER_OC, make sure this variant is not used" at kernel Conv1DComplex_OutTransposed_4eoc_4esp at Packages/com.unity.ai.inference/Runtime/Core/Resources/Sentis/ComputeShaders/ConvGeneric.compute(550)
Shader warning in 'ConvGeneric': "TRANSPOSE_OUTPUT variants not supported with NON_UNIFORM_CONVGROUP_PER_OC, make sure this variant is not used" at kernel Conv1D_OutTransposed_4eoc_4esp at Packages/com.unity.ai.inference/Runtime/Core/Resources/Sentis/ComputeShaders/ConvGeneric.compute(550)
Shader warning in 'ConvGeneric': "TRANSPOSE_OUTPUT variants not supported with NON_UNIFORM_CONVGROUP_PER_OC, make sure this variant is not used" at kernel Conv1D_Scaled_OutTransposed_4eoc_4esp at Packages/com.unity.ai.inference/Runtime/Core/Resources/Sentis/ComputeShaders/ConvGeneric.compute(550)
Shader warning in 'ConvGeneric': "TRANSPOSE_OUTPUT variants not supported with NON_UNIFORM_CONVGROUP_PER_OC, make sure this variant is not used" at kernel Conv1DComplex_OutTransposed_4eoc_4esp at ConvGeneric.compute(548)
Shader warning in 'ConvGeneric': "TRANSPOSE_OUTPUT variants not supported with NON_UNIFORM_CONVGROUP_PER_OC, make sure this variant is not used" at kernel Conv1D_OutTransposed_4eoc_4esp at ConvGeneric.compute(548)
Shader warning in 'ConvGeneric': "TRANSPOSE_OUTPUT variants not supported with NON_UNIFORM_CONVGROUP_PER_OC, make sure this variant is not used" at kernel Conv1DComplex_OutTransposed_4eoc_4esp at ConvGeneric.compute(549)
Shader warning in 'ConvGeneric': "TRANSPOSE_OUTPUT variants not supported with NON_UNIFORM_CONVGROUP_PER_OC, make sure this variant is not used" at kernel Conv1D_OutTransposed_4eoc_4esp at ConvGeneric.compute(549)
Shader warning in 'ConvGeneric': "TRANSPOSE_OUTPUT variants not supported with NON_UNIFORM_CONVGROUP_PER_OC, make sure this variant is not used" at kernel Conv1D_Scaled_OutTransposed_4eoc_4esp at ConvGeneric.compute(549)
Shader warning in 'ConvGeneric': "TRANSPOSE_OUTPUT variants not supported with NON_UNIFORM_CONVGROUP_PER_OC, make sure this variant is not used" at kernel Conv1DComplex_OutTransposed_4eoc_4esp at ConvGeneric.compute(550)
Shader warning in 'ConvGeneric': "TRANSPOSE_OUTPUT variants not supported with NON_UNIFORM_CONVGROUP_PER_OC, make sure this variant is not used" at kernel Conv1D_OutTransposed_4eoc_4esp at ConvGeneric.compute(550)
Shader warning in 'ConvGeneric': "TRANSPOSE_OUTPUT variants not supported with NON_UNIFORM_CONVGROUP_PER_OC, make sure this variant is not used" at kernel Conv1D_Scaled_OutTransposed_4eoc_4esp at ConvGeneric.compute(550)
Shader warning in 'ConvGeneric': "TRANSPOSE_OUTPUT variants not supported with NON_UNIFORM_CONVGROUP_PER_OC, make sure this variant is not used" at kernel Conv1DComplex_OutTransposed_4eoc_4esp at Packages/com.unity.ai.inference/Runtime/Core/Resources/Sentis/ComputeShaders/ConvGeneric.compute(548)
Shader warning in 'ConvGeneric': "TRANSPOSE_OUTPUT variants not supported with NON_UNIFORM_CONVGROUP_PER_OC, make sure this variant is not used" at kernel Conv1D_OutTransposed_4eoc_4esp at Packages/com.unity.ai.inference/Runtime/Core/Resources/Sentis/ComputeShaders/ConvGeneric.compute(548)
Shader warning in 'ConvGeneric': "TRANSPOSE_OUTPUT variants not supported with NON_UNIFORM_CONVGROUP_PER_OC, make sure this variant is not used" at kernel Conv1DComplex_OutTransposed_4eoc_4esp at Packages/com.unity.ai.inference/Runtime/Core/Resources/Sentis/ComputeShaders/ConvGeneric.compute(549)
Shader warning in 'ConvGeneric': "TRANSPOSE_OUTPUT variants not supported with NON_UNIFORM_CONVGROUP_PER_OC, make sure this variant is not used" at kernel Conv1D_OutTransposed_4eoc_4esp at Packages/com.unity.ai.inference/Runtime/Core/Resources/Sentis/ComputeShaders/ConvGeneric.compute(549)
Shader warning in 'ConvGeneric': "TRANSPOSE_OUTPUT variants not supported with NON_UNIFORM_CONVGROUP_PER_OC, make sure this variant is not used" at kernel Conv1D_Scaled_OutTransposed_4eoc_4esp at Packages/com.unity.ai.inference/Runtime/Core/Resources/Sentis/ComputeShaders/ConvGeneric.compute(549)
Shader warning in 'ConvGeneric': "TRANSPOSE_OUTPUT variants not supported with NON_UNIFORM_CONVGROUP_PER_OC, make sure this variant is not used" at kernel Conv1DComplex_OutTransposed_4eoc_4esp at Packages/com.unity.ai.inference/Runtime/Core/Resources/Sentis/ComputeShaders/ConvGeneric.compute(550)
Shader warning in 'ConvGeneric': "TRANSPOSE_OUTPUT variants not supported with NON_UNIFORM_CONVGROUP_PER_OC, make sure this variant is not used" at kernel Conv1D_OutTransposed_4eoc_4esp at Packages/com.unity.ai.inference/Runtime/Core/Resources/Sentis/ComputeShaders/ConvGeneric.compute(550)
Shader warning in 'ConvGeneric': "TRANSPOSE_OUTPUT variants not supported with NON_UNIFORM_CONVGROUP_PER_OC, make sure this variant is not used" at kernel Conv1D_Scaled_OutTransposed_4eoc_4esp at Packages/com.unity.ai.inference/Runtime/Core/Resources/Sentis/ComputeShaders/ConvGeneric.compute(550)
Shader warning in 'ConvGeneric': "TRANSPOSE_OUTPUT variants not supported with NON_UNIFORM_CONVGROUP_PER_OC, make sure this variant is not used" at kernel Conv1DComplex_OutTransposed_4eoc_4esp at ConvGeneric.compute(548)
Shader warning in 'ConvGeneric': "TRANSPOSE_OUTPUT variants not supported with NON_UNIFORM_CONVGROUP_PER_OC, make sure this variant is not used" at kernel Conv1D_OutTransposed_4eoc_4esp at ConvGeneric.compute(548)
Shader warning in 'ConvGeneric': "TRANSPOSE_OUTPUT variants not supported with NON_UNIFORM_CONVGROUP_PER_OC, make sure this variant is not used" at kernel Conv1DComplex_OutTransposed_4eoc_4esp at ConvGeneric.compute(549)
Shader warning in 'ConvGeneric': "TRANSPOSE_OUTPUT variants not supported with NON_UNIFORM_CONVGROUP_PER_OC, make sure this variant is not used" at kernel Conv1D_OutTransposed_4eoc_4esp at ConvGeneric.compute(549)
Shader warning in 'ConvGeneric': "TRANSPOSE_OUTPUT variants not supported with NON_UNIFORM_CONVGROUP_PER_OC, make sure this variant is not used" at kernel Conv1D_Scaled_OutTransposed_4eoc_4esp at ConvGeneric.compute(549)
Shader warning in 'ConvGeneric': "TRANSPOSE_OUTPUT variants not supported with NON_UNIFORM_CONVGROUP_PER_OC, make sure this variant is not used" at kernel Conv1DComplex_OutTransposed_4eoc_4esp at ConvGeneric.compute(550)
Shader warning in 'ConvGeneric': "TRANSPOSE_OUTPUT variants not supported with NON_UNIFORM_CONVGROUP_PER_OC, make sure this variant is not used" at kernel Conv1D_OutTransposed_4eoc_4esp at ConvGeneric.compute(550)
Shader warning in 'ConvGeneric': "TRANSPOSE_OUTPUT variants not supported with NON_UNIFORM_CONVGROUP_PER_OC, make sure this variant is not used" at kernel Conv1D_Scaled_OutTransposed_4eoc_4esp at ConvGeneric.compute(550)
Shader warning in 'ConvGeneric': "TRANSPOSE_OUTPUT variants not supported with NON_UNIFORM_CONVGROUP_PER_OC, make sure this variant is not used" at kernel Conv1DComplex_OutTransposed_4eoc_4esp at Packages/com.unity.ai.inference/Runtime/Core/Resources/Sentis/ComputeShaders/ConvGeneric.compute(548)
Shader warning in 'ConvGeneric': "TRANSPOSE_OUTPUT variants not supported with NON_UNIFORM_CONVGROUP_PER_OC, make sure this variant is not used" at kernel Conv1D_OutTransposed_4eoc_4esp at Packages/com.unity.ai.inference/Runtime/Core/Resources/Sentis/ComputeShaders/ConvGeneric.compute(548)
Shader warning in 'ConvGeneric': "TRANSPOSE_OUTPUT variants not supported with NON_UNIFORM_CONVGROUP_PER_OC, make sure this variant is not used" at kernel Conv1DComplex_OutTransposed_4eoc_4esp at Packages/com.unity.ai.inference/Runtime/Core/Resources/Sentis/ComputeShaders/ConvGeneric.compute(549)
Shader warning in 'ConvGeneric': "TRANSPOSE_OUTPUT variants not supported with NON_UNIFORM_CONVGROUP_PER_OC, make sure this variant is not used" at kernel Conv1D_OutTransposed_4eoc_4esp at Packages/com.unity.ai.inference/Runtime/Core/Resources/Sentis/ComputeShaders/ConvGeneric.compute(549)
Shader warning in 'ConvGeneric': "TRANSPOSE_OUTPUT variants not supported with NON_UNIFORM_CONVGROUP_PER_OC, make sure this variant is not used" at kernel Conv1D_Scaled_OutTransposed_4eoc_4esp at Packages/com.unity.ai.inference/Runtime/Core/Resources/Sentis/ComputeShaders/ConvGeneric.compute(549)
Shader warning in 'ConvGeneric': "TRANSPOSE_OUTPUT variants not supported with NON_UNIFORM_CONVGROUP_PER_OC, make sure this variant is not used" at kernel Conv1DComplex_OutTransposed_4eoc_4esp at Packages/com.unity.ai.inference/Runtime/Core/Resources/Sentis/ComputeShaders/ConvGeneric.compute(550)
Shader warning in 'ConvGeneric': "TRANSPOSE_OUTPUT variants not supported with NON_UNIFORM_CONVGROUP_PER_OC, make sure this variant is not used" at kernel Conv1D_OutTransposed_4eoc_4esp at Packages/com.unity.ai.inference/Runtime/Core/Resources/Sentis/ComputeShaders/ConvGeneric.compute(550)
Shader warning in 'ConvGeneric': "TRANSPOSE_OUTPUT variants not supported with NON_UNIFORM_CONVGROUP_PER_OC, make sure this variant is not used" at kernel Conv1D_Scaled_OutTransposed_4eoc_4esp at Packages/com.unity.ai.inference/Runtime/Core/Resources/Sentis/ComputeShaders/ConvGeneric.compute(550)
Shader warning in 'ConvGeneric': "TRANSPOSE_OUTPUT variants not supported with NON_UNIFORM_CONVGROUP_PER_OC, make sure this variant is not used" at kernel Conv1DComplex_OutTransposed_4eoc_4esp at ConvGeneric.compute(548)
Shader warning in 'ConvGeneric': "TRANSPOSE_OUTPUT variants not supported with NON_UNIFORM_CONVGROUP_PER_OC, make sure this variant is not used" at kernel Conv1D_OutTransposed_4eoc_4esp at ConvGeneric.compute(548)
Shader warning in 'ConvGeneric': "TRANSPOSE_OUTPUT variants not supported with NON_UNIFORM_CONVGROUP_PER_OC, make sure this variant is not used" at kernel Conv1D_Scaled_OutTransposed_4eoc_4esp at ConvGeneric.compute(548)
Shader warning in 'ConvGeneric': "TRANSPOSE_OUTPUT variants not supported with NON_UNIFORM_CONVGROUP_PER_OC, make sure this variant is not used" at kernel Conv1DComplex_OutTransposed_4eoc_4esp at ConvGeneric.compute(549)
Shader warning in 'ConvGeneric': "TRANSPOSE_OUTPUT variants not supported with NON_UNIFORM_CONVGROUP_PER_OC, make sure this variant is not used" at kernel Conv1D_OutTransposed_4eoc_4esp at ConvGeneric.compute(549)
Shader warning in 'ConvGeneric': "TRANSPOSE_OUTPUT variants not supported with NON_UNIFORM_CONVGROUP_PER_OC, make sure this variant is not used" at kernel Conv1D_Scaled_OutTransposed_4eoc_4esp at ConvGeneric.compute(549)
Shader warning in 'ConvGeneric': "TRANSPOSE_OUTPUT variants not supported with NON_UNIFORM_CONVGROUP_PER_OC, make sure this variant is not used" at kernel Conv1DComplex_OutTransposed_4eoc_4esp at ConvGeneric.compute(550)
Shader warning in 'ConvGeneric': "TRANSPOSE_OUTPUT variants not supported with NON_UNIFORM_CONVGROUP_PER_OC, make sure this variant is not used" at kernel Conv1D_OutTransposed_4eoc_4esp at ConvGeneric.compute(550)
Shader warning in 'ConvGeneric': "TRANSPOSE_OUTPUT variants not supported with NON_UNIFORM_CONVGROUP_PER_OC, make sure this variant is not used" at kernel Conv1D_Scaled_OutTransposed_4eoc_4esp at ConvGeneric.compute(550)
Shader warning in 'ConvGeneric': "TRANSPOSE_OUTPUT variants not supported with NON_UNIFORM_CONVGROUP_PER_OC, make sure this variant is not used" at kernel Conv1DComplex_OutTransposed_4eoc_4esp at Packages/com.unity.ai.inference/Runtime/Core/Resources/Sentis/ComputeShaders/ConvGeneric.compute(548)
Shader warning in 'ConvGeneric': "TRANSPOSE_OUTPUT variants not supported with NON_UNIFORM_CONVGROUP_PER_OC, make sure this variant is not used" at kernel Conv1D_OutTransposed_4eoc_4esp at Packages/com.unity.ai.inference/Runtime/Core/Resources/Sentis/ComputeShaders/ConvGeneric.compute(548)
Shader warning in 'ConvGeneric': "TRANSPOSE_OUTPUT variants not supported with NON_UNIFORM_CONVGROUP_PER_OC, make sure this variant is not used" at kernel Conv1D_Scaled_OutTransposed_4eoc_4esp at Packages/com.unity.ai.inference/Runtime/Core/Resources/Sentis/ComputeShaders/ConvGeneric.compute(548)
Shader warning in 'ConvGeneric': "TRANSPOSE_OUTPUT variants not supported with NON_UNIFORM_CONVGROUP_PER_OC, make sure this variant is not used" at kernel Conv1DComplex_OutTransposed_4eoc_4esp at Packages/com.unity.ai.inference/Runtime/Core/Resources/Sentis/ComputeShaders/ConvGeneric.compute(549)
Shader warning in 'ConvGeneric': "TRANSPOSE_OUTPUT variants not supported with NON_UNIFORM_CONVGROUP_PER_OC, make sure this variant is not used" at kernel Conv1D_OutTransposed_4eoc_4esp at Packages/com.unity.ai.inference/Runtime/Core/Resources/Sentis/ComputeShaders/ConvGeneric.compute(549)
Shader warning in 'ConvGeneric': "TRANSPOSE_OUTPUT variants not supported with NON_UNIFORM_CONVGROUP_PER_OC, make sure this variant is not used" at kernel Conv1D_Scaled_OutTransposed_4eoc_4esp at Packages/com.unity.ai.inference/Runtime/Core/Resources/Sentis/ComputeShaders/ConvGeneric.compute(549)
Shader warning in 'ConvGeneric': "TRANSPOSE_OUTPUT variants not supported with NON_UNIFORM_CONVGROUP_PER_OC, make sure this variant is not used" at kernel Conv1DComplex_OutTransposed_4eoc_4esp at Packages/com.unity.ai.inference/Runtime/Core/Resources/Sentis/ComputeShaders/ConvGeneric.compute(550)
Shader warning in 'ConvGeneric': "TRANSPOSE_OUTPUT variants not supported with NON_UNIFORM_CONVGROUP_PER_OC, make sure this variant is not used" at kernel Conv1D_OutTransposed_4eoc_4esp at Packages/com.unity.ai.inference/Runtime/Core/Resources/Sentis/ComputeShaders/ConvGeneric.compute(550)
Shader warning in 'ConvGeneric': "TRANSPOSE_OUTPUT variants not supported with NON_UNIFORM_CONVGROUP_PER_OC, make sure this variant is not used" at kernel Conv1D_Scaled_OutTransposed_4eoc_4esp at Packages/com.unity.ai.inference/Runtime/Core/Resources/Sentis/ComputeShaders/ConvGeneric.compute(550)
Shader warning in 'ConvGeneric': "TRANSPOSE_OUTPUT variants not supported with NON_UNIFORM_CONVGROUP_PER_OC, make sure this variant is not used" at kernel Conv1DComplex_OutTransposed_4eoc_4esp at ConvGeneric.compute(548)
Shader warning in 'ConvGeneric': "TRANSPOSE_OUTPUT variants not supported with NON_UNIFORM_CONVGROUP_PER_OC, make sure this variant is not used" at kernel Conv1D_OutTransposed_4eoc_4esp at ConvGeneric.compute(548)
Shader warning in 'ConvGeneric': "TRANSPOSE_OUTPUT variants not supported with NON_UNIFORM_CONVGROUP_PER_OC, make sure this variant is not used" at kernel Conv1D_Scaled_OutTransposed_4eoc_4esp at ConvGeneric.compute(548)
Shader warning in 'ConvGeneric': "TRANSPOSE_OUTPUT variants not supported with NON_UNIFORM_CONVGROUP_PER_OC, make sure this variant is not used" at kernel Conv1DComplex_OutTransposed_4eoc_4esp at ConvGeneric.compute(549)
Shader warning in 'ConvGeneric': "TRANSPOSE_OUTPUT variants not supported with NON_UNIFORM_CONVGROUP_PER_OC, make sure this variant is not used" at kernel Conv1D_OutTransposed_4eoc_4esp at ConvGeneric.compute(549)
Shader warning in 'ConvGeneric': "TRANSPOSE_OUTPUT variants not supported with NON_UNIFORM_CONVGROUP_PER_OC, make sure this variant is not used" at kernel Conv1D_Scaled_OutTransposed_4eoc_4esp at ConvGeneric.compute(549)
Shader warning in 'ConvGeneric': "TRANSPOSE_OUTPUT variants not supported with NON_UNIFORM_CONVGROUP_PER_OC, make sure this variant is not used" at kernel Conv1DComplex_OutTransposed_4eoc_4esp at ConvGeneric.compute(550)
Shader warning in 'ConvGeneric': "TRANSPOSE_OUTPUT variants not supported with NON_UNIFORM_CONVGROUP_PER_OC, make sure this variant is not used" at kernel Conv1D_OutTransposed_4eoc_4esp at ConvGeneric.compute(550)
Shader warning in 'ConvGeneric': "TRANSPOSE_OUTPUT variants not supported with NON_UNIFORM_CONVGROUP_PER_OC, make sure this variant is not used" at kernel Conv1D_Scaled_Complex_OutTransposed_4eoc_4esp at ConvGeneric.compute(550)
Shader warning in 'ConvGeneric': "TRANSPOSE_OUTPUT variants not supported with NON_UNIFORM_CONVGROUP_PER_OC, make sure this variant is not used" at kernel Conv1D_Scaled_OutTransposed_4eoc_4esp at ConvGeneric.compute(550)
Shader warning in 'ConvGeneric': "TRANSPOSE_OUTPUT variants not supported with NON_UNIFORM_CONVGROUP_PER_OC, make sure this variant is not used" at kernel Conv1DComplex_OutTransposed_4eoc_4esp at Packages/com.unity.ai.inference/Runtime/Core/Resources/Sentis/ComputeShaders/ConvGeneric.compute(548)
Shader warning in 'ConvGeneric': "TRANSPOSE_OUTPUT variants not supported with NON_UNIFORM_CONVGROUP_PER_OC, make sure this variant is not used" at kernel Conv1D_OutTransposed_4eoc_4esp at Packages/com.unity.ai.inference/Runtime/Core/Resources/Sentis/ComputeShaders/ConvGeneric.compute(548)
Shader warning in 'ConvGeneric': "TRANSPOSE_OUTPUT variants not supported with NON_UNIFORM_CONVGROUP_PER_OC, make sure this variant is not used" at kernel Conv1D_Scaled_OutTransposed_4eoc_4esp at Packages/com.unity.ai.inference/Runtime/Core/Resources/Sentis/ComputeShaders/ConvGeneric.compute(548)
Shader warning in 'ConvGeneric': "TRANSPOSE_OUTPUT variants not supported with NON_UNIFORM_CONVGROUP_PER_OC, make sure this variant is not used" at kernel Conv1DComplex_OutTransposed_4eoc_4esp at Packages/com.unity.ai.inference/Runtime/Core/Resources/Sentis/ComputeShaders/ConvGeneric.compute(549)
Shader warning in 'ConvGeneric': "TRANSPOSE_OUTPUT variants not supported with NON_UNIFORM_CONVGROUP_PER_OC, make sure this variant is not used" at kernel Conv1D_OutTransposed_4eoc_4esp at Packages/com.unity.ai.inference/Runtime/Core/Resources/Sentis/ComputeShaders/ConvGeneric.compute(549)
Shader warning in 'ConvGeneric': "TRANSPOSE_OUTPUT variants not supported with NON_UNIFORM_CONVGROUP_PER_OC, make sure this variant is not used" at kernel Conv1D_Scaled_OutTransposed_4eoc_4esp at Packages/com.unity.ai.inference/Runtime/Core/Resources/Sentis/ComputeShaders/ConvGeneric.compute(549)
Shader warning in 'ConvGeneric': "TRANSPOSE_OUTPUT variants not supported with NON_UNIFORM_CONVGROUP_PER_OC, make sure this variant is not used" at kernel Conv1DComplex_OutTransposed_4eoc_4esp at Packages/com.unity.ai.inference/Runtime/Core/Resources/Sentis/ComputeShaders/ConvGeneric.compute(550)
Shader warning in 'ConvGeneric': "TRANSPOSE_OUTPUT variants not supported with NON_UNIFORM_CONVGROUP_PER_OC, make sure this variant is not used" at kernel Conv1D_OutTransposed_4eoc_4esp at Packages/com.unity.ai.inference/Runtime/Core/Resources/Sentis/ComputeShaders/ConvGeneric.compute(550)
Shader warning in 'ConvGeneric': "TRANSPOSE_OUTPUT variants not supported with NON_UNIFORM_CONVGROUP_PER_OC, make sure this variant is not used" at kernel Conv1D_Scaled_Complex_OutTransposed_4eoc_4esp at Packages/com.unity.ai.inference/Runtime/Core/Resources/Sentis/ComputeShaders/ConvGeneric.compute(550)
Shader warning in 'ConvGeneric': "TRANSPOSE_OUTPUT variants not supported with NON_UNIFORM_CONVGROUP_PER_OC, make sure this variant is not used" at kernel Conv1D_Scaled_OutTransposed_4eoc_4esp at Packages/com.unity.ai.inference/Runtime/Core/Resources/Sentis/ComputeShaders/ConvGeneric.compute(550)
Shader warning in 'ConvGeneric': "TRANSPOSE_OUTPUT variants not supported with NON_UNIFORM_CONVGROUP_PER_OC, make sure this variant is not used" at kernel Conv1DComplex_OutTransposed_4eoc_4esp at ConvGeneric.compute(548)
Shader warning in 'ConvGeneric': "TRANSPOSE_OUTPUT variants not supported with NON_UNIFORM_CONVGROUP_PER_OC, make sure this variant is not used" at kernel Conv1D_OutTransposed_4eoc_4esp at ConvGeneric.compute(548)
Shader warning in 'ConvGeneric': "TRANSPOSE_OUTPUT variants not supported with NON_UNIFORM_CONVGROUP_PER_OC, make sure this variant is not used" at kernel Conv1D_Scaled_OutTransposed_4eoc_4esp at ConvGeneric.compute(548)
Shader warning in 'ConvGeneric': "TRANSPOSE_OUTPUT variants not supported with NON_UNIFORM_CONVGROUP_PER_OC, make sure this variant is not used" at kernel Conv1DComplex_OutTransposed_4eoc_4esp at ConvGeneric.compute(549)
Shader warning in 'ConvGeneric': "TRANSPOSE_OUTPUT variants not supported with NON_UNIFORM_CONVGROUP_PER_OC, make sure this variant is not used" at kernel Conv1D_OutTransposed_4eoc_4esp at ConvGeneric.compute(549)
Shader warning in 'ConvGeneric': "TRANSPOSE_OUTPUT variants not supported with NON_UNIFORM_CONVGROUP_PER_OC, make sure this variant is not used" at kernel Conv1D_Scaled_Complex_OutTransposed_4eoc_4esp at ConvGeneric.compute(549)
Shader warning in 'ConvGeneric': "TRANSPOSE_OUTPUT variants not supported with NON_UNIFORM_CONVGROUP_PER_OC, make sure this variant is not used" at kernel Conv1D_Scaled_OutTransposed_4eoc_4esp at ConvGeneric.compute(549)
Shader warning in 'ConvGeneric': "TRANSPOSE_OUTPUT variants not supported with NON_UNIFORM_CONVGROUP_PER_OC, make sure this variant is not used" at kernel Conv1DComplex_OutTransposed_4eoc_4esp at ConvGeneric.compute(550)
Shader warning in 'ConvGeneric': "TRANSPOSE_OUTPUT variants not supported with NON_UNIFORM_CONVGROUP_PER_OC, make sure this variant is not used" at kernel Conv1D_OutTransposed_4eoc_4esp at ConvGeneric.compute(550)
Shader warning in 'ConvGeneric': "TRANSPOSE_OUTPUT variants not supported with NON_UNIFORM_CONVGROUP_PER_OC, make sure this variant is not used" at kernel Conv1D_Scaled_Complex_OutTransposed_4eoc_4esp at ConvGeneric.compute(550)
Shader warning in 'ConvGeneric': "TRANSPOSE_OUTPUT variants not supported with NON_UNIFORM_CONVGROUP_PER_OC, make sure this variant is not used" at kernel Conv1D_Scaled_OutTransposed_4eoc_4esp at ConvGeneric.compute(550)
Shader warning in 'ConvGeneric': "TRANSPOSE_OUTPUT variants not supported with NON_UNIFORM_CONVGROUP_PER_OC, make sure this variant is not used" at kernel Conv1DComplex_OutTransposed_4eoc_4esp at Packages/com.unity.ai.inference/Runtime/Core/Resources/Sentis/ComputeShaders/ConvGeneric.compute(548)
Shader warning in 'ConvGeneric': "TRANSPOSE_OUTPUT variants not supported with NON_UNIFORM_CONVGROUP_PER_OC, make sure this variant is not used" at kernel Conv1D_OutTransposed_4eoc_4esp at Packages/com.unity.ai.inference/Runtime/Core/Resources/Sentis/ComputeShaders/ConvGeneric.compute(548)
Shader warning in 'ConvGeneric': "TRANSPOSE_OUTPUT variants not supported with NON_UNIFORM_CONVGROUP_PER_OC, make sure this variant is not used" at kernel Conv1D_Scaled_OutTransposed_4eoc_4esp at Packages/com.unity.ai.inference/Runtime/Core/Resources/Sentis/ComputeShaders/ConvGeneric.compute(548)
Shader warning in 'ConvGeneric': "TRANSPOSE_OUTPUT variants not supported with NON_UNIFORM_CONVGROUP_PER_OC, make sure this variant is not used" at kernel Conv1DComplex_OutTransposed_4eoc_4esp at Packages/com.unity.ai.inference/Runtime/Core/Resources/Sentis/ComputeShaders/ConvGeneric.compute(549)
Shader warning in 'ConvGeneric': "TRANSPOSE_OUTPUT variants not supported with NON_UNIFORM_CONVGROUP_PER_OC, make sure this variant is not used" at kernel Conv1D_OutTransposed_4eoc_4esp at Packages/com.unity.ai.inference/Runtime/Core/Resources/Sentis/ComputeShaders/ConvGeneric.compute(549)
Shader warning in 'ConvGeneric': "TRANSPOSE_OUTPUT variants not supported with NON_UNIFORM_CONVGROUP_PER_OC, make sure this variant is not used" at kernel Conv1D_Scaled_Complex_OutTransposed_4eoc_4esp at Packages/com.unity.ai.inference/Runtime/Core/Resources/Sentis/ComputeShaders/ConvGeneric.compute(549)
Shader warning in 'ConvGeneric': "TRANSPOSE_OUTPUT variants not supported with NON_UNIFORM_CONVGROUP_PER_OC, make sure this variant is not used" at kernel Conv1D_Scaled_OutTransposed_4eoc_4esp at Packages/com.unity.ai.inference/Runtime/Core/Resources/Sentis/ComputeShaders/ConvGeneric.compute(549)
Shader warning in 'ConvGeneric': "TRANSPOSE_OUTPUT variants not supported with NON_UNIFORM_CONVGROUP_PER_OC, make sure this variant is not used" at kernel Conv1DComplex_OutTransposed_4eoc_4esp at Packages/com.unity.ai.inference/Runtime/Core/Resources/Sentis/ComputeShaders/ConvGeneric.compute(550)
Shader warning in 'ConvGeneric': "TRANSPOSE_OUTPUT variants not supported with NON_UNIFORM_CONVGROUP_PER_OC, make sure this variant is not used" at kernel Conv1D_OutTransposed_4eoc_4esp at Packages/com.unity.ai.inference/Runtime/Core/Resources/Sentis/ComputeShaders/ConvGeneric.compute(550)
Shader warning in 'ConvGeneric': "TRANSPOSE_OUTPUT variants not supported with NON_UNIFORM_CONVGROUP_PER_OC, make sure this variant is not used" at kernel Conv1D_Scaled_Complex_OutTransposed_4eoc_4esp at Packages/com.unity.ai.inference/Runtime/Core/Resources/Sentis/ComputeShaders/ConvGeneric.compute(550)
Shader warning in 'ConvGeneric': "TRANSPOSE_OUTPUT variants not supported with NON_UNIFORM_CONVGROUP_PER_OC, make sure this variant is not used" at kernel Conv1D_Scaled_OutTransposed_4eoc_4esp at Packages/com.unity.ai.inference/Runtime/Core/Resources/Sentis/ComputeShaders/ConvGeneric.compute(550)
Shader warning in 'ConvGeneric': "TRANSPOSE_OUTPUT variants not supported with NON_UNIFORM_CONVGROUP_PER_OC, make sure this variant is not used" at kernel Conv1DComplex_OutTransposed_4eoc_4esp at ConvGeneric.compute(548)
Shader warning in 'ConvGeneric': "TRANSPOSE_OUTPUT variants not supported with NON_UNIFORM_CONVGROUP_PER_OC, make sure this variant is not used" at kernel Conv1D_OutTransposed_4eoc_4esp at ConvGeneric.compute(548)
Shader warning in 'ConvGeneric': "TRANSPOSE_OUTPUT variants not supported with NON_UNIFORM_CONVGROUP_PER_OC, make sure this variant is not used" at kernel Conv1D_Scaled_OutTransposed_4eoc_4esp at ConvGeneric.compute(548)
Shader warning in 'ConvGeneric': "TRANSPOSE_OUTPUT variants not supported with NON_UNIFORM_CONVGROUP_PER_OC, make sure this variant is not used" at kernel Conv1DComplex_OutTransposed_4eoc_4esp at ConvGeneric.compute(549)
Shader warning in 'ConvGeneric': "TRANSPOSE_OUTPUT variants not supported with NON_UNIFORM_CONVGROUP_PER_OC, make sure this variant is not used" at kernel Conv1D_OutTransposed_4eoc_4esp at ConvGeneric.compute(549)
Shader warning in 'ConvGeneric': "TRANSPOSE_OUTPUT variants not supported with NON_UNIFORM_CONVGROUP_PER_OC, make sure this variant is not used" at kernel Conv1D_Scaled_Complex_OutTransposed_4eoc_4esp at ConvGeneric.compute(549)
Shader warning in 'ConvGeneric': "TRANSPOSE_OUTPUT variants not supported with NON_UNIFORM_CONVGROUP_PER_OC, make sure this variant is not used" at kernel Conv1D_Scaled_OutTransposed_4eoc_4esp at ConvGeneric.compute(549)
Shader warning in 'ConvGeneric': "TRANSPOSE_OUTPUT variants not supported with NON_UNIFORM_CONVGROUP_PER_OC, make sure this variant is not used" at kernel Conv1DComplex_OutTransposed_4eoc_4esp at ConvGeneric.compute(550)
Shader warning in 'ConvGeneric': "TRANSPOSE_OUTPUT variants not supported with NON_UNIFORM_CONVGROUP_PER_OC, make sure this variant is not used" at kernel Conv1D_OutTransposed_4eoc_4esp at ConvGeneric.compute(550)
Shader warning in 'ConvGeneric': "TRANSPOSE_OUTPUT variants not supported with NON_UNIFORM_CONVGROUP_PER_OC, make sure this variant is not used" at kernel Conv1D_Scaled_Complex_OutTransposed_4eoc_4esp at ConvGeneric.compute(550)
Shader warning in 'ConvGeneric': "TRANSPOSE_OUTPUT variants not supported with NON_UNIFORM_CONVGROUP_PER_OC, make sure this variant is not used" at kernel Conv1D_Scaled_OutTransposed_4eoc_4esp at ConvGeneric.compute(550)
Shader warning in 'ConvGeneric': "TRANSPOSE_OUTPUT variants not supported with NON_UNIFORM_CONVGROUP_PER_OC, make sure this variant is not used" at kernel Conv1DComplex_OutTransposed_4eoc_4esp at Packages/com.unity.ai.inference/Runtime/Core/Resources/Sentis/ComputeShaders/ConvGeneric.compute(548)
Shader warning in 'ConvGeneric': "TRANSPOSE_OUTPUT variants not supported with NON_UNIFORM_CONVGROUP_PER_OC, make sure this variant is not used" at kernel Conv1D_OutTransposed_4eoc_4esp at Packages/com.unity.ai.inference/Runtime/Core/Resources/Sentis/ComputeShaders/ConvGeneric.compute(548)
Shader warning in 'ConvGeneric': "TRANSPOSE_OUTPUT variants not supported with NON_UNIFORM_CONVGROUP_PER_OC, make sure this variant is not used" at kernel Conv1D_Scaled_OutTransposed_4eoc_4esp at Packages/com.unity.ai.inference/Runtime/Core/Resources/Sentis/ComputeShaders/ConvGeneric.compute(548)
Shader warning in 'ConvGeneric': "TRANSPOSE_OUTPUT variants not supported with NON_UNIFORM_CONVGROUP_PER_OC, make sure this variant is not used" at kernel Conv1DComplex_OutTransposed_4eoc_4esp at Packages/com.unity.ai.inference/Runtime/Core/Resources/Sentis/ComputeShaders/ConvGeneric.compute(549)
Shader warning in 'ConvGeneric': "TRANSPOSE_OUTPUT variants not supported with NON_UNIFORM_CONVGROUP_PER_OC, make sure this variant is not used" at kernel Conv1D_OutTransposed_4eoc_4esp at Packages/com.unity.ai.inference/Runtime/Core/Resources/Sentis/ComputeShaders/ConvGeneric.compute(549)
Shader warning in 'ConvGeneric': "TRANSPOSE_OUTPUT variants not supported with NON_UNIFORM_CONVGROUP_PER_OC, make sure this variant is not used" at kernel Conv1D_Scaled_Complex_OutTransposed_4eoc_4esp at Packages/com.unity.ai.inference/Runtime/Core/Resources/Sentis/ComputeShaders/ConvGeneric.compute(549)
Shader warning in 'ConvGeneric': "TRANSPOSE_OUTPUT variants not supported with NON_UNIFORM_CONVGROUP_PER_OC, make sure this variant is not used" at kernel Conv1D_Scaled_OutTransposed_4eoc_4esp at Packages/com.unity.ai.inference/Runtime/Core/Resources/Sentis/ComputeShaders/ConvGeneric.compute(549)
Shader warning in 'ConvGeneric': "TRANSPOSE_OUTPUT variants not supported with NON_UNIFORM_CONVGROUP_PER_OC, make sure this variant is not used" at kernel Conv1DComplex_OutTransposed_4eoc_4esp at Packages/com.unity.ai.inference/Runtime/Core/Resources/Sentis/ComputeShaders/ConvGeneric.compute(550)
Shader warning in 'ConvGeneric': "TRANSPOSE_OUTPUT variants not supported with NON_UNIFORM_CONVGROUP_PER_OC, make sure this variant is not used" at kernel Conv1D_OutTransposed_4eoc_4esp at Packages/com.unity.ai.inference/Runtime/Core/Resources/Sentis/ComputeShaders/ConvGeneric.compute(550)
Shader warning in 'ConvGeneric': "TRANSPOSE_OUTPUT variants not supported with NON_UNIFORM_CONVGROUP_PER_OC, make sure this variant is not used" at kernel Conv1D_Scaled_Complex_OutTransposed_4eoc_4esp at Packages/com.unity.ai.inference/Runtime/Core/Resources/Sentis/ComputeShaders/ConvGeneric.compute(550)
Shader warning in 'ConvGeneric': "TRANSPOSE_OUTPUT variants not supported with NON_UNIFORM_CONVGROUP_PER_OC, make sure this variant is not used" at kernel Conv1D_Scaled_OutTransposed_4eoc_4esp at Packages/com.unity.ai.inference/Runtime/Core/Resources/Sentis/ComputeShaders/ConvGeneric.compute(550)
Shader warning in 'ConvGeneric': "TRANSPOSE_OUTPUT variants not supported with NON_UNIFORM_CONVGROUP_PER_OC, make sure this variant is not used" at kernel Conv1DComplex_OutTransposed_4eoc_4esp at ConvGeneric.compute(548)
Shader warning in 'ConvGeneric': "TRANSPOSE_OUTPUT variants not supported with NON_UNIFORM_CONVGROUP_PER_OC, make sure this variant is not used" at kernel Conv1D_OutTransposed_4eoc_4esp at ConvGeneric.compute(548)
Shader warning in 'ConvGeneric': "TRANSPOSE_OUTPUT variants not supported with NON_UNIFORM_CONVGROUP_PER_OC, make sure this variant is not used" at kernel Conv1D_Scaled_Complex_OutTransposed_4eoc_4esp at ConvGeneric.compute(548)
Shader warning in 'ConvGeneric': "TRANSPOSE_OUTPUT variants not supported with NON_UNIFORM_CONVGROUP_PER_OC, make sure this variant is not used" at kernel Conv1D_Scaled_OutTransposed_4eoc_4esp at ConvGeneric.compute(548)
Shader warning in 'ConvGeneric': "TRANSPOSE_OUTPUT variants not supported with NON_UNIFORM_CONVGROUP_PER_OC, make sure this variant is not used" at kernel Conv1DComplex_OutTransposed_4eoc_4esp at ConvGeneric.compute(549)
Shader warning in 'ConvGeneric': "TRANSPOSE_OUTPUT variants not supported with NON_UNIFORM_CONVGROUP_PER_OC, make sure this variant is not used" at kernel Conv1D_OutTransposed_4eoc_4esp at ConvGeneric.compute(549)
Shader warning in 'ConvGeneric': "TRANSPOSE_OUTPUT variants not supported with NON_UNIFORM_CONVGROUP_PER_OC, make sure this variant is not used" at kernel Conv1D_Scaled_Complex_OutTransposed_4eoc_4esp at ConvGeneric.compute(549)
Shader warning in 'ConvGeneric': "TRANSPOSE_OUTPUT variants not supported with NON_UNIFORM_CONVGROUP_PER_OC, make sure this variant is not used" at kernel Conv1D_Scaled_OutTransposed_4eoc_4esp at ConvGeneric.compute(549)
Shader warning in 'ConvGeneric': "TRANSPOSE_OUTPUT variants not supported with NON_UNIFORM_CONVGROUP_PER_OC, make sure this variant is not used" at kernel Conv1DComplex_OutTransposed_4eoc_4esp at ConvGeneric.compute(550)
Shader warning in 'ConvGeneric': "TRANSPOSE_OUTPUT variants not supported with NON_UNIFORM_CONVGROUP_PER_OC, make sure this variant is not used" at kernel Conv1D_OutTransposed_4eoc_4esp at ConvGeneric.compute(550)
Shader warning in 'ConvGeneric': "TRANSPOSE_OUTPUT variants not supported with NON_UNIFORM_CONVGROUP_PER_OC, make sure this variant is not used" at kernel Conv1D_Scaled_Complex_OutTransposed_4eoc_4esp at ConvGeneric.compute(550)
Shader warning in 'ConvGeneric': "TRANSPOSE_OUTPUT variants not supported with NON_UNIFORM_CONVGROUP_PER_OC, make sure this variant is not used" at kernel Conv1D_Scaled_OutTransposed_4eoc_4esp at ConvGeneric.compute(550)
Shader warning in 'ConvGeneric': "TRANSPOSE_OUTPUT variants not supported with NON_UNIFORM_CONVGROUP_PER_OC, make sure this variant is not used" at kernel Conv1DComplex_OutTransposed_4eoc_4esp at Packages/com.unity.ai.inference/Runtime/Core/Resources/Sentis/ComputeShaders/ConvGeneric.compute(548)
Shader warning in 'ConvGeneric': "TRANSPOSE_OUTPUT variants not supported with NON_UNIFORM_CONVGROUP_PER_OC, make sure this variant is not used" at kernel Conv1D_OutTransposed_4eoc_4esp at Packages/com.unity.ai.inference/Runtime/Core/Resources/Sentis/ComputeShaders/ConvGeneric.compute(548)
Shader warning in 'ConvGeneric': "TRANSPOSE_OUTPUT variants not supported with NON_UNIFORM_CONVGROUP_PER_OC, make sure this variant is not used" at kernel Conv1D_Scaled_Complex_OutTransposed_4eoc_4esp at Packages/com.unity.ai.inference/Runtime/Core/Resources/Sentis/ComputeShaders/ConvGeneric.compute(548)
Shader warning in 'ConvGeneric': "TRANSPOSE_OUTPUT variants not supported with NON_UNIFORM_CONVGROUP_PER_OC, make sure this variant is not used" at kernel Conv1D_Scaled_OutTransposed_4eoc_4esp at Packages/com.unity.ai.inference/Runtime/Core/Resources/Sentis/ComputeShaders/ConvGeneric.compute(548)
Shader warning in 'ConvGeneric': "TRANSPOSE_OUTPUT variants not supported with NON_UNIFORM_CONVGROUP_PER_OC, make sure this variant is not used" at kernel Conv1DComplex_OutTransposed_4eoc_4esp at Packages/com.unity.ai.inference/Runtime/Core/Resources/Sentis/ComputeShaders/ConvGeneric.compute(549)
Shader warning in 'ConvGeneric': "TRANSPOSE_OUTPUT variants not supported with NON_UNIFORM_CONVGROUP_PER_OC, make sure this variant is not used" at kernel Conv1D_OutTransposed_4eoc_4esp at Packages/com.unity.ai.inference/Runtime/Core/Resources/Sentis/ComputeShaders/ConvGeneric.compute(549)
Shader warning in 'ConvGeneric': "TRANSPOSE_OUTPUT variants not supported with NON_UNIFORM_CONVGROUP_PER_OC, make sure this variant is not used" at kernel Conv1D_Scaled_Complex_OutTransposed_4eoc_4esp at Packages/com.unity.ai.inference/Runtime/Core/Resources/Sentis/ComputeShaders/ConvGeneric.compute(549)
Shader warning in 'ConvGeneric': "TRANSPOSE_OUTPUT variants not supported with NON_UNIFORM_CONVGROUP_PER_OC, make sure this variant is not used" at kernel Conv1D_Scaled_OutTransposed_4eoc_4esp at Packages/com.unity.ai.inference/Runtime/Core/Resources/Sentis/ComputeShaders/ConvGeneric.compute(549)
Shader warning in 'ConvGeneric': "TRANSPOSE_OUTPUT variants not supported with NON_UNIFORM_CONVGROUP_PER_OC, make sure this variant is not used" at kernel Conv1DComplex_OutTransposed_4eoc_4esp at Packages/com.unity.ai.inference/Runtime/Core/Resources/Sentis/ComputeShaders/ConvGeneric.compute(550)
Shader warning in 'ConvGeneric': "TRANSPOSE_OUTPUT variants not supported with NON_UNIFORM_CONVGROUP_PER_OC, make sure this variant is not used" at kernel Conv1D_OutTransposed_4eoc_4esp at Packages/com.unity.ai.inference/Runtime/Core/Resources/Sentis/ComputeShaders/ConvGeneric.compute(550)
Shader warning in 'ConvGeneric': "TRANSPOSE_OUTPUT variants not supported with NON_UNIFORM_CONVGROUP_PER_OC, make sure this variant is not used" at kernel Conv1D_Scaled_Complex_OutTransposed_4eoc_4esp at Packages/com.unity.ai.inference/Runtime/Core/Resources/Sentis/ComputeShaders/ConvGeneric.compute(550)
Shader warning in 'ConvGeneric': "TRANSPOSE_OUTPUT variants not supported with NON_UNIFORM_CONVGROUP_PER_OC, make sure this variant is not used" at kernel Conv1D_Scaled_OutTransposed_4eoc_4esp at Packages/com.unity.ai.inference/Runtime/Core/Resources/Sentis/ComputeShaders/ConvGeneric.compute(550)
Shader warning in 'ConvGeneric': "TRANSPOSE_OUTPUT variants not supported with NON_UNIFORM_CONVGROUP_PER_OC, make sure this variant is not used" at kernel Conv1DComplex_OutTransposed_4eoc_4esp at ConvGeneric.compute(548)
Shader warning in 'ConvGeneric': "TRANSPOSE_OUTPUT variants not supported with NON_UNIFORM_CONVGROUP_PER_OC, make sure this variant is not used" at kernel Conv1D_OutTransposed_4eoc_4esp at ConvGeneric.compute(548)
Shader warning in 'ConvGeneric': "TRANSPOSE_OUTPUT variants not supported with NON_UNIFORM_CONVGROUP_PER_OC, make sure this variant is not used" at kernel Conv1D_Scaled_Complex_OutTransposed_4eoc_4esp at ConvGeneric.compute(548)
Shader warning in 'ConvGeneric': "TRANSPOSE_OUTPUT variants not supported with NON_UNIFORM_CONVGROUP_PER_OC, make sure this variant is not used" at kernel Conv1D_Scaled_OutTransposed_4eoc_4esp at ConvGeneric.compute(548)
Shader warning in 'ConvGeneric': "TRANSPOSE_OUTPUT variants not supported with NON_UNIFORM_CONVGROUP_PER_OC, make sure this variant is not used" at kernel Conv1DComplex_OutTransposed_4eoc_4esp at ConvGeneric.compute(549)
Shader warning in 'ConvGeneric': "TRANSPOSE_OUTPUT variants not supported with NON_UNIFORM_CONVGROUP_PER_OC, make sure this variant is not used" at kernel Conv1D_OutTransposed_4eoc_4esp at ConvGeneric.compute(549)
Shader warning in 'ConvGeneric': "TRANSPOSE_OUTPUT variants not supported with NON_UNIFORM_CONVGROUP_PER_OC, make sure this variant is not used" at kernel Conv1D_Scaled_Complex_OutTransposed_4eoc_4esp at ConvGeneric.compute(549)
Shader warning in 'ConvGeneric': "TRANSPOSE_OUTPUT variants not supported with NON_UNIFORM_CONVGROUP_PER_OC, make sure this variant is not used" at kernel Conv1D_Scaled_OutTransposed_4eoc_4esp at ConvGeneric.compute(549)
Shader warning in 'ConvGeneric': "TRANSPOSE_OUTPUT variants not supported with NON_UNIFORM_CONVGROUP_PER_OC, make sure this variant is not used" at kernel Conv1DComplex_OutTransposed_4eoc_4esp at ConvGeneric.compute(550)
Shader warning in 'ConvGeneric': "TRANSPOSE_OUTPUT variants not supported with NON_UNIFORM_CONVGROUP_PER_OC, make sure this variant is not used" at kernel Conv1D_OutTransposedDouble_4eoc_4esp at ConvGeneric.compute(550)
Shader warning in 'ConvGeneric': "TRANSPOSE_OUTPUT variants not supported with NON_UNIFORM_CONVGROUP_PER_OC, make sure this variant is not used" at kernel Conv1D_OutTransposed_4eoc_4esp at ConvGeneric.compute(550)
Shader warning in 'ConvGeneric': "TRANSPOSE_OUTPUT variants not supported with NON_UNIFORM_CONVGROUP_PER_OC, make sure this variant is not used" at kernel Conv1D_Scaled_Complex_OutTransposed_4eoc_4esp at ConvGeneric.compute(550)
Shader warning in 'ConvGeneric': "TRANSPOSE_OUTPUT variants not supported with NON_UNIFORM_CONVGROUP_PER_OC, make sure this variant is not used" at kernel Conv1D_Scaled_OutTransposed_4eoc_4esp at ConvGeneric.compute(550)
Shader warning in 'ConvGeneric': "TRANSPOSE_OUTPUT variants not supported with NON_UNIFORM_CONVGROUP_PER_OC, make sure this variant is not used" at kernel Conv1DComplex_OutTransposed_4eoc_4esp at Packages/com.unity.ai.inference/Runtime/Core/Resources/Sentis/ComputeShaders/ConvGeneric.compute(548)
Shader warning in 'ConvGeneric': "TRANSPOSE_OUTPUT variants not supported with NON_UNIFORM_CONVGROUP_PER_OC, make sure this variant is not used" at kernel Conv1D_OutTransposed_4eoc_4esp at Packages/com.unity.ai.inference/Runtime/Core/Resources/Sentis/ComputeShaders/ConvGeneric.compute(548)
Shader warning in 'ConvGeneric': "TRANSPOSE_OUTPUT variants not supported with NON_UNIFORM_CONVGROUP_PER_OC, make sure this variant is not used" at kernel Conv1D_Scaled_Complex_OutTransposed_4eoc_4esp at Packages/com.unity.ai.inference/Runtime/Core/Resources/Sentis/ComputeShaders/ConvGeneric.compute(548)
Shader warning in 'ConvGeneric': "TRANSPOSE_OUTPUT variants not supported with NON_UNIFORM_CONVGROUP_PER_OC, make sure this variant is not used" at kernel Conv1D_Scaled_OutTransposed_4eoc_4esp at Packages/com.unity.ai.inference/Runtime/Core/Resources/Sentis/ComputeShaders/ConvGeneric.compute(548)
Shader warning in 'ConvGeneric': "TRANSPOSE_OUTPUT variants not supported with NON_UNIFORM_CONVGROUP_PER_OC, make sure this variant is not used" at kernel Conv1DComplex_OutTransposed_4eoc_4esp at Packages/com.unity.ai.inference/Runtime/Core/Resources/Sentis/ComputeShaders/ConvGeneric.compute(549)
Shader warning in 'ConvGeneric': "TRANSPOSE_OUTPUT variants not supported with NON_UNIFORM_CONVGROUP_PER_OC, make sure this variant is not used" at kernel Conv1D_OutTransposed_4eoc_4esp at Packages/com.unity.ai.inference/Runtime/Core/Resources/Sentis/ComputeShaders/ConvGeneric.compute(549)
Shader warning in 'ConvGeneric': "TRANSPOSE_OUTPUT variants not supported with NON_UNIFORM_CONVGROUP_PER_OC, make sure this variant is not used" at kernel Conv1D_Scaled_Complex_OutTransposed_4eoc_4esp at Packages/com.unity.ai.inference/Runtime/Core/Resources/Sentis/ComputeShaders/ConvGeneric.compute(549)
Shader warning in 'ConvGeneric': "TRANSPOSE_OUTPUT variants not supported with NON_UNIFORM_CONVGROUP_PER_OC, make sure this variant is not used" at kernel Conv1D_Scaled_OutTransposed_4eoc_4esp at Packages/com.unity.ai.inference/Runtime/Core/Resources/Sentis/ComputeShaders/ConvGeneric.compute(549)
Shader warning in 'ConvGeneric': "TRANSPOSE_OUTPUT variants not supported with NON_UNIFORM_CONVGROUP_PER_OC, make sure this variant is not used" at kernel Conv1DComplex_OutTransposed_4eoc_4esp at Packages/com.unity.ai.inference/Runtime/Core/Resources/Sentis/ComputeShaders/ConvGeneric.compute(550)
Shader warning in 'ConvGeneric': "TRANSPOSE_OUTPUT variants not supported with NON_UNIFORM_CONVGROUP_PER_OC, make sure this variant is not used" at kernel Conv1D_OutTransposedDouble_4eoc_4esp at Packages/com.unity.ai.inference/Runtime/Core/Resources/Sentis/ComputeShaders/ConvGeneric.compute(550)
Shader warning in 'ConvGeneric': "TRANSPOSE_OUTPUT variants not supported with NON_UNIFORM_CONVGROUP_PER_OC, make sure this variant is not used" at kernel Conv1D_OutTransposed_4eoc_4esp at Packages/com.unity.ai.inference/Runtime/Core/Resources/Sentis/ComputeShaders/ConvGeneric.compute(550)
Shader warning in 'ConvGeneric': "TRANSPOSE_OUTPUT variants not supported with NON_UNIFORM_CONVGROUP_PER_OC, make sure this variant is not used" at kernel Conv1D_Scaled_Complex_OutTransposed_4eoc_4esp at Packages/com.unity.ai.inference/Runtime/Core/Resources/Sentis/ComputeShaders/ConvGeneric.compute(550)
Shader warning in 'ConvGeneric': "TRANSPOSE_OUTPUT variants not supported with NON_UNIFORM_CONVGROUP_PER_OC, make sure this variant is not used" at kernel Conv1D_Scaled_OutTransposed_4eoc_4esp at Packages/com.unity.ai.inference/Runtime/Core/Resources/Sentis/ComputeShaders/ConvGeneric.compute(550)
Shader warning in 'ConvGeneric': "TRANSPOSE_OUTPUT variants not supported with NON_UNIFORM_CONVGROUP_PER_OC, make sure this variant is not used" at kernel Conv1DComplex_OutTransposed_4eoc_4esp at ConvGeneric.compute(548)
Shader warning in 'ConvGeneric': "TRANSPOSE_OUTPUT variants not supported with NON_UNIFORM_CONVGROUP_PER_OC, make sure this variant is not used" at kernel Conv1D_OutTransposed_4eoc_4esp at ConvGeneric.compute(548)
Shader warning in 'ConvGeneric': "TRANSPOSE_OUTPUT variants not supported with NON_UNIFORM_CONVGROUP_PER_OC, make sure this variant is not used" at kernel Conv1D_Scaled_Complex_OutTransposed_4eoc_4esp at ConvGeneric.compute(548)
Shader warning in 'ConvGeneric': "TRANSPOSE_OUTPUT variants not supported with NON_UNIFORM_CONVGROUP_PER_OC, make sure this variant is not used" at kernel Conv1D_Scaled_OutTransposed_4eoc_4esp at ConvGeneric.compute(548)
Shader warning in 'ConvGeneric': "TRANSPOSE_OUTPUT variants not supported with NON_UNIFORM_CONVGROUP_PER_OC, make sure this variant is not used" at kernel Conv1DComplex_OutTransposed_4eoc_4esp at ConvGeneric.compute(549)
Shader warning in 'ConvGeneric': "TRANSPOSE_OUTPUT variants not supported with NON_UNIFORM_CONVGROUP_PER_OC, make sure this variant is not used" at kernel Conv1D_OutTransposedDouble_4eoc_4esp at ConvGeneric.compute(549)
Shader warning in 'ConvGeneric': "TRANSPOSE_OUTPUT variants not supported with NON_UNIFORM_CONVGROUP_PER_OC, make sure this variant is not used" at kernel Conv1D_OutTransposed_4eoc_4esp at ConvGeneric.compute(549)
Shader warning in 'ConvGeneric': "TRANSPOSE_OUTPUT variants not supported with NON_UNIFORM_CONVGROUP_PER_OC, make sure this variant is not used" at kernel Conv1D_Scaled_Complex_OutTransposed_4eoc_4esp at ConvGeneric.compute(549)
Shader warning in 'ConvGeneric': "TRANSPOSE_OUTPUT variants not supported with NON_UNIFORM_CONVGROUP_PER_OC, make sure this variant is not used" at kernel Conv1D_Scaled_OutTransposed_4eoc_4esp at ConvGeneric.compute(549)
Shader warning in 'ConvGeneric': "TRANSPOSE_OUTPUT variants not supported with NON_UNIFORM_CONVGROUP_PER_OC, make sure this variant is not used" at kernel Conv1DComplex_OutTransposed_4eoc_4esp at ConvGeneric.compute(550)
Shader warning in 'ConvGeneric': "TRANSPOSE_OUTPUT variants not supported with NON_UNIFORM_CONVGROUP_PER_OC, make sure this variant is not used" at kernel Conv1D_OutTransposedDouble_4eoc_4esp at ConvGeneric.compute(550)
Shader warning in 'ConvGeneric': "TRANSPOSE_OUTPUT variants not supported with NON_UNIFORM_CONVGROUP_PER_OC, make sure this variant is not used" at kernel Conv1D_OutTransposed_4eoc_4esp at ConvGeneric.compute(550)
Shader warning in 'ConvGeneric': "TRANSPOSE_OUTPUT variants not supported with NON_UNIFORM_CONVGROUP_PER_OC, make sure this variant is not used" at kernel Conv1D_Scaled_Complex_OutTransposed_4eoc_4esp at ConvGeneric.compute(550)
Shader warning in 'ConvGeneric': "TRANSPOSE_OUTPUT variants not supported with NON_UNIFORM_CONVGROUP_PER_OC, make sure this variant is not used" at kernel Conv1D_Scaled_OutTransposed_4eoc_4esp at ConvGeneric.compute(550)
Shader warning in 'ConvGeneric': "TRANSPOSE_OUTPUT variants not supported with NON_UNIFORM_CONVGROUP_PER_OC, make sure this variant is not used" at kernel Conv1DComplex_OutTransposed_4eoc_4esp at Packages/com.unity.ai.inference/Runtime/Core/Resources/Sentis/ComputeShaders/ConvGeneric.compute(548)
Shader warning in 'ConvGeneric': "TRANSPOSE_OUTPUT variants not supported with NON_UNIFORM_CONVGROUP_PER_OC, make sure this variant is not used" at kernel Conv1D_OutTransposed_4eoc_4esp at Packages/com.unity.ai.inference/Runtime/Core/Resources/Sentis/ComputeShaders/ConvGeneric.compute(548)
Shader warning in 'ConvGeneric': "TRANSPOSE_OUTPUT variants not supported with NON_UNIFORM_CONVGROUP_PER_OC, make sure this variant is not used" at kernel Conv1D_Scaled_Complex_OutTransposed_4eoc_4esp at Packages/com.unity.ai.inference/Runtime/Core/Resources/Sentis/ComputeShaders/ConvGeneric.compute(548)
Shader warning in 'ConvGeneric': "TRANSPOSE_OUTPUT variants not supported with NON_UNIFORM_CONVGROUP_PER_OC, make sure this variant is not used" at kernel Conv1D_Scaled_OutTransposed_4eoc_4esp at Packages/com.unity.ai.inference/Runtime/Core/Resources/Sentis/ComputeShaders/ConvGeneric.compute(548)
Shader warning in 'ConvGeneric': "TRANSPOSE_OUTPUT variants not supported with NON_UNIFORM_CONVGROUP_PER_OC, make sure this variant is not used" at kernel Conv1DComplex_OutTransposed_4eoc_4esp at Packages/com.unity.ai.inference/Runtime/Core/Resources/Sentis/ComputeShaders/ConvGeneric.compute(549)
Shader warning in 'ConvGeneric': "TRANSPOSE_OUTPUT variants not supported with NON_UNIFORM_CONVGROUP_PER_OC, make sure this variant is not used" at kernel Conv1D_OutTransposedDouble_4eoc_4esp at Packages/com.unity.ai.inference/Runtime/Core/Resources/Sentis/ComputeShaders/ConvGeneric.compute(549)
Shader warning in 'ConvGeneric': "TRANSPOSE_OUTPUT variants not supported with NON_UNIFORM_CONVGROUP_PER_OC, make sure this variant is not used" at kernel Conv1D_OutTransposed_4eoc_4esp at Packages/com.unity.ai.inference/Runtime/Core/Resources/Sentis/ComputeShaders/ConvGeneric.compute(549)
Shader warning in 'ConvGeneric': "TRANSPOSE_OUTPUT variants not supported with NON_UNIFORM_CONVGROUP_PER_OC, make sure this variant is not used" at kernel Conv1D_Scaled_Complex_OutTransposed_4eoc_4esp at Packages/com.unity.ai.inference/Runtime/Core/Resources/Sentis/ComputeShaders/ConvGeneric.compute(549)
Shader warning in 'ConvGeneric': "TRANSPOSE_OUTPUT variants not supported with NON_UNIFORM_CONVGROUP_PER_OC, make sure this variant is not used" at kernel Conv1D_Scaled_OutTransposed_4eoc_4esp at Packages/com.unity.ai.inference/Runtime/Core/Resources/Sentis/ComputeShaders/ConvGeneric.compute(549)
Shader warning in 'ConvGeneric': "TRANSPOSE_OUTPUT variants not supported with NON_UNIFORM_CONVGROUP_PER_OC, make sure this variant is not used" at kernel Conv1DComplex_OutTransposed_4eoc_4esp at Packages/com.unity.ai.inference/Runtime/Core/Resources/Sentis/ComputeShaders/ConvGeneric.compute(550)
Shader warning in 'ConvGeneric': "TRANSPOSE_OUTPUT variants not supported with NON_UNIFORM_CONVGROUP_PER_OC, make sure this variant is not used" at kernel Conv1D_OutTransposedDouble_4eoc_4esp at Packages/com.unity.ai.inference/Runtime/Core/Resources/Sentis/ComputeShaders/ConvGeneric.compute(550)
Shader warning in 'ConvGeneric': "TRANSPOSE_OUTPUT variants not supported with NON_UNIFORM_CONVGROUP_PER_OC, make sure this variant is not used" at kernel Conv1D_OutTransposed_4eoc_4esp at Packages/com.unity.ai.inference/Runtime/Core/Resources/Sentis/ComputeShaders/ConvGeneric.compute(550)
Shader warning in 'ConvGeneric': "TRANSPOSE_OUTPUT variants not supported with NON_UNIFORM_CONVGROUP_PER_OC, make sure this variant is not used" at kernel Conv1D_Scaled_Complex_OutTransposed_4eoc_4esp at Packages/com.unity.ai.inference/Runtime/Core/Resources/Sentis/ComputeShaders/ConvGeneric.compute(550)
Shader warning in 'ConvGeneric': "TRANSPOSE_OUTPUT variants not supported with NON_UNIFORM_CONVGROUP_PER_OC, make sure this variant is not used" at kernel Conv1D_Scaled_OutTransposed_4eoc_4esp at Packages/com.unity.ai.inference/Runtime/Core/Resources/Sentis/ComputeShaders/ConvGeneric.compute(550)
Shader warning in 'ConvGeneric': "TRANSPOSE_OUTPUT variants not supported with NON_UNIFORM_CONVGROUP_PER_OC, make sure this variant is not used" at kernel Conv1DComplex_OutTransposed_4eoc_4esp at ConvGeneric.compute(548)
Shader warning in 'ConvGeneric': "TRANSPOSE_OUTPUT variants not supported with NON_UNIFORM_CONVGROUP_PER_OC, make sure this variant is not used" at kernel Conv1D_OutTransposed_4eoc_4esp at ConvGeneric.compute(548)
Shader warning in 'ConvGeneric': "TRANSPOSE_OUTPUT variants not supported with NON_UNIFORM_CONVGROUP_PER_OC, make sure this variant is not used" at kernel Conv1D_Scaled_Complex_OutTransposed_4eoc_4esp at ConvGeneric.compute(548)
Shader warning in 'ConvGeneric': "TRANSPOSE_OUTPUT variants not supported with NON_UNIFORM_CONVGROUP_PER_OC, make sure this variant is not used" at kernel Conv1D_Scaled_OutTransposed_4eoc_4esp at ConvGeneric.compute(548)
Shader warning in 'ConvGeneric': "TRANSPOSE_OUTPUT variants not supported with NON_UNIFORM_CONVGROUP_PER_OC, make sure this variant is not used" at kernel Conv1DComplex_OutTransposed_4eoc_4esp at ConvGeneric.compute(549)
Shader warning in 'ConvGeneric': "TRANSPOSE_OUTPUT variants not supported with NON_UNIFORM_CONVGROUP_PER_OC, make sure this variant is not used" at kernel Conv1D_OutTransposedDouble_4eoc_4esp at ConvGeneric.compute(549)
Shader warning in 'ConvGeneric': "TRANSPOSE_OUTPUT variants not supported with NON_UNIFORM_CONVGROUP_PER_OC, make sure this variant is not used" at kernel Conv1D_OutTransposed_4eoc_4esp at ConvGeneric.compute(549)
Shader warning in 'ConvGeneric': "TRANSPOSE_OUTPUT variants not supported with NON_UNIFORM_CONVGROUP_PER_OC, make sure this variant is not used" at kernel Conv1D_Scaled_Complex_OutTransposed_4eoc_4esp at ConvGeneric.compute(549)
Shader warning in 'ConvGeneric': "TRANSPOSE_OUTPUT variants not supported with NON_UNIFORM_CONVGROUP_PER_OC, make sure this variant is not used" at kernel Conv1D_Scaled_OutTransposed_4eoc_4esp at ConvGeneric.compute(549)
Shader warning in 'ConvGeneric': "TRANSPOSE_OUTPUT variants not supported with NON_UNIFORM_CONVGROUP_PER_OC, make sure this variant is not used" at kernel Conv1DComplex_OutTransposed_4eoc_4esp at ConvGeneric.compute(550)
Shader warning in 'ConvGeneric': "TRANSPOSE_OUTPUT variants not supported with NON_UNIFORM_CONVGROUP_PER_OC, make sure this variant is not used" at kernel Conv1D_OutTransposedDouble_4eoc_4esp at ConvGeneric.compute(550)
Shader warning in 'ConvGeneric': "TRANSPOSE_OUTPUT variants not supported with NON_UNIFORM_CONVGROUP_PER_OC, make sure this variant is not used" at kernel Conv1D_OutTransposed_4eoc_4esp at ConvGeneric.compute(550)
Shader warning in 'ConvGeneric': "TRANSPOSE_OUTPUT variants not supported with NON_UNIFORM_CONVGROUP_PER_OC, make sure this variant is not used" at kernel Conv1D_Scaled_Complex_OutTransposed_4eoc_4esp at ConvGeneric.compute(550)
Shader warning in 'ConvGeneric': "TRANSPOSE_OUTPUT variants not supported with NON_UNIFORM_CONVGROUP_PER_OC, make sure this variant is not used" at kernel Conv1D_Scaled_OutTransposed_4eoc_4esp at ConvGeneric.compute(550)
Shader warning in 'ConvGeneric': "TRANSPOSE_OUTPUT variants not supported with NON_UNIFORM_CONVGROUP_PER_OC, make sure this variant is not used" at kernel Conv1DComplex_OutTransposed_4eoc_4esp at Packages/com.unity.ai.inference/Runtime/Core/Resources/Sentis/ComputeShaders/ConvGeneric.compute(548)
Shader warning in 'ConvGeneric': "TRANSPOSE_OUTPUT variants not supported with NON_UNIFORM_CONVGROUP_PER_OC, make sure this variant is not used" at kernel Conv1D_OutTransposed_4eoc_4esp at Packages/com.unity.ai.inference/Runtime/Core/Resources/Sentis/ComputeShaders/ConvGeneric.compute(548)
Shader warning in 'ConvGeneric': "TRANSPOSE_OUTPUT variants not supported with NON_UNIFORM_CONVGROUP_PER_OC, make sure this variant is not used" at kernel Conv1D_Scaled_Complex_OutTransposed_4eoc_4esp at Packages/com.unity.ai.inference/Runtime/Core/Resources/Sentis/ComputeShaders/ConvGeneric.compute(548)
Shader warning in 'ConvGeneric': "TRANSPOSE_OUTPUT variants not supported with NON_UNIFORM_CONVGROUP_PER_OC, make sure this variant is not used" at kernel Conv1D_Scaled_OutTransposed_4eoc_4esp at Packages/com.unity.ai.inference/Runtime/Core/Resources/Sentis/ComputeShaders/ConvGeneric.compute(548)
Shader warning in 'ConvGeneric': "TRANSPOSE_OUTPUT variants not supported with NON_UNIFORM_CONVGROUP_PER_OC, make sure this variant is not used" at kernel Conv1DComplex_OutTransposed_4eoc_4esp at Packages/com.unity.ai.inference/Runtime/Core/Resources/Sentis/ComputeShaders/ConvGeneric.compute(549)
Shader warning in 'ConvGeneric': "TRANSPOSE_OUTPUT variants not supported with NON_UNIFORM_CONVGROUP_PER_OC, make sure this variant is not used" at kernel Conv1D_OutTransposedDouble_4eoc_4esp at Packages/com.unity.ai.inference/Runtime/Core/Resources/Sentis/ComputeShaders/ConvGeneric.compute(549)
Shader warning in 'ConvGeneric': "TRANSPOSE_OUTPUT variants not supported with NON_UNIFORM_CONVGROUP_PER_OC, make sure this variant is not used" at kernel Conv1D_OutTransposed_4eoc_4esp at Packages/com.unity.ai.inference/Runtime/Core/Resources/Sentis/ComputeShaders/ConvGeneric.compute(549)
Shader warning in 'ConvGeneric': "TRANSPOSE_OUTPUT variants not supported with NON_UNIFORM_CONVGROUP_PER_OC, make sure this variant is not used" at kernel Conv1D_Scaled_Complex_OutTransposed_4eoc_4esp at Packages/com.unity.ai.inference/Runtime/Core/Resources/Sentis/ComputeShaders/ConvGeneric.compute(549)
Shader warning in 'ConvGeneric': "TRANSPOSE_OUTPUT variants not supported with NON_UNIFORM_CONVGROUP_PER_OC, make sure this variant is not used" at kernel Conv1D_Scaled_OutTransposed_4eoc_4esp at Packages/com.unity.ai.inference/Runtime/Core/Resources/Sentis/ComputeShaders/ConvGeneric.compute(549)
Shader warning in 'ConvGeneric': "TRANSPOSE_OUTPUT variants not supported with NON_UNIFORM_CONVGROUP_PER_OC, make sure this variant is not used" at kernel Conv1DComplex_OutTransposed_4eoc_4esp at Packages/com.unity.ai.inference/Runtime/Core/Resources/Sentis/ComputeShaders/ConvGeneric.compute(550)
Shader warning in 'ConvGeneric': "TRANSPOSE_OUTPUT variants not supported with NON_UNIFORM_CONVGROUP_PER_OC, make sure this variant is not used" at kernel Conv1D_OutTransposedDouble_4eoc_4esp at Packages/com.unity.ai.inference/Runtime/Core/Resources/Sentis/ComputeShaders/ConvGeneric.compute(550)
Shader warning in 'ConvGeneric': "TRANSPOSE_OUTPUT variants not supported with NON_UNIFORM_CONVGROUP_PER_OC, make sure this variant is not used" at kernel Conv1D_OutTransposed_4eoc_4esp at Packages/com.unity.ai.inference/Runtime/Core/Resources/Sentis/ComputeShaders/ConvGeneric.compute(550)
Shader warning in 'ConvGeneric': "TRANSPOSE_OUTPUT variants not supported with NON_UNIFORM_CONVGROUP_PER_OC, make sure this variant is not used" at kernel Conv1D_Scaled_Complex_OutTransposed_4eoc_4esp at Packages/com.unity.ai.inference/Runtime/Core/Resources/Sentis/ComputeShaders/ConvGeneric.compute(550)
Shader warning in 'ConvGeneric': "TRANSPOSE_OUTPUT variants not supported with NON_UNIFORM_CONVGROUP_PER_OC, make sure this variant is not used" at kernel Conv1D_Scaled_OutTransposed_4eoc_4esp at Packages/com.unity.ai.inference/Runtime/Core/Resources/Sentis/ComputeShaders/ConvGeneric.compute(550)
Shader warning in 'ConvGeneric': "TRANSPOSE_OUTPUT variants not supported with NON_UNIFORM_CONVGROUP_PER_OC, make sure this variant is not used" at kernel Conv1DComplex_OutTransposed_4eoc_4esp at ConvGeneric.compute(548)
Shader warning in 'ConvGeneric': "TRANSPOSE_OUTPUT variants not supported with NON_UNIFORM_CONVGROUP_PER_OC, make sure this variant is not used" at kernel Conv1D_OutTransposedDouble_4eoc_4esp at ConvGeneric.compute(548)
Shader warning in 'ConvGeneric': "TRANSPOSE_OUTPUT variants not supported with NON_UNIFORM_CONVGROUP_PER_OC, make sure this variant is not used" at kernel Conv1D_OutTransposed_4eoc_4esp at ConvGeneric.compute(548)
Shader warning in 'ConvGeneric': "TRANSPOSE_OUTPUT variants not supported with NON_UNIFORM_CONVGROUP_PER_OC, make sure this variant is not used" at kernel Conv1D_Scaled_Complex_OutTransposed_4eoc_4esp at ConvGeneric.compute(548)
Shader warning in 'ConvGeneric': "TRANSPOSE_OUTPUT variants not supported with NON_UNIFORM_CONVGROUP_PER_OC, make sure this variant is not used" at kernel Conv1D_Scaled_OutTransposed_4eoc_4esp at ConvGeneric.compute(548)
Shader warning in 'ConvGeneric': "TRANSPOSE_OUTPUT variants not supported with NON_UNIFORM_CONVGROUP_PER_OC, make sure this variant is not used" at kernel Conv1DComplex_OutTransposed_4eoc_4esp at ConvGeneric.compute(549)
Shader warning in 'ConvGeneric': "TRANSPOSE_OUTPUT variants not supported with NON_UNIFORM_CONVGROUP_PER_OC, make sure this variant is not used" at kernel Conv1D_OutTransposedDouble_4eoc_4esp at ConvGeneric.compute(549)
Shader warning in 'ConvGeneric': "TRANSPOSE_OUTPUT variants not supported with NON_UNIFORM_CONVGROUP_PER_OC, make sure this variant is not used" at kernel Conv1D_OutTransposed_4eoc_4esp at ConvGeneric.compute(549)
Shader warning in 'ConvGeneric': "TRANSPOSE_OUTPUT variants not supported with NON_UNIFORM_CONVGROUP_PER_OC, make sure this variant is not used" at kernel Conv1D_Scaled_Complex_OutTransposed_4eoc_4esp at ConvGeneric.compute(549)
Shader warning in 'ConvGeneric': "TRANSPOSE_OUTPUT variants not supported with NON_UNIFORM_CONVGROUP_PER_OC, make sure this variant is not used" at kernel Conv1D_Scaled_OutTransposed_4eoc_4esp at ConvGeneric.compute(549)
Shader warning in 'ConvGeneric': "TRANSPOSE_OUTPUT variants not supported with NON_UNIFORM_CONVGROUP_PER_OC, make sure this variant is not used" at kernel Conv1DComplex_OutTransposed_4eoc_4esp at ConvGeneric.compute(550)
Shader warning in 'ConvGeneric': "TRANSPOSE_OUTPUT variants not supported with NON_UNIFORM_CONVGROUP_PER_OC, make sure this variant is not used" at kernel Conv1D_OutTransposedDouble_4eoc_4esp at ConvGeneric.compute(550)
Shader warning in 'ConvGeneric': "TRANSPOSE_OUTPUT variants not supported with NON_UNIFORM_CONVGROUP_PER_OC, make sure this variant is not used" at kernel Conv1D_OutTransposed_4eoc_4esp at ConvGeneric.compute(550)
Shader warning in 'ConvGeneric': "TRANSPOSE_OUTPUT variants not supported with NON_UNIFORM_CONVGROUP_PER_OC, make sure this variant is not used" at kernel Conv1D_Scaled_Complex_OutTransposed_4eoc_4esp at ConvGeneric.compute(550)
Shader warning in 'ConvGeneric': "TRANSPOSE_OUTPUT variants not supported with NON_UNIFORM_CONVGROUP_PER_OC, make sure this variant is not used" at kernel Conv1D_Scaled_OutTransposed_4eoc_4esp at ConvGeneric.compute(550)
Shader warning in 'ConvGeneric': "TRANSPOSE_OUTPUT variants not supported with NON_UNIFORM_CONVGROUP_PER_OC, make sure this variant is not used" at kernel Conv1DComplex_OutTransposed_4eoc_4esp at Packages/com.unity.ai.inference/Runtime/Core/Resources/Sentis/ComputeShaders/ConvGeneric.compute(548)
Shader warning in 'ConvGeneric': "TRANSPOSE_OUTPUT variants not supported with NON_UNIFORM_CONVGROUP_PER_OC, make sure this variant is not used" at kernel Conv1D_OutTransposedDouble_4eoc_4esp at Packages/com.unity.ai.inference/Runtime/Core/Resources/Sentis/ComputeShaders/ConvGeneric.compute(548)
Shader warning in 'ConvGeneric': "TRANSPOSE_OUTPUT variants not supported with NON_UNIFORM_CONVGROUP_PER_OC, make sure this variant is not used" at kernel Conv1D_OutTransposed_4eoc_4esp at Packages/com.unity.ai.inference/Runtime/Core/Resources/Sentis/ComputeShaders/ConvGeneric.compute(548)
Shader warning in 'ConvGeneric': "TRANSPOSE_OUTPUT variants not supported with NON_UNIFORM_CONVGROUP_PER_OC, make sure this variant is not used" at kernel Conv1D_Scaled_Complex_OutTransposed_4eoc_4esp at Packages/com.unity.ai.inference/Runtime/Core/Resources/Sentis/ComputeShaders/ConvGeneric.compute(548)
Shader warning in 'ConvGeneric': "TRANSPOSE_OUTPUT variants not supported with NON_UNIFORM_CONVGROUP_PER_OC, make sure this variant is not used" at kernel Conv1D_Scaled_OutTransposed_4eoc_4esp at Packages/com.unity.ai.inference/Runtime/Core/Resources/Sentis/ComputeShaders/ConvGeneric.compute(548)
Shader warning in 'ConvGeneric': "TRANSPOSE_OUTPUT variants not supported with NON_UNIFORM_CONVGROUP_PER_OC, make sure this variant is not used" at kernel Conv1DComplex_OutTransposed_4eoc_4esp at Packages/com.unity.ai.inference/Runtime/Core/Resources/Sentis/ComputeShaders/ConvGeneric.compute(549)
Shader warning in 'ConvGeneric': "TRANSPOSE_OUTPUT variants not supported with NON_UNIFORM_CONVGROUP_PER_OC, make sure this variant is not used" at kernel Conv1D_OutTransposedDouble_4eoc_4esp at Packages/com.unity.ai.inference/Runtime/Core/Resources/Sentis/ComputeShaders/ConvGeneric.compute(549)
Shader warning in 'ConvGeneric': "TRANSPOSE_OUTPUT variants not supported with NON_UNIFORM_CONVGROUP_PER_OC, make sure this variant is not used" at kernel Conv1D_OutTransposed_4eoc_4esp at Packages/com.unity.ai.inference/Runtime/Core/Resources/Sentis/ComputeShaders/ConvGeneric.compute(549)
Shader warning in 'ConvGeneric': "TRANSPOSE_OUTPUT variants not supported with NON_UNIFORM_CONVGROUP_PER_OC, make sure this variant is not used" at kernel Conv1D_Scaled_Complex_OutTransposed_4eoc_4esp at Packages/com.unity.ai.inference/Runtime/Core/Resources/Sentis/ComputeShaders/ConvGeneric.compute(549)
Shader warning in 'ConvGeneric': "TRANSPOSE_OUTPUT variants not supported with NON_UNIFORM_CONVGROUP_PER_OC, make sure this variant is not used" at kernel Conv1D_Scaled_OutTransposed_4eoc_4esp at Packages/com.unity.ai.inference/Runtime/Core/Resources/Sentis/ComputeShaders/ConvGeneric.compute(549)
Shader warning in 'ConvGeneric': "TRANSPOSE_OUTPUT variants not supported with NON_UNIFORM_CONVGROUP_PER_OC, make sure this variant is not used" at kernel Conv1DComplex_OutTransposed_4eoc_4esp at Packages/com.unity.ai.inference/Runtime/Core/Resources/Sentis/ComputeShaders/ConvGeneric.compute(550)
Shader warning in 'ConvGeneric': "TRANSPOSE_OUTPUT variants not supported with NON_UNIFORM_CONVGROUP_PER_OC, make sure this variant is not used" at kernel Conv1D_OutTransposedDouble_4eoc_4esp at Packages/com.unity.ai.inference/Runtime/Core/Resources/Sentis/ComputeShaders/ConvGeneric.compute(550)
Shader warning in 'ConvGeneric': "TRANSPOSE_OUTPUT variants not supported with NON_UNIFORM_CONVGROUP_PER_OC, make sure this variant is not used" at kernel Conv1D_OutTransposed_4eoc_4esp at Packages/com.unity.ai.inference/Runtime/Core/Resources/Sentis/ComputeShaders/ConvGeneric.compute(550)
Shader warning in 'ConvGeneric': "TRANSPOSE_OUTPUT variants not supported with NON_UNIFORM_CONVGROUP_PER_OC, make sure this variant is not used" at kernel Conv1D_Scaled_Complex_OutTransposed_4eoc_4esp at Packages/com.unity.ai.inference/Runtime/Core/Resources/Sentis/ComputeShaders/ConvGeneric.compute(550)
Shader warning in 'ConvGeneric': "TRANSPOSE_OUTPUT variants not supported with NON_UNIFORM_CONVGROUP_PER_OC, make sure this variant is not used" at kernel Conv1D_Scaled_OutTransposed_4eoc_4esp at Packages/com.unity.ai.inference/Runtime/Core/Resources/Sentis/ComputeShaders/ConvGeneric.compute(550)
    finished in 0.01 seconds. Local cache hits 204, remote cache hits 0, compiled 0 variants
Compiling compute shader "Compute.Shaders.Broadcast.gen"
    starting stripping...
    finished in 0.00 seconds. 87 of 87 variants left
    87 variants, starting compilation...
    finished in 0.00 seconds. Local cache hits 87, remote cache hits 0, compiled 0 variants
Compiling compute shader "SortingOps"
    starting stripping...
    finished in 0.00 seconds. 2 of 2 variants left
    2 variants, starting compilation...
    finished in 0.00 seconds. Local cache hits 2, remote cache hits 0, compiled 0 variants
Compiling compute shader "CopyOps"
    starting stripping...
    finished in 0.00 seconds. 9 of 9 variants left
    9 variants, starting compilation...
    finished in 0.00 seconds. Local cache hits 9, remote cache hits 0, compiled 0 variants
Compiling compute shader "TextureToTensor"
    starting stripping...
    finished in 0.00 seconds. 4 of 4 variants left
    4 variants, starting compilation...
    finished in 0.00 seconds. Local cache hits 4, remote cache hits 0, compiled 0 variants
Compiling compute shader "LocalResponseNormalization"
    starting stripping...
    finished in 0.00 seconds. 1 of 1 variants left
    1 variants, starting compilation...
    finished in 0.00 seconds. Local cache hits 1, remote cache hits 0, compiled 0 variants
Compiling compute shader "DepthwiseConv"
    starting stripping...
    finished in 0.00 seconds. 6 of 6 variants left
    6 variants, starting compilation...
    finished in 0.00 seconds. Local cache hits 6, remote cache hits 0, compiled 0 variants
Compiling compute shader "Compute.Shaders.ConvTranspose.gen"
    starting stripping...
    finished in 0.00 seconds. 4 of 4 variants left
    4 variants, starting compilation...
    finished in 0.00 seconds. Local cache hits 4, remote cache hits 0, compiled 0 variants
Compiling compute shader "Pool"
    starting stripping...
    finished in 0.00 seconds. 8 of 8 variants left
    8 variants, starting compilation...
    finished in 0.00 seconds. Local cache hits 8, remote cache hits 0, compiled 0 variants
Compiling compute shader "ReferenceImpl.Logical"
    starting stripping...
    finished in 0.00 seconds. 1 of 1 variants left
    1 variants, starting compilation...
    finished in 0.00 seconds. Local cache hits 1, remote cache hits 0, compiled 0 variants
Compiling compute shader "Compute.Shaders.PointwiseUnary.gen"
    starting stripping...
    finished in 0.00 seconds. 61 of 61 variants left
    61 variants, starting compilation...
    finished in 0.00 seconds. Local cache hits 61, remote cache hits 0, compiled 0 variants
Compiling compute shader "ReferenceImpl.PoolA"
    starting stripping...
    finished in 0.00 seconds. 6 of 6 variants left
    6 variants, starting compilation...
    finished in 0.00 seconds. Local cache hits 6, remote cache hits 0, compiled 0 variants
Compiling compute shader "ReferenceImpl.Einsum"
    starting stripping...
    finished in 0.00 seconds. 2 of 2 variants left
    2 variants, starting compilation...
    finished in 0.00 seconds. Local cache hits 2, remote cache hits 0, compiled 0 variants
Compiling compute shader "LogicalOps"
    starting stripping...
    finished in 0.00 seconds. 4 of 4 variants left
    4 variants, starting compilation...
    finished in 0.00 seconds. Local cache hits 4, remote cache hits 0, compiled 0 variants
Compiling compute shader "Compute.Shaders.Conv.gen"
    starting stripping...
    finished in 0.00 seconds. 8 of 8 variants left
    8 variants, starting compilation...
    finished in 0.00 seconds. Local cache hits 8, remote cache hits 0, compiled 0 variants
Compiling compute shader "RoiAlign"
    starting stripping...
    finished in 0.00 seconds. 4 of 4 variants left
    4 variants, starting compilation...
    finished in 0.00 seconds. Local cache hits 4, remote cache hits 0, compiled 0 variants
Compiling compute shader "GridSample"
    starting stripping...
    finished in 0.00 seconds. 24 of 24 variants left
    24 variants, starting compilation...
    finished in 0.00 seconds. Local cache hits 24, remote cache hits 0, compiled 0 variants
Compiling compute shader "Compute.Shaders.Reduction.gen"
    starting stripping...
    finished in 0.00 seconds. 38 of 38 variants left
    38 variants, starting compilation...
    finished in 0.00 seconds. Local cache hits 38, remote cache hits 0, compiled 0 variants
Compiling compute shader "CompareOps"
    starting stripping...
    finished in 0.00 seconds. 12 of 12 variants left
    12 variants, starting compilation...
    finished in 0.00 seconds. Local cache hits 12, remote cache hits 0, compiled 0 variants
Script attached to 'leftHand' in asset 'Packages/com.bytedance.pico.xr/Assets/Resources/Controller/ControllerWithHand/leftHand.prefab' is missing or no valid script is attached.
UnityEngine.Debug:ExtractStackTraceNoAlloc (byte*,int,string)
UnityEngine.StackTraceUtility:ExtractStackTrace () (at /Users/bokken/build/output/unity/unity/Runtime/Export/Scripting/StackTrace.cs:35)
UnityEditor.BuildPipeline:BuildPlayerInternal (string[],string,string,UnityEditor.BuildTargetGroup,UnityEditor.BuildTarget,int,UnityEditor.BuildOptions,string[],string[],bool)
UnityEditor.BuildPipeline:BuildPlayer (UnityEditor.BuildPlayerOptions) (at /Users/bokken/build/output/unity/unity/Editor/Mono/BuildPipeline/BuildPipeline.bindings.cs:267)
PicoTowerDefenseEditor.ProjectSetup:BuildDesktopTest () (at Assets/SpatialTowerDefense/Editor/ProjectSetup.cs:455)

[/Users/bokken/build/output/unity/unity/Editor/Mono/BuildPipeline/BuildPipeline.bindings.cs line 267]

Script attached to 'rightHand' in asset 'Packages/com.bytedance.pico.xr/Assets/Resources/Controller/ControllerWithHand/rightHand.prefab' is missing or no valid script is attached.
UnityEngine.Debug:ExtractStackTraceNoAlloc (byte*,int,string)
UnityEngine.StackTraceUtility:ExtractStackTrace () (at /Users/bokken/build/output/unity/unity/Runtime/Export/Scripting/StackTrace.cs:35)
UnityEditor.BuildPipeline:BuildPlayerInternal (string[],string,string,UnityEditor.BuildTargetGroup,UnityEditor.BuildTarget,int,UnityEditor.BuildOptions,string[],string[],bool)
UnityEditor.BuildPipeline:BuildPlayer (UnityEditor.BuildPlayerOptions) (at /Users/bokken/build/output/unity/unity/Editor/Mono/BuildPipeline/BuildPipeline.bindings.cs:267)
PicoTowerDefenseEditor.ProjectSetup:BuildDesktopTest () (at Assets/SpatialTowerDefense/Editor/ProjectSetup.cs:455)

[/Users/bokken/build/output/unity/unity/Editor/Mono/BuildPipeline/BuildPipeline.bindings.cs line 267]

Compiling shader "Hidden/TerrainEngine/Details/Vertexlit"
  Pass "FORWARD" (vp)
    Target graphics API: metal
    Full variant space:         664
    After settings filtering:   664
    After built-in stripping:   16
    After scriptable stripping: 16
    Processed in 0.00 seconds
  Pass "FORWARD" (fp)
    Target graphics API: metal
    Full variant space:         504
    After settings filtering:   504
    After built-in stripping:   8
    After scriptable stripping: 8
    Processed in 0.00 seconds
  Pass "FORWARD" (vp)
    Target graphics API: metal
    Full variant space:         20
    After settings filtering:   20
    After built-in stripping:   10
    After scriptable stripping: 10
    Processed in 0.00 seconds
  Pass "FORWARD" (fp)
    Target graphics API: metal
    Full variant space:         20
    After settings filtering:   20
    After built-in stripping:   10
    After scriptable stripping: 10
    Processed in 0.00 seconds
  Pass "DEFERRED" (vp)
    Target graphics API: metal
    Full variant space:         76
    After settings filtering:   76
    After built-in stripping:   8
    After scriptable stripping: 8
    Processed in 0.00 seconds
  Pass "DEFERRED" (fp)
    Target graphics API: metal
    Full variant space:         76
    After settings filtering:   76
    After built-in stripping:   8
    After scriptable stripping: 8
    Processed in 0.00 seconds
  Pass "" (vp)
    Target graphics API: metal
    Full variant space:         12
    After settings filtering:   12
    After built-in stripping:   6
    After scriptable stripping: 6
    Processed in 0.00 seconds
  Pass "" (fp)
    Target graphics API: metal
    Full variant space:         12
    After settings filtering:   12
    After built-in stripping:   6
    After scriptable stripping: 6
    Processed in 0.00 seconds
  Pass "" (vp)
    Target graphics API: metal
    Full variant space:         4
    After settings filtering:   4
    After built-in stripping:   2
    After scriptable stripping: 2
    Processed in 0.00 seconds
  Pass "" (fp)
    Target graphics API: metal
    Full variant space:         4
    After settings filtering:   4
    After built-in stripping:   2
    After scriptable stripping: 2
    Processed in 0.00 seconds
  Pass FORWARD (vp, metal) finished in 0.00 seconds. Local cache hits 16 (0.01s CPU time), remote cache hits 0 (0.00s CPU time), compiled 0 variants (0.00s CPU time), skipped 0 variants.
    Prepared data for serialisation in 0.00s
  Pass FORWARD (fp, metal) finished in 0.00 seconds. Local cache hits 8 (0.00s CPU time), remote cache hits 0 (0.00s CPU time), compiled 0 variants (0.00s CPU time), skipped 0 variants.
    Prepared data for serialisation in 0.00s
  Pass FORWARD (vp, metal) finished in 0.00 seconds. Local cache hits 10 (0.00s CPU time), remote cache hits 0 (0.00s CPU time), compiled 0 variants (0.00s CPU time), skipped 0 variants.
    Prepared data for serialisation in 0.00s
  Pass FORWARD (fp, metal) finished in 0.00 seconds. Local cache hits 10 (0.00s CPU time), remote cache hits 0 (0.00s CPU time), compiled 0 variants (0.00s CPU time), skipped 0 variants.
    Prepared data for serialisation in 0.00s
  Pass DEFERRED (vp, metal) finished in 0.00 seconds. Local cache hits 8 (0.00s CPU time), remote cache hits 0 (0.00s CPU time), compiled 0 variants (0.00s CPU time), skipped 0 variants.
    Prepared data for serialisation in 0.00s
  Pass DEFERRED (fp, metal) finished in 0.00 seconds. Local cache hits 8 (0.00s CPU time), remote cache hits 0 (0.00s CPU time), compiled 0 variants (0.00s CPU time), skipped 0 variants.
    Prepared data for serialisation in 0.00s
  Pass  (vp, metal) finished in 0.00 seconds. Local cache hits 6 (0.00s CPU time), remote cache hits 0 (0.00s CPU time), compiled 0 variants (0.00s CPU time), skipped 0 variants.
    Prepared data for serialisation in 0.00s
  Pass  (fp, metal) finished in 0.00 seconds. Local cache hits 6 (0.00s CPU time), remote cache hits 0 (0.00s CPU time), compiled 0 variants (0.00s CPU time), skipped 0 variants.
    Prepared data for serialisation in 0.00s
  Pass  (vp, metal) finished in 0.00 seconds. Local cache hits 2 (0.00s CPU time), remote cache hits 0 (0.00s CPU time), compiled 0 variants (0.00s CPU time), skipped 0 variants.
    Prepared data for serialisation in 0.00s
  Pass  (fp, metal) finished in 0.00 seconds. Local cache hits 2 (0.00s CPU time), remote cache hits 0 (0.00s CPU time), compiled 0 variants (0.00s CPU time), skipped 0 variants.
    Prepared data for serialisation in 0.00s
Serialized binary data for shader Hidden/TerrainEngine/Details/Vertexlit in 0.00s
    metal (total internal programs: 76, unique: 74)
Compiling shader "Hidden/TerrainEngine/Details/WavingDoublePass"
  Pass "FORWARD" (vp)
    Target graphics API: metal
    Full variant space:         664
    After settings filtering:   664
    After built-in stripping:   16
    After scriptable stripping: 16
    Processed in 0.00 seconds
  Pass "FORWARD" (fp)
    Target graphics API: metal
    Full variant space:         504
    After settings filtering:   504
    After built-in stripping:   8
    After scriptable stripping: 8
    Processed in 0.00 seconds
  Pass "FORWARD" (vp)
    Target graphics API: metal
    Full variant space:         188
    After settings filtering:   188
    After built-in stripping:   26
    After scriptable stripping: 26
    Processed in 0.00 seconds
  Pass "FORWARD" (fp)
    Target graphics API: metal
    Full variant space:         188
    After settings filtering:   188
    After built-in stripping:   26
    After scriptable stripping: 26
    Processed in 0.00 seconds
  Pass "ShadowCaster" (vp)
    Target graphics API: metal
    Full variant space:         4
    After settings filtering:   4
    After built-in stripping:   4
    After scriptable stripping: 4
    Processed in 0.00 seconds
  Pass "ShadowCaster" (fp)
    Target graphics API: metal
    Full variant space:         4
    After settings filtering:   4
    After built-in stripping:   4
    After scriptable stripping: 4
    Processed in 0.00 seconds
  Pass "" (vp)
    Target graphics API: metal
    Full variant space:         12
    After settings filtering:   12
    After built-in stripping:   6
    After scriptable stripping: 6
    Processed in 0.00 seconds
  Pass "" (fp)
    Target graphics API: metal
    Full variant space:         12
    After settings filtering:   12
    After built-in stripping:   6
    After scriptable stripping: 6
    Processed in 0.00 seconds
  Pass "" (vp)
    Target graphics API: metal
    Full variant space:         4
    After settings filtering:   4
    After built-in stripping:   2
    After scriptable stripping: 2
    Processed in 0.00 seconds
  Pass "" (fp)
    Target graphics API: metal
    Full variant space:         4
    After settings filtering:   4
    After built-in stripping:   2
    After scriptable stripping: 2
    Processed in 0.00 seconds
  Pass FORWARD (vp, metal) finished in 0.00 seconds. Local cache hits 16 (0.01s CPU time), remote cache hits 0 (0.00s CPU time), compiled 0 variants (0.00s CPU time), skipped 0 variants.
    Prepared data for serialisation in 0.00s
  Pass FORWARD (fp, metal) finished in 0.00 seconds. Local cache hits 8 (0.00s CPU time), remote cache hits 0 (0.00s CPU time), compiled 0 variants (0.00s CPU time), skipped 0 variants.
    Prepared data for serialisation in 0.00s
  Pass FORWARD (vp, metal) finished in 0.00 seconds. Local cache hits 26 (0.01s CPU time), remote cache hits 0 (0.00s CPU time), compiled 0 variants (0.00s CPU time), skipped 0 variants.
    Prepared data for serialisation in 0.00s
  Pass FORWARD (fp, metal) finished in 0.00 seconds. Local cache hits 26 (0.01s CPU time), remote cache hits 0 (0.00s CPU time), compiled 0 variants (0.00s CPU time), skipped 0 variants.
    Prepared data for serialisation in 0.00s
  Pass ShadowCaster (vp, metal) finished in 0.00 seconds. Local cache hits 4 (0.00s CPU time), remote cache hits 0 (0.00s CPU time), compiled 0 variants (0.00s CPU time), skipped 0 variants.
    Prepared data for serialisation in 0.00s
  Pass ShadowCaster (fp, metal) finished in 0.00 seconds. Local cache hits 4 (0.00s CPU time), remote cache hits 0 (0.00s CPU time), compiled 0 variants (0.00s CPU time), skipped 0 variants.
    Prepared data for serialisation in 0.00s
  Pass  (vp, metal) finished in 0.00 seconds. Local cache hits 6 (0.00s CPU time), remote cache hits 0 (0.00s CPU time), compiled 0 variants (0.00s CPU time), skipped 0 variants.
    Prepared data for serialisation in 0.00s
  Pass  (fp, metal) finished in 0.00 seconds. Local cache hits 6 (0.00s CPU time), remote cache hits 0 (0.00s CPU time), compiled 0 variants (0.00s CPU time), skipped 0 variants.
    Prepared data for serialisation in 0.00s
  Pass  (vp, metal) finished in 0.00 seconds. Local cache hits 2 (0.00s CPU time), remote cache hits 0 (0.00s CPU time), compiled 0 variants (0.00s CPU time), skipped 0 variants.
    Prepared data for serialisation in 0.00s
  Pass  (fp, metal) finished in 0.00 seconds. Local cache hits 2 (0.00s CPU time), remote cache hits 0 (0.00s CPU time), compiled 0 variants (0.00s CPU time), skipped 0 variants.
    Prepared data for serialisation in 0.00s
Serialized binary data for shader Hidden/TerrainEngine/Details/WavingDoublePass in 0.00s
    metal (total internal programs: 100, unique: 98)
Compiling shader "Hidden/TerrainEngine/Details/BillboardWavingDoublePass"
  Pass "FORWARD" (vp)
    Target graphics API: metal
    Full variant space:         664
    After settings filtering:   664
    After built-in stripping:   16
    After scriptable stripping: 16
    Processed in 0.00 seconds
  Pass "FORWARD" (fp)
    Target graphics API: metal
    Full variant space:         504
    After settings filtering:   504
    After built-in stripping:   8
    After scriptable stripping: 8
    Processed in 0.00 seconds
  Pass "FORWARD" (vp)
    Target graphics API: metal
    Full variant space:         188
    After settings filtering:   188
    After built-in stripping:   26
    After scriptable stripping: 26
    Processed in 0.00 seconds
  Pass "FORWARD" (fp)
    Target graphics API: metal
    Full variant space:         188
    After settings filtering:   188
    After built-in stripping:   26
    After scriptable stripping: 26
    Processed in 0.00 seconds
  Pass "ShadowCaster" (vp)
    Target graphics API: metal
    Full variant space:         4
    After settings filtering:   4
    After built-in stripping:   4
    After scriptable stripping: 4
    Processed in 0.00 seconds
  Pass "ShadowCaster" (fp)
    Target graphics API: metal
    Full variant space:         4
    After settings filtering:   4
    After built-in stripping:   4
    After scriptable stripping: 4
    Processed in 0.00 seconds
  Pass FORWARD (vp, metal) finished in 0.00 seconds. Local cache hits 16 (0.01s CPU time), remote cache hits 0 (0.00s CPU time), compiled 0 variants (0.00s CPU time), skipped 0 variants.
    Prepared data for serialisation in 0.00s
  Pass FORWARD (fp, metal) finished in 0.00 seconds. Local cache hits 8 (0.00s CPU time), remote cache hits 0 (0.00s CPU time), compiled 0 variants (0.00s CPU time), skipped 0 variants.
    Prepared data for serialisation in 0.00s
  Pass FORWARD (vp, metal) finished in 0.00 seconds. Local cache hits 26 (0.01s CPU time), remote cache hits 0 (0.00s CPU time), compiled 0 variants (0.00s CPU time), skipped 0 variants.
    Prepared data for serialisation in 0.00s
  Pass FORWARD (fp, metal) finished in 0.00 seconds. Local cache hits 26 (0.00s CPU time), remote cache hits 0 (0.00s CPU time), compiled 0 variants (0.00s CPU time), skipped 0 variants.
    Prepared data for serialisation in 0.00s
  Pass ShadowCaster (vp, metal) finished in 0.00 seconds. Local cache hits 4 (0.00s CPU time), remote cache hits 0 (0.00s CPU time), compiled 0 variants (0.00s CPU time), skipped 0 variants.
    Prepared data for serialisation in 0.00s
  Pass ShadowCaster (fp, metal) finished in 0.00 seconds. Local cache hits 4 (0.00s CPU time), remote cache hits 0 (0.00s CPU time), compiled 0 variants (0.00s CPU time), skipped 0 variants.
    Prepared data for serialisation in 0.00s
Serialized binary data for shader Hidden/TerrainEngine/Details/BillboardWavingDoublePass in 0.00s
    metal (total internal programs: 84, unique: 82)
Compiling shader "Hidden/TerrainEngine/BillboardTree"
  Pass "" (vp)
    Target graphics API: metal
    Full variant space:         4
    After settings filtering:   4
    After built-in stripping:   2
    After scriptable stripping: 2
    Processed in 0.00 seconds
  Pass "" (fp)
    Target graphics API: metal
    Full variant space:         4
    After settings filtering:   4
    After built-in stripping:   2
    After scriptable stripping: 2
    Processed in 0.00 seconds
  Pass  (vp, metal) finished in 0.00 seconds. Local cache hits 2 (0.00s CPU time), remote cache hits 0 (0.00s CPU time), compiled 0 variants (0.00s CPU time), skipped 0 variants.
    Prepared data for serialisation in 0.00s
  Pass  (fp, metal) finished in 0.00 seconds. Local cache hits 2 (0.00s CPU time), remote cache hits 0 (0.00s CPU time), compiled 0 variants (0.00s CPU time), skipped 0 variants.
    Prepared data for serialisation in 0.00s
Serialized binary data for shader Hidden/TerrainEngine/BillboardTree in 0.00s
    metal (total internal programs: 4, unique: 4)
Compiling shader "Hidden/Nature/Tree Soft Occlusion Bark Rendertex"
  Pass "" (vp)
    Target graphics API: metal
    Full variant space:         1
    After settings filtering:   1
    After built-in stripping:   2
    After scriptable stripping: 2
    Processed in 0.00 seconds
  Pass "" (fp)
    Target graphics API: metal
    Full variant space:         1
    After settings filtering:   1
    After built-in stripping:   2
    After scriptable stripping: 2
    Processed in 0.00 seconds
  Pass  (vp, metal) finished in 0.00 seconds. Local cache hits 2 (0.00s CPU time), remote cache hits 0 (0.00s CPU time), compiled 0 variants (0.00s CPU time), skipped 0 variants.
    Prepared data for serialisation in 0.00s
  Pass  (fp, metal) finished in 0.00 seconds. Local cache hits 2 (0.00s CPU time), remote cache hits 0 (0.00s CPU time), compiled 0 variants (0.00s CPU time), skipped 0 variants.
    Prepared data for serialisation in 0.00s
Serialized binary data for shader Hidden/Nature/Tree Soft Occlusion Bark Rendertex in 0.00s
    metal (total internal programs: 4, unique: 4)
Compiling shader "Hidden/Nature/Tree Soft Occlusion Leaves Rendertex"
  Pass "" (vp)
    Target graphics API: metal
    Full variant space:         1
    After settings filtering:   1
    After built-in stripping:   2
    After scriptable stripping: 2
    Processed in 0.00 seconds
  Pass "" (fp)
    Target graphics API: metal
    Full variant space:         1
    After settings filtering:   1
    After built-in stripping:   2
    After scriptable stripping: 2
    Processed in 0.00 seconds
  Pass  (vp, metal) finished in 0.00 seconds. Local cache hits 2 (0.00s CPU time), remote cache hits 0 (0.00s CPU time), compiled 0 variants (0.00s CPU time), skipped 0 variants.
    Prepared data for serialisation in 0.00s
  Pass  (fp, metal) finished in 0.00 seconds. Local cache hits 2 (0.00s CPU time), remote cache hits 0 (0.00s CPU time), compiled 0 variants (0.00s CPU time), skipped 0 variants.
    Prepared data for serialisation in 0.00s
Serialized binary data for shader Hidden/Nature/Tree Soft Occlusion Leaves Rendertex in 0.00s
    metal (total internal programs: 4, unique: 4)
Compiling shader "Hidden/TerrainEngine/CameraFacingBillboardTree"
  Pass "" (vp)
    Target graphics API: metal
    Full variant space:         4
    After settings filtering:   4
    After built-in stripping:   2
    After scriptable stripping: 2
    Processed in 0.00 seconds
  Pass "" (fp)
    Target graphics API: metal
    Full variant space:         4
    After settings filtering:   4
    After built-in stripping:   2
    After scriptable stripping: 2
    Processed in 0.00 seconds
  Pass  (vp, metal) finished in 0.00 seconds. Local cache hits 2 (0.00s CPU time), remote cache hits 0 (0.00s CPU time), compiled 0 variants (0.00s CPU time), skipped 0 variants.
    Prepared data for serialisation in 0.00s
  Pass  (fp, metal) finished in 0.00 seconds. Local cache hits 2 (0.00s CPU time), remote cache hits 0 (0.00s CPU time), compiled 0 variants (0.00s CPU time), skipped 0 variants.
    Prepared data for serialisation in 0.00s
Serialized binary data for shader Hidden/TerrainEngine/CameraFacingBillboardTree in 0.00s
    metal (total internal programs: 4, unique: 4)
Compiling shader "Hidden/Nature/Tree Creator Albedo Rendertex"
  Pass "" (vp)
    Target graphics API: metal
    Full variant space:         1
    After settings filtering:   1
    After built-in stripping:   2
    After scriptable stripping: 2
    Processed in 0.00 seconds
  Pass "" (fp)
    Target graphics API: metal
    Full variant space:         1
    After settings filtering:   1
    After built-in stripping:   2
    After scriptable stripping: 2
    Processed in 0.00 seconds
  Pass  (vp, metal) finished in 0.00 seconds. Local cache hits 2 (0.00s CPU time), remote cache hits 0 (0.00s CPU time), compiled 0 variants (0.00s CPU time), skipped 0 variants.
    Prepared data for serialisation in 0.00s
  Pass  (fp, metal) finished in 0.00 seconds. Local cache hits 2 (0.00s CPU time), remote cache hits 0 (0.00s CPU time), compiled 0 variants (0.00s CPU time), skipped 0 variants.
    Prepared data for serialisation in 0.00s
Serialized binary data for shader Hidden/Nature/Tree Creator Albedo Rendertex in 0.00s
    metal (total internal programs: 4, unique: 4)
Compiling shader "Hidden/Nature/Tree Creator Normal Rendertex"
  Pass "" (vp)
    Target graphics API: metal
    Full variant space:         1
    After settings filtering:   1
    After built-in stripping:   2
    After scriptable stripping: 2
    Processed in 0.00 seconds
  Pass "" (fp)
    Target graphics API: metal
    Full variant space:         1
    After settings filtering:   1
    After built-in stripping:   2
    After scriptable stripping: 2
    Processed in 0.00 seconds
  Pass  (vp, metal) finished in 0.00 seconds. Local cache hits 2 (0.00s CPU time), remote cache hits 0 (0.00s CPU time), compiled 0 variants (0.00s CPU time), skipped 0 variants.
    Prepared data for serialisation in 0.00s
  Pass  (fp, metal) finished in 0.00 seconds. Local cache hits 2 (0.00s CPU time), remote cache hits 0 (0.00s CPU time), compiled 0 variants (0.00s CPU time), skipped 0 variants.
    Prepared data for serialisation in 0.00s
Serialized binary data for shader Hidden/Nature/Tree Creator Normal Rendertex in 0.00s
    metal (total internal programs: 4, unique: 4)
Compiling shader "Hidden/TerrainEngine/Splatmap/Standard-BaseGen"
  Pass "" (vp)
    Target graphics API: metal
    Full variant space:         1
    After settings filtering:   1
    After built-in stripping:   2
    After scriptable stripping: 2
    Processed in 0.00 seconds
  Pass "" (fp)
    Target graphics API: metal
    Full variant space:         1
    After settings filtering:   1
    After built-in stripping:   2
    After scriptable stripping: 2
    Processed in 0.00 seconds
  Pass "" (vp)
    Target graphics API: metal
    Full variant space:         1
    After settings filtering:   1
    After built-in stripping:   2
    After scriptable stripping: 2
    Processed in 0.00 seconds
  Pass "" (fp)
    Target graphics API: metal
    Full variant space:         1
    After settings filtering:   1
    After built-in stripping:   2
    After scriptable stripping: 2
    Processed in 0.00 seconds
  Pass "" (vp)
    Target graphics API: metal
    Full variant space:         1
    After settings filtering:   1
    After built-in stripping:   2
    After scriptable stripping: 2
    Processed in 0.00 seconds
  Pass "" (fp)
    Target graphics API: metal
    Full variant space:         1
    After settings filtering:   1
    After built-in stripping:   2
    After scriptable stripping: 2
    Processed in 0.00 seconds
  Pass  (vp, metal) finished in 0.00 seconds. Local cache hits 2 (0.00s CPU time), remote cache hits 0 (0.00s CPU time), compiled 0 variants (0.00s CPU time), skipped 0 variants.
    Prepared data for serialisation in 0.00s
  Pass  (fp, metal) finished in 0.00 seconds. Local cache hits 2 (0.00s CPU time), remote cache hits 0 (0.00s CPU time), compiled 0 variants (0.00s CPU time), skipped 0 variants.
    Prepared data for serialisation in 0.00s
  Pass  (vp, metal) finished in 0.00 seconds. Local cache hits 2 (0.00s CPU time), remote cache hits 0 (0.00s CPU time), compiled 0 variants (0.00s CPU time), skipped 0 variants.
    Prepared data for serialisation in 0.00s
  Pass  (fp, metal) finished in 0.00 seconds. Local cache hits 2 (0.00s CPU time), remote cache hits 0 (0.00s CPU time), compiled 0 variants (0.00s CPU time), skipped 0 variants.
    Prepared data for serialisation in 0.00s
  Pass  (vp, metal) finished in 0.00 seconds. Local cache hits 2 (0.00s CPU time), remote cache hits 0 (0.00s CPU time), compiled 0 variants (0.00s CPU time), skipped 0 variants.
    Prepared data for serialisation in 0.00s
  Pass  (fp, metal) finished in 0.00 seconds. Local cache hits 2 (0.00s CPU time), remote cache hits 0 (0.00s CPU time), compiled 0 variants (0.00s CPU time), skipped 0 variants.
    Prepared data for serialisation in 0.00s
Serialized binary data for shader Hidden/TerrainEngine/Splatmap/Standard-BaseGen in 0.00s
    metal (total internal programs: 12, unique: 10)
Compiling shader "Hidden/TerrainEngine/PaintHeight"
  Pass "Raise/Lower Heights" (vp)
    Target graphics API: metal
    Full variant space:         1
    After settings filtering:   1
    After built-in stripping:   2
    After scriptable stripping: 2
    Processed in 0.00 seconds
  Pass "Raise/Lower Heights" (fp)
    Target graphics API: metal
    Full variant space:         1
    After settings filtering:   1
    After built-in stripping:   2
    After scriptable stripping: 2
    Processed in 0.00 seconds
  Pass "Stamp Heights" (vp)
    Target graphics API: metal
    Full variant space:         1
    After settings filtering:   1
    After built-in stripping:   2
    After scriptable stripping: 2
    Processed in 0.00 seconds
  Pass "Stamp Heights" (fp)
    Target graphics API: metal
    Full variant space:         1
    After settings filtering:   1
    After built-in stripping:   2
    After scriptable stripping: 2
    Processed in 0.00 seconds
  Pass "Set Heights" (vp)
    Target graphics API: metal
    Full variant space:         1
    After settings filtering:   1
    After built-in stripping:   2
    After scriptable stripping: 2
    Processed in 0.00 seconds
  Pass "Set Heights" (fp)
    Target graphics API: metal
    Full variant space:         1
    After settings filtering:   1
    After built-in stripping:   2
    After scriptable stripping: 2
    Processed in 0.00 seconds
  Pass "Smooth Heights" (vp)
    Target graphics API: metal
    Full variant space:         1
    After settings filtering:   1
    After built-in stripping:   2
    After scriptable stripping: 2
    Processed in 0.00 seconds
  Pass "Smooth Heights" (fp)
    Target graphics API: metal
    Full variant space:         1
    After settings filtering:   1
    After built-in stripping:   2
    After scriptable stripping: 2
    Processed in 0.00 seconds
  Pass "Paint Texture" (vp)
    Target graphics API: metal
    Full variant space:         1
    After settings filtering:   1
    After built-in stripping:   2
    After scriptable stripping: 2
    Processed in 0.00 seconds
  Pass "Paint Texture" (fp)
    Target graphics API: metal
    Full variant space:         1
    After settings filtering:   1
    After built-in stripping:   2
    After scriptable stripping: 2
    Processed in 0.00 seconds
  Pass "Paint Holes" (vp)
    Target graphics API: metal
    Full variant space:         1
    After settings filtering:   1
    After built-in stripping:   2
    After scriptable stripping: 2
    Processed in 0.00 seconds
  Pass "Paint Holes" (fp)
    Target graphics API: metal
    Full variant space:         1
    After settings filtering:   1
    After built-in stripping:   2
    After scriptable stripping: 2
    Processed in 0.00 seconds
  Pass Raise/Lower Heights (vp, metal) finished in 0.00 seconds. Local cache hits 2 (0.00s CPU time), remote cache hits 0 (0.00s CPU time), compiled 0 variants (0.00s CPU time), skipped 0 variants.
    Prepared data for serialisation in 0.00s
  Pass Raise/Lower Heights (fp, metal) finished in 0.00 seconds. Local cache hits 2 (0.00s CPU time), remote cache hits 0 (0.00s CPU time), compiled 0 variants (0.00s CPU time), skipped 0 variants.
    Prepared data for serialisation in 0.00s
  Pass Stamp Heights (vp, metal) finished in 0.00 seconds. Local cache hits 2 (0.00s CPU time), remote cache hits 0 (0.00s CPU time), compiled 0 variants (0.00s CPU time), skipped 0 variants.
    Prepared data for serialisation in 0.00s
  Pass Stamp Heights (fp, metal) finished in 0.00 seconds. Local cache hits 2 (0.00s CPU time), remote cache hits 0 (0.00s CPU time), compiled 0 variants (0.00s CPU time), skipped 0 variants.
    Prepared data for serialisation in 0.00s
  Pass Set Heights (vp, metal) finished in 0.00 seconds. Local cache hits 2 (0.00s CPU time), remote cache hits 0 (0.00s CPU time), compiled 0 variants (0.00s CPU time), skipped 0 variants.
    Prepared data for serialisation in 0.00s
  Pass Set Heights (fp, metal) finished in 0.00 seconds. Local cache hits 2 (0.00s CPU time), remote cache hits 0 (0.00s CPU time), compiled 0 variants (0.00s CPU time), skipped 0 variants.
    Prepared data for serialisation in 0.00s
  Pass Smooth Heights (vp, metal) finished in 0.00 seconds. Local cache hits 2 (0.00s CPU time), remote cache hits 0 (0.00s CPU time), compiled 0 variants (0.00s CPU time), skipped 0 variants.
    Prepared data for serialisation in 0.00s
  Pass Smooth Heights (fp, metal) finished in 0.00 seconds. Local cache hits 2 (0.00s CPU time), remote cache hits 0 (0.00s CPU time), compiled 0 variants (0.00s CPU time), skipped 0 variants.
    Prepared data for serialisation in 0.00s
  Pass Paint Texture (vp, metal) finished in 0.00 seconds. Local cache hits 2 (0.00s CPU time), remote cache hits 0 (0.00s CPU time), compiled 0 variants (0.00s CPU time), skipped 0 variants.
    Prepared data for serialisation in 0.00s
  Pass Paint Texture (fp, metal) finished in 0.00 seconds. Local cache hits 2 (0.00s CPU time), remote cache hits 0 (0.00s CPU time), compiled 0 variants (0.00s CPU time), skipped 0 variants.
    Prepared data for serialisation in 0.00s
  Pass Paint Holes (vp, metal) finished in 0.00 seconds. Local cache hits 2 (0.00s CPU time), remote cache hits 0 (0.00s CPU time), compiled 0 variants (0.00s CPU time), skipped 0 variants.
    Prepared data for serialisation in 0.00s
  Pass Paint Holes (fp, metal) finished in 0.00 seconds. Local cache hits 2 (0.00s CPU time), remote cache hits 0 (0.00s CPU time), compiled 0 variants (0.00s CPU time), skipped 0 variants.
    Prepared data for serialisation in 0.00s
Serialized binary data for shader Hidden/TerrainEngine/PaintHeight in 0.00s
    metal (total internal programs: 24, unique: 14)
Compiling shader "Hidden/TerrainEngine/HeightBlitCopy"
  Pass "" (vp)
    Target graphics API: metal
    Full variant space:         1
    After settings filtering:   1
    After built-in stripping:   2
    After scriptable stripping: 2
    Processed in 0.00 seconds
  Pass "" (fp)
    Target graphics API: metal
    Full variant space:         1
    After settings filtering:   1
    After built-in stripping:   2
    After scriptable stripping: 2
    Processed in 0.00 seconds
  Pass  (vp, metal) finished in 0.00 seconds. Local cache hits 2 (0.00s CPU time), remote cache hits 0 (0.00s CPU time), compiled 0 variants (0.00s CPU time), skipped 0 variants.
    Prepared data for serialisation in 0.00s
  Pass  (fp, metal) finished in 0.00 seconds. Local cache hits 2 (0.00s CPU time), remote cache hits 0 (0.00s CPU time), compiled 0 variants (0.00s CPU time), skipped 0 variants.
    Prepared data for serialisation in 0.00s
Serialized binary data for shader Hidden/TerrainEngine/HeightBlitCopy in 0.00s
    metal (total internal programs: 4, unique: 4)
Compiling shader "Hidden/TerrainEngine/GenerateNormalmap"
  Pass "" (vp)
    Target graphics API: metal
    Full variant space:         1
    After settings filtering:   1
    After built-in stripping:   2
    After scriptable stripping: 2
    Processed in 0.00 seconds
  Pass "" (fp)
    Target graphics API: metal
    Full variant space:         1
    After settings filtering:   1
    After built-in stripping:   2
    After scriptable stripping: 2
    Processed in 0.00 seconds
  Pass  (vp, metal) finished in 0.00 seconds. Local cache hits 2 (0.00s CPU time), remote cache hits 0 (0.00s CPU time), compiled 0 variants (0.00s CPU time), skipped 0 variants.
    Prepared data for serialisation in 0.00s
  Pass  (fp, metal) finished in 0.00 seconds. Local cache hits 2 (0.00s CPU time), remote cache hits 0 (0.00s CPU time), compiled 0 variants (0.00s CPU time), skipped 0 variants.
    Prepared data for serialisation in 0.00s
Serialized binary data for shader Hidden/TerrainEngine/GenerateNormalmap in 0.00s
    metal (total internal programs: 4, unique: 4)
Compiling shader "Hidden/TerrainEngine/TerrainLayerUtils"
  Pass "Get Terrain Layer Channel" (vp)
    Target graphics API: metal
    Full variant space:         1
    After settings filtering:   1
    After built-in stripping:   2
    After scriptable stripping: 2
    Processed in 0.00 seconds
  Pass "Get Terrain Layer Channel" (fp)
    Target graphics API: metal
    Full variant space:         1
    After settings filtering:   1
    After built-in stripping:   2
    After scriptable stripping: 2
    Processed in 0.00 seconds
  Pass "Set Terrain Layer Channel" (vp)
    Target graphics API: metal
    Full variant space:         1
    After settings filtering:   1
    After built-in stripping:   2
    After scriptable stripping: 2
    Processed in 0.00 seconds
  Pass "Set Terrain Layer Channel" (fp)
    Target graphics API: metal
    Full variant space:         1
    After settings filtering:   1
    After built-in stripping:   2
    After scriptable stripping: 2
    Processed in 0.00 seconds
  Pass "Blit Copy Highest Mip" (vp)
    Target graphics API: metal
    Full variant space:         1
    After settings filtering:   1
    After built-in stripping:   2
    After scriptable stripping: 2
    Processed in 0.00 seconds
  Pass "Blit Copy Highest Mip" (fp)
    Target graphics API: metal
    Full variant space:         1
    After settings filtering:   1
    After built-in stripping:   2
    After scriptable stripping: 2
    Processed in 0.00 seconds
  Pass Get Terrain Layer Channel (vp, metal) finished in 0.00 seconds. Local cache hits 2 (0.00s CPU time), remote cache hits 0 (0.00s CPU time), compiled 0 variants (0.00s CPU time), skipped 0 variants.
    Prepared data for serialisation in 0.00s
  Pass Get Terrain Layer Channel (fp, metal) finished in 0.00 seconds. Local cache hits 2 (0.00s CPU time), remote cache hits 0 (0.00s CPU time), compiled 0 variants (0.00s CPU time), skipped 0 variants.
    Prepared data for serialisation in 0.00s
  Pass Set Terrain Layer Channel (vp, metal) finished in 0.00 seconds. Local cache hits 2 (0.00s CPU time), remote cache hits 0 (0.00s CPU time), compiled 0 variants (0.00s CPU time), skipped 0 variants.
    Prepared data for serialisation in 0.00s
  Pass Set Terrain Layer Channel (fp, metal) finished in 0.00 seconds. Local cache hits 2 (0.00s CPU time), remote cache hits 0 (0.00s CPU time), compiled 0 variants (0.00s CPU time), skipped 0 variants.
    Prepared data for serialisation in 0.00s
  Pass Blit Copy Highest Mip (vp, metal) finished in 0.00 seconds. Local cache hits 2 (0.00s CPU time), remote cache hits 0 (0.00s CPU time), compiled 0 variants (0.00s CPU time), skipped 0 variants.
    Prepared data for serialisation in 0.00s
  Pass Blit Copy Highest Mip (fp, metal) finished in 0.00 seconds. Local cache hits 2 (0.00s CPU time), remote cache hits 0 (0.00s CPU time), compiled 0 variants (0.00s CPU time), skipped 0 variants.
    Prepared data for serialisation in 0.00s
Serialized binary data for shader Hidden/TerrainEngine/TerrainLayerUtils in 0.00s
    metal (total internal programs: 12, unique: 10)
Compiling shader "Hidden/TerrainEngine/CrossBlendNeighbors"
  Pass "" (vp)
    Target graphics API: metal
    Full variant space:         1
    After settings filtering:   1
    After built-in stripping:   2
    After scriptable stripping: 2
    Processed in 0.00 seconds
  Pass "" (fp)
    Target graphics API: metal
    Full variant space:         1
    After settings filtering:   1
    After built-in stripping:   2
    After scriptable stripping: 2
    Processed in 0.00 seconds
  Pass  (vp, metal) finished in 0.00 seconds. Local cache hits 2 (0.00s CPU time), remote cache hits 0 (0.00s CPU time), compiled 0 variants (0.00s CPU time), skipped 0 variants.
    Prepared data for serialisation in 0.00s
  Pass  (fp, metal) finished in 0.00 seconds. Local cache hits 2 (0.00s CPU time), remote cache hits 0 (0.00s CPU time), compiled 0 variants (0.00s CPU time), skipped 0 variants.
    Prepared data for serialisation in 0.00s
Serialized binary data for shader Hidden/TerrainEngine/CrossBlendNeighbors in 0.00s
    metal (total internal programs: 4, unique: 4)
Compiling shader "SyntyStudios/WaterShader"
  Pass "FORWARD" (vp)
    Target graphics API: metal
    Full variant space:         152
    After settings filtering:   152
    After built-in stripping:   6
    After scriptable stripping: 6
    Processed in 0.00 seconds
  Pass "FORWARD" (fp)
    Target graphics API: metal
    Full variant space:         128
    After settings filtering:   128
    After built-in stripping:   4
    After scriptable stripping: 4
    Processed in 0.00 seconds
  Pass "FORWARD" (vp)
    Target graphics API: metal
    Full variant space:         20
    After settings filtering:   20
    After built-in stripping:   10
    After scriptable stripping: 10
    Processed in 0.00 seconds
  Pass "FORWARD" (fp)
    Target graphics API: metal
    Full variant space:         20
    After settings filtering:   20
    After built-in stripping:   10
    After scriptable stripping: 10
    Processed in 0.00 seconds
  Pass "ShadowCaster" (vp)
    Target graphics API: metal
    Full variant space:         2
    After settings filtering:   2
    After built-in stripping:   4
    After scriptable stripping: 4
    Processed in 0.00 seconds
  Pass "ShadowCaster" (fp)
    Target graphics API: metal
    Full variant space:         2
    After settings filtering:   2
    After built-in stripping:   4
    After scriptable stripping: 4
    Processed in 0.00 seconds
  Pass FORWARD (vp, metal) finished in 0.00 seconds. Local cache hits 6 (0.00s CPU time), remote cache hits 0 (0.00s CPU time), compiled 0 variants (0.00s CPU time), skipped 0 variants.
    Prepared data for serialisation in 0.00s
  Pass FORWARD (fp, metal) finished in 0.00 seconds. Local cache hits 4 (0.00s CPU time), remote cache hits 0 (0.00s CPU time), compiled 0 variants (0.00s CPU time), skipped 0 variants.
    Prepared data for serialisation in 0.00s
  Pass FORWARD (vp, metal) finished in 0.00 seconds. Local cache hits 10 (0.01s CPU time), remote cache hits 0 (0.00s CPU time), compiled 0 variants (0.00s CPU time), skipped 0 variants.
    Prepared data for serialisation in 0.00s
  Pass FORWARD (fp, metal) finished in 0.00 seconds. Local cache hits 10 (0.00s CPU time), remote cache hits 0 (0.00s CPU time), compiled 0 variants (0.00s CPU time), skipped 0 variants.
    Prepared data for serialisation in 0.00s
  Pass ShadowCaster (vp, metal) finished in 0.00 seconds. Local cache hits 4 (0.00s CPU time), remote cache hits 0 (0.00s CPU time), compiled 0 variants (0.00s CPU time), skipped 0 variants.
    Prepared data for serialisation in 0.00s
  Pass ShadowCaster (fp, metal) finished in 0.00 seconds. Local cache hits 4 (0.00s CPU time), remote cache hits 0 (0.00s CPU time), compiled 0 variants (0.00s CPU time), skipped 0 variants.
    Prepared data for serialisation in 0.00s
Serialized binary data for shader SyntyStudios/WaterShader in 0.00s
    metal (total internal programs: 38, unique: 38)
Compressed shader 'SyntyStudios/WaterShader' on metal from 1.03MB to 0.06MB
Compressed shader 'SyntyStudios/WaterShader' in 0.01s
Compiling shader "SyntyStudios/TriplanarBasic"
  Pass "FORWARD" (vp)
    Target graphics API: metal
    Full variant space:         664
    After settings filtering:   664
    After built-in stripping:   16
    After scriptable stripping: 16
    Processed in 0.00 seconds
  Pass "FORWARD" (fp)
    Target graphics API: metal
    Full variant space:         504
    After settings filtering:   504
    After built-in stripping:   8
    After scriptable stripping: 8
    Processed in 0.00 seconds
  Pass "FORWARD" (vp)
    Target graphics API: metal
    Full variant space:         188
    After settings filtering:   188
    After built-in stripping:   26
    After scriptable stripping: 26
    Processed in 0.00 seconds
  Pass "FORWARD" (fp)
    Target graphics API: metal
    Full variant space:         188
    After settings filtering:   188
    After built-in stripping:   26
    After scriptable stripping: 26
    Processed in 0.00 seconds
  Pass "DEFERRED" (vp)
    Target graphics API: metal
    Full variant space:         76
    After settings filtering:   76
    After built-in stripping:   8
    After scriptable stripping: 8
    Processed in 0.00 seconds
  Pass "DEFERRED" (fp)
    Target graphics API: metal
    Full variant space:         76
    After settings filtering:   76
    After built-in stripping:   8
    After scriptable stripping: 8
    Processed in 0.00 seconds
  Pass "ShadowCaster" (vp)
    Target graphics API: metal
    Full variant space:         2
    After settings filtering:   2
    After built-in stripping:   4
    After scriptable stripping: 4
    Processed in 0.00 seconds
  Pass "ShadowCaster" (fp)
    Target graphics API: metal
    Full variant space:         2
    After settings filtering:   2
    After built-in stripping:   4
    After scriptable stripping: 4
    Processed in 0.00 seconds
  Pass FORWARD (vp, metal) finished in 0.00 seconds. Local cache hits 16 (0.01s CPU time), remote cache hits 0 (0.00s CPU time), compiled 0 variants (0.00s CPU time), skipped 0 variants.
    Prepared data for serialisation in 0.00s
  Pass FORWARD (fp, metal) finished in 0.00 seconds. Local cache hits 8 (0.00s CPU time), remote cache hits 0 (0.00s CPU time), compiled 0 variants (0.00s CPU time), skipped 0 variants.
    Prepared data for serialisation in 0.00s
  Pass FORWARD (vp, metal) finished in 0.00 seconds. Local cache hits 26 (0.00s CPU time), remote cache hits 0 (0.00s CPU time), compiled 0 variants (0.00s CPU time), skipped 0 variants.
    Prepared data for serialisation in 0.00s
  Pass FORWARD (fp, metal) finished in 0.00 seconds. Local cache hits 26 (0.01s CPU time), remote cache hits 0 (0.00s CPU time), compiled 0 variants (0.00s CPU time), skipped 0 variants.
    Prepared data for serialisation in 0.00s
  Pass DEFERRED (vp, metal) finished in 0.00 seconds. Local cache hits 8 (0.00s CPU time), remote cache hits 0 (0.00s CPU time), compiled 0 variants (0.00s CPU time), skipped 0 variants.
    Prepared data for serialisation in 0.00s
  Pass DEFERRED (fp, metal) finished in 0.00 seconds. Local cache hits 8 (0.00s CPU time), remote cache hits 0 (0.00s CPU time), compiled 0 variants (0.00s CPU time), skipped 0 variants.
    Prepared data for serialisation in 0.00s
  Pass ShadowCaster (vp, metal) finished in 0.00 seconds. Local cache hits 4 (0.00s CPU time), remote cache hits 0 (0.00s CPU time), compiled 0 variants (0.00s CPU time), skipped 0 variants.
    Prepared data for serialisation in 0.00s
  Pass ShadowCaster (fp, metal) finished in 0.00 seconds. Local cache hits 4 (0.00s CPU time), remote cache hits 0 (0.00s CPU time), compiled 0 variants (0.00s CPU time), skipped 0 variants.
    Prepared data for serialisation in 0.00s
Serialized binary data for shader SyntyStudios/TriplanarBasic in 0.00s
    metal (total internal programs: 100, unique: 100)
Compiling shader "Legacy Shaders/VertexLit"
  Pass "" (vp)
    Target graphics API: metal
    Full variant space:         12
    After settings filtering:   12
    After built-in stripping:   6
    After scriptable stripping: 6
    Processed in 0.00 seconds
  Pass "" (fp)
    Target graphics API: metal
    Full variant space:         12
    After settings filtering:   12
    After built-in stripping:   6
    After scriptable stripping: 6
    Processed in 0.00 seconds
  Pass "" (vp)
    Target graphics API: metal
    Full variant space:         4
    After settings filtering:   4
    After built-in stripping:   2
    After scriptable stripping: 2
    Processed in 0.00 seconds
  Pass "" (fp)
    Target graphics API: metal
    Full variant space:         4
    After settings filtering:   4
    After built-in stripping:   2
    After scriptable stripping: 2
    Processed in 0.00 seconds
  Pass "ShadowCaster" (vp)
    Target graphics API: metal
    Full variant space:         4
    After settings filtering:   4
    After built-in stripping:   4
    After scriptable stripping: 4
    Processed in 0.00 seconds
  Pass "ShadowCaster" (fp)
    Target graphics API: metal
    Full variant space:         4
    After settings filtering:   4
    After built-in stripping:   4
    After scriptable stripping: 4
    Processed in 0.00 seconds
  Pass  (vp, metal) finished in 0.00 seconds. Local cache hits 6 (0.00s CPU time), remote cache hits 0 (0.00s CPU time), compiled 0 variants (0.00s CPU time), skipped 0 variants.
    Prepared data for serialisation in 0.00s
  Pass  (fp, metal) finished in 0.00 seconds. Local cache hits 6 (0.00s CPU time), remote cache hits 0 (0.00s CPU time), compiled 0 variants (0.00s CPU time), skipped 0 variants.
    Prepared data for serialisation in 0.00s
  Pass  (vp, metal) finished in 0.00 seconds. Local cache hits 2 (0.00s CPU time), remote cache hits 0 (0.00s CPU time), compiled 0 variants (0.00s CPU time), skipped 0 variants.
    Prepared data for serialisation in 0.00s
  Pass  (fp, metal) finished in 0.00 seconds. Local cache hits 2 (0.00s CPU time), remote cache hits 0 (0.00s CPU time), compiled 0 variants (0.00s CPU time), skipped 0 variants.
    Prepared data for serialisation in 0.00s
  Pass ShadowCaster (vp, metal) finished in 0.00 seconds. Local cache hits 4 (0.00s CPU time), remote cache hits 0 (0.00s CPU time), compiled 0 variants (0.00s CPU time), skipped 0 variants.
    Prepared data for serialisation in 0.00s
  Pass ShadowCaster (fp, metal) finished in 0.00 seconds. Local cache hits 4 (0.00s CPU time), remote cache hits 0 (0.00s CPU time), compiled 0 variants (0.00s CPU time), skipped 0 variants.
    Prepared data for serialisation in 0.00s
Serialized binary data for shader Legacy Shaders/VertexLit in 0.00s
    metal (total internal programs: 24, unique: 24)
Compiling shader "Legacy Shaders/Diffuse"
  Pass "FORWARD" (vp)
    Target graphics API: metal
    Full variant space:         664
    After settings filtering:   664
    After built-in stripping:   16
    After scriptable stripping: 16
    Processed in 0.00 seconds
  Pass "FORWARD" (fp)
    Target graphics API: metal
    Full variant space:         504
    After settings filtering:   504
    After built-in stripping:   8
    After scriptable stripping: 8
    Processed in 0.00 seconds
  Pass "FORWARD" (vp)
    Target graphics API: metal
    Full variant space:         20
    After settings filtering:   20
    After built-in stripping:   10
    After scriptable stripping: 10
    Processed in 0.00 seconds
  Pass "FORWARD" (fp)
    Target graphics API: metal
    Full variant space:         20
    After settings filtering:   20
    After built-in stripping:   10
    After scriptable stripping: 10
    Processed in 0.00 seconds
  Pass "DEFERRED" (vp)
    Target graphics API: metal
    Full variant space:         76
    After settings filtering:   76
    After built-in stripping:   8
    After scriptable stripping: 8
    Processed in 0.00 seconds
  Pass "DEFERRED" (fp)
    Target graphics API: metal
    Full variant space:         76
    After settings filtering:   76
    After built-in stripping:   8
    After scriptable stripping: 8
    Processed in 0.00 seconds
  Pass FORWARD (vp, metal) finished in 0.00 seconds. Local cache hits 16 (0.01s CPU time), remote cache hits 0 (0.00s CPU time), compiled 0 variants (0.00s CPU time), skipped 0 variants.
    Prepared data for serialisation in 0.00s
  Pass FORWARD (fp, metal) finished in 0.00 seconds. Local cache hits 8 (0.00s CPU time), remote cache hits 0 (0.00s CPU time), compiled 0 variants (0.00s CPU time), skipped 0 variants.
    Prepared data for serialisation in 0.00s
  Pass FORWARD (vp, metal) finished in 0.00 seconds. Local cache hits 10 (0.00s CPU time), remote cache hits 0 (0.00s CPU time), compiled 0 variants (0.00s CPU time), skipped 0 variants.
    Prepared data for serialisation in 0.00s
  Pass FORWARD (fp, metal) finished in 0.00 seconds. Local cache hits 10 (0.00s CPU time), remote cache hits 0 (0.00s CPU time), compiled 0 variants (0.00s CPU time), skipped 0 variants.
    Prepared data for serialisation in 0.00s
  Pass DEFERRED (vp, metal) finished in 0.00 seconds. Local cache hits 8 (0.00s CPU time), remote cache hits 0 (0.00s CPU time), compiled 0 variants (0.00s CPU time), skipped 0 variants.
    Prepared data for serialisation in 0.00s
  Pass DEFERRED (fp, metal) finished in 0.00 seconds. Local cache hits 8 (0.00s CPU time), remote cache hits 0 (0.00s CPU time), compiled 0 variants (0.00s CPU time), skipped 0 variants.
    Prepared data for serialisation in 0.00s
Serialized binary data for shader Legacy Shaders/Diffuse in 0.00s
    metal (total internal programs: 60, unique: 58)
Compiling shader "Hidden/Internal-StencilWrite"
  Pass "" (vp)
    Target graphics API: metal
    Full variant space:         1
    After settings filtering:   1
    After built-in stripping:   2
    After scriptable stripping: 2
    Processed in 0.00 seconds
  Pass "" (fp)
    Target graphics API: metal
    Full variant space:         1
    After settings filtering:   1
    After built-in stripping:   2
    After scriptable stripping: 2
    Processed in 0.00 seconds
  Pass  (vp, metal) finished in 0.00 seconds. Local cache hits 2 (0.00s CPU time), remote cache hits 0 (0.00s CPU time), compiled 0 variants (0.00s CPU time), skipped 0 variants.
    Prepared data for serialisation in 0.00s
  Pass  (fp, metal) finished in 0.00 seconds. Local cache hits 2 (0.00s CPU time), remote cache hits 0 (0.00s CPU time), compiled 0 variants (0.00s CPU time), skipped 0 variants.
    Prepared data for serialisation in 0.00s
Serialized binary data for shader Hidden/Internal-StencilWrite in 0.00s
    metal (total internal programs: 4, unique: 4)
Compiling shader "Standard"
  Pass "FORWARD" (vp)
    Target graphics API: metal
    Full variant space:         664
    After settings filtering:   664
    After built-in stripping:   16
    After scriptable stripping: 16
    Processed in 0.00 seconds
  Pass "FORWARD" (fp)
    Target graphics API: metal
    Full variant space:         504
    After settings filtering:   504
    After built-in stripping:   8
    After scriptable stripping: 8
    Processed in 0.00 seconds
  Pass "FORWARD_DELTA" (vp)
    Target graphics API: metal
    Full variant space:         188
    After settings filtering:   188
    After built-in stripping:   26
    After scriptable stripping: 26
    Processed in 0.00 seconds
  Pass "FORWARD_DELTA" (fp)
    Target graphics API: metal
    Full variant space:         188
    After settings filtering:   188
    After built-in stripping:   26
    After scriptable stripping: 26
    Processed in 0.00 seconds
  Pass "ShadowCaster" (vp)
    Target graphics API: metal
    Full variant space:         4
    After settings filtering:   4
    After built-in stripping:   4
    After scriptable stripping: 4
    Processed in 0.00 seconds
  Pass "ShadowCaster" (fp)
    Target graphics API: metal
    Full variant space:         4
    After settings filtering:   4
    After built-in stripping:   4
    After scriptable stripping: 4
    Processed in 0.00 seconds
  Pass "DEFERRED" (vp)
    Target graphics API: metal
    Full variant space:         76
    After settings filtering:   76
    After built-in stripping:   8
    After scriptable stripping: 8
    Processed in 0.00 seconds
  Pass "DEFERRED" (fp)
    Target graphics API: metal
    Full variant space:         76
    After settings filtering:   76
    After built-in stripping:   8
    After scriptable stripping: 8
    Processed in 0.00 seconds
  Pass "FORWARD" (vp)
    Target graphics API: metal
    Full variant space:         208
    After settings filtering:   208
    After built-in stripping:   16
    After scriptable stripping: 16
    Processed in 0.00 seconds
  Pass "FORWARD" (fp)
    Target graphics API: metal
    Full variant space:         148
    After settings filtering:   148
    After built-in stripping:   8
    After scriptable stripping: 8
    Processed in 0.00 seconds
  Pass "FORWARD_DELTA" (vp)
    Target graphics API: metal
    Full variant space:         140
    After settings filtering:   140
    After built-in stripping:   20
    After scriptable stripping: 20
    Processed in 0.00 seconds
  Pass "FORWARD_DELTA" (fp)
    Target graphics API: metal
    Full variant space:         140
    After settings filtering:   140
    After built-in stripping:   20
    After scriptable stripping: 20
    Processed in 0.00 seconds
  Pass "ShadowCaster" (vp)
    Target graphics API: metal
    Full variant space:         2
    After settings filtering:   2
    After built-in stripping:   4
    After scriptable stripping: 4
    Processed in 0.00 seconds
  Pass "ShadowCaster" (fp)
    Target graphics API: metal
    Full variant space:         2
    After settings filtering:   2
    After built-in stripping:   4
    After scriptable stripping: 4
    Processed in 0.00 seconds
  Pass FORWARD (vp, metal) finished in 0.00 seconds. Local cache hits 16 (0.00s CPU time), remote cache hits 0 (0.00s CPU time), compiled 0 variants (0.00s CPU time), skipped 0 variants.
    Prepared data for serialisation in 0.00s
  Pass FORWARD (fp, metal) finished in 0.00 seconds. Local cache hits 8 (0.00s CPU time), remote cache hits 0 (0.00s CPU time), compiled 0 variants (0.00s CPU time), skipped 0 variants.
    Prepared data for serialisation in 0.00s
  Pass FORWARD_DELTA (vp, metal) finished in 0.00 seconds. Local cache hits 26 (0.01s CPU time), remote cache hits 0 (0.00s CPU time), compiled 0 variants (0.00s CPU time), skipped 0 variants.
    Prepared data for serialisation in 0.00s
  Pass FORWARD_DELTA (fp, metal) finished in 0.00 seconds. Local cache hits 26 (0.01s CPU time), remote cache hits 0 (0.00s CPU time), compiled 0 variants (0.00s CPU time), skipped 0 variants.
    Prepared data for serialisation in 0.00s
  Pass ShadowCaster (vp, metal) finished in 0.00 seconds. Local cache hits 4 (0.00s CPU time), remote cache hits 0 (0.00s CPU time), compiled 0 variants (0.00s CPU time), skipped 0 variants.
    Prepared data for serialisation in 0.00s
  Pass ShadowCaster (fp, metal) finished in 0.00 seconds. Local cache hits 4 (0.00s CPU time), remote cache hits 0 (0.00s CPU time), compiled 0 variants (0.00s CPU time), skipped 0 variants.
    Prepared data for serialisation in 0.00s
  Pass DEFERRED (vp, metal) finished in 0.00 seconds. Local cache hits 8 (0.01s CPU time), remote cache hits 0 (0.00s CPU time), compiled 0 variants (0.00s CPU time), skipped 0 variants.
    Prepared data for serialisation in 0.00s
  Pass DEFERRED (fp, metal) finished in 0.00 seconds. Local cache hits 8 (0.00s CPU time), remote cache hits 0 (0.00s CPU time), compiled 0 variants (0.00s CPU time), skipped 0 variants.
    Prepared data for serialisation in 0.00s
  Pass FORWARD (vp, metal) finished in 0.00 seconds. Local cache hits 16 (0.00s CPU time), remote cache hits 0 (0.00s CPU time), compiled 0 variants (0.00s CPU time), skipped 0 variants.
    Prepared data for serialisation in 0.00s
  Pass FORWARD (fp, metal) finished in 0.00 seconds. Local cache hits 8 (0.00s CPU time), remote cache hits 0 (0.00s CPU time), compiled 0 variants (0.00s CPU time), skipped 0 variants.
    Prepared data for serialisation in 0.00s
  Pass FORWARD_DELTA (vp, metal) finished in 0.00 seconds. Local cache hits 20 (0.00s CPU time), remote cache hits 0 (0.00s CPU time), compiled 0 variants (0.00s CPU time), skipped 0 variants.
    Prepared data for serialisation in 0.00s
  Pass FORWARD_DELTA (fp, metal) finished in 0.00 seconds. Local cache hits 20 (0.01s CPU time), remote cache hits 0 (0.00s CPU time), compiled 0 variants (0.00s CPU time), skipped 0 variants.
    Prepared data for serialisation in 0.00s
  Pass ShadowCaster (vp, metal) finished in 0.00 seconds. Local cache hits 4 (0.00s CPU time), remote cache hits 0 (0.00s CPU time), compiled 0 variants (0.00s CPU time), skipped 0 variants.
    Prepared data for serialisation in 0.00s
  Pass ShadowCaster (fp, metal) finished in 0.00 seconds. Local cache hits 4 (0.00s CPU time), remote cache hits 0 (0.00s CPU time), compiled 0 variants (0.00s CPU time), skipped 0 variants.
    Prepared data for serialisation in 0.00s
Serialized binary data for shader Standard in 0.00s
    metal (total internal programs: 172, unique: 122)
Compiling shader "Hidden/Internal-DepthNormalsTexture"
  Pass "" (vp)
    Target graphics API: metal
    Full variant space:         1
    After settings filtering:   1
    After built-in stripping:   2
    After scriptable stripping: 2
    Processed in 0.00 seconds
  Pass "" (fp)
    Target graphics API: metal
    Full variant space:         1
    After settings filtering:   1
    After built-in stripping:   2
    After scriptable stripping: 2
    Processed in 0.00 seconds
  Pass "" (vp)
    Target graphics API: metal
    Full variant space:         1
    After settings filtering:   1
    After built-in stripping:   2
    After scriptable stripping: 2
    Processed in 0.00 seconds
  Pass "" (fp)
    Target graphics API: metal
    Full variant space:         1
    After settings filtering:   1
    After built-in stripping:   2
    After scriptable stripping: 2
    Processed in 0.00 seconds
  Pass "" (vp)
    Target graphics API: metal
    Full variant space:         1
    After settings filtering:   1
    After built-in stripping:   2
    After scriptable stripping: 2
    Processed in 0.00 seconds
  Pass "" (fp)
    Target graphics API: metal
    Full variant space:         1
    After settings filtering:   1
    After built-in stripping:   2
    After scriptable stripping: 2
    Processed in 0.00 seconds
  Pass "" (vp)
    Target graphics API: metal
    Full variant space:         1
    After settings filtering:   1
    After built-in stripping:   2
    After scriptable stripping: 2
    Processed in 0.00 seconds
  Pass "" (fp)
    Target graphics API: metal
    Full variant space:         1
    After settings filtering:   1
    After built-in stripping:   2
    After scriptable stripping: 2
    Processed in 0.00 seconds
  Pass "" (vp)
    Target graphics API: metal
    Full variant space:         1
    After settings filtering:   1
    After built-in stripping:   2
    After scriptable stripping: 2
    Processed in 0.00 seconds
  Pass "" (fp)
    Target graphics API: metal
    Full variant space:         1
    After settings filtering:   1
    After built-in stripping:   2
    After scriptable stripping: 2
    Processed in 0.00 seconds
  Pass "" (vp)
    Target graphics API: metal
    Full variant space:         1
    After settings filtering:   1
    After built-in stripping:   2
    After scriptable stripping: 2
    Processed in 0.00 seconds
  Pass "" (fp)
    Target graphics API: metal
    Full variant space:         1
    After settings filtering:   1
    After built-in stripping:   2
    After scriptable stripping: 2
    Processed in 0.00 seconds
  Pass "" (vp)
    Target graphics API: metal
    Full variant space:         1
    After settings filtering:   1
    After built-in stripping:   2
    After scriptable stripping: 2
    Processed in 0.00 seconds
  Pass "" (fp)
    Target graphics API: metal
    Full variant space:         1
    After settings filtering:   1
    After built-in stripping:   2
    After scriptable stripping: 2
    Processed in 0.00 seconds
  Pass "" (vp)
    Target graphics API: metal
    Full variant space:         1
    After settings filtering:   1
    After built-in stripping:   2
    After scriptable stripping: 2
    Processed in 0.00 seconds
  Pass "" (fp)
    Target graphics API: metal
    Full variant space:         1
    After settings filtering:   1
    After built-in stripping:   2
    After scriptable stripping: 2
    Processed in 0.00 seconds
  Pass "" (vp)
    Target graphics API: metal
    Full variant space:         1
    After settings filtering:   1
    After built-in stripping:   2
    After scriptable stripping: 2
    Processed in 0.00 seconds
  Pass "" (fp)
    Target graphics API: metal
    Full variant space:         1
    After settings filtering:   1
    After built-in stripping:   2
    After scriptable stripping: 2
    Processed in 0.00 seconds
  Pass "" (vp)
    Target graphics API: metal
    Full variant space:         1
    After settings filtering:   1
    After built-in stripping:   2
    After scriptable stripping: 2
    Processed in 0.00 seconds
  Pass "" (fp)
    Target graphics API: metal
    Full variant space:         1
    After settings filtering:   1
    After built-in stripping:   2
    After scriptable stripping: 2
    Processed in 0.00 seconds
  Pass  (vp, metal) finished in 0.00 seconds. Local cache hits 2 (0.00s CPU time), remote cache hits 0 (0.00s CPU time), compiled 0 variants (0.00s CPU time), skipped 0 variants.
    Prepared data for serialisation in 0.00s
  Pass  (fp, metal) finished in 0.00 seconds. Local cache hits 2 (0.00s CPU time), remote cache hits 0 (0.00s CPU time), compiled 0 variants (0.00s CPU time), skipped 0 variants.
    Prepared data for serialisation in 0.00s
  Pass  (vp, metal) finished in 0.00 seconds. Local cache hits 2 (0.00s CPU time), remote cache hits 0 (0.00s CPU time), compiled 0 variants (0.00s CPU time), skipped 0 variants.
    Prepared data for serialisation in 0.00s
  Pass  (fp, metal) finished in 0.00 seconds. Local cache hits 2 (0.00s CPU time), remote cache hits 0 (0.00s CPU time), compiled 0 variants (0.00s CPU time), skipped 0 variants.
    Prepared data for serialisation in 0.00s
  Pass  (vp, metal) finished in 0.00 seconds. Local cache hits 2 (0.00s CPU time), remote cache hits 0 (0.00s CPU time), compiled 0 variants (0.00s CPU time), skipped 0 variants.
    Prepared data for serialisation in 0.00s
  Pass  (fp, metal) finished in 0.00 seconds. Local cache hits 2 (0.00s CPU time), remote cache hits 0 (0.00s CPU time), compiled 0 variants (0.00s CPU time), skipped 0 variants.
    Prepared data for serialisation in 0.00s
  Pass  (vp, metal) finished in 0.00 seconds. Local cache hits 2 (0.00s CPU time), remote cache hits 0 (0.00s CPU time), compiled 0 variants (0.00s CPU time), skipped 0 variants.
    Prepared data for serialisation in 0.00s
  Pass  (fp, metal) finished in 0.00 seconds. Local cache hits 2 (0.00s CPU time), remote cache hits 0 (0.00s CPU time), compiled 0 variants (0.00s CPU time), skipped 0 variants.
    Prepared data for serialisation in 0.00s
  Pass  (vp, metal) finished in 0.00 seconds. Local cache hits 2 (0.00s CPU time), remote cache hits 0 (0.00s CPU time), compiled 0 variants (0.00s CPU time), skipped 0 variants.
    Prepared data for serialisation in 0.00s
  Pass  (fp, metal) finished in 0.00 seconds. Local cache hits 2 (0.00s CPU time), remote cache hits 0 (0.00s CPU time), compiled 0 variants (0.00s CPU time), skipped 0 variants.
    Prepared data for serialisation in 0.00s
  Pass  (vp, metal) finished in 0.00 seconds. Local cache hits 2 (0.00s CPU time), remote cache hits 0 (0.00s CPU time), compiled 0 variants (0.00s CPU time), skipped 0 variants.
    Prepared data for serialisation in 0.00s
  Pass  (fp, metal) finished in 0.00 seconds. Local cache hits 2 (0.00s CPU time), remote cache hits 0 (0.00s CPU time), compiled 0 variants (0.00s CPU time), skipped 0 variants.
    Prepared data for serialisation in 0.00s
  Pass  (vp, metal) finished in 0.00 seconds. Local cache hits 2 (0.00s CPU time), remote cache hits 0 (0.00s CPU time), compiled 0 variants (0.00s CPU time), skipped 0 variants.
    Prepared data for serialisation in 0.00s
  Pass  (fp, metal) finished in 0.00 seconds. Local cache hits 2 (0.00s CPU time), remote cache hits 0 (0.00s CPU time), compiled 0 variants (0.00s CPU time), skipped 0 variants.
    Prepared data for serialisation in 0.00s
  Pass  (vp, metal) finished in 0.00 seconds. Local cache hits 2 (0.00s CPU time), remote cache hits 0 (0.00s CPU time), compiled 0 variants (0.00s CPU time), skipped 0 variants.
    Prepared data for serialisation in 0.00s
  Pass  (fp, metal) finished in 0.00 seconds. Local cache hits 2 (0.00s CPU time), remote cache hits 0 (0.00s CPU time), compiled 0 variants (0.00s CPU time), skipped 0 variants.
    Prepared data for serialisation in 0.00s
  Pass  (vp, metal) finished in 0.00 seconds. Local cache hits 2 (0.00s CPU time), remote cache hits 0 (0.00s CPU time), compiled 0 variants (0.00s CPU time), skipped 0 variants.
    Prepared data for serialisation in 0.00s
  Pass  (fp, metal) finished in 0.00 seconds. Local cache hits 2 (0.00s CPU time), remote cache hits 0 (0.00s CPU time), compiled 0 variants (0.00s CPU time), skipped 0 variants.
    Prepared data for serialisation in 0.00s
  Pass  (vp, metal) finished in 0.00 seconds. Local cache hits 2 (0.00s CPU time), remote cache hits 0 (0.00s CPU time), compiled 0 variants (0.00s CPU time), skipped 0 variants.
    Prepared data for serialisation in 0.00s
  Pass  (fp, metal) finished in 0.00 seconds. Local cache hits 2 (0.00s CPU time), remote cache hits 0 (0.00s CPU time), compiled 0 variants (0.00s CPU time), skipped 0 variants.
    Prepared data for serialisation in 0.00s
Serialized binary data for shader Hidden/Internal-DepthNormalsTexture in 0.00s
    metal (total internal programs: 40, unique: 32)
Compiling shader "Hidden/Internal-ScreenSpaceShadows"
  Pass "" (vp)
    Target graphics API: metal
    Full variant space:         4
    After settings filtering:   4
    After built-in stripping:   8
    After scriptable stripping: 8
    Processed in 0.00 seconds
  Pass "" (fp)
    Target graphics API: metal
    Full variant space:         4
    After settings filtering:   4
    After built-in stripping:   8
    After scriptable stripping: 8
    Processed in 0.00 seconds
  Pass "" (vp)
    Target graphics API: metal
    Full variant space:         4
    After settings filtering:   4
    After built-in stripping:   8
    After scriptable stripping: 8
    Processed in 0.00 seconds
  Pass "" (fp)
    Target graphics API: metal
    Full variant space:         4
    After settings filtering:   4
    After built-in stripping:   8
    After scriptable stripping: 8
    Processed in 0.00 seconds
  Pass "" (vp)
    Target graphics API: metal
    Full variant space:         4
    After settings filtering:   4
    After built-in stripping:   8
    After scriptable stripping: 8
    Processed in 0.00 seconds
  Pass "" (fp)
    Target graphics API: metal
    Full variant space:         4
    After settings filtering:   4
    After built-in stripping:   8
    After scriptable stripping: 8
    Processed in 0.00 seconds
  Pass "" (vp)
    Target graphics API: metal
    Full variant space:         4
    After settings filtering:   4
    After built-in stripping:   8
    After scriptable stripping: 8
    Processed in 0.00 seconds
  Pass "" (fp)
    Target graphics API: metal
    Full variant space:         4
    After settings filtering:   4
    After built-in stripping:   8
    After scriptable stripping: 8
    Processed in 0.00 seconds
  Pass  (vp, metal) finished in 0.00 seconds. Local cache hits 8 (0.00s CPU time), remote cache hits 0 (0.00s CPU time), compiled 0 variants (0.00s CPU time), skipped 0 variants.
    Prepared data for serialisation in 0.00s
  Pass  (fp, metal) finished in 0.00 seconds. Local cache hits 8 (0.00s CPU time), remote cache hits 0 (0.00s CPU time), compiled 0 variants (0.00s CPU time), skipped 0 variants.
    Prepared data for serialisation in 0.00s
  Pass  (vp, metal) finished in 0.00 seconds. Local cache hits 8 (0.00s CPU time), remote cache hits 0 (0.00s CPU time), compiled 0 variants (0.00s CPU time), skipped 0 variants.
    Prepared data for serialisation in 0.00s
  Pass  (fp, metal) finished in 0.00 seconds. Local cache hits 8 (0.00s CPU time), remote cache hits 0 (0.00s CPU time), compiled 0 variants (0.00s CPU time), skipped 0 variants.
    Prepared data for serialisation in 0.00s
  Pass  (vp, metal) finished in 0.00 seconds. Local cache hits 8 (0.00s CPU time), remote cache hits 0 (0.00s CPU time), compiled 0 variants (0.00s CPU time), skipped 0 variants.
    Prepared data for serialisation in 0.00s
  Pass  (fp, metal) finished in 0.00 seconds. Local cache hits 8 (0.00s CPU time), remote cache hits 0 (0.00s CPU time), compiled 0 variants (0.00s CPU time), skipped 0 variants.
    Prepared data for serialisation in 0.00s
  Pass  (vp, metal) finished in 0.00 seconds. Local cache hits 8 (0.00s CPU time), remote cache hits 0 (0.00s CPU time), compiled 0 variants (0.00s CPU time), skipped 0 variants.
    Prepared data for serialisation in 0.00s
  Pass  (fp, metal) finished in 0.00 seconds. Local cache hits 8 (0.00s CPU time), remote cache hits 0 (0.00s CPU time), compiled 0 variants (0.00s CPU time), skipped 0 variants.
    Prepared data for serialisation in 0.00s
Serialized binary data for shader Hidden/Internal-ScreenSpaceShadows in 0.00s
    metal (total internal programs: 64, unique: 40)
Compiling shader "Hidden/Internal-CombineDepthNormals"
  Pass "" (vp)
    Target graphics API: metal
    Full variant space:         1
    After settings filtering:   1
    After built-in stripping:   2
    After scriptable stripping: 2
    Processed in 0.00 seconds
  Pass "" (fp)
    Target graphics API: metal
    Full variant space:         1
    After settings filtering:   1
    After built-in stripping:   2
    After scriptable stripping: 2
    Processed in 0.00 seconds
  Pass  (vp, metal) finished in 0.00 seconds. Local cache hits 2 (0.00s CPU time), remote cache hits 0 (0.00s CPU time), compiled 0 variants (0.00s CPU time), skipped 0 variants.
    Prepared data for serialisation in 0.00s
  Pass  (fp, metal) finished in 0.00 seconds. Local cache hits 2 (0.00s CPU time), remote cache hits 0 (0.00s CPU time), compiled 0 variants (0.00s CPU time), skipped 0 variants.
    Prepared data for serialisation in 0.00s
Serialized binary data for shader Hidden/Internal-CombineDepthNormals in 0.00s
    metal (total internal programs: 4, unique: 4)
Compiling shader "Hidden/BlitCopy"
  Pass "" (vp)
    Target graphics API: metal
    Full variant space:         1
    After settings filtering:   1
    After built-in stripping:   2
    After scriptable stripping: 2
    Processed in 0.00 seconds
  Pass "" (fp)
    Target graphics API: metal
    Full variant space:         1
    After settings filtering:   1
    After built-in stripping:   2
    After scriptable stripping: 2
    Processed in 0.00 seconds
  Pass  (vp, metal) finished in 0.00 seconds. Local cache hits 2 (0.00s CPU time), remote cache hits 0 (0.00s CPU time), compiled 0 variants (0.00s CPU time), skipped 0 variants.
    Prepared data for serialisation in 0.00s
  Pass  (fp, metal) finished in 0.00 seconds. Local cache hits 2 (0.00s CPU time), remote cache hits 0 (0.00s CPU time), compiled 0 variants (0.00s CPU time), skipped 0 variants.
    Prepared data for serialisation in 0.00s
Serialized binary data for shader Hidden/BlitCopy in 0.00s
    metal (total internal programs: 4, unique: 4)
Compiling shader "Hidden/BlitCopyDepth"
  Pass "" (vp)
    Target graphics API: metal
    Full variant space:         1
    After settings filtering:   1
    After built-in stripping:   2
    After scriptable stripping: 2
    Processed in 0.00 seconds
  Pass "" (fp)
    Target graphics API: metal
    Full variant space:         1
    After settings filtering:   1
    After built-in stripping:   2
    After scriptable stripping: 2
    Processed in 0.00 seconds
  Pass  (vp, metal) finished in 0.00 seconds. Local cache hits 2 (0.00s CPU time), remote cache hits 0 (0.00s CPU time), compiled 0 variants (0.00s CPU time), skipped 0 variants.
    Prepared data for serialisation in 0.00s
  Pass  (fp, metal) finished in 0.00 seconds. Local cache hits 2 (0.00s CPU time), remote cache hits 0 (0.00s CPU time), compiled 0 variants (0.00s CPU time), skipped 0 variants.
    Prepared data for serialisation in 0.00s
Serialized binary data for shader Hidden/BlitCopyDepth in 0.00s
    metal (total internal programs: 4, unique: 4)
Compiling shader "Hidden/ConvertTexture"
  Pass "" (vp)
    Target graphics API: metal
    Full variant space:         1
    After settings filtering:   1
    After built-in stripping:   2
    After scriptable stripping: 2
    Processed in 0.00 seconds
  Pass "" (fp)
    Target graphics API: metal
    Full variant space:         1
    After settings filtering:   1
    After built-in stripping:   2
    After scriptable stripping: 2
    Processed in 0.00 seconds
  Pass  (vp, metal) finished in 0.00 seconds. Local cache hits 2 (0.00s CPU time), remote cache hits 0 (0.00s CPU time), compiled 0 variants (0.00s CPU time), skipped 0 variants.
    Prepared data for serialisation in 0.00s
  Pass  (fp, metal) finished in 0.00 seconds. Local cache hits 2 (0.00s CPU time), remote cache hits 0 (0.00s CPU time), compiled 0 variants (0.00s CPU time), skipped 0 variants.
    Prepared data for serialisation in 0.00s
Serialized binary data for shader Hidden/ConvertTexture in 0.00s
    metal (total internal programs: 4, unique: 4)
Compiling shader "Hidden/Internal-DeferredShading"
  Pass "" (vp)
    Target graphics API: metal
    Full variant space:         94
    After settings filtering:   94
    After built-in stripping:   52
    After scriptable stripping: 52
    Processed in 0.00 seconds
  Pass "" (fp)
    Target graphics API: metal
    Full variant space:         94
    After settings filtering:   94
    After built-in stripping:   52
    After scriptable stripping: 52
    Processed in 0.00 seconds
  Pass "" (vp)
    Target graphics API: metal
    Full variant space:         1
    After settings filtering:   1
    After built-in stripping:   2
    After scriptable stripping: 2
    Processed in 0.00 seconds
  Pass "" (fp)
    Target graphics API: metal
    Full variant space:         1
    After settings filtering:   1
    After built-in stripping:   2
    After scriptable stripping: 2
    Processed in 0.00 seconds
  Pass  (vp, metal) finished in 0.00 seconds. Local cache hits 52 (0.02s CPU time), remote cache hits 0 (0.00s CPU time), compiled 0 variants (0.00s CPU time), skipped 0 variants.
    Prepared data for serialisation in 0.00s
  Pass  (fp, metal) finished in 0.00 seconds. Local cache hits 52 (0.02s CPU time), remote cache hits 0 (0.00s CPU time), compiled 0 variants (0.00s CPU time), skipped 0 variants.
    Prepared data for serialisation in 0.00s
  Pass  (vp, metal) finished in 0.00 seconds. Local cache hits 2 (0.00s CPU time), remote cache hits 0 (0.00s CPU time), compiled 0 variants (0.00s CPU time), skipped 0 variants.
    Prepared data for serialisation in 0.00s
  Pass  (fp, metal) finished in 0.00 seconds. Local cache hits 2 (0.00s CPU time), remote cache hits 0 (0.00s CPU time), compiled 0 variants (0.00s CPU time), skipped 0 variants.
    Prepared data for serialisation in 0.00s
Serialized binary data for shader Hidden/Internal-DeferredShading in 0.00s
    metal (total internal programs: 108, unique: 108)
Compiling shader "Hidden/Internal-DeferredReflections"
  Pass "" (vp)
    Target graphics API: metal
    Full variant space:         1
    After settings filtering:   1
    After built-in stripping:   2
    After scriptable stripping: 2
    Processed in 0.00 seconds
  Pass "" (fp)
    Target graphics API: metal
    Full variant space:         1
    After settings filtering:   1
    After built-in stripping:   2
    After scriptable stripping: 2
    Processed in 0.00 seconds
  Pass "" (vp)
    Target graphics API: metal
    Full variant space:         2
    After settings filtering:   2
    After built-in stripping:   4
    After scriptable stripping: 4
    Processed in 0.00 seconds
  Pass "" (fp)
    Target graphics API: metal
    Full variant space:         2
    After settings filtering:   2
    After built-in stripping:   4
    After scriptable stripping: 4
    Processed in 0.00 seconds
  Pass  (vp, metal) finished in 0.00 seconds. Local cache hits 2 (0.00s CPU time), remote cache hits 0 (0.00s CPU time), compiled 0 variants (0.00s CPU time), skipped 0 variants.
    Prepared data for serialisation in 0.00s
  Pass  (fp, metal) finished in 0.00 seconds. Local cache hits 2 (0.00s CPU time), remote cache hits 0 (0.00s CPU time), compiled 0 variants (0.00s CPU time), skipped 0 variants.
    Prepared data for serialisation in 0.00s
  Pass  (vp, metal) finished in 0.00 seconds. Local cache hits 4 (0.00s CPU time), remote cache hits 0 (0.00s CPU time), compiled 0 variants (0.00s CPU time), skipped 0 variants.
    Prepared data for serialisation in 0.00s
  Pass  (fp, metal) finished in 0.00 seconds. Local cache hits 4 (0.00s CPU time), remote cache hits 0 (0.00s CPU time), compiled 0 variants (0.00s CPU time), skipped 0 variants.
    Prepared data for serialisation in 0.00s
Serialized binary data for shader Hidden/Internal-DeferredReflections in 0.00s
    metal (total internal programs: 12, unique: 12)
Compiling shader "Hidden/Internal-MotionVectors"
  Pass "" (vp)
    Target graphics API: metal
    Full variant space:         1
    After settings filtering:   1
    After built-in stripping:   2
    After scriptable stripping: 2
    Processed in 0.00 seconds
  Pass "" (fp)
    Target graphics API: metal
    Full variant space:         1
    After settings filtering:   1
    After built-in stripping:   2
    After scriptable stripping: 2
    Processed in 0.00 seconds
  Pass "" (vp)
    Target graphics API: metal
    Full variant space:         1
    After settings filtering:   1
    After built-in stripping:   2
    After scriptable stripping: 2
    Processed in 0.00 seconds
  Pass "" (fp)
    Target graphics API: metal
    Full variant space:         1
    After settings filtering:   1
    After built-in stripping:   2
    After scriptable stripping: 2
    Processed in 0.00 seconds
  Pass "" (vp)
    Target graphics API: metal
    Full variant space:         1
    After settings filtering:   1
    After built-in stripping:   2
    After scriptable stripping: 2
    Processed in 0.00 seconds
  Pass "" (fp)
    Target graphics API: metal
    Full variant space:         1
    After settings filtering:   1
    After built-in stripping:   2
    After scriptable stripping: 2
    Processed in 0.00 seconds
  Pass  (vp, metal) finished in 0.00 seconds. Local cache hits 2 (0.00s CPU time), remote cache hits 0 (0.00s CPU time), compiled 0 variants (0.00s CPU time), skipped 0 variants.
    Prepared data for serialisation in 0.00s
  Pass  (fp, metal) finished in 0.00 seconds. Local cache hits 2 (0.00s CPU time), remote cache hits 0 (0.00s CPU time), compiled 0 variants (0.00s CPU time), skipped 0 variants.
    Prepared data for serialisation in 0.00s
  Pass  (vp, metal) finished in 0.00 seconds. Local cache hits 2 (0.00s CPU time), remote cache hits 0 (0.00s CPU time), compiled 0 variants (0.00s CPU time), skipped 0 variants.
    Prepared data for serialisation in 0.00s
  Pass  (fp, metal) finished in 0.00 seconds. Local cache hits 2 (0.00s CPU time), remote cache hits 0 (0.00s CPU time), compiled 0 variants (0.00s CPU time), skipped 0 variants.
    Prepared data for serialisation in 0.00s
  Pass  (vp, metal) finished in 0.00 seconds. Local cache hits 2 (0.00s CPU time), remote cache hits 0 (0.00s CPU time), compiled 0 variants (0.00s CPU time), skipped 0 variants.
    Prepared data for serialisation in 0.00s
  Pass  (fp, metal) finished in 0.00 seconds. Local cache hits 2 (0.00s CPU time), remote cache hits 0 (0.00s CPU time), compiled 0 variants (0.00s CPU time), skipped 0 variants.
    Prepared data for serialisation in 0.00s
Serialized binary data for shader Hidden/Internal-MotionVectors in 0.00s
    metal (total internal programs: 12, unique: 10)
Compiling shader "Hidden/Internal-Flare"
  Pass "" (vp)
    Target graphics API: metal
    Full variant space:         1
    After settings filtering:   1
    After built-in stripping:   2
    After scriptable stripping: 2
    Processed in 0.00 seconds
  Pass "" (fp)
    Target graphics API: metal
    Full variant space:         1
    After settings filtering:   1
    After built-in stripping:   2
    After scriptable stripping: 2
    Processed in 0.00 seconds
  Pass  (vp, metal) finished in 0.00 seconds. Local cache hits 2 (0.00s CPU time), remote cache hits 0 (0.00s CPU time), compiled 0 variants (0.00s CPU time), skipped 0 variants.
    Prepared data for serialisation in 0.00s
  Pass  (fp, metal) finished in 0.00 seconds. Local cache hits 2 (0.00s CPU time), remote cache hits 0 (0.00s CPU time), compiled 0 variants (0.00s CPU time), skipped 0 variants.
    Prepared data for serialisation in 0.00s
Serialized binary data for shader Hidden/Internal-Flare in 0.00s
    metal (total internal programs: 4, unique: 4)
Compiling shader "Hidden/Internal-Halo"
  Pass "" (vp)
    Target graphics API: metal
    Full variant space:         4
    After settings filtering:   4
    After built-in stripping:   2
    After scriptable stripping: 2
    Processed in 0.00 seconds
  Pass "" (fp)
    Target graphics API: metal
    Full variant space:         4
    After settings filtering:   4
    After built-in stripping:   2
    After scriptable stripping: 2
    Processed in 0.00 seconds
  Pass  (vp, metal) finished in 0.00 seconds. Local cache hits 2 (0.00s CPU time), remote cache hits 0 (0.00s CPU time), compiled 0 variants (0.00s CPU time), skipped 0 variants.
    Prepared data for serialisation in 0.00s
  Pass  (fp, metal) finished in 0.00 seconds. Local cache hits 2 (0.00s CPU time), remote cache hits 0 (0.00s CPU time), compiled 0 variants (0.00s CPU time), skipped 0 variants.
    Prepared data for serialisation in 0.00s
Serialized binary data for shader Hidden/Internal-Halo in 0.00s
    metal (total internal programs: 4, unique: 4)
Compiling shader "Skybox/Procedural"
  Pass "" (vp)
    Target graphics API: metal
    Full variant space:         3
    After settings filtering:   3
    After built-in stripping:   6
    After scriptable stripping: 6
    Processed in 0.00 seconds
  Pass "" (fp)
    Target graphics API: metal
    Full variant space:         3
    After settings filtering:   3
    After built-in stripping:   6
    After scriptable stripping: 6
    Processed in 0.00 seconds
  Pass  (vp, metal) finished in 0.00 seconds. Local cache hits 6 (0.00s CPU time), remote cache hits 0 (0.00s CPU time), compiled 0 variants (0.00s CPU time), skipped 0 variants.
    Prepared data for serialisation in 0.00s
  Pass  (fp, metal) finished in 0.00 seconds. Local cache hits 6 (0.01s CPU time), remote cache hits 0 (0.00s CPU time), compiled 0 variants (0.00s CPU time), skipped 0 variants.
    Prepared data for serialisation in 0.00s
Serialized binary data for shader Skybox/Procedural in 0.00s
    metal (total internal programs: 12, unique: 12)
Compiling shader "Hidden/BlitCopyWithDepth"
  Pass "" (vp)
    Target graphics API: metal
    Full variant space:         1
    After settings filtering:   1
    After built-in stripping:   2
    After scriptable stripping: 2
    Processed in 0.00 seconds
  Pass "" (fp)
    Target graphics API: metal
    Full variant space:         1
    After settings filtering:   1
    After built-in stripping:   2
    After scriptable stripping: 2
    Processed in 0.00 seconds
  Pass  (vp, metal) finished in 0.00 seconds. Local cache hits 2 (0.00s CPU time), remote cache hits 0 (0.00s CPU time), compiled 0 variants (0.00s CPU time), skipped 0 variants.
    Prepared data for serialisation in 0.00s
  Pass  (fp, metal) finished in 0.00 seconds. Local cache hits 2 (0.00s CPU time), remote cache hits 0 (0.00s CPU time), compiled 0 variants (0.00s CPU time), skipped 0 variants.
    Prepared data for serialisation in 0.00s
Serialized binary data for shader Hidden/BlitCopyWithDepth in 0.00s
    metal (total internal programs: 4, unique: 4)
Compiling shader "Hidden/BlitToDepth"
  Pass "" (vp)
    Target graphics API: metal
    Full variant space:         1
    After settings filtering:   1
    After built-in stripping:   2
    After scriptable stripping: 2
    Processed in 0.00 seconds
  Pass "" (fp)
    Target graphics API: metal
    Full variant space:         1
    After settings filtering:   1
    After built-in stripping:   2
    After scriptable stripping: 2
    Processed in 0.00 seconds
  Pass  (vp, metal) finished in 0.00 seconds. Local cache hits 2 (0.00s CPU time), remote cache hits 0 (0.00s CPU time), compiled 0 variants (0.00s CPU time), skipped 0 variants.
    Prepared data for serialisation in 0.00s
  Pass  (fp, metal) finished in 0.00 seconds. Local cache hits 2 (0.00s CPU time), remote cache hits 0 (0.00s CPU time), compiled 0 variants (0.00s CPU time), skipped 0 variants.
    Prepared data for serialisation in 0.00s
Serialized binary data for shader Hidden/BlitToDepth in 0.00s
    metal (total internal programs: 4, unique: 4)
Compiling shader "Hidden/BlitToDepth_MSAA"
  Pass "" (vp)
    Target graphics API: metal
    Full variant space:         1
    After settings filtering:   1
    After built-in stripping:   2
    After scriptable stripping: 2
    Processed in 0.00 seconds
  Pass "" (fp)
    Target graphics API: metal
    Full variant space:         1
    After settings filtering:   1
    After built-in stripping:   2
    After scriptable stripping: 2
    Processed in 0.00 seconds
  Pass  (vp, metal) finished in 0.00 seconds. Local cache hits 2 (0.00s CPU time), remote cache hits 0 (0.00s CPU time), compiled 0 variants (0.00s CPU time), skipped 0 variants.
    Prepared data for serialisation in 0.00s
  Pass  (fp, metal) finished in 0.00 seconds. Local cache hits 2 (0.00s CPU time), remote cache hits 0 (0.00s CPU time), compiled 0 variants (0.00s CPU time), skipped 0 variants.
    Prepared data for serialisation in 0.00s
Serialized binary data for shader Hidden/BlitToDepth_MSAA in 0.00s
    metal (total internal programs: 4, unique: 4)
Compiling shader "Hidden/BlitCopyHDRTonemap"
  Pass "" (vp)
    Target graphics API: metal
    Full variant space:         1
    After settings filtering:   1
    After built-in stripping:   2
    After scriptable stripping: 2
    Processed in 0.00 seconds
  Pass "" (fp)
    Target graphics API: metal
    Full variant space:         1
    After settings filtering:   1
    After built-in stripping:   2
    After scriptable stripping: 2
    Processed in 0.00 seconds
  Pass  (vp, metal) finished in 0.00 seconds. Local cache hits 2 (0.00s CPU time), remote cache hits 0 (0.00s CPU time), compiled 0 variants (0.00s CPU time), skipped 0 variants.
    Prepared data for serialisation in 0.00s
  Pass  (fp, metal) finished in 0.00 seconds. Local cache hits 2 (0.00s CPU time), remote cache hits 0 (0.00s CPU time), compiled 0 variants (0.00s CPU time), skipped 0 variants.
    Prepared data for serialisation in 0.00s
Serialized binary data for shader Hidden/BlitCopyHDRTonemap in 0.00s
    metal (total internal programs: 4, unique: 4)
Compiling shader "Hidden/Internal-DebugPattern"
  Pass "Target Color and DepthStencil" (vp)
    Target graphics API: metal
    Full variant space:         1
    After settings filtering:   1
    After built-in stripping:   2
    After scriptable stripping: 2
    Processed in 0.00 seconds
  Pass "Target Color and DepthStencil" (fp)
    Target graphics API: metal
    Full variant space:         1
    After settings filtering:   1
    After built-in stripping:   2
    After scriptable stripping: 2
    Processed in 0.00 seconds
  Pass "Target only Color" (vp)
    Target graphics API: metal
    Full variant space:         1
    After settings filtering:   1
    After built-in stripping:   2
    After scriptable stripping: 2
    Processed in 0.00 seconds
  Pass "Target only Color" (fp)
    Target graphics API: metal
    Full variant space:         1
    After settings filtering:   1
    After built-in stripping:   2
    After scriptable stripping: 2
    Processed in 0.00 seconds
  Pass "Target only DepthStencil" (vp)
    Target graphics API: metal
    Full variant space:         1
    After settings filtering:   1
    After built-in stripping:   2
    After scriptable stripping: 2
    Processed in 0.00 seconds
  Pass "Target only DepthStencil" (fp)
    Target graphics API: metal
    Full variant space:         1
    After settings filtering:   1
    After built-in stripping:   2
    After scriptable stripping: 2
    Processed in 0.00 seconds
  Pass Target Color and DepthStencil (vp, metal) finished in 0.00 seconds. Local cache hits 2 (0.00s CPU time), remote cache hits 0 (0.00s CPU time), compiled 0 variants (0.00s CPU time), skipped 0 variants.
    Prepared data for serialisation in 0.00s
  Pass Target Color and DepthStencil (fp, metal) finished in 0.00 seconds. Local cache hits 2 (0.00s CPU time), remote cache hits 0 (0.00s CPU time), compiled 0 variants (0.00s CPU time), skipped 0 variants.
    Prepared data for serialisation in 0.00s
  Pass Target only Color (vp, metal) finished in 0.00 seconds. Local cache hits 2 (0.00s CPU time), remote cache hits 0 (0.00s CPU time), compiled 0 variants (0.00s CPU time), skipped 0 variants.
    Prepared data for serialisation in 0.00s
  Pass Target only Color (fp, metal) finished in 0.00 seconds. Local cache hits 2 (0.00s CPU time), remote cache hits 0 (0.00s CPU time), compiled 0 variants (0.00s CPU time), skipped 0 variants.
    Prepared data for serialisation in 0.00s
  Pass Target only DepthStencil (vp, metal) finished in 0.00 seconds. Local cache hits 2 (0.00s CPU time), remote cache hits 0 (0.00s CPU time), compiled 0 variants (0.00s CPU time), skipped 0 variants.
    Prepared data for serialisation in 0.00s
  Pass Target only DepthStencil (fp, metal) finished in 0.00 seconds. Local cache hits 2 (0.00s CPU time), remote cache hits 0 (0.00s CPU time), compiled 0 variants (0.00s CPU time), skipped 0 variants.
    Prepared data for serialisation in 0.00s
Serialized binary data for shader Hidden/Internal-DebugPattern in 0.00s
    metal (total internal programs: 12, unique: 8)
Compiling shader "Hidden/Internal-GUITextureClip"
  Pass "" (vp)
    Target graphics API: metal
    Full variant space:         1
    After settings filtering:   1
    After built-in stripping:   2
    After scriptable stripping: 2
    Processed in 0.00 seconds
  Pass "" (fp)
    Target graphics API: metal
    Full variant space:         1
    After settings filtering:   1
    After built-in stripping:   2
    After scriptable stripping: 2
    Processed in 0.00 seconds
  Pass "" (vp)
    Target graphics API: metal
    Full variant space:         1
    After settings filtering:   1
    After built-in stripping:   2
    After scriptable stripping: 2
    Processed in 0.00 seconds
  Pass "" (fp)
    Target graphics API: metal
    Full variant space:         1
    After settings filtering:   1
    After built-in stripping:   2
    After scriptable stripping: 2
    Processed in 0.00 seconds
  Pass  (vp, metal) finished in 0.00 seconds. Local cache hits 2 (0.00s CPU time), remote cache hits 0 (0.00s CPU time), compiled 0 variants (0.00s CPU time), skipped 0 variants.
    Prepared data for serialisation in 0.00s
  Pass  (fp, metal) finished in 0.00 seconds. Local cache hits 2 (0.00s CPU time), remote cache hits 0 (0.00s CPU time), compiled 0 variants (0.00s CPU time), skipped 0 variants.
    Prepared data for serialisation in 0.00s
  Pass  (vp, metal) finished in 0.00 seconds. Local cache hits 2 (0.00s CPU time), remote cache hits 0 (0.00s CPU time), compiled 0 variants (0.00s CPU time), skipped 0 variants.
    Prepared data for serialisation in 0.00s
  Pass  (fp, metal) finished in 0.00 seconds. Local cache hits 2 (0.00s CPU time), remote cache hits 0 (0.00s CPU time), compiled 0 variants (0.00s CPU time), skipped 0 variants.
    Prepared data for serialisation in 0.00s
Serialized binary data for shader Hidden/Internal-GUITextureClip in 0.00s
    metal (total internal programs: 8, unique: 4)
Compiling shader "Hidden/Internal-GUITextureClipText"
  Pass "" (vp)
    Target graphics API: metal
    Full variant space:         1
    After settings filtering:   1
    After built-in stripping:   2
    After scriptable stripping: 2
    Processed in 0.00 seconds
  Pass "" (fp)
    Target graphics API: metal
    Full variant space:         1
    After settings filtering:   1
    After built-in stripping:   2
    After scriptable stripping: 2
    Processed in 0.00 seconds
  Pass "" (vp)
    Target graphics API: metal
    Full variant space:         1
    After settings filtering:   1
    After built-in stripping:   2
    After scriptable stripping: 2
    Processed in 0.00 seconds
  Pass "" (fp)
    Target graphics API: metal
    Full variant space:         1
    After settings filtering:   1
    After built-in stripping:   2
    After scriptable stripping: 2
    Processed in 0.00 seconds
  Pass  (vp, metal) finished in 0.00 seconds. Local cache hits 2 (0.00s CPU time), remote cache hits 0 (0.00s CPU time), compiled 0 variants (0.00s CPU time), skipped 0 variants.
    Prepared data for serialisation in 0.00s
  Pass  (fp, metal) finished in 0.00 seconds. Local cache hits 2 (0.00s CPU time), remote cache hits 0 (0.00s CPU time), compiled 0 variants (0.00s CPU time), skipped 0 variants.
    Prepared data for serialisation in 0.00s
  Pass  (vp, metal) finished in 0.00 seconds. Local cache hits 2 (0.00s CPU time), remote cache hits 0 (0.00s CPU time), compiled 0 variants (0.00s CPU time), skipped 0 variants.
    Prepared data for serialisation in 0.00s
  Pass  (fp, metal) finished in 0.00 seconds. Local cache hits 2 (0.00s CPU time), remote cache hits 0 (0.00s CPU time), compiled 0 variants (0.00s CPU time), skipped 0 variants.
    Prepared data for serialisation in 0.00s
Serialized binary data for shader Hidden/Internal-GUITextureClipText in 0.00s
    metal (total internal programs: 8, unique: 4)
Compiling shader "Hidden/Internal-GUITexture"
  Pass "" (vp)
    Target graphics API: metal
    Full variant space:         1
    After settings filtering:   1
    After built-in stripping:   2
    After scriptable stripping: 2
    Processed in 0.00 seconds
  Pass "" (fp)
    Target graphics API: metal
    Full variant space:         1
    After settings filtering:   1
    After built-in stripping:   2
    After scriptable stripping: 2
    Processed in 0.00 seconds
  Pass "" (vp)
    Target graphics API: metal
    Full variant space:         1
    After settings filtering:   1
    After built-in stripping:   2
    After scriptable stripping: 2
    Processed in 0.00 seconds
  Pass "" (fp)
    Target graphics API: metal
    Full variant space:         1
    After settings filtering:   1
    After built-in stripping:   2
    After scriptable stripping: 2
    Processed in 0.00 seconds
  Pass  (vp, metal) finished in 0.00 seconds. Local cache hits 2 (0.00s CPU time), remote cache hits 0 (0.00s CPU time), compiled 0 variants (0.00s CPU time), skipped 0 variants.
    Prepared data for serialisation in 0.00s
  Pass  (fp, metal) finished in 0.00 seconds. Local cache hits 2 (0.00s CPU time), remote cache hits 0 (0.00s CPU time), compiled 0 variants (0.00s CPU time), skipped 0 variants.
    Prepared data for serialisation in 0.00s
  Pass  (vp, metal) finished in 0.00 seconds. Local cache hits 2 (0.00s CPU time), remote cache hits 0 (0.00s CPU time), compiled 0 variants (0.00s CPU time), skipped 0 variants.
    Prepared data for serialisation in 0.00s
  Pass  (fp, metal) finished in 0.00 seconds. Local cache hits 2 (0.00s CPU time), remote cache hits 0 (0.00s CPU time), compiled 0 variants (0.00s CPU time), skipped 0 variants.
    Prepared data for serialisation in 0.00s
Serialized binary data for shader Hidden/Internal-GUITexture in 0.00s
    metal (total internal programs: 8, unique: 4)
Compiling shader "Hidden/Internal-GUITextureBlit"
  Pass "" (vp)
    Target graphics API: metal
    Full variant space:         1
    After settings filtering:   1
    After built-in stripping:   2
    After scriptable stripping: 2
    Processed in 0.00 seconds
  Pass "" (fp)
    Target graphics API: metal
    Full variant space:         1
    After settings filtering:   1
    After built-in stripping:   2
    After scriptable stripping: 2
    Processed in 0.00 seconds
  Pass "" (vp)
    Target graphics API: metal
    Full variant space:         1
    After settings filtering:   1
    After built-in stripping:   2
    After scriptable stripping: 2
    Processed in 0.00 seconds
  Pass "" (fp)
    Target graphics API: metal
    Full variant space:         1
    After settings filtering:   1
    After built-in stripping:   2
    After scriptable stripping: 2
    Processed in 0.00 seconds
  Pass  (vp, metal) finished in 0.00 seconds. Local cache hits 2 (0.00s CPU time), remote cache hits 0 (0.00s CPU time), compiled 0 variants (0.00s CPU time), skipped 0 variants.
    Prepared data for serialisation in 0.00s
  Pass  (fp, metal) finished in 0.00 seconds. Local cache hits 2 (0.00s CPU time), remote cache hits 0 (0.00s CPU time), compiled 0 variants (0.00s CPU time), skipped 0 variants.
    Prepared data for serialisation in 0.00s
  Pass  (vp, metal) finished in 0.00 seconds. Local cache hits 2 (0.00s CPU time), remote cache hits 0 (0.00s CPU time), compiled 0 variants (0.00s CPU time), skipped 0 variants.
    Prepared data for serialisation in 0.00s
  Pass  (fp, metal) finished in 0.00 seconds. Local cache hits 2 (0.00s CPU time), remote cache hits 0 (0.00s CPU time), compiled 0 variants (0.00s CPU time), skipped 0 variants.
    Prepared data for serialisation in 0.00s
Serialized binary data for shader Hidden/Internal-GUITextureBlit in 0.00s
    metal (total internal programs: 8, unique: 4)
Compiling shader "Hidden/Internal-GUIRoundedRect"
  Pass "" (vp)
    Target graphics API: metal
    Full variant space:         1
    After settings filtering:   1
    After built-in stripping:   2
    After scriptable stripping: 2
    Processed in 0.00 seconds
  Pass "" (fp)
    Target graphics API: metal
    Full variant space:         1
    After settings filtering:   1
    After built-in stripping:   2
    After scriptable stripping: 2
    Processed in 0.00 seconds
  Pass "" (vp)
    Target graphics API: metal
    Full variant space:         1
    After settings filtering:   1
    After built-in stripping:   2
    After scriptable stripping: 2
    Processed in 0.00 seconds
  Pass "" (fp)
    Target graphics API: metal
    Full variant space:         1
    After settings filtering:   1
    After built-in stripping:   2
    After scriptable stripping: 2
    Processed in 0.00 seconds
  Pass  (vp, metal) finished in 0.00 seconds. Local cache hits 2 (0.00s CPU time), remote cache hits 0 (0.00s CPU time), compiled 0 variants (0.00s CPU time), skipped 0 variants.
    Prepared data for serialisation in 0.00s
  Pass  (fp, metal) finished in 0.00 seconds. Local cache hits 2 (0.00s CPU time), remote cache hits 0 (0.00s CPU time), compiled 0 variants (0.00s CPU time), skipped 0 variants.
    Prepared data for serialisation in 0.00s
  Pass  (vp, metal) finished in 0.00 seconds. Local cache hits 2 (0.00s CPU time), remote cache hits 0 (0.00s CPU time), compiled 0 variants (0.00s CPU time), skipped 0 variants.
    Prepared data for serialisation in 0.00s
  Pass  (fp, metal) finished in 0.00 seconds. Local cache hits 2 (0.00s CPU time), remote cache hits 0 (0.00s CPU time), compiled 0 variants (0.00s CPU time), skipped 0 variants.
    Prepared data for serialisation in 0.00s
Serialized binary data for shader Hidden/Internal-GUIRoundedRect in 0.00s
    metal (total internal programs: 8, unique: 4)
Compiling shader "Hidden/Internal-GUIRoundedRectWithColorPerBorder"
  Pass "" (vp)
    Target graphics API: metal
    Full variant space:         1
    After settings filtering:   1
    After built-in stripping:   2
    After scriptable stripping: 2
    Processed in 0.00 seconds
  Pass "" (fp)
    Target graphics API: metal
    Full variant space:         1
    After settings filtering:   1
    After built-in stripping:   2
    After scriptable stripping: 2
    Processed in 0.00 seconds
  Pass "" (vp)
    Target graphics API: metal
    Full variant space:         1
    After settings filtering:   1
    After built-in stripping:   2
    After scriptable stripping: 2
    Processed in 0.00 seconds
  Pass "" (fp)
    Target graphics API: metal
    Full variant space:         1
    After settings filtering:   1
    After built-in stripping:   2
    After scriptable stripping: 2
    Processed in 0.00 seconds
  Pass  (vp, metal) finished in 0.00 seconds. Local cache hits 2 (0.00s CPU time), remote cache hits 0 (0.00s CPU time), compiled 0 variants (0.00s CPU time), skipped 0 variants.
    Prepared data for serialisation in 0.00s
  Pass  (fp, metal) finished in 0.00 seconds. Local cache hits 2 (0.00s CPU time), remote cache hits 0 (0.00s CPU time), compiled 0 variants (0.00s CPU time), skipped 0 variants.
    Prepared data for serialisation in 0.00s
  Pass  (vp, metal) finished in 0.00 seconds. Local cache hits 2 (0.00s CPU time), remote cache hits 0 (0.00s CPU time), compiled 0 variants (0.00s CPU time), skipped 0 variants.
    Prepared data for serialisation in 0.00s
  Pass  (fp, metal) finished in 0.00 seconds. Local cache hits 2 (0.00s CPU time), remote cache hits 0 (0.00s CPU time), compiled 0 variants (0.00s CPU time), skipped 0 variants.
    Prepared data for serialisation in 0.00s
Serialized binary data for shader Hidden/Internal-GUIRoundedRectWithColorPerBorder in 0.00s
    metal (total internal programs: 8, unique: 4)
Compiling shader "Hidden/Internal-UIRDefault"
  Pass "" (vp)
    Target graphics API: metal
    Full variant space:         40
    After settings filtering:   40
    After built-in stripping:   80
    After scriptable stripping: 80
    Processed in 0.00 seconds
  Pass "" (fp)
    Target graphics API: metal
    Full variant space:         40
    After settings filtering:   40
    After built-in stripping:   80
    After scriptable stripping: 80
    Processed in 0.00 seconds
  Pass  (vp, metal) finished in 0.00 seconds. Local cache hits 80 (0.02s CPU time), remote cache hits 0 (0.00s CPU time), compiled 0 variants (0.00s CPU time), skipped 0 variants.
    Prepared data for serialisation in 0.00s
  Pass  (fp, metal) finished in 0.00 seconds. Local cache hits 80 (0.02s CPU time), remote cache hits 0 (0.00s CPU time), compiled 0 variants (0.00s CPU time), skipped 0 variants.
    Prepared data for serialisation in 0.00s
Serialized binary data for shader Hidden/Internal-UIRDefault in 0.00s
    metal (total internal programs: 160, unique: 160)
Compressed shader 'Hidden/Internal-UIRDefault' on metal from 1.49MB to 0.05MB
Compressed shader 'Hidden/Internal-UIRDefault' in 0.01s
Compiling shader "Hidden/Internal-UIRAtlasBlitCopy"
  Pass "" (vp)
    Target graphics API: metal
    Full variant space:         1
    After settings filtering:   1
    After built-in stripping:   2
    After scriptable stripping: 2
    Processed in 0.00 seconds
  Pass "" (fp)
    Target graphics API: metal
    Full variant space:         1
    After settings filtering:   1
    After built-in stripping:   2
    After scriptable stripping: 2
    Processed in 0.00 seconds
  Pass  (vp, metal) finished in 0.00 seconds. Local cache hits 2 (0.00s CPU time), remote cache hits 0 (0.00s CPU time), compiled 0 variants (0.00s CPU time), skipped 0 variants.
    Prepared data for serialisation in 0.00s
  Pass  (fp, metal) finished in 0.00 seconds. Local cache hits 2 (0.00s CPU time), remote cache hits 0 (0.00s CPU time), compiled 0 variants (0.00s CPU time), skipped 0 variants.
    Prepared data for serialisation in 0.00s
Serialized binary data for shader Hidden/Internal-UIRAtlasBlitCopy in 0.00s
    metal (total internal programs: 4, unique: 4)
Compiling shader "Sprites/Default"
  Pass "" (vp)
    Target graphics API: metal
    Full variant space:         8
    After settings filtering:   8
    After built-in stripping:   8
    After scriptable stripping: 8
    Processed in 0.00 seconds
  Pass "" (fp)
    Target graphics API: metal
    Full variant space:         8
    After settings filtering:   8
    After built-in stripping:   8
    After scriptable stripping: 8
    Processed in 0.00 seconds
  Pass  (vp, metal) finished in 0.00 seconds. Local cache hits 8 (0.00s CPU time), remote cache hits 0 (0.00s CPU time), compiled 0 variants (0.00s CPU time), skipped 0 variants.
    Prepared data for serialisation in 0.00s
  Pass  (fp, metal) finished in 0.00 seconds. Local cache hits 8 (0.00s CPU time), remote cache hits 0 (0.00s CPU time), compiled 0 variants (0.00s CPU time), skipped 0 variants.
    Prepared data for serialisation in 0.00s
Serialized binary data for shader Sprites/Default in 0.00s
    metal (total internal programs: 16, unique: 16)
Compiling shader "Sprites/Mask"
  Pass "" (vp)
    Target graphics API: metal
    Full variant space:         4
    After settings filtering:   4
    After built-in stripping:   8
    After scriptable stripping: 8
    Processed in 0.00 seconds
  Pass "" (fp)
    Target graphics API: metal
    Full variant space:         4
    After settings filtering:   4
    After built-in stripping:   8
    After scriptable stripping: 8
    Processed in 0.00 seconds
  Pass  (vp, metal) finished in 0.00 seconds. Local cache hits 8 (0.00s CPU time), remote cache hits 0 (0.00s CPU time), compiled 0 variants (0.00s CPU time), skipped 0 variants.
    Prepared data for serialisation in 0.00s
  Pass  (fp, metal) finished in 0.00 seconds. Local cache hits 8 (0.00s CPU time), remote cache hits 0 (0.00s CPU time), compiled 0 variants (0.00s CPU time), skipped 0 variants.
    Prepared data for serialisation in 0.00s
Serialized binary data for shader Sprites/Mask in 0.00s
    metal (total internal programs: 16, unique: 16)
Compiling shader "UI/Default"
  Pass "Default" (vp)
    Target graphics API: metal
    Full variant space:         4
    After settings filtering:   4
    After built-in stripping:   8
    After scriptable stripping: 8
    Processed in 0.00 seconds
  Pass "Default" (fp)
    Target graphics API: metal
    Full variant space:         4
    After settings filtering:   4
    After built-in stripping:   8
    After scriptable stripping: 8
    Processed in 0.00 seconds
  Pass "XRMotionVectors" (vp)
    Target graphics API: metal
    Full variant space:         4
    After settings filtering:   4
    After built-in stripping:   8
    After scriptable stripping: 8
    Processed in 0.00 seconds
  Pass "XRMotionVectors" (fp)
    Target graphics API: metal
    Full variant space:         4
    After settings filtering:   4
    After built-in stripping:   8
    After scriptable stripping: 8
    Processed in 0.00 seconds
  Pass Default (vp, metal) finished in 0.00 seconds. Local cache hits 8 (0.00s CPU time), remote cache hits 0 (0.00s CPU time), compiled 0 variants (0.00s CPU time), skipped 0 variants.
    Prepared data for serialisation in 0.00s
  Pass Default (fp, metal) finished in 0.00 seconds. Local cache hits 8 (0.00s CPU time), remote cache hits 0 (0.00s CPU time), compiled 0 variants (0.00s CPU time), skipped 0 variants.
    Prepared data for serialisation in 0.00s
  Pass XRMotionVectors (vp, metal) finished in 0.00 seconds. Local cache hits 8 (0.00s CPU time), remote cache hits 0 (0.00s CPU time), compiled 0 variants (0.00s CPU time), skipped 0 variants.
    Prepared data for serialisation in 0.00s
  Pass XRMotionVectors (fp, metal) finished in 0.00 seconds. Local cache hits 8 (0.00s CPU time), remote cache hits 0 (0.00s CPU time), compiled 0 variants (0.00s CPU time), skipped 0 variants.
    Prepared data for serialisation in 0.00s
Serialized binary data for shader UI/Default in 0.00s
    metal (total internal programs: 32, unique: 32)
Compiling shader "UI/DefaultETC1"
  Pass "Default" (vp)
    Target graphics API: metal
    Full variant space:         4
    After settings filtering:   4
    After built-in stripping:   8
    After scriptable stripping: 8
    Processed in 0.00 seconds
  Pass "Default" (fp)
    Target graphics API: metal
    Full variant space:         4
    After settings filtering:   4
    After built-in stripping:   8
    After scriptable stripping: 8
    Processed in 0.00 seconds
  Pass "XRMotionVectors" (vp)
    Target graphics API: metal
    Full variant space:         4
    After settings filtering:   4
    After built-in stripping:   8
    After scriptable stripping: 8
    Processed in 0.00 seconds
  Pass "XRMotionVectors" (fp)
    Target graphics API: metal
    Full variant space:         4
    After settings filtering:   4
    After built-in stripping:   8
    After scriptable stripping: 8
    Processed in 0.00 seconds
  Pass Default (vp, metal) finished in 0.00 seconds. Local cache hits 8 (0.00s CPU time), remote cache hits 0 (0.00s CPU time), compiled 0 variants (0.00s CPU time), skipped 0 variants.
    Prepared data for serialisation in 0.00s
  Pass Default (fp, metal) finished in 0.00 seconds. Local cache hits 8 (0.00s CPU time), remote cache hits 0 (0.00s CPU time), compiled 0 variants (0.00s CPU time), skipped 0 variants.
    Prepared data for serialisation in 0.00s
  Pass XRMotionVectors (vp, metal) finished in 0.00 seconds. Local cache hits 8 (0.00s CPU time), remote cache hits 0 (0.00s CPU time), compiled 0 variants (0.00s CPU time), skipped 0 variants.
    Prepared data for serialisation in 0.00s
  Pass XRMotionVectors (fp, metal) finished in 0.00 seconds. Local cache hits 8 (0.00s CPU time), remote cache hits 0 (0.00s CPU time), compiled 0 variants (0.00s CPU time), skipped 0 variants.
    Prepared data for serialisation in 0.00s
Serialized binary data for shader UI/DefaultETC1 in 0.00s
    metal (total internal programs: 32, unique: 32)
Compiling shader "Hidden/CubeBlur"
  Pass "" (vp)
    Target graphics API: metal
    Full variant space:         1
    After settings filtering:   1
    After built-in stripping:   2
    After scriptable stripping: 2
    Processed in 0.00 seconds
  Pass "" (fp)
    Target graphics API: metal
    Full variant space:         1
    After settings filtering:   1
    After built-in stripping:   2
    After scriptable stripping: 2
    Processed in 0.00 seconds
  Pass "" (vp)
    Target graphics API: metal
    Full variant space:         1
    After settings filtering:   1
    After built-in stripping:   2
    After scriptable stripping: 2
    Processed in 0.00 seconds
  Pass "" (fp)
    Target graphics API: metal
    Full variant space:         1
    After settings filtering:   1
    After built-in stripping:   2
    After scriptable stripping: 2
    Processed in 0.00 seconds
  Pass  (vp, metal) finished in 0.00 seconds. Local cache hits 2 (0.00s CPU time), remote cache hits 0 (0.00s CPU time), compiled 0 variants (0.00s CPU time), skipped 0 variants.
    Prepared data for serialisation in 0.00s
  Pass  (fp, metal) finished in 0.00 seconds. Local cache hits 2 (0.00s CPU time), remote cache hits 0 (0.00s CPU time), compiled 0 variants (0.00s CPU time), skipped 0 variants.
    Prepared data for serialisation in 0.00s
  Pass  (vp, metal) finished in 0.00 seconds. Local cache hits 2 (0.00s CPU time), remote cache hits 0 (0.00s CPU time), compiled 0 variants (0.00s CPU time), skipped 0 variants.
    Prepared data for serialisation in 0.00s
  Pass  (fp, metal) finished in 0.00 seconds. Local cache hits 2 (0.00s CPU time), remote cache hits 0 (0.00s CPU time), compiled 0 variants (0.00s CPU time), skipped 0 variants.
    Prepared data for serialisation in 0.00s
Serialized binary data for shader Hidden/CubeBlur in 0.00s
    metal (total internal programs: 8, unique: 5)
Compiling shader "Hidden/CubeCopy"
  Pass "" (vp)
    Target graphics API: metal
    Full variant space:         1
    After settings filtering:   1
    After built-in stripping:   2
    After scriptable stripping: 2
    Processed in 0.00 seconds
  Pass "" (fp)
    Target graphics API: metal
    Full variant space:         1
    After settings filtering:   1
    After built-in stripping:   2
    After scriptable stripping: 2
    Processed in 0.00 seconds
  Pass "" (vp)
    Target graphics API: metal
    Full variant space:         1
    After settings filtering:   1
    After built-in stripping:   2
    After scriptable stripping: 2
    Processed in 0.00 seconds
  Pass "" (fp)
    Target graphics API: metal
    Full variant space:         1
    After settings filtering:   1
    After built-in stripping:   2
    After scriptable stripping: 2
    Processed in 0.00 seconds
  Pass  (vp, metal) finished in 0.00 seconds. Local cache hits 2 (0.00s CPU time), remote cache hits 0 (0.00s CPU time), compiled 0 variants (0.00s CPU time), skipped 0 variants.
    Prepared data for serialisation in 0.00s
  Pass  (fp, metal) finished in 0.00 seconds. Local cache hits 2 (0.00s CPU time), remote cache hits 0 (0.00s CPU time), compiled 0 variants (0.00s CPU time), skipped 0 variants.
    Prepared data for serialisation in 0.00s
  Pass  (vp, metal) finished in 0.00 seconds. Local cache hits 2 (0.00s CPU time), remote cache hits 0 (0.00s CPU time), compiled 0 variants (0.00s CPU time), skipped 0 variants.
    Prepared data for serialisation in 0.00s
  Pass  (fp, metal) finished in 0.00 seconds. Local cache hits 2 (0.00s CPU time), remote cache hits 0 (0.00s CPU time), compiled 0 variants (0.00s CPU time), skipped 0 variants.
    Prepared data for serialisation in 0.00s
Serialized binary data for shader Hidden/CubeCopy in 0.00s
    metal (total internal programs: 8, unique: 4)
Compiling shader "Hidden/CubeBlend"
  Pass "" (vp)
    Target graphics API: metal
    Full variant space:         1
    After settings filtering:   1
    After built-in stripping:   2
    After scriptable stripping: 2
    Processed in 0.00 seconds
  Pass "" (fp)
    Target graphics API: metal
    Full variant space:         1
    After settings filtering:   1
    After built-in stripping:   2
    After scriptable stripping: 2
    Processed in 0.00 seconds
  Pass "" (vp)
    Target graphics API: metal
    Full variant space:         1
    After settings filtering:   1
    After built-in stripping:   2
    After scriptable stripping: 2
    Processed in 0.00 seconds
  Pass "" (fp)
    Target graphics API: metal
    Full variant space:         1
    After settings filtering:   1
    After built-in stripping:   2
    After scriptable stripping: 2
    Processed in 0.00 seconds
  Pass  (vp, metal) finished in 0.00 seconds. Local cache hits 2 (0.00s CPU time), remote cache hits 0 (0.00s CPU time), compiled 0 variants (0.00s CPU time), skipped 0 variants.
    Prepared data for serialisation in 0.00s
  Pass  (fp, metal) finished in 0.00 seconds. Local cache hits 2 (0.00s CPU time), remote cache hits 0 (0.00s CPU time), compiled 0 variants (0.00s CPU time), skipped 0 variants.
    Prepared data for serialisation in 0.00s
  Pass  (vp, metal) finished in 0.00 seconds. Local cache hits 2 (0.00s CPU time), remote cache hits 0 (0.00s CPU time), compiled 0 variants (0.00s CPU time), skipped 0 variants.
    Prepared data for serialisation in 0.00s
  Pass  (fp, metal) finished in 0.00 seconds. Local cache hits 2 (0.00s CPU time), remote cache hits 0 (0.00s CPU time), compiled 0 variants (0.00s CPU time), skipped 0 variants.
    Prepared data for serialisation in 0.00s
Serialized binary data for shader Hidden/CubeBlend in 0.00s
    metal (total internal programs: 8, unique: 4)
Compiling shader "Hidden/VR/BlitTexArraySlice"
  Pass "" (vp)
    Target graphics API: metal
    Full variant space:         1
    After settings filtering:   1
    After built-in stripping:   2
    After scriptable stripping: 2
    Processed in 0.00 seconds
  Pass "" (fp)
    Target graphics API: metal
    Full variant space:         1
    After settings filtering:   1
    After built-in stripping:   2
    After scriptable stripping: 2
    Processed in 0.00 seconds
  Pass  (vp, metal) finished in 0.00 seconds. Local cache hits 2 (0.00s CPU time), remote cache hits 0 (0.00s CPU time), compiled 0 variants (0.00s CPU time), skipped 0 variants.
    Prepared data for serialisation in 0.00s
  Pass  (fp, metal) finished in 0.00 seconds. Local cache hits 2 (0.00s CPU time), remote cache hits 0 (0.00s CPU time), compiled 0 variants (0.00s CPU time), skipped 0 variants.
    Prepared data for serialisation in 0.00s
Serialized binary data for shader Hidden/VR/BlitTexArraySlice in 0.00s
    metal (total internal programs: 4, unique: 4)
Compiling shader "Hidden/VR/BlitTexArraySliceToDepth"
  Pass "" (vp)
    Target graphics API: metal
    Full variant space:         1
    After settings filtering:   1
    After built-in stripping:   2
    After scriptable stripping: 2
    Processed in 0.00 seconds
  Pass "" (fp)
    Target graphics API: metal
    Full variant space:         1
    After settings filtering:   1
    After built-in stripping:   2
    After scriptable stripping: 2
    Processed in 0.00 seconds
  Pass  (vp, metal) finished in 0.00 seconds. Local cache hits 2 (0.00s CPU time), remote cache hits 0 (0.00s CPU time), compiled 0 variants (0.00s CPU time), skipped 0 variants.
    Prepared data for serialisation in 0.00s
  Pass  (fp, metal) finished in 0.00 seconds. Local cache hits 2 (0.00s CPU time), remote cache hits 0 (0.00s CPU time), compiled 0 variants (0.00s CPU time), skipped 0 variants.
    Prepared data for serialisation in 0.00s
Serialized binary data for shader Hidden/VR/BlitTexArraySliceToDepth in 0.00s
    metal (total internal programs: 4, unique: 4)
Compiling shader "Hidden/VR/BlitTexArraySliceToDepth_MSAA"
  Pass "" (vp)
    Target graphics API: metal
    Full variant space:         1
    After settings filtering:   1
    After built-in stripping:   2
    After scriptable stripping: 2
    Processed in 0.00 seconds
  Pass "" (fp)
    Target graphics API: metal
    Full variant space:         1
    After settings filtering:   1
    After built-in stripping:   2
    After scriptable stripping: 2
    Processed in 0.00 seconds
  Pass  (vp, metal) finished in 0.00 seconds. Local cache hits 2 (0.00s CPU time), remote cache hits 0 (0.00s CPU time), compiled 0 variants (0.00s CPU time), skipped 0 variants.
    Prepared data for serialisation in 0.00s
  Pass  (fp, metal) finished in 0.00 seconds. Local cache hits 2 (0.00s CPU time), remote cache hits 0 (0.00s CPU time), compiled 0 variants (0.00s CPU time), skipped 0 variants.
    Prepared data for serialisation in 0.00s
Serialized binary data for shader Hidden/VR/BlitTexArraySliceToDepth_MSAA in 0.00s
    metal (total internal programs: 4, unique: 4)
Compiling shader "Hidden/Internal-ODSWorldTexture"
  Pass "" (vp)
    Target graphics API: metal
    Full variant space:         1
    After settings filtering:   1
    After built-in stripping:   2
    After scriptable stripping: 2
    Processed in 0.00 seconds
  Pass "" (fp)
    Target graphics API: metal
    Full variant space:         1
    After settings filtering:   1
    After built-in stripping:   2
    After scriptable stripping: 2
    Processed in 0.00 seconds
  Pass "" (vp)
    Target graphics API: metal
    Full variant space:         1
    After settings filtering:   1
    After built-in stripping:   2
    After scriptable stripping: 2
    Processed in 0.00 seconds
  Pass "" (fp)
    Target graphics API: metal
    Full variant space:         1
    After settings filtering:   1
    After built-in stripping:   2
    After scriptable stripping: 2
    Processed in 0.00 seconds
  Pass "" (vp)
    Target graphics API: metal
    Full variant space:         1
    After settings filtering:   1
    After built-in stripping:   2
    After scriptable stripping: 2
    Processed in 0.00 seconds
  Pass "" (fp)
    Target graphics API: metal
    Full variant space:         1
    After settings filtering:   1
    After built-in stripping:   2
    After scriptable stripping: 2
    Processed in 0.00 seconds
  Pass "" (vp)
    Target graphics API: metal
    Full variant space:         1
    After settings filtering:   1
    After built-in stripping:   2
    After scriptable stripping: 2
    Processed in 0.00 seconds
  Pass "" (fp)
    Target graphics API: metal
    Full variant space:         1
    After settings filtering:   1
    After built-in stripping:   2
    After scriptable stripping: 2
    Processed in 0.00 seconds
  Pass "" (vp)
    Target graphics API: metal
    Full variant space:         1
    After settings filtering:   1
    After built-in stripping:   2
    After scriptable stripping: 2
    Processed in 0.00 seconds
  Pass "" (fp)
    Target graphics API: metal
    Full variant space:         1
    After settings filtering:   1
    After built-in stripping:   2
    After scriptable stripping: 2
    Processed in 0.00 seconds
  Pass "" (vp)
    Target graphics API: metal
    Full variant space:         1
    After settings filtering:   1
    After built-in stripping:   2
    After scriptable stripping: 2
    Processed in 0.00 seconds
  Pass "" (fp)
    Target graphics API: metal
    Full variant space:         1
    After settings filtering:   1
    After built-in stripping:   2
    After scriptable stripping: 2
    Processed in 0.00 seconds
  Pass "" (vp)
    Target graphics API: metal
    Full variant space:         1
    After settings filtering:   1
    After built-in stripping:   2
    After scriptable stripping: 2
    Processed in 0.00 seconds
  Pass "" (fp)
    Target graphics API: metal
    Full variant space:         1
    After settings filtering:   1
    After built-in stripping:   2
    After scriptable stripping: 2
    Processed in 0.00 seconds
  Pass "" (vp)
    Target graphics API: metal
    Full variant space:         1
    After settings filtering:   1
    After built-in stripping:   2
    After scriptable stripping: 2
    Processed in 0.00 seconds
  Pass "" (fp)
    Target graphics API: metal
    Full variant space:         1
    After settings filtering:   1
    After built-in stripping:   2
    After scriptable stripping: 2
    Processed in 0.00 seconds
  Pass "" (vp)
    Target graphics API: metal
    Full variant space:         1
    After settings filtering:   1
    After built-in stripping:   2
    After scriptable stripping: 2
    Processed in 0.00 seconds
  Pass "" (fp)
    Target graphics API: metal
    Full variant space:         1
    After settings filtering:   1
    After built-in stripping:   2
    After scriptable stripping: 2
    Processed in 0.00 seconds
  Pass "" (vp)
    Target graphics API: metal
    Full variant space:         1
    After settings filtering:   1
    After built-in stripping:   2
    After scriptable stripping: 2
    Processed in 0.00 seconds
  Pass "" (fp)
    Target graphics API: metal
    Full variant space:         1
    After settings filtering:   1
    After built-in stripping:   2
    After scriptable stripping: 2
    Processed in 0.00 seconds
  Pass  (vp, metal) finished in 0.00 seconds. Local cache hits 2 (0.00s CPU time), remote cache hits 0 (0.00s CPU time), compiled 0 variants (0.00s CPU time), skipped 0 variants.
    Prepared data for serialisation in 0.00s
  Pass  (fp, metal) finished in 0.00 seconds. Local cache hits 2 (0.00s CPU time), remote cache hits 0 (0.00s CPU time), compiled 0 variants (0.00s CPU time), skipped 0 variants.
    Prepared data for serialisation in 0.00s
  Pass  (vp, metal) finished in 0.00 seconds. Local cache hits 2 (0.00s CPU time), remote cache hits 0 (0.00s CPU time), compiled 0 variants (0.00s CPU time), skipped 0 variants.
    Prepared data for serialisation in 0.00s
  Pass  (fp, metal) finished in 0.00 seconds. Local cache hits 2 (0.00s CPU time), remote cache hits 0 (0.00s CPU time), compiled 0 variants (0.00s CPU time), skipped 0 variants.
    Prepared data for serialisation in 0.00s
  Pass  (vp, metal) finished in 0.00 seconds. Local cache hits 2 (0.00s CPU time), remote cache hits 0 (0.00s CPU time), compiled 0 variants (0.00s CPU time), skipped 0 variants.
    Prepared data for serialisation in 0.00s
  Pass  (fp, metal) finished in 0.00 seconds. Local cache hits 2 (0.00s CPU time), remote cache hits 0 (0.00s CPU time), compiled 0 variants (0.00s CPU time), skipped 0 variants.
    Prepared data for serialisation in 0.00s
  Pass  (vp, metal) finished in 0.00 seconds. Local cache hits 2 (0.00s CPU time), remote cache hits 0 (0.00s CPU time), compiled 0 variants (0.00s CPU time), skipped 0 variants.
    Prepared data for serialisation in 0.00s
  Pass  (fp, metal) finished in 0.00 seconds. Local cache hits 2 (0.00s CPU time), remote cache hits 0 (0.00s CPU time), compiled 0 variants (0.00s CPU time), skipped 0 variants.
    Prepared data for serialisation in 0.00s
  Pass  (vp, metal) finished in 0.00 seconds. Local cache hits 2 (0.00s CPU time), remote cache hits 0 (0.00s CPU time), compiled 0 variants (0.00s CPU time), skipped 0 variants.
    Prepared data for serialisation in 0.00s
  Pass  (fp, metal) finished in 0.00 seconds. Local cache hits 2 (0.00s CPU time), remote cache hits 0 (0.00s CPU time), compiled 0 variants (0.00s CPU time), skipped 0 variants.
    Prepared data for serialisation in 0.00s
  Pass  (vp, metal) finished in 0.00 seconds. Local cache hits 2 (0.00s CPU time), remote cache hits 0 (0.00s CPU time), compiled 0 variants (0.00s CPU time), skipped 0 variants.
    Prepared data for serialisation in 0.00s
  Pass  (fp, metal) finished in 0.00 seconds. Local cache hits 2 (0.00s CPU time), remote cache hits 0 (0.00s CPU time), compiled 0 variants (0.00s CPU time), skipped 0 variants.
    Prepared data for serialisation in 0.00s
  Pass  (vp, metal) finished in 0.00 seconds. Local cache hits 2 (0.00s CPU time), remote cache hits 0 (0.00s CPU time), compiled 0 variants (0.00s CPU time), skipped 0 variants.
    Prepared data for serialisation in 0.00s
  Pass  (fp, metal) finished in 0.00 seconds. Local cache hits 2 (0.00s CPU time), remote cache hits 0 (0.00s CPU time), compiled 0 variants (0.00s CPU time), skipped 0 variants.
    Prepared data for serialisation in 0.00s
  Pass  (vp, metal) finished in 0.00 seconds. Local cache hits 2 (0.00s CPU time), remote cache hits 0 (0.00s CPU time), compiled 0 variants (0.00s CPU time), skipped 0 variants.
    Prepared data for serialisation in 0.00s
  Pass  (fp, metal) finished in 0.00 seconds. Local cache hits 2 (0.00s CPU time), remote cache hits 0 (0.00s CPU time), compiled 0 variants (0.00s CPU time), skipped 0 variants.
    Prepared data for serialisation in 0.00s
  Pass  (vp, metal) finished in 0.00 seconds. Local cache hits 2 (0.00s CPU time), remote cache hits 0 (0.00s CPU time), compiled 0 variants (0.00s CPU time), skipped 0 variants.
    Prepared data for serialisation in 0.00s
  Pass  (fp, metal) finished in 0.00 seconds. Local cache hits 2 (0.00s CPU time), remote cache hits 0 (0.00s CPU time), compiled 0 variants (0.00s CPU time), skipped 0 variants.
    Prepared data for serialisation in 0.00s
  Pass  (vp, metal) finished in 0.00 seconds. Local cache hits 2 (0.00s CPU time), remote cache hits 0 (0.00s CPU time), compiled 0 variants (0.00s CPU time), skipped 0 variants.
    Prepared data for serialisation in 0.00s
  Pass  (fp, metal) finished in 0.00 seconds. Local cache hits 2 (0.00s CPU time), remote cache hits 0 (0.00s CPU time), compiled 0 variants (0.00s CPU time), skipped 0 variants.
    Prepared data for serialisation in 0.00s
Serialized binary data for shader Hidden/Internal-ODSWorldTexture in 0.00s
    metal (total internal programs: 40, unique: 28)
Compiling shader "Hidden/Internal-CubemapToEquirect"
  Pass "" (vp)
    Target graphics API: metal
    Full variant space:         1
    After settings filtering:   1
    After built-in stripping:   2
    After scriptable stripping: 2
    Processed in 0.00 seconds
  Pass "" (fp)
    Target graphics API: metal
    Full variant space:         1
    After settings filtering:   1
    After built-in stripping:   2
    After scriptable stripping: 2
    Processed in 0.00 seconds
  Pass  (vp, metal) finished in 0.00 seconds. Local cache hits 2 (0.00s CPU time), remote cache hits 0 (0.00s CPU time), compiled 0 variants (0.00s CPU time), skipped 0 variants.
    Prepared data for serialisation in 0.00s
  Pass  (fp, metal) finished in 0.00 seconds. Local cache hits 2 (0.00s CPU time), remote cache hits 0 (0.00s CPU time), compiled 0 variants (0.00s CPU time), skipped 0 variants.
    Prepared data for serialisation in 0.00s
Serialized binary data for shader Hidden/Internal-CubemapToEquirect in 0.00s
    metal (total internal programs: 4, unique: 4)
Compiling shader "Hidden/VR/BlitFromTex2DToTexArraySlice"
  Pass "" (vp)
    Target graphics API: metal
    Full variant space:         1
    After settings filtering:   1
    After built-in stripping:   2
    After scriptable stripping: 2
    Processed in 0.00 seconds
  Pass "" (fp)
    Target graphics API: metal
    Full variant space:         1
    After settings filtering:   1
    After built-in stripping:   2
    After scriptable stripping: 2
    Processed in 0.00 seconds
  Pass "" (vp)
    Target graphics API: metal
    Full variant space:         1
    After settings filtering:   1
    After built-in stripping:   2
    After scriptable stripping: 2
    Processed in 0.00 seconds
  Pass "" (fp)
    Target graphics API: metal
    Full variant space:         1
    After settings filtering:   1
    After built-in stripping:   2
    After scriptable stripping: 2
    Processed in 0.00 seconds
  Pass "" (gp)
    Target graphics API: metal
    Full variant space:         1
    After settings filtering:   1
    After built-in stripping:   2
    After scriptable stripping: 2
    Processed in 0.00 seconds
  Pass  (vp, metal) finished in 0.00 seconds. Local cache hits 2 (0.00s CPU time), remote cache hits 0 (0.00s CPU time), compiled 0 variants (0.00s CPU time), skipped 0 variants.
    Prepared data for serialisation in 0.00s
  Pass  (fp, metal) finished in 0.00 seconds. Local cache hits 2 (0.00s CPU time), remote cache hits 0 (0.00s CPU time), compiled 0 variants (0.00s CPU time), skipped 0 variants.
    Prepared data for serialisation in 0.00s
  Pass  (vp, metal) finished in 0.00 seconds. Local cache hits 0 (0.00s CPU time), remote cache hits 0 (0.00s CPU time), compiled 0 variants (0.00s CPU time), skipped 2 variants.
    Prepared data for serialisation in 0.00s
  Pass  (fp, metal) finished in 0.00 seconds. Local cache hits 0 (0.00s CPU time), remote cache hits 0 (0.00s CPU time), compiled 0 variants (0.00s CPU time), skipped 2 variants.
    Prepared data for serialisation in 0.00s
  Pass  (gp, metal) finished in 0.00 seconds. Local cache hits 0 (0.00s CPU time), remote cache hits 0 (0.00s CPU time), compiled 0 variants (0.00s CPU time), skipped 2 variants.
    Prepared data for serialisation in 0.00s
Serialized binary data for shader Hidden/VR/BlitFromTex2DToTexArraySlice in 0.00s
    metal (total internal programs: 4, unique: 4)
Compiling shader "Hidden/VideoComposite"
  Pass "Default" (vp)
    Target graphics API: metal
    Full variant space:         1
    After settings filtering:   1
    After built-in stripping:   2
    After scriptable stripping: 2
    Processed in 0.00 seconds
  Pass "Default" (fp)
    Target graphics API: metal
    Full variant space:         1
    After settings filtering:   1
    After built-in stripping:   2
    After scriptable stripping: 2
    Processed in 0.00 seconds
  Pass Default (vp, metal) finished in 0.00 seconds. Local cache hits 2 (0.00s CPU time), remote cache hits 0 (0.00s CPU time), compiled 0 variants (0.00s CPU time), skipped 0 variants.
    Prepared data for serialisation in 0.00s
  Pass Default (fp, metal) finished in 0.00 seconds. Local cache hits 2 (0.00s CPU time), remote cache hits 0 (0.00s CPU time), compiled 0 variants (0.00s CPU time), skipped 0 variants.
    Prepared data for serialisation in 0.00s
Serialized binary data for shader Hidden/VideoComposite in 0.00s
    metal (total internal programs: 4, unique: 4)
Compiling shader "Hidden/VideoDecode"
  Pass "YCbCr_To_RGB1" (vp)
    Target graphics API: metal
    Full variant space:         2
    After settings filtering:   2
    After built-in stripping:   4
    After scriptable stripping: 4
    Processed in 0.00 seconds
  Pass "YCbCr_To_RGB1" (fp)
    Target graphics API: metal
    Full variant space:         2
    After settings filtering:   2
    After built-in stripping:   4
    After scriptable stripping: 4
    Processed in 0.00 seconds
  Pass "YCbCrA_To_RGBAFull" (vp)
    Target graphics API: metal
    Full variant space:         2
    After settings filtering:   2
    After built-in stripping:   4
    After scriptable stripping: 4
    Processed in 0.00 seconds
  Pass "YCbCrA_To_RGBAFull" (fp)
    Target graphics API: metal
    Full variant space:         2
    After settings filtering:   2
    After built-in stripping:   4
    After scriptable stripping: 4
    Processed in 0.00 seconds
  Pass "YCbCrA_To_RGBA" (vp)
    Target graphics API: metal
    Full variant space:         2
    After settings filtering:   2
    After built-in stripping:   4
    After scriptable stripping: 4
    Processed in 0.00 seconds
  Pass "YCbCrA_To_RGBA" (fp)
    Target graphics API: metal
    Full variant space:         2
    After settings filtering:   2
    After built-in stripping:   4
    After scriptable stripping: 4
    Processed in 0.00 seconds
  Pass "Flip_RGBA_To_RGBA" (vp)
    Target graphics API: metal
    Full variant space:         2
    After settings filtering:   2
    After built-in stripping:   4
    After scriptable stripping: 4
    Processed in 0.00 seconds
  Pass "Flip_RGBA_To_RGBA" (fp)
    Target graphics API: metal
    Full variant space:         2
    After settings filtering:   2
    After built-in stripping:   4
    After scriptable stripping: 4
    Processed in 0.00 seconds
  Pass "Flip_RGBASplit_To_RGBA" (vp)
    Target graphics API: metal
    Full variant space:         2
    After settings filtering:   2
    After built-in stripping:   4
    After scriptable stripping: 4
    Processed in 0.00 seconds
  Pass "Flip_RGBASplit_To_RGBA" (fp)
    Target graphics API: metal
    Full variant space:         2
    After settings filtering:   2
    After built-in stripping:   4
    After scriptable stripping: 4
    Processed in 0.00 seconds
  Pass "Flip_NV12_To_RGB1" (vp)
    Target graphics API: metal
    Full variant space:         2
    After settings filtering:   2
    After built-in stripping:   4
    After scriptable stripping: 4
    Processed in 0.00 seconds
  Pass "Flip_NV12_To_RGB1" (fp)
    Target graphics API: metal
    Full variant space:         2
    After settings filtering:   2
    After built-in stripping:   4
    After scriptable stripping: 4
    Processed in 0.00 seconds
  Pass "Flip_NV12_To_RGBA" (vp)
    Target graphics API: metal
    Full variant space:         2
    After settings filtering:   2
    After built-in stripping:   4
    After scriptable stripping: 4
    Processed in 0.00 seconds
  Pass "Flip_NV12_To_RGBA" (fp)
    Target graphics API: metal
    Full variant space:         2
    After settings filtering:   2
    After built-in stripping:   4
    After scriptable stripping: 4
    Processed in 0.00 seconds
  Pass "Flip_P010_To_RGB1" (vp)
    Target graphics API: metal
    Full variant space:         1
    After settings filtering:   1
    After built-in stripping:   2
    After scriptable stripping: 2
    Processed in 0.00 seconds
  Pass "Flip_P010_To_RGB1" (fp)
    Target graphics API: metal
    Full variant space:         1
    After settings filtering:   1
    After built-in stripping:   2
    After scriptable stripping: 2
    Processed in 0.00 seconds
  Pass YCbCr_To_RGB1 (vp, metal) finished in 0.00 seconds. Local cache hits 4 (0.00s CPU time), remote cache hits 0 (0.00s CPU time), compiled 0 variants (0.00s CPU time), skipped 0 variants.
    Prepared data for serialisation in 0.00s
  Pass YCbCr_To_RGB1 (fp, metal) finished in 0.00 seconds. Local cache hits 4 (0.00s CPU time), remote cache hits 0 (0.00s CPU time), compiled 0 variants (0.00s CPU time), skipped 0 variants.
    Prepared data for serialisation in 0.00s
  Pass YCbCrA_To_RGBAFull (vp, metal) finished in 0.00 seconds. Local cache hits 4 (0.00s CPU time), remote cache hits 0 (0.00s CPU time), compiled 0 variants (0.00s CPU time), skipped 0 variants.
    Prepared data for serialisation in 0.00s
  Pass YCbCrA_To_RGBAFull (fp, metal) finished in 0.00 seconds. Local cache hits 4 (0.00s CPU time), remote cache hits 0 (0.00s CPU time), compiled 0 variants (0.00s CPU time), skipped 0 variants.
    Prepared data for serialisation in 0.00s
  Pass YCbCrA_To_RGBA (vp, metal) finished in 0.00 seconds. Local cache hits 4 (0.00s CPU time), remote cache hits 0 (0.00s CPU time), compiled 0 variants (0.00s CPU time), skipped 0 variants.
    Prepared data for serialisation in 0.00s
  Pass YCbCrA_To_RGBA (fp, metal) finished in 0.00 seconds. Local cache hits 4 (0.00s CPU time), remote cache hits 0 (0.00s CPU time), compiled 0 variants (0.00s CPU time), skipped 0 variants.
    Prepared data for serialisation in 0.00s
  Pass Flip_RGBA_To_RGBA (vp, metal) finished in 0.00 seconds. Local cache hits 4 (0.00s CPU time), remote cache hits 0 (0.00s CPU time), compiled 0 variants (0.00s CPU time), skipped 0 variants.
    Prepared data for serialisation in 0.00s
  Pass Flip_RGBA_To_RGBA (fp, metal) finished in 0.00 seconds. Local cache hits 4 (0.00s CPU time), remote cache hits 0 (0.00s CPU time), compiled 0 variants (0.00s CPU time), skipped 0 variants.
    Prepared data for serialisation in 0.00s
  Pass Flip_RGBASplit_To_RGBA (vp, metal) finished in 0.00 seconds. Local cache hits 4 (0.00s CPU time), remote cache hits 0 (0.00s CPU time), compiled 0 variants (0.00s CPU time), skipped 0 variants.
    Prepared data for serialisation in 0.00s
  Pass Flip_RGBASplit_To_RGBA (fp, metal) finished in 0.00 seconds. Local cache hits 4 (0.00s CPU time), remote cache hits 0 (0.00s CPU time), compiled 0 variants (0.00s CPU time), skipped 0 variants.
    Prepared data for serialisation in 0.00s
  Pass Flip_NV12_To_RGB1 (vp, metal) finished in 0.00 seconds. Local cache hits 4 (0.00s CPU time), remote cache hits 0 (0.00s CPU time), compiled 0 variants (0.00s CPU time), skipped 0 variants.
    Prepared data for serialisation in 0.00s
  Pass Flip_NV12_To_RGB1 (fp, metal) finished in 0.00 seconds. Local cache hits 4 (0.00s CPU time), remote cache hits 0 (0.00s CPU time), compiled 0 variants (0.00s CPU time), skipped 0 variants.
    Prepared data for serialisation in 0.00s
  Pass Flip_NV12_To_RGBA (vp, metal) finished in 0.00 seconds. Local cache hits 4 (0.00s CPU time), remote cache hits 0 (0.00s CPU time), compiled 0 variants (0.00s CPU time), skipped 0 variants.
    Prepared data for serialisation in 0.00s
  Pass Flip_NV12_To_RGBA (fp, metal) finished in 0.00 seconds. Local cache hits 4 (0.00s CPU time), remote cache hits 0 (0.00s CPU time), compiled 0 variants (0.00s CPU time), skipped 0 variants.
    Prepared data for serialisation in 0.00s
  Pass Flip_P010_To_RGB1 (vp, metal) finished in 0.00 seconds. Local cache hits 2 (0.00s CPU time), remote cache hits 0 (0.00s CPU time), compiled 0 variants (0.00s CPU time), skipped 0 variants.
    Prepared data for serialisation in 0.00s
  Pass Flip_P010_To_RGB1 (fp, metal) finished in 0.00 seconds. Local cache hits 2 (0.00s CPU time), remote cache hits 0 (0.00s CPU time), compiled 0 variants (0.00s CPU time), skipped 0 variants.
    Prepared data for serialisation in 0.00s
Serialized binary data for shader Hidden/VideoDecode in 0.00s
    metal (total internal programs: 60, unique: 38)
Compiling shader "Hidden/VideoDecodeOSX"
  Pass "Flip_RGBARect_To_RGBA" (vp)
  Pass "Flip_RGBARect_To_RGBA" (fp)
  Pass "Flip_RGBASplitRect_To_RGBA" (vp)
  Pass "Flip_RGBASplitRect_To_RGBA" (fp)
    Prepared data for serialisation in 0.00s
    Prepared data for serialisation in 0.00s
    Prepared data for serialisation in 0.00s
    Prepared data for serialisation in 0.00s
Serialized binary data for shader Hidden/VideoDecodeOSX in 0.00s
    metal (total internal programs: 0, unique: 0)
Compiling shader "Hidden/TextCore/Distance Field SSD"
  Pass "" (vp)
    Target graphics API: metal
    Full variant space:         1
    After settings filtering:   1
    After built-in stripping:   2
    After scriptable stripping: 2
    Processed in 0.00 seconds
  Pass "" (fp)
    Target graphics API: metal
    Full variant space:         1
    After settings filtering:   1
    After built-in stripping:   2
    After scriptable stripping: 2
    Processed in 0.00 seconds
  Pass  (vp, metal) finished in 0.00 seconds. Local cache hits 2 (0.00s CPU time), remote cache hits 0 (0.00s CPU time), compiled 0 variants (0.00s CPU time), skipped 0 variants.
    Prepared data for serialisation in 0.00s
  Pass  (fp, metal) finished in 0.00 seconds. Local cache hits 2 (0.00s CPU time), remote cache hits 0 (0.00s CPU time), compiled 0 variants (0.00s CPU time), skipped 0 variants.
    Prepared data for serialisation in 0.00s
Serialized binary data for shader Hidden/TextCore/Distance Field SSD in 0.00s
    metal (total internal programs: 4, unique: 4)
Compiling shader "Hidden/Physics2D/SDF_CircleGeometry"
  Pass "" (vp)
    Target graphics API: metal
    Full variant space:         2
    After settings filtering:   2
    After built-in stripping:   2
    After scriptable stripping: 2
    Processed in 0.00 seconds
  Pass "" (fp)
    Target graphics API: metal
    Full variant space:         2
    After settings filtering:   2
    After built-in stripping:   2
    After scriptable stripping: 2
    Processed in 0.00 seconds
  Pass  (vp, metal) finished in 0.00 seconds. Local cache hits 2 (0.00s CPU time), remote cache hits 0 (0.00s CPU time), compiled 0 variants (0.00s CPU time), skipped 0 variants.
    Prepared data for serialisation in 0.00s
  Pass  (fp, metal) finished in 0.00 seconds. Local cache hits 2 (0.00s CPU time), remote cache hits 0 (0.00s CPU time), compiled 0 variants (0.00s CPU time), skipped 0 variants.
    Prepared data for serialisation in 0.00s
Serialized binary data for shader Hidden/Physics2D/SDF_CircleGeometry in 0.00s
    metal (total internal programs: 4, unique: 4)
Compiling shader "Hidden/Physics2D/SDF_CapsuleGeometry"
  Pass "" (vp)
    Target graphics API: metal
    Full variant space:         2
    After settings filtering:   2
    After built-in stripping:   2
    After scriptable stripping: 2
    Processed in 0.00 seconds
  Pass "" (fp)
    Target graphics API: metal
    Full variant space:         2
    After settings filtering:   2
    After built-in stripping:   2
    After scriptable stripping: 2
    Processed in 0.00 seconds
  Pass  (vp, metal) finished in 0.00 seconds. Local cache hits 2 (0.00s CPU time), remote cache hits 0 (0.00s CPU time), compiled 0 variants (0.00s CPU time), skipped 0 variants.
    Prepared data for serialisation in 0.00s
  Pass  (fp, metal) finished in 0.00 seconds. Local cache hits 2 (0.00s CPU time), remote cache hits 0 (0.00s CPU time), compiled 0 variants (0.00s CPU time), skipped 0 variants.
    Prepared data for serialisation in 0.00s
Serialized binary data for shader Hidden/Physics2D/SDF_CapsuleGeometry in 0.00s
    metal (total internal programs: 4, unique: 4)
Compiling shader "Hidden/Physics2D/SDF_PolygonGeometry"
  Pass "" (vp)
    Target graphics API: metal
    Full variant space:         2
    After settings filtering:   2
    After built-in stripping:   2
    After scriptable stripping: 2
    Processed in 0.00 seconds
  Pass "" (fp)
    Target graphics API: metal
    Full variant space:         2
    After settings filtering:   2
    After built-in stripping:   2
    After scriptable stripping: 2
    Processed in 0.00 seconds
  Pass  (vp, metal) finished in 0.00 seconds. Local cache hits 2 (0.00s CPU time), remote cache hits 0 (0.00s CPU time), compiled 0 variants (0.00s CPU time), skipped 0 variants.
    Prepared data for serialisation in 0.00s
  Pass  (fp, metal) finished in 0.00 seconds. Local cache hits 2 (0.00s CPU time), remote cache hits 0 (0.00s CPU time), compiled 0 variants (0.00s CPU time), skipped 0 variants.
    Prepared data for serialisation in 0.00s
Serialized binary data for shader Hidden/Physics2D/SDF_PolygonGeometry in 0.00s
    metal (total internal programs: 4, unique: 4)
Compiling shader "Hidden/Physics2D/SDF_Line"
  Pass "" (vp)
    Target graphics API: metal
    Full variant space:         2
    After settings filtering:   2
    After built-in stripping:   2
    After scriptable stripping: 2
    Processed in 0.00 seconds
  Pass "" (fp)
    Target graphics API: metal
    Full variant space:         2
    After settings filtering:   2
    After built-in stripping:   2
    After scriptable stripping: 2
    Processed in 0.00 seconds
  Pass  (vp, metal) finished in 0.00 seconds. Local cache hits 2 (0.00s CPU time), remote cache hits 0 (0.00s CPU time), compiled 0 variants (0.00s CPU time), skipped 0 variants.
    Prepared data for serialisation in 0.00s
  Pass  (fp, metal) finished in 0.00 seconds. Local cache hits 2 (0.00s CPU time), remote cache hits 0 (0.00s CPU time), compiled 0 variants (0.00s CPU time), skipped 0 variants.
    Prepared data for serialisation in 0.00s
Serialized binary data for shader Hidden/Physics2D/SDF_Line in 0.00s
    metal (total internal programs: 4, unique: 4)
Compiling shader "Hidden/Physics2D/SDF_Point"
  Pass "" (vp)
    Target graphics API: metal
    Full variant space:         2
    After settings filtering:   2
    After built-in stripping:   2
    After scriptable stripping: 2
    Processed in 0.00 seconds
  Pass "" (fp)
    Target graphics API: metal
    Full variant space:         2
    After settings filtering:   2
    After built-in stripping:   2
    After scriptable stripping: 2
    Processed in 0.00 seconds
  Pass  (vp, metal) finished in 0.00 seconds. Local cache hits 2 (0.00s CPU time), remote cache hits 0 (0.00s CPU time), compiled 0 variants (0.00s CPU time), skipped 0 variants.
    Prepared data for serialisation in 0.00s
  Pass  (fp, metal) finished in 0.00 seconds. Local cache hits 2 (0.00s CPU time), remote cache hits 0 (0.00s CPU time), compiled 0 variants (0.00s CPU time), skipped 0 variants.
    Prepared data for serialisation in 0.00s
Serialized binary data for shader Hidden/Physics2D/SDF_Point in 0.00s
    metal (total internal programs: 4, unique: 4)
SpriteAtlasDatabase::Cleanup
info: Microsoft.AspNetCore.Hosting.Diagnostics[1]
      Request starting HTTP/2 POST http://ilpp/UnityILPP.PostProcessing/Ping - application/grpc -
info: Microsoft.AspNetCore.Routing.EndpointMiddleware[0]
      Executing endpoint 'gRPC - /UnityILPP.PostProcessing/Ping'
info: Microsoft.AspNetCore.Routing.EndpointMiddleware[1]
      Executed endpoint 'gRPC - /UnityILPP.PostProcessing/Ping'
info: Microsoft.AspNetCore.Hosting.Diagnostics[2]
      Request finished HTTP/2 POST http://ilpp/UnityILPP.PostProcessing/Ping - 200 - application/grpc 0.1650ms
Starting: /Applications/Unity/Hub/Editor/6000.5.5f1/Unity.app/Contents/Resources/BuildPipeline/bee_backend --ipc --dagfile="Library/Bee/Player1f7c023d.dag" --profile="Library/Bee/backend1.traceevents" Player
WorkingDir: /Users/ld/Documents/Codex/2026-08-03/http-localhost-8080-codex-text-link/outputs/SpatialTowerDefensePICO
DisplayProgressbar: Incremental Player Build
[ 43/526    0s] CopyFiles Builds/Desktop/SpatialTowerDefenseTest.app/Contents/Resources/Data/resources.assets
[ 44/526    0s] CopyFiles Builds/Desktop/SpatialTowerDefenseTest.app/Contents/Resources/Data/Resources/unity_builtin_extra
[ 45/526    0s] CopyFiles Builds/Desktop/SpatialTowerDefenseTest.app/Contents/Resources/Data/sharedassets0.assets
[ 46/526    0s] CopyFiles Builds/Desktop/SpatialTowerDefenseTest.app/Contents/Resources/Data/level0
[ 47/526    0s] CopyFiles Builds/Desktop/SpatialTowerDefenseTest.app/Contents/Resources/Data/globalgamemanagers.assets
[ 48/526    0s] CopyFiles Builds/Desktop/SpatialTowerDefenseTest.app/Contents/Resources/Data/resources.assets.resS
[ 49/526    0s] CopyFiles Builds/Desktop/SpatialTowerDefenseTest.app/Contents/Resources/Data/globalgamemanagers
[ 50/526    0s] CopyFiles Builds/Desktop/SpatialTowerDefenseTest.app/Contents/Resources/Data/resources.resource
[ 51/526    0s] CopyFiles Builds/Desktop/SpatialTowerDefenseTest.app/Contents/Resources/Data/sharedassets0.assets.resS
[ 53/526    0s] CopyFiles Builds/Desktop/SpatialTowerDefenseTest.app/Contents/Resources/Data/globalgamemanagers.assets.resS
[119/526    0s] CopyFiles Builds/Desktop/SpatialTowerDefenseTest.app/Contents/Resources/PlayerIcon.icns
[216/526    0s] AddBootConfigGUID Library/Bee/artifacts/MacStandalonePlayerBuildProgram/boot.config
[217/526    0s] CopyFiles Builds/Desktop/SpatialTowerDefenseTest.app/Contents/Resources/Data/boot.config
[218/526    0s] UnityLinker /Users/ld/Documents/Codex/2026-08-03/http-localhost-8080-codex-text-link/outputs/SpatialTowerDefensePICO/Library/Bee/artifacts/unitylinker_hph0.traceevents
/Applications/Unity/Hub/Editor/6000.5.5f1/Unity.app/Contents/Resources/Scripting/il2cpp/build/deploy/UnityLinker --out=Library/Bee/artifacts/MacStandalonePlayerBuildProgram/ManagedStripped --include-link-xml=/Users/ld/Documents/Codex/2026-08-03/http-localhost-8080-codex-text-link/outputs/SpatialTowerDefensePICO/Library/Bee/artifacts/UnityLinkerInputs/MethodsToPreserve.xml --include-link-xml=/Users/ld/Documents/Codex/2026-08-03/http-localhost-8080-codex-text-link/outputs/SpatialTowerDefensePICO/Library/Bee/artifacts/UnityLinkerInputs/TypesInScenes.xml --include-link-xml=/Users/ld/Documents/Codex/2026-08-03/http-localhost-8080-codex-text-link/outputs/SpatialTowerDefensePICO/Library/Bee/artifacts/UnityLinkerInputs/SerializedTypes.xml --include-link-xml=/Users/ld/Documents/Codex/2026-08-03/http-localhost-8080-codex-text-link/outputs/SpatialTowerDefensePICO/Library/InputSystem/StandaloneOSXLink.xml --include-directory=/Applications/Unity/Hub/Editor/6000.5.5f1/PlaybackEngines/MacStandaloneSupport/Variations/mono/Managed --include-directory=/Users/ld/Documents/Codex/2026-08-03/http-localhost-8080-codex-text-link/outputs/SpatialTowerDefensePICO/Library/Bee/PlayerScriptAssemblies --include-directory=/Users/ld/Documents/Codex/2026-08-03/http-localhost-8080-codex-text-link/outputs/SpatialTowerDefensePICO/Library/PackageCache/com.unity.collections@a43cabe808ca/Unity.Collections.LowLevel.ILSupport --include-directory=/Users/ld/Library/PICO/UnitySDK/6.0.0/PICO-Unity-SDK/XR/InteractionPack/Scripts/Standalone --include-directory=/Users/ld/Documents/Codex/2026-08-03/http-localhost-8080-codex-text-link/outputs/SpatialTowerDefensePICO/Library/PackageCache/com.unity.burst@6bb9aca3ef38 --include-directory=/Users/ld/Documents/Codex/2026-08-03/http-localhost-8080-codex-text-link/outputs/SpatialTowerDefensePICO/Library/PackageCache/com.unity.nuget.newtonsoft-json@4dfd81071c64/Runtime/AOT --include-directory=/Applications/Unity/Hub/Editor/6000.5.5f1/Unity.app/Contents/Resources/Scripting/BCLExtensions/runtime/netstandard2.1 --include-directory=/Applications/Unity/Hub/Editor/6000.5.5f1/Unity.app/Contents/Resources/Scripting/MonoBleedingEdge/lib/mono/unityjit-macos --include-directory=/Applications/Unity/Hub/Editor/6000.5.5f1/Unity.app/Contents/Resources/Scripting/MonoBleedingEdge/lib/mono/unityjit-macos/Facades --rule-set=Copy --profiler-report --profiler-output-file=/Users/ld/Documents/Codex/2026-08-03/http-localhost-8080-codex-text-link/outputs/SpatialTowerDefensePICO/Library/Bee/artifacts/unitylinker_hph0.traceevents --dotnetprofile=unityjit --dotnetruntime=Mono --architecture=x64 --platform=MacOSX --use-editor-options --engine-modules-asset-file=/Applications/Unity/Hub/Editor/6000.5.5f1/PlaybackEngines/MacStandaloneSupport/modules.asset --editor-data-file=/Users/ld/Documents/Codex/2026-08-03/http-localhost-8080-codex-text-link/outputs/SpatialTowerDefensePICO/Library/Bee/artifacts/UnityLinkerInputs/EditorToUnityLinkerData.json --include-unity-root-assembly=/Applications/Unity/Hub/Editor/6000.5.5f1/PlaybackEngines/MacStandaloneSupport/Variations/mono/Managed/Unity.Scripting.dll --include-unity-root-assembly=/Applications/Unity/Hub/Editor/6000.5.5f1/PlaybackEngines/MacStandaloneSupport/Variations/mono/Managed/UnityEngine.AIModule.dll --include-unity-root-assembly=/Applications/Unity/Hub/Editor/6000.5.5f1/PlaybackEngines/MacStandaloneSupport/Variations/mono/Managed/UnityEngine.ARModule.dll --include-unity-root-assembly=/Applications/Unity/Hub/Editor/6000.5.5f1/PlaybackEngines/MacStandaloneSupport/Variations/mono/Managed/UnityEngine.AccessibilityModule.dll --include-unity-root-assembly=/Applications/Unity/Hub/Editor/6000.5.5f1/PlaybackEngines/MacStandaloneSupport/Variations/mono/Managed/UnityEngine.AdaptivePerformanceModule.dll --include-unity-root-assembly=/Applications/Unity/Hub/Editor/6000.5.5f1/PlaybackEngines/MacStandaloneSupport/Variations/mono/Managed/UnityEngine.AndroidJNIModule.dll --include-unity-root-assembly=/Applications/Unity/Hub/Editor/6000.5.5f1/PlaybackEngines/MacStandaloneSupport/Variations/mono/Managed/UnityEngine.AnimationModule.dll --include-unity-root-assembly=/Applications/Unity/Hub/Editor/6000.5.5f1/PlaybackEngines/MacStandaloneSupport/Variations/mono/Managed/UnityEngine.AssetBundleModule.dll --include-unity-root-assembly=/Applications/Unity/Hub/Editor/6000.5.5f1/PlaybackEngines/MacStandaloneSupport/Variations/mono/Managed/UnityEngine.AudioModule.dll --include-unity-root-assembly=/Applications/Unity/Hub/Editor/6000.5.5f1/PlaybackEngines/MacStandaloneSupport/Variations/mono/Managed/UnityEngine.ClothModule.dll --include-unity-root-assembly=/Applications/Unity/Hub/Editor/6000.5.5f1/PlaybackEngines/MacStandaloneSupport/Variations/mono/Managed/UnityEngine.ClusterInputModule.dll --include-unity-root-assembly=/Applications/Unity/Hub/Editor/6000.5.5f1/PlaybackEngines/MacStandaloneSupport/Variations/mono/Managed/UnityEngine.ClusterRendererModule.dll --include-unity-root-assembly=/Applications/Unity/Hub/Editor/6000.5.5f1/PlaybackEngines/MacStandaloneSupport/Variations/mono/Managed/UnityEngine.ContentLoadModule.dll --include-unity-root-assembly=/Applications/Unity/Hub/Editor/6000.5.5f1/PlaybackEngines/MacStandaloneSupport/Variations/mono/Managed/UnityEngine.CoreModule.dll --include-unity-root-assembly=/Applications/Unity/Hub/Editor/6000.5.5f1/PlaybackEngines/MacStandaloneSupport/Variations/mono/Managed/UnityEngine.CrashReportingModule.dll --include-unity-root-assembly=/Applications/Unity/Hub/Editor/6000.5.5f1/PlaybackEngines/MacStandaloneSupport/Variations/mono/Managed/UnityEngine.DSPGraphModule.dll --include-unity-root-assembly=/Applications/Unity/Hub/Editor/6000.5.5f1/PlaybackEngines/MacStandaloneSupport/Variations/mono/Managed/UnityEngine.DirectorModule.dll --include-unity-root-assembly=/Applications/Unity/Hub/Editor/6000.5.5f1/PlaybackEngines/MacStandaloneSupport/Variations/mono/Managed/UnityEngine.GIModule.dll --include-unity-root-assembly=/Applications/Unity/Hub/Editor/6000.5.5f1/PlaybackEngines/MacStandaloneSupport/Variations/mono/Managed/UnityEngine.GameCenterModule.dll --include-unity-root-assembly=/Applications/Unity/Hub/Editor/6000.5.5f1/PlaybackEngines/MacStandaloneSupport/Variations/mono/Managed/UnityEngine.GraphicsStateCollectionSerializerModule.dll --include-unity-root-assembly=/Applications/Unity/Hub/Editor/6000.5.5f1/PlaybackEngines/MacStandaloneSupport/Variations/mono/Managed/UnityEngine.GridModule.dll --include-unity-root-assembly=/Applications/Unity/Hub/Editor/6000.5.5f1/PlaybackEngines/MacStandaloneSupport/Variations/mono/Managed/UnityEngine.HierarchyCoreModule.dll --include-unity-root-assembly=/Applications/Unity/Hub/Editor/6000.5.5f1/PlaybackEngines/MacStandaloneSupport/Variations/mono/Managed/UnityEngine.HierarchyModule.dll --include-unity-root-assembly=/Applications/Unity/Hub/Editor/6000.5.5f1/PlaybackEngines/MacStandaloneSupport/Variations/mono/Managed/UnityEngine.HotReloadModule.dll --include-unity-root-assembly=/Applications/Unity/Hub/Editor/6000.5.5f1/PlaybackEngines/MacStandaloneSupport/Variations/mono/Managed/UnityEngine.IMGUIModule.dll --include-unity-root-assembly=/Applications/Unity/Hub/Editor/6000.5.5f1/PlaybackEngines/MacStandaloneSupport/Variations/mono/Managed/UnityEngine.IdentifiersModule.dll --include-unity-root-assembly=/Applications/Unity/Hub/Editor/6000.5.5f1/PlaybackEngines/MacStandaloneSupport/Variations/mono/Managed/UnityEngine.ImageConversionModule.dll --include-unity-root-assembly=/Applications/Unity/Hub/Editor/6000.5.5f1/PlaybackEngines/MacStandaloneSupport/Variations/mono/Managed/UnityEngine.InputForUIModule.dll --include-unity-root-assembly=/Applications/Unity/Hub/Editor/6000.5.5f1/PlaybackEngines/MacStandaloneSupport/Variations/mono/Managed/UnityEngine.InputLegacyModule.dll --include-unity-root-assembly=/Applications/Unity/Hub/Editor/6000.5.5f1/PlaybackEngines/MacStandaloneSupport/Variations/mono/Managed/UnityEngine.InputModule.dll --include-unity-root-assembly=/Applications/Unity/Hub/Editor/6000.5.5f1/PlaybackEngines/MacStandaloneSupport/Variations/mono/Managed/UnityEngine.InsightsModule.dll --include-unity-root-assembly=/Applications/Unity/Hub/Editor/6000.5.5f1/PlaybackEngines/MacStandaloneSupport/Variations/mono/Managed/UnityEngine.JSONSerializeModule.dll --include-unity-root-assembly=/Applications/Unity/Hub/Editor/6000.5.5f1/PlaybackEngines/MacStandaloneSupport/Variations/mono/Managed/UnityEngine.LocalizationModule.dll --include-unity-root-assembly=/Applications/Unity/Hub/Editor/6000.5.5f1/PlaybackEngines/MacStandaloneSupport/Variations/mono/Managed/UnityEngine.MarshallingModule.dll --include-unity-root-assembly=/Applications/Unity/Hub/Editor/6000.5.5f1/PlaybackEngines/MacStandaloneSupport/Variations/mono/Managed/UnityEngine.MathematicsModule.dll --include-unity-root-assembly=/Applications/Unity/Hub/Editor/6000.5.5f1/PlaybackEngines/MacStandaloneSupport/Variations/mono/Managed/UnityEngine.MultiplayerModule.dll --include-unity-root-assembly=/Applications/Unity/Hub/Editor/6000.5.5f1/PlaybackEngines/MacStandaloneSupport/Variations/mono/Managed/UnityEngine.ParticleSystemModule.dll --include-unity-root-assembly=/Applications/Unity/Hub/Editor/6000.5.5f1/PlaybackEngines/MacStandaloneSupport/Variations/mono/Managed/UnityEngine.PerformanceReportingModule.dll --include-unity-root-assembly=/Applications/Unity/Hub/Editor/6000.5.5f1/PlaybackEngines/MacStandaloneSupport/Variations/mono/Managed/UnityEngine.Physics2DModule.dll --include-unity-root-assembly=/Applications/Unity/Hub/Editor/6000.5.5f1/PlaybackEngines/MacStandaloneSupport/Variations/mono/Managed/UnityEngine.PhysicsBackendPhysXModule.dll --include-unity-root-assembly=/Applications/Unity/Hub/Editor/6000.5.5f1/PlaybackEngines/MacStandaloneSupport/Variations/mono/Managed/UnityEngine.PhysicsCore2DModule.dll --include-unity-root-assembly=/Applications/Unity/Hub/Editor/6000.5.5f1/PlaybackEngines/MacStandaloneSupport/Variations/mono/Managed/UnityEngine.PhysicsModule.dll --include-unity-root-assembly=/Applications/Unity/Hub/Editor/6000.5.5f1/PlaybackEngines/MacStandaloneSupport/Variations/mono/Managed/UnityEngine.PropertiesModule.dll --include-unity-root-assembly=/Applications/Unity/Hub/Editor/6000.5.5f1/PlaybackEngines/MacStandaloneSupport/Variations/mono/Managed/UnityEngine.RenderAs2DModule.dll --include-unity-root-assembly=/Applications/Unity/Hub/Editor/6000.5.5f1/PlaybackEngines/MacStandaloneSupport/Variations/mono/Managed/UnityEngine.RuntimeInitializeOnLoadManagerInitializerModule.dll --include-unity-root-assembly=/Applications/Unity/Hub/Editor/6000.5.5f1/PlaybackEngines/MacStandaloneSupport/Variations/mono/Managed/UnityEngine.ScreenCaptureModule.dll --include-unity-root-assembly=/Applications/Unity/Hub/Editor/6000.5.5f1/PlaybackEngines/MacStandaloneSupport/Variations/mono/Managed/UnityEngine.ScriptingModule.dll --include-unity-root-assembly=/Applications/Unity/Hub/Editor/6000.5.5f1/PlaybackEngines/MacStandaloneSupport/Variations/mono/Managed/UnityEngine.ShaderVariantAnalyticsModule.dll --include-unity-root-assembly=/Applications/Unity/Hub/Editor/6000.5.5f1/PlaybackEngines/MacStandaloneSupport/Variations/mono/Managed/UnityEngine.SharedInternalsModule.dll --include-unity-root-assembly=/Applications/Unity/Hub/Editor/6000.5.5f1/PlaybackEngines/MacStandaloneSupport/Variations/mono/Managed/UnityEngine.SpriteMaskModule.dll --include-unity-root-assembly=/Applications/Unity/Hub/Editor/6000.5.5f1/PlaybackEngines/MacStandaloneSupport/Variations/mono/Managed/UnityEngine.SpriteShapeModule.dll --include-unity-root-assembly=/Applications/Unity/Hub/Editor/6000.5.5f1/PlaybackEngines/MacStandaloneSupport/Variations/mono/Managed/UnityEngine.StreamingModule.dll --include-unity-root-assembly=/Applications/Unity/Hub/Editor/6000.5.5f1/PlaybackEngines/MacStandaloneSupport/Variations/mono/Managed/UnityEngine.SubstanceModule.dll --include-unity-root-assembly=/Applications/Unity/Hub/Editor/6000.5.5f1/PlaybackEngines/MacStandaloneSupport/Variations/mono/Managed/UnityEngine.SubsystemsModule.dll --include-unity-root-assembly=/Applications/Unity/Hub/Editor/6000.5.5f1/PlaybackEngines/MacStandaloneSupport/Variations/mono/Managed/UnityEngine.TLSModule.dll --include-unity-root-assembly=/Applications/Unity/Hub/Editor/6000.5.5f1/PlaybackEngines/MacStandaloneSupport/Variations/mono/Managed/UnityEngine.TerrainModule.dll --include-unity-root-assembly=/Applications/Unity/Hub/Editor/6000.5.5f1/PlaybackEngines/MacStandaloneSupport/Variations/mono/Managed/UnityEngine.TerrainPhysicsModule.dll --include-unity-root-assembly=/Applications/Unity/Hub/Editor/6000.5.5f1/PlaybackEngines/MacStandaloneSupport/Variations/mono/Managed/UnityEngine.TextCoreFontEngineModule.dll --include-unity-root-assembly=/Applications/Unity/Hub/Editor/6000.5.5f1/PlaybackEngines/MacStandaloneSupport/Variations/mono/Managed/UnityEngine.TextCoreTextEngineModule.dll --include-unity-root-assembly=/Applications/Unity/Hub/Editor/6000.5.5f1/PlaybackEngines/MacStandaloneSupport/Variations/mono/Managed/UnityEngine.TextRenderingModule.dll --include-unity-root-assembly=/Applications/Unity/Hub/Editor/6000.5.5f1/PlaybackEngines/MacStandaloneSupport/Variations/mono/Managed/UnityEngine.TilemapModule.dll --include-unity-root-assembly=/Applications/Unity/Hub/Editor/6000.5.5f1/PlaybackEngines/MacStandaloneSupport/Variations/mono/Managed/UnityEngine.U2DRuntimeModule.dll --include-unity-root-assembly=/Applications/Unity/Hub/Editor/6000.5.5f1/PlaybackEngines/MacStandaloneSupport/Variations/mono/Managed/UnityEngine.UIElementsModule.dll --include-unity-root-assembly=/Applications/Unity/Hub/Editor/6000.5.5f1/PlaybackEngines/MacStandaloneSupport/Variations/mono/Managed/UnityEngine.UIModule.dll --include-unity-root-assembly=/Applications/Unity/Hub/Editor/6000.5.5f1/PlaybackEngines/MacStandaloneSupport/Variations/mono/Managed/UnityEngine.UmbraModule.dll --include-unity-root-assembly=/Applications/Unity/Hub/Editor/6000.5.5f1/PlaybackEngines/MacStandaloneSupport/Variations/mono/Managed/UnityEngine.UnityAnalyticsCommonModule.dll --include-unity-root-assembly=/Applications/Unity/Hub/Editor/6000.5.5f1/PlaybackEngines/MacStandaloneSupport/Variations/mono/Managed/UnityEngine.UnityAnalyticsModule.dll --include-unity-root-assembly=/Applications/Unity/Hub/Editor/6000.5.5f1/PlaybackEngines/MacStandaloneSupport/Variations/mono/Managed/UnityEngine.UnityConnectModule.dll --include-unity-root-assembly=/Applications/Unity/Hub/Editor/6000.5.5f1/PlaybackEngines/MacStandaloneSupport/Variations/mono/Managed/UnityEngine.UnityConsentModule.dll --include-unity-root-assembly=/Applications/Unity/Hub/Editor/6000.5.5f1/PlaybackEngines/MacStandaloneSupport/Variations/mono/Managed/UnityEngine.UnityCurlModule.dll --include-unity-root-assembly=/Applications/Unity/Hub/Editor/6000.5.5f1/PlaybackEngines/MacStandaloneSupport/Variations/mono/Managed/UnityEngine.UnityWebRequestAssetBundleModule.dll --include-unity-root-assembly=/Applications/Unity/Hub/Editor/6000.5.5f1/PlaybackEngines/MacStandaloneSupport/Variations/mono/Managed/UnityEngine.UnityWebRequestAudioModule.dll --include-unity-root-assembly=/Applications/Unity/Hub/Editor/6000.5.5f1/PlaybackEngines/MacStandaloneSupport/Variations/mono/Managed/UnityEngine.UnityWebRequestModule.dll --include-unity-root-assembly=/Applications/Unity/Hub/Editor/6000.5.5f1/PlaybackEngines/MacStandaloneSupport/Variations/mono/Managed/UnityEngine.UnityWebRequestTextureModule.dll --include-unity-root-assembly=/Applications/Unity/Hub/Editor/6000.5.5f1/PlaybackEngines/MacStandaloneSupport/Variations/mono/Managed/UnityEngine.UnityWebRequestWWWModule.dll --include-unity-root-assembly=/Applications/Unity/Hub/Editor/6000.5.5f1/PlaybackEngines/MacStandaloneSupport/Variations/mono/Managed/UnityEngine.VFXModule.dll --include-unity-root-assembly=/Applications/Unity/Hub/Editor/6000.5.5f1/PlaybackEngines/MacStandaloneSupport/Variations/mono/Managed/UnityEngine.VectorGraphicsModule.dll --include-unity-root-assembly=/Applications/Unity/Hub/Editor/6000.5.5f1/PlaybackEngines/MacStandaloneSupport/Variations/mono/Managed/UnityEngine.VehiclesModule.dll --include-unity-root-assembly=/Applications/Unity/Hub/Editor/6000.5.5f1/PlaybackEngines/MacStandaloneSupport/Variations/mono/Managed/UnityEngine.VideoModule.dll --include-unity-root-assembly=/Applications/Unity/Hub/Editor/6000.5.5f1/PlaybackEngines/MacStandaloneSupport/Variations/mono/Managed/UnityEngine.VirtualTexturingModule.dll --include-unity-root-assembly=/Applications/Unity/Hub/Editor/6000.5.5f1/PlaybackEngines/MacStandaloneSupport/Variations/mono/Managed/UnityEngine.WindModule.dll --include-unity-root-assembly=/Applications/Unity/Hub/Editor/6000.5.5f1/PlaybackEngines/MacStandaloneSupport/Variations/mono/Managed/UnityEngine.XRModule.dll --include-unity-root-assembly=/Applications/Unity/Hub/Editor/6000.5.5f1/PlaybackEngines/MacStandaloneSupport/Variations/mono/Managed/UnityEngine.dll --include-unity-root-assembly=/Users/ld/Documents/Codex/2026-08-03/http-localhost-8080-codex-text-link/outputs/SpatialTowerDefensePICO/Library/Bee/PlayerScriptAssemblies/Assembly-CSharp.dll --include-unity-root-assembly=/Users/ld/Documents/Codex/2026-08-03/http-localhost-8080-codex-text-link/outputs/SpatialTowerDefensePICO/Library/Bee/PlayerScriptAssemblies/ByteDance.PICO.CameraPack.dll --include-unity-root-assembly=/Users/ld/Documents/Codex/2026-08-03/http-localhost-8080-codex-text-link/outputs/SpatialTowerDefensePICO/Library/Bee/PlayerScriptAssemblies/ByteDance.PICO.Debugger.dll --include-unity-root-assembly=/Users/ld/Documents/Codex/2026-08-03/http-localhost-8080-codex-text-link/outputs/SpatialTowerDefensePICO/Library/Bee/PlayerScriptAssemblies/ByteDance.PICO.Enterprise.dll --include-unity-root-assembly=/Users/ld/Documents/Codex/2026-08-03/http-localhost-8080-codex-text-link/outputs/SpatialTowerDefensePICO/Library/Bee/PlayerScriptAssemblies/ByteDance.PICO.Interaction.dll --include-unity-root-assembly=/Users/ld/Documents/Codex/2026-08-03/http-localhost-8080-codex-text-link/outputs/SpatialTowerDefensePICO/Library/Bee/PlayerScriptAssemblies/ByteDance.PICO.Platform.dll --include-unity-root-assembly=/Users/ld/Documents/Codex/2026-08-03/http-localhost-8080-codex-text-link/outputs/SpatialTowerDefensePICO/Library/Bee/PlayerScriptAssemblies/ByteDance.PICO.Spatial.Stage.dll --include-unity-root-assembly=/Users/ld/Documents/Codex/2026-08-03/http-localhost-8080-codex-text-link/outputs/SpatialTowerDefensePICO/Library/Bee/PlayerScriptAssemblies/ByteDance.PICO.SptatialUI.dll --include-unity-root-assembly=/Users/ld/Documents/Codex/2026-08-03/http-localhost-8080-codex-text-link/outputs/SpatialTowerDefensePICO/Library/Bee/PlayerScriptAssemblies/ByteDance.PICO.XR.dll --include-unity-root-assembly=/Users/ld/Documents/Codex/2026-08-03/http-localhost-8080-codex-text-link/outputs/SpatialTowerDefensePICO/Library/Bee/PlayerScriptAssemblies/ByteDance.PICO.XR.Spatializer.dll --include-unity-root-assembly=/Users/ld/Documents/Codex/2026-08-03/http-localhost-8080-codex-text-link/outputs/SpatialTowerDefensePICO/Library/Bee/PlayerScriptAssemblies/ByteDance.PICO.XR.Spatializer.Example.dll --include-unity-root-assembly=/Users/ld/Documents/Codex/2026-08-03/http-localhost-8080-codex-text-link/outputs/SpatialTowerDefensePICO/Library/Bee/PlayerScriptAssemblies/Unity.AI.MCP.Runtime.dll --include-unity-root-assembly=/Users/ld/Documents/Codex/2026-08-03/http-localhost-8080-codex-text-link/outputs/SpatialTowerDefensePICO/Library/Bee/PlayerScriptAssemblies/Unity.AI.Tracing.dll --include-unity-root-assembly=/Users/ld/Documents/Codex/2026-08-03/http-localhost-8080-codex-text-link/outputs/SpatialTowerDefensePICO/Library/Bee/PlayerScriptAssemblies/Unity.Burst.dll --include-unity-root-assembly=/Users/ld/Documents/Codex/2026-08-03/http-localhost-8080-codex-text-link/outputs/SpatialTowerDefensePICO/Library/Bee/PlayerScriptAssemblies/Unity.Collections.dll --include-unity-root-assembly=/Users/ld/Documents/Codex/2026-08-03/http-localhost-8080-codex-text-link/outputs/SpatialTowerDefensePICO/Library/Bee/PlayerScriptAssemblies/Unity.InferenceEngine.dll --include-unity-root-assembly=/Users/ld/Documents/Codex/2026-08-03/http-localhost-8080-codex-text-link/outputs/SpatialTowerDefensePICO/Library/Bee/PlayerScriptAssemblies/Unity.InferenceEngine.MacBLAS.dll --include-unity-root-assembly=/Users/ld/Documents/Codex/2026-08-03/http-localhost-8080-codex-text-link/outputs/SpatialTowerDefensePICO/Library/Bee/PlayerScriptAssemblies/Unity.InferenceEngine.Tokenization.dll --include-unity-root-assembly=/Users/ld/Documents/Codex/2026-08-03/http-localhost-8080-codex-text-link/outputs/SpatialTowerDefensePICO/Library/Bee/PlayerScriptAssemblies/Unity.InputSystem.dll --include-unity-root-assembly=/Users/ld/Documents/Codex/2026-08-03/http-localhost-8080-codex-text-link/outputs/SpatialTowerDefensePICO/Library/Bee/PlayerScriptAssemblies/Unity.InputSystem.ForUI.dll --include-unity-root-assembly=/Users/ld/Documents/Codex/2026-08-03/http-localhost-8080-codex-text-link/outputs/SpatialTowerDefensePICO/Library/Bee/PlayerScriptAssemblies/Unity.InternalAPIEngineBridge.004.dll --include-unity-root-assembly=/Users/ld/Documents/Codex/2026-08-03/http-localhost-8080-codex-text-link/outputs/SpatialTowerDefensePICO/Library/Bee/PlayerScriptAssemblies/Unity.Mathematics.dll --include-unity-root-assembly=/Users/ld/Documents/Codex/2026-08-03/http-localhost-8080-codex-text-link/outputs/SpatialTowerDefensePICO/Library/Bee/PlayerScriptAssemblies/Unity.Multiplayer.Center.Common.dll --include-unity-root-assembly=/Users/ld/Documents/Codex/2026-08-03/http-localhost-8080-codex-text-link/outputs/SpatialTowerDefensePICO/Library/Bee/PlayerScriptAssemblies/Unity.TextMeshPro.dll --include-unity-root-assembly=/Users/ld/Documents/Codex/2026-08-03/http-localhost-8080-codex-text-link/outputs/SpatialTowerDefensePICO/Library/Bee/PlayerScriptAssemblies/Unity.XR.CoreUtils.dll --include-unity-root-assembly=/Users/ld/Documents/Codex/2026-08-03/http-localhost-8080-codex-text-link/outputs/SpatialTowerDefensePICO/Library/Bee/PlayerScriptAssemblies/Unity.XR.Interaction.Toolkit.dll --include-unity-root-assembly=/Users/ld/Documents/Codex/2026-08-03/http-localhost-8080-codex-text-link/outputs/SpatialTowerDefensePICO/Library/Bee/PlayerScriptAssemblies/Unity.XR.Interaction.Toolkit.Samples.StarterAssets.dll --include-unity-root-assembly=/Users/ld/Documents/Codex/2026-08-03/http-localhost-8080-codex-text-link/outputs/SpatialTowerDefensePICO/Library/Bee/PlayerScriptAssemblies/Unity.XR.Management.dll --include-unity-root-assembly=/Users/ld/Documents/Codex/2026-08-03/http-localhost-8080-codex-text-link/outputs/SpatialTowerDefensePICO/Library/Bee/PlayerScriptAssemblies/Unity.XR.OpenXR.dll --include-unity-root-assembly=/Users/ld/Documents/Codex/2026-08-03/http-localhost-8080-codex-text-link/outputs/SpatialTowerDefensePICO/Library/Bee/PlayerScriptAssemblies/Unity.XR.OpenXR.Features.ConformanceAutomation.dll --include-unity-root-assembly=/Users/ld/Documents/Codex/2026-08-03/http-localhost-8080-codex-text-link/outputs/SpatialTowerDefensePICO/Library/Bee/PlayerScriptAssemblies/Unity.XR.OpenXR.Features.MetaQuestSupport.dll --include-unity-root-assembly=/Users/ld/Documents/Codex/2026-08-03/http-localhost-8080-codex-text-link/outputs/SpatialTowerDefensePICO/Library/Bee/PlayerScriptAssemblies/Unity.XR.OpenXR.Features.MockRuntime.dll --include-unity-root-assembly=/Users/ld/Documents/Codex/2026-08-03/http-localhost-8080-codex-text-link/outputs/SpatialTowerDefensePICO/Library/Bee/PlayerScriptAssemblies/Unity.XR.OpenXR.Features.OculusQuestSupport.dll --include-unity-root-assembly=/Users/ld/Documents/Codex/2026-08-03/http-localhost-8080-codex-text-link/outputs/SpatialTowerDefensePICO/Library/Bee/PlayerScriptAssemblies/Unity.XR.OpenXR.Features.RuntimeDebugger.dll --include-unity-root-assembly=/Users/ld/Documents/Codex/2026-08-03/http-localhost-8080-codex-text-link/outputs/SpatialTowerDefensePICO/Library/Bee/PlayerScriptAssemblies/Unity.XR.OpenXR.TestTooling.dll --include-unity-root-assembly=/Users/ld/Documents/Codex/2026-08-03/http-localhost-8080-codex-text-link/outputs/SpatialTowerDefensePICO/Library/Bee/PlayerScriptAssemblies/UnityEngine.SpatialTracking.dll --include-unity-root-assembly=/Users/ld/Documents/Codex/2026-08-03/http-localhost-8080-codex-text-link/outputs/SpatialTowerDefensePICO/Library/Bee/PlayerScriptAssemblies/UnityEngine.UI.dll --include-unity-root-assembly=/Users/ld/Documents/Codex/2026-08-03/http-localhost-8080-codex-text-link/outputs/SpatialTowerDefensePICO/Library/Bee/PlayerScriptAssemblies/UnityEngine.XR.LegacyInputHelpers.dll --include-unity-root-assembly=/Users/ld/Documents/Codex/2026-08-03/http-localhost-8080-codex-text-link/outputs/SpatialTowerDefensePICO/Library/PackageCache/com.unity.collections@a43cabe808ca/Unity.Collections.LowLevel.ILSupport/Unity.Collections.LowLevel.ILSupport.dll --include-unity-root-assembly=/Users/ld/Library/PICO/UnitySDK/6.0.0/PICO-Unity-SDK/XR/InteractionPack/Scripts/Standalone/PXRInteractionLib.dll --include-unity-root-assembly=/Users/ld/Documents/Codex/2026-08-03/http-localhost-8080-codex-text-link/outputs/SpatialTowerDefensePICO/Library/PackageCache/com.unity.burst@6bb9aca3ef38/Unity.Burst.Unsafe.dll --include-unity-root-assembly=/Users/ld/Documents/Codex/2026-08-03/http-localhost-8080-codex-text-link/outputs/SpatialTowerDefensePICO/Library/PackageCache/com.unity.nuget.newtonsoft-json@4dfd81071c64/Runtime/AOT/Newtonsoft.Json.dll --print-command-line --enable-analytics --allowed-assembly=/Applications/Unity/Hub/Editor/6000.5.5f1/Unity.app/Contents/Resources/Scripting/BCLExtensions/runtime/netstandard2.1/Microsoft.Bcl.AsyncInterfaces.dll --allowed-assembly=/Applications/Unity/Hub/Editor/6000.5.5f1/Unity.app/Contents/Resources/Scripting/BCLExtensions/runtime/netstandard2.1/Microsoft.Extensions.DependencyInjection.Abstractions.dll --allowed-assembly=/Applications/Unity/Hub/Editor/6000.5.5f1/Unity.app/Contents/Resources/Scripting/BCLExtensions/runtime/netstandard2.1/Microsoft.Extensions.Logging.Abstractions.dll --allowed-assembly=/Applications/Unity/Hub/Editor/6000.5.5f1/Unity.app/Contents/Resources/Scripting/BCLExtensions/runtime/netstandard2.1/System.Collections.Immutable.dll --allowed-assembly=/Applications/Unity/Hub/Editor/6000.5.5f1/Unity.app/Contents/Resources/Scripting/BCLExtensions/runtime/netstandard2.1/System.Diagnostics.DiagnosticSource.dll --allowed-assembly=/Applications/Unity/Hub/Editor/6000.5.5f1/Unity.app/Contents/Resources/Scripting/BCLExtensions/runtime/netstandard2.1/System.IO.Hashing.dll --allowed-assembly=/Applications/Unity/Hub/Editor/6000.5.5f1/Unity.app/Contents/Resources/Scripting/BCLExtensions/runtime/netstandard2.1/System.Reflection.Metadata.dll --allowed-assembly=/Applications/Unity/Hub/Editor/6000.5.5f1/Unity.app/Contents/Resources/Scripting/BCLExtensions/runtime/netstandard2.1/System.Runtime.CompilerServices.Unsafe.dll --allowed-assembly=/Applications/Unity/Hub/Editor/6000.5.5f1/Unity.app/Contents/Resources/Scripting/BCLExtensions/runtime/netstandard2.1/System.Text.Encodings.Web.dll --allowed-assembly=/Applications/Unity/Hub/Editor/6000.5.5f1/Unity.app/Contents/Resources/Scripting/BCLExtensions/runtime/netstandard2.1/System.Text.Json.dll --allowed-assembly=/Applications/Unity/Hub/Editor/6000.5.5f1/Unity.app/Contents/Resources/Scripting/MonoBleedingEdge/lib/mono/unityjit-macos/Accessibility.dll --allowed-assembly=/Applications/Unity/Hub/Editor/6000.5.5f1/Unity.app/Contents/Resources/Scripting/MonoBleedingEdge/lib/mono/unityjit-macos/Commons.Xml.Relaxng.dll --allowed-assembly=/Applications/Unity/Hub/Editor/6000.5.5f1/Unity.app/Contents/Resources/Scripting/MonoBleedingEdge/lib/mono/unityjit-macos/CustomMarshalers.dll --allowed-assembly=/Applications/Unity/Hub/Editor/6000.5.5f1/Unity.app/Contents/Resources/Scripting/MonoBleedingEdge/lib/mono/unityjit-macos/I18N.CJK.dll --allowed-assembly=/Applications/Unity/Hub/Editor/6000.5.5f1/Unity.app/Contents/Resources/Scripting/MonoBleedingEdge/lib/mono/unityjit-macos/I18N.MidEast.dll --allowed-assembly=/Applications/Unity/Hub/Editor/6000.5.5f1/Unity.app/Contents/Resources/Scripting/MonoBleedingEdge/lib/mono/unityjit-macos/I18N.Other.dll --allowed-assembly=/Applications/Unity/Hub/Editor/6000.5.5f1/Unity.app/Contents/Resources/Scripting/MonoBleedingEdge/lib/mono/unityjit-macos/I18N.Rare.dll --allowed-assembly=/Applications/Unity/Hub/Editor/6000.5.5f1/Unity.app/Contents/Resources/Scripting/MonoBleedingEdge/lib/mono/unityjit-macos/I18N.West.dll --allowed-assembly=/Applications/Unity/Hub/Editor/6000.5.5f1/Unity.app/Contents/Resources/Scripting/MonoBleedingEdge/lib/mono/unityjit-macos/I18N.dll --allowed-assembly=/Applications/Unity/Hub/Editor/6000.5.5f1/Unity.app/Contents/Resources/Scripting/MonoBleedingEdge/lib/mono/unityjit-macos/IBM.Data.DB2.dll --allowed-assembly=/Applications/Unity/Hub/Editor/6000.5.5f1/Unity.app/Contents/Resources/Scripting/MonoBleedingEdge/lib/mono/unityjit-macos/ICSharpCode.SharpZipLib.dll --allowed-assembly=/Applications/Unity/Hub/Editor/6000.5.5f1/Unity.app/Contents/Resources/Scripting/MonoBleedingEdge/lib/mono/unityjit-macos/Microsoft.Build.Engine.dll --allowed-assembly=/Applications/Unity/Hub/Editor/6000.5.5f1/Unity.app/Contents/Resources/Scripting/MonoBleedingEdge/lib/mono/unityjit-macos/Microsoft.Build.Framework.dll --allowed-assembly=/Applications/Unity/Hub/Editor/6000.5.5f1/Unity.app/Contents/Resources/Scripting/MonoBleedingEdge/lib/mono/unityjit-macos/Microsoft.Build.Tasks.v4.0.dll --allowed-assembly=/Applications/Unity/Hub/Editor/6000.5.5f1/Unity.app/Contents/Resources/Scripting/MonoBleedingEdge/lib/mono/unityjit-macos/Microsoft.Build.Utilities.v4.0.dll --allowed-assembly=/Applications/Unity/Hub/Editor/6000.5.5f1/Unity.app/Contents/Resources/Scripting/MonoBleedingEdge/lib/mono/unityjit-macos/Microsoft.Build.dll --allowed-assembly=/Applications/Unity/Hub/Editor/6000.5.5f1/Unity.app/Contents/Resources/Scripting/MonoBleedingEdge/lib/mono/unityjit-macos/Microsoft.CSharp.dll --allowed-assembly=/Applications/Unity/Hub/Editor/6000.5.5f1/Unity.app/Contents/Resources/Scripting/MonoBleedingEdge/lib/mono/unityjit-macos/Microsoft.VisualC.dll --allowed-assembly=/Applications/Unity/Hub/Editor/6000.5.5f1/Unity.app/Contents/Resources/Scripting/MonoBleedingEdge/lib/mono/unityjit-macos/Microsoft.Web.Infrastructure.dll --allowed-assembly=/Applications/Unity/Hub/Editor/6000.5.5f1/Unity.app/Contents/Resources/Scripting/MonoBleedingEdge/lib/mono/unityjit-macos/Mono.Btls.Interface.dll --allowed-assembly=/Applications/Unity/Hub/Editor/6000.5.5f1/Unity.app/Contents/Resources/Scripting/MonoBleedingEdge/lib/mono/unityjit-macos/Mono.C5.dll --allowed-assembly=/Applications/Unity/Hub/Editor/6000.5.5f1/Unity.app/Contents/Resources/Scripting/MonoBleedingEdge/lib/mono/unityjit-macos/Mono.CSharp.dll --allowed-assembly=/Applications/Unity/Hub/Editor/6000.5.5f1/Unity.app/Contents/Resources/Scripting/MonoBleedingEdge/lib/mono/unityjit-macos/Mono.Cairo.dll --allowed-assembly=/Applications/Unity/Hub/Editor/6000.5.5f1/Unity.app/Contents/Resources/Scripting/MonoBleedingEdge/lib/mono/unityjit-macos/Mono.CompilerServices.SymbolWriter.dll --allowed-assembly=/Applications/Unity/Hub/Editor/6000.5.5f1/Unity.app/Contents/Resources/Scripting/MonoBleedingEdge/lib/mono/unityjit-macos/Mono.Data.Sqlite.dll --allowed-assembly=/Applications/Unity/Hub/Editor/6000.5.5f1/Unity.app/Contents/Resources/Scripting/MonoBleedingEdge/lib/mono/unityjit-macos/Mono.Data.Tds.dll --allowed-assembly=/Applications/Unity/Hub/Editor/6000.5.5f1/Unity.app/Contents/Resources/Scripting/MonoBleedingEdge/lib/mono/unityjit-macos/Mono.Http.dll --allowed-assembly=/Applications/Unity/Hub/Editor/6000.5.5f1/Unity.app/Contents/Resources/Scripting/MonoBleedingEdge/lib/mono/unityjit-macos/Mono.Management.dll --allowed-assembly=/Applications/Unity/Hub/Editor/6000.5.5f1/Unity.app/Contents/Resources/Scripting/MonoBleedingEdge/lib/mono/unityjit-macos/Mono.Messaging.RabbitMQ.dll --allowed-assembly=/Applications/Unity/Hub/Editor/6000.5.5f1/Unity.app/Contents/Resources/Scripting/MonoBleedingEdge/lib/mono/unityjit-macos/Mono.Messaging.dll --allowed-assembly=/Applications/Unity/Hub/Editor/6000.5.5f1/Unity.app/Contents/Resources/Scripting/MonoBleedingEdge/lib/mono/unityjit-macos/Mono.Options.dll --allowed-assembly=/Applications/Unity/Hub/Editor/6000.5.5f1/Unity.app/Contents/Resources/Scripting/MonoBleedingEdge/lib/mono/unityjit-macos/Mono.Parallel.dll --allowed-assembly=/Applications/Unity/Hub/Editor/6000.5.5f1/Unity.app/Contents/Resources/Scripting/MonoBleedingEdge/lib/mono/unityjit-macos/Mono.Posix.dll --allowed-assembly=/Applications/Unity/Hub/Editor/6000.5.5f1/Unity.app/Contents/Resources/Scripting/MonoBleedingEdge/lib/mono/unityjit-macos/Mono.Profiler.Log.dll --allowed-assembly=/Applications/Unity/Hub/Editor/6000.5.5f1/Unity.app/Contents/Resources/Scripting/MonoBleedingEdge/lib/mono/unityjit-macos/Mono.Security.Win32.dll --allowed-assembly=/Applications/Unity/Hub/Editor/6000.5.5f1/Unity.app/Contents/Resources/Scripting/MonoBleedingEdge/lib/mono/unityjit-macos/Mono.Security.dll --allowed-assembly=/Applications/Unity/Hub/Editor/6000.5.5f1/Unity.app/Contents/Resources/Scripting/MonoBleedingEdge/lib/mono/unityjit-macos/Mono.Simd.dll --allowed-assembly=/Applications/Unity/Hub/Editor/6000.5.5f1/Unity.app/Contents/Resources/Scripting/MonoBleedingEdge/lib/mono/unityjit-macos/Mono.Tasklets.dll --allowed-assembly=/Applications/Unity/Hub/Editor/6000.5.5f1/Unity.app/Contents/Resources/Scripting/MonoBleedingEdge/lib/mono/unityjit-macos/Mono.WebBrowser.dll --allowed-assembly=/Applications/Unity/Hub/Editor/6000.5.5f1/Unity.app/Contents/Resources/Scripting/MonoBleedingEdge/lib/mono/unityjit-macos/Mono.XBuild.Tasks.dll --allowed-assembly=/Applications/Unity/Hub/Editor/6000.5.5f1/Unity.app/Contents/Resources/Scripting/MonoBleedingEdge/lib/mono/unityjit-macos/Novell.Directory.Ldap.dll --allowed-assembly=/Applications/Unity/Hub/Editor/6000.5.5f1/Unity.app/Contents/Resources/Scripting/MonoBleedingEdge/lib/mono/unityjit-macos/PEAPI.dll --allowed-assembly=/Applications/Unity/Hub/Editor/6000.5.5f1/Unity.app/Contents/Resources/Scripting/MonoBleedingEdge/lib/mono/unityjit-macos/RabbitMQ.Client.dll --allowed-assembly=/Applications/Unity/Hub/Editor/6000.5.5f1/Unity.app/Contents/Resources/Scripting/MonoBleedingEdge/lib/mono/unityjit-macos/SMDiagnostics.dll --allowed-assembly=/Applications/Unity/Hub/Editor/6000.5.5f1/Unity.app/Contents/Resources/Scripting/MonoBleedingEdge/lib/mono/unityjit-macos/System.ComponentModel.Composition.dll --allowed-assembly=/Applications/Unity/Hub/Editor/6000.5.5f1/Unity.app/Contents/Resources/Scripting/MonoBleedingEdge/lib/mono/unityjit-macos/System.ComponentModel.DataAnnotations.dll --allowed-assembly=/Applications/Unity/Hub/Editor/6000.5.5f1/Unity.app/Contents/Resources/Scripting/MonoBleedingEdge/lib/mono/unityjit-macos/System.Configuration.Install.dll --allowed-assembly=/Applications/Unity/Hub/Editor/6000.5.5f1/Unity.app/Contents/Resources/Scripting/MonoBleedingEdge/lib/mono/unityjit-macos/System.Configuration.dll --allowed-assembly=/Applications/Unity/Hub/Editor/6000.5.5f1/Unity.app/Contents/Resources/Scripting/MonoBleedingEdge/lib/mono/unityjit-macos/System.Core.dll --allowed-assembly=/Applications/Unity/Hub/Editor/6000.5.5f1/Unity.app/Contents/Resources/Scripting/MonoBleedingEdge/lib/mono/unityjit-macos/System.Data.DataSetExtensions.dll --allowed-assembly=/Applications/Unity/Hub/Editor/6000.5.5f1/Unity.app/Contents/Resources/Scripting/MonoBleedingEdge/lib/mono/unityjit-macos/System.Data.Entity.dll --allowed-assembly=/Applications/Unity/Hub/Editor/6000.5.5f1/Unity.app/Contents/Resources/Scripting/MonoBleedingEdge/lib/mono/unityjit-macos/System.Data.Linq.dll --allowed-assembly=/Applications/Unity/Hub/Editor/6000.5.5f1/Unity.app/Contents/Resources/Scripting/MonoBleedingEdge/lib/mono/unityjit-macos/System.Data.OracleClient.dll --allowed-assembly=/Applications/Unity/Hub/Editor/6000.5.5f1/Unity.app/Contents/Resources/Scripting/MonoBleedingEdge/lib/mono/unityjit-macos/System.Data.Services.Client.dll --allowed-assembly=/Applications/Unity/Hub/Editor/6000.5.5f1/Unity.app/Contents/Resources/Scripting/MonoBleedingEdge/lib/mono/unityjit-macos/System.Data.Services.dll --allowed-assembly=/Applications/Unity/Hub/Editor/6000.5.5f1/Unity.app/Contents/Resources/Scripting/MonoBleedingEdge/lib/mono/unityjit-macos/System.Data.dll --allowed-assembly=/Applications/Unity/Hub/Editor/6000.5.5f1/Unity.app/Contents/Resources/Scripting/MonoBleedingEdge/lib/mono/unityjit-macos/System.Deployment.dll --allowed-assembly=/Applications/Unity/Hub/Editor/6000.5.5f1/Unity.app/Contents/Resources/Scripting/MonoBleedingEdge/lib/mono/unityjit-macos/System.Design.dll --allowed-assembly=/Applications/Unity/Hub/Editor/6000.5.5f1/Unity.app/Contents/Resources/Scripting/MonoBleedingEdge/lib/mono/unityjit-macos/System.DirectoryServices.Protocols.dll --allowed-assembly=/Applications/Unity/Hub/Editor/6000.5.5f1/Unity.app/Contents/Resources/Scripting/MonoBleedingEdge/lib/mono/unityjit-macos/System.DirectoryServices.dll --allowed-assembly=/Applications/Unity/Hub/Editor/6000.5.5f1/Unity.app/Contents/Resources/Scripting/MonoBleedingEdge/lib/mono/unityjit-macos/System.Drawing.Design.dll --allowed-assembly=/Applications/Unity/Hub/Editor/6000.5.5f1/Unity.app/Contents/Resources/Scripting/MonoBleedingEdge/lib/mono/unityjit-macos/System.Drawing.dll --allowed-assembly=/Applications/Unity/Hub/Editor/6000.5.5f1/Unity.app/Contents/Resources/Scripting/MonoBleedingEdge/lib/mono/unityjit-macos/System.Dynamic.dll --allowed-assembly=/Applications/Unity/Hub/Editor/6000.5.5f1/Unity.app/Contents/Resources/Scripting/MonoBleedingEdge/lib/mono/unityjit-macos/System.EnterpriseServices.dll --allowed-assembly=/Applications/Unity/Hub/Editor/6000.5.5f1/Unity.app/Contents/Resources/Scripting/MonoBleedingEdge/lib/mono/unityjit-macos/System.IO.Compression.FileSystem.dll --allowed-assembly=/Applications/Unity/Hub/Editor/6000.5.5f1/Unity.app/Contents/Resources/Scripting/MonoBleedingEdge/lib/mono/unityjit-macos/System.IO.Compression.dll --allowed-assembly=/Applications/Unity/Hub/Editor/6000.5.5f1/Unity.app/Contents/Resources/Scripting/MonoBleedingEdge/lib/mono/unityjit-macos/System.IdentityModel.Selectors.dll --allowed-assembly=/Applications/Unity/Hub/Editor/6000.5.5f1/Unity.app/Contents/Resources/Scripting/MonoBleedingEdge/lib/mono/unityjit-macos/System.IdentityModel.dll --allowed-assembly=/Applications/Unity/Hub/Editor/6000.5.5f1/Unity.app/Contents/Resources/Scripting/MonoBleedingEdge/lib/mono/unityjit-macos/System.Json.Microsoft.dll --allowed-assembly=/Applications/Unity/Hub/Editor/6000.5.5f1/Unity.app/Contents/Resources/Scripting/MonoBleedingEdge/lib/mono/unityjit-macos/System.Json.dll --allowed-assembly=/Applications/Unity/Hub/Editor/6000.5.5f1/Unity.app/Contents/Resources/Scripting/MonoBleedingEdge/lib/mono/unityjit-macos/System.Management.dll --allowed-assembly=/Applications/Unity/Hub/Editor/6000.5.5f1/Unity.app/Contents/Resources/Scripting/MonoBleedingEdge/lib/mono/unityjit-macos/System.Messaging.dll --allowed-assembly=/Applications/Unity/Hub/Editor/6000.5.5f1/Unity.app/Contents/Resources/Scripting/MonoBleedingEdge/lib/mono/unityjit-macos/System.Net.Http.Formatting.dll --allowed-assembly=/Applications/Unity/Hub/Editor/6000.5.5f1/Unity.app/Contents/Resources/Scripting/MonoBleedingEdge/lib/mono/unityjit-macos/System.Net.Http.WebRequest.dll --allowed-assembly=/Applications/Unity/Hub/Editor/6000.5.5f1/Unity.app/Contents/Resources/Scripting/MonoBleedingEdge/lib/mono/unityjit-macos/System.Net.Http.dll --allowed-assembly=/Applications/Unity/Hub/Editor/6000.5.5f1/Unity.app/Contents/Resources/Scripting/MonoBleedingEdge/lib/mono/unityjit-macos/System.Net.dll --allowed-assembly=/Applications/Unity/Hub/Editor/6000.5.5f1/Unity.app/Contents/Resources/Scripting/MonoBleedingEdge/lib/mono/unityjit-macos/System.Numerics.Vectors.dll --allowed-assembly=/Applications/Unity/Hub/Editor/6000.5.5f1/Unity.app/Contents/Resources/Scripting/MonoBleedingEdge/lib/mono/unityjit-macos/System.Numerics.dll --allowed-assembly=/Applications/Unity/Hub/Editor/6000.5.5f1/Unity.app/Contents/Resources/Scripting/MonoBleedingEdge/lib/mono/unityjit-macos/System.Reactive.Core.dll --allowed-assembly=/Applications/Unity/Hub/Editor/6000.5.5f1/Unity.app/Contents/Resources/Scripting/MonoBleedingEdge/lib/mono/unityjit-macos/System.Reactive.Debugger.dll --allowed-assembly=/Applications/Unity/Hub/Editor/6000.5.5f1/Unity.app/Contents/Resources/Scripting/MonoBleedingEdge/lib/mono/unityjit-macos/System.Reactive.Experimental.dll --allowed-assembly=/Applications/Unity/Hub/Editor/6000.5.5f1/Unity.app/Contents/Resources/Scripting/MonoBleedingEdge/lib/mono/unityjit-macos/System.Reactive.Interfaces.dll --allowed-assembly=/Applications/Unity/Hub/Editor/6000.5.5f1/Unity.app/Contents/Resources/Scripting/MonoBleedingEdge/lib/mono/unityjit-macos/System.Reactive.Linq.dll --allowed-assembly=/Applications/Unity/Hub/Editor/6000.5.5f1/Unity.app/Contents/Resources/Scripting/MonoBleedingEdge/lib/mono/unityjit-macos/System.Reactive.Observable.Aliases.dll --allowed-assembly=/Applications/Unity/Hub/Editor/6000.5.5f1/Unity.app/Contents/Resources/Scripting/MonoBleedingEdge/lib/mono/unityjit-macos/System.Reactive.PlatformServices.dll --allowed-assembly=/Applications/Unity/Hub/Editor/6000.5.5f1/Unity.app/Contents/Resources/Scripting/MonoBleedingEdge/lib/mono/unityjit-macos/System.Reactive.Providers.dll --allowed-assembly=/Applications/Unity/Hub/Editor/6000.5.5f1/Unity.app/Contents/Resources/Scripting/MonoBleedingEdge/lib/mono/unityjit-macos/System.Reactive.Runtime.Remoting.dll --allowed-assembly=/Applications/Unity/Hub/Editor/6000.5.5f1/Unity.app/Contents/Resources/Scripting/MonoBleedingEdge/lib/mono/unityjit-macos/System.Reactive.Windows.Forms.dll --allowed-assembly=/Applications/Unity/Hub/Editor/6000.5.5f1/Unity.app/Contents/Resources/Scripting/MonoBleedingEdge/lib/mono/unityjit-macos/System.Reactive.Windows.Threading.dll --allowed-assembly=/Applications/Unity/Hub/Editor/6000.5.5f1/Unity.app/Contents/Resources/Scripting/MonoBleedingEdge/lib/mono/unityjit-macos/System.Reflection.Context.dll --allowed-assembly=/Applications/Unity/Hub/Editor/6000.5.5f1/Unity.app/Contents/Resources/Scripting/MonoBleedingEdge/lib/mono/unityjit-macos/System.Runtime.Caching.dll --allowed-assembly=/Applications/Unity/Hub/Editor/6000.5.5f1/Unity.app/Contents/Resources/Scripting/MonoBleedingEdge/lib/mono/unityjit-macos/System.Runtime.DurableInstancing.dll --allowed-assembly=/Applications/Unity/Hub/Editor/6000.5.5f1/Unity.app/Contents/Resources/Scripting/MonoBleedingEdge/lib/mono/unityjit-macos/System.Runtime.Remoting.dll --allowed-assembly=/Applications/Unity/Hub/Editor/6000.5.5f1/Unity.app/Contents/Resources/Scripting/MonoBleedingEdge/lib/mono/unityjit-macos/System.Runtime.Serialization.Formatters.Soap.dll --allowed-assembly=/Applications/Unity/Hub/Editor/6000.5.5f1/Unity.app/Contents/Resources/Scripting/MonoBleedingEdge/lib/mono/unityjit-macos/System.Runtime.Serialization.dll --allowed-assembly=/Applications/Unity/Hub/Editor/6000.5.5f1/Unity.app/Contents/Resources/Scripting/MonoBleedingEdge/lib/mono/unityjit-macos/System.Security.dll --allowed-assembly=/Applications/Unity/Hub/Editor/6000.5.5f1/Unity.app/Contents/Resources/Scripting/MonoBleedingEdge/lib/mono/unityjit-macos/System.ServiceModel.Activation.dll --allowed-assembly=/Applications/Unity/Hub/Editor/6000.5.5f1/Unity.app/Contents/Resources/Scripting/MonoBleedingEdge/lib/mono/unityjit-macos/System.ServiceModel.Discovery.dll --allowed-assembly=/Applications/Unity/Hub/Editor/6000.5.5f1/Unity.app/Contents/Resources/Scripting/MonoBleedingEdge/lib/mono/unityjit-macos/System.ServiceModel.Internals.dll --allowed-assembly=/Applications/Unity/Hub/Editor/6000.5.5f1/Unity.app/Contents/Resources/Scripting/MonoBleedingEdge/lib/mono/unityjit-macos/System.ServiceModel.Routing.dll --allowed-assembly=/Applications/Unity/Hub/Editor/6000.5.5f1/Unity.app/Contents/Resources/Scripting/MonoBleedingEdge/lib/mono/unityjit-macos/System.ServiceModel.Web.dll --allowed-assembly=/Applications/Unity/Hub/Editor/6000.5.5f1/Unity.app/Contents/Resources/Scripting/MonoBleedingEdge/lib/mono/unityjit-macos/System.ServiceModel.dll --allowed-assembly=/Applications/Unity/Hub/Editor/6000.5.5f1/Unity.app/Contents/Resources/Scripting/MonoBleedingEdge/lib/mono/unityjit-macos/System.ServiceProcess.dll --allowed-assembly=/Applications/Unity/Hub/Editor/6000.5.5f1/Unity.app/Contents/Resources/Scripting/MonoBleedingEdge/lib/mono/unityjit-macos/System.Threading.Tasks.Dataflow.dll --allowed-assembly=/Applications/Unity/Hub/Editor/6000.5.5f1/Unity.app/Contents/Resources/Scripting/MonoBleedingEdge/lib/mono/unityjit-macos/System.Transactions.dll --allowed-assembly=/Applications/Unity/Hub/Editor/6000.5.5f1/Unity.app/Contents/Resources/Scripting/MonoBleedingEdge/lib/mono/unityjit-macos/System.Web.Abstractions.dll --allowed-assembly=/Applications/Unity/Hub/Editor/6000.5.5f1/Unity.app/Contents/Resources/Scripting/MonoBleedingEdge/lib/mono/unityjit-macos/System.Web.ApplicationServices.dll --allowed-assembly=/Applications/Unity/Hub/Editor/6000.5.5f1/Unity.app/Contents/Resources/Scripting/MonoBleedingEdge/lib/mono/unityjit-macos/System.Web.DynamicData.dll --allowed-assembly=/Applications/Unity/Hub/Editor/6000.5.5f1/Unity.app/Contents/Resources/Scripting/MonoBleedingEdge/lib/mono/unityjit-macos/System.Web.Extensions.Design.dll --allowed-assembly=/Applications/Unity/Hub/Editor/6000.5.5f1/Unity.app/Contents/Resources/Scripting/MonoBleedingEdge/lib/mono/unityjit-macos/System.Web.Extensions.dll --allowed-assembly=/Applications/Unity/Hub/Editor/6000.5.5f1/Unity.app/Contents/Resources/Scripting/MonoBleedingEdge/lib/mono/unityjit-macos/System.Web.Http.SelfHost.dll --allowed-assembly=/Applications/Unity/Hub/Editor/6000.5.5f1/Unity.app/Contents/Resources/Scripting/MonoBleedingEdge/lib/mono/unityjit-macos/System.Web.Http.WebHost.dll --allowed-assembly=/Applications/Unity/Hub/Editor/6000.5.5f1/Unity.app/Contents/Resources/Scripting/MonoBleedingEdge/lib/mono/unityjit-macos/System.Web.Http.dll --allowed-assembly=/Applications/Unity/Hub/Editor/6000.5.5f1/Unity.app/Contents/Resources/Scripting/MonoBleedingEdge/lib/mono/unityjit-macos/System.Web.Mobile.dll --allowed-assembly=/Applications/Unity/Hub/Editor/6000.5.5f1/Unity.app/Contents/Resources/Scripting/MonoBleedingEdge/lib/mono/unityjit-macos/System.Web.Mvc.dll --allowed-assembly=/Applications/Unity/Hub/Editor/6000.5.5f1/Unity.app/Contents/Resources/Scripting/MonoBleedingEdge/lib/mono/unityjit-macos/System.Web.Razor.dll --allowed-assembly=/Applications/Unity/Hub/Editor/6000.5.5f1/Unity.app/Contents/Resources/Scripting/MonoBleedingEdge/lib/mono/unityjit-macos/System.Web.RegularExpressions.dll --allowed-assembly=/Applications/Unity/Hub/Editor/6000.5.5f1/Unity.app/Contents/Resources/Scripting/MonoBleedingEdge/lib/mono/unityjit-macos/System.Web.Routing.dll --allowed-assembly=/Applications/Unity/Hub/Editor/6000.5.5f1/Unity.app/Contents/Resources/Scripting/MonoBleedingEdge/lib/mono/unityjit-macos/System.Web.Services.dll --allowed-assembly=/Applications/Unity/Hub/Editor/6000.5.5f1/Unity.app/Contents/Resources/Scripting/MonoBleedingEdge/lib/mono/unityjit-macos/System.Web.WebPages.Deployment.dll --allowed-assembly=/Applications/Unity/Hub/Editor/6000.5.5f1/Unity.app/Contents/Resources/Scripting/MonoBleedingEdge/lib/mono/unityjit-macos/System.Web.WebPages.Razor.dll --allowed-assembly=/Applications/Unity/Hub/Editor/6000.5.5f1/Unity.app/Contents/Resources/Scripting/MonoBleedingEdge/lib/mono/unityjit-macos/System.Web.WebPages.dll --allowed-assembly=/Applications/Unity/Hub/Editor/6000.5.5f1/Unity.app/Contents/Resources/Scripting/MonoBleedingEdge/lib/mono/unityjit-macos/System.Web.dll --allowed-assembly=/Applications/Unity/Hub/Editor/6000.5.5f1/Unity.app/Contents/Resources/Scripting/MonoBleedingEdge/lib/mono/unityjit-macos/System.Windows.Forms.DataVisualization.dll --allowed-assembly=/Applications/Unity/Hub/Editor/6000.5.5f1/Unity.app/Contents/Resources/Scripting/MonoBleedingEdge/lib/mono/unityjit-macos/System.Windows.Forms.dll --allowed-assembly=/Applications/Unity/Hub/Editor/6000.5.5f1/Unity.app/Contents/Resources/Scripting/MonoBleedingEdge/lib/mono/unityjit-macos/System.Windows.dll --allowed-assembly=/Applications/Unity/Hub/Editor/6000.5.5f1/Unity.app/Contents/Resources/Scripting/MonoBleedingEdge/lib/mono/unityjit-macos/System.Workflow.Activities.dll --allowed-assembly=/Applications/Unity/Hub/Editor/6000.5.5f1/Unity.app/Contents/Resources/Scripting/MonoBleedingEdge/lib/mono/unityjit-macos/System.Workflow.ComponentModel.dll --allowed-assembly=/Applications/Unity/Hub/Editor/6000.5.5f1/Unity.app/Contents/Resources/Scripting/MonoBleedingEdge/lib/mono/unityjit-macos/System.Workflow.Runtime.dll --allowed-assembly=/Applications/Unity/Hub/Editor/6000.5.5f1/Unity.app/Contents/Resources/Scripting/MonoBleedingEdge/lib/mono/unityjit-macos/System.Xaml.dll --allowed-assembly=/Applications/Unity/Hub/Editor/6000.5.5f1/Unity.app/Contents/Resources/Scripting/MonoBleedingEdge/lib/mono/unityjit-macos/System.Xml.Linq.dll --allowed-assembly=/Applications/Unity/Hub/Editor/6000.5.5f1/Unity.app/Contents/Resources/Scripting/MonoBleedingEdge/lib/mono/unityjit-macos/System.Xml.Serialization.dll --allowed-assembly=/Applications/Unity/Hub/Editor/6000.5.5f1/Unity.app/Contents/Resources/Scripting/MonoBleedingEdge/lib/mono/unityjit-macos/System.Xml.dll --allowed-assembly=/Applications/Unity/Hub/Editor/6000.5.5f1/Unity.app/Contents/Resources/Scripting/MonoBleedingEdge/lib/mono/unityjit-macos/System.dll --allowed-assembly=/Applications/Unity/Hub/Editor/6000.5.5f1/Unity.app/Contents/Resources/Scripting/MonoBleedingEdge/lib/mono/unityjit-macos/SystemWebTestShim.dll --allowed-assembly=/Applications/Unity/Hub/Editor/6000.5.5f1/Unity.app/Contents/Resources/Scripting/MonoBleedingEdge/lib/mono/unityjit-macos/WebMatrix.Data.dll --allowed-assembly=/Applications/Unity/Hub/Editor/6000.5.5f1/Unity.app/Contents/Resources/Scripting/MonoBleedingEdge/lib/mono/unityjit-macos/WindowsBase.dll --allowed-assembly=/Applications/Unity/Hub/Editor/6000.5.5f1/Unity.app/Contents/Resources/Scripting/MonoBleedingEdge/lib/mono/unityjit-macos/cscompmgd.dll --allowed-assembly=/Applications/Unity/Hub/Editor/6000.5.5f1/Unity.app/Contents/Resources/Scripting/MonoBleedingEdge/lib/mono/unityjit-macos/monodoc.dll --allowed-assembly=/Applications/Unity/Hub/Editor/6000.5.5f1/Unity.app/Contents/Resources/Scripting/MonoBleedingEdge/lib/mono/unityjit-macos/mscorlib.dll --allowed-assembly=/Applications/Unity/Hub/Editor/6000.5.5f1/Unity.app/Contents/Resources/Scripting/MonoBleedingEdge/lib/mono/unityjit-macos/Facades/Microsoft.Win32.Primitives.dll --allowed-assembly=/Applications/Unity/Hub/Editor/6000.5.5f1/Unity.app/Contents/Resources/Scripting/MonoBleedingEdge/lib/mono/unityjit-macos/Facades/Microsoft.Win32.Registry.AccessControl.dll --allowed-assembly=/Applications/Unity/Hub/Editor/6000.5.5f1/Unity.app/Contents/Resources/Scripting/MonoBleedingEdge/lib/mono/unityjit-macos/Facades/Microsoft.Win32.Registry.dll --allowed-assembly=/Applications/Unity/Hub/Editor/6000.5.5f1/Unity.app/Contents/Resources/Scripting/MonoBleedingEdge/lib/mono/unityjit-macos/Facades/System.AppContext.dll --allowed-assembly=/Applications/Unity/Hub/Editor/6000.5.5f1/Unity.app/Contents/Resources/Scripting/MonoBleedingEdge/lib/mono/unityjit-macos/Facades/System.Buffers.dll --allowed-assembly=/Applications/Unity/Hub/Editor/6000.5.5f1/Unity.app/Contents/Resources/Scripting/MonoBleedingEdge/lib/mono/unityjit-macos/Facades/System.Collections.Concurrent.dll --allowed-assembly=/Applications/Unity/Hub/Editor/6000.5.5f1/Unity.app/Contents/Resources/Scripting/MonoBleedingEdge/lib/mono/unityjit-macos/Facades/System.Collections.NonGeneric.dll --allowed-assembly=/Applications/Unity/Hub/Editor/6000.5.5f1/Unity.app/Contents/Resources/Scripting/MonoBleedingEdge/lib/mono/unityjit-macos/Facades/System.Collections.Specialized.dll --allowed-assembly=/Applications/Unity/Hub/Editor/6000.5.5f1/Unity.app/Contents/Resources/Scripting/MonoBleedingEdge/lib/mono/unityjit-macos/Facades/System.Collections.dll --allowed-assembly=/Applications/Unity/Hub/Editor/6000.5.5f1/Unity.app/Contents/Resources/Scripting/MonoBleedingEdge/lib/mono/unityjit-macos/Facades/System.ComponentModel.Annotations.dll --allowed-assembly=/Applications/Unity/Hub/Editor/6000.5.5f1/Unity.app/Contents/Resources/Scripting/MonoBleedingEdge/lib/mono/unityjit-macos/Facades/System.ComponentModel.EventBasedAsync.dll --allowed-assembly=/Applications/Unity/Hub/Editor/6000.5.5f1/Unity.app/Contents/Resources/Scripting/MonoBleedingEdge/lib/mono/unityjit-macos/Facades/System.ComponentModel.Primitives.dll --allowed-assembly=/Applications/Unity/Hub/Editor/6000.5.5f1/Unity.app/Contents/Resources/Scripting/MonoBleedingEdge/lib/mono/unityjit-macos/Facades/System.ComponentModel.TypeConverter.dll --allowed-assembly=/Applications/Unity/Hub/Editor/6000.5.5f1/Unity.app/Contents/Resources/Scripting/MonoBleedingEdge/lib/mono/unityjit-macos/Facades/System.ComponentModel.dll --allowed-assembly=/Applications/Unity/Hub/Editor/6000.5.5f1/Unity.app/Contents/Resources/Scripting/MonoBleedingEdge/lib/mono/unityjit-macos/Facades/System.Console.dll --allowed-assembly=/Applications/Unity/Hub/Editor/6000.5.5f1/Unity.app/Contents/Resources/Scripting/MonoBleedingEdge/lib/mono/unityjit-macos/Facades/System.Data.Common.dll --allowed-assembly=/Applications/Unity/Hub/Editor/6000.5.5f1/Unity.app/Contents/Resources/Scripting/MonoBleedingEdge/lib/mono/unityjit-macos/Facades/System.Data.SqlClient.dll --allowed-assembly=/Applications/Unity/Hub/Editor/6000.5.5f1/Unity.app/Contents/Resources/Scripting/MonoBleedingEdge/lib/mono/unityjit-macos/Facades/System.Diagnostics.Contracts.dll --allowed-assembly=/Applications/Unity/Hub/Editor/6000.5.5f1/Unity.app/Contents/Resources/Scripting/MonoBleedingEdge/lib/mono/unityjit-macos/Facades/System.Diagnostics.Debug.dll --allowed-assembly=/Applications/Unity/Hub/Editor/6000.5.5f1/Unity.app/Contents/Resources/Scripting/MonoBleedingEdge/lib/mono/unityjit-macos/Facades/System.Diagnostics.FileVersionInfo.dll --allowed-assembly=/Applications/Unity/Hub/Editor/6000.5.5f1/Unity.app/Contents/Resources/Scripting/MonoBleedingEdge/lib/mono/unityjit-macos/Facades/System.Diagnostics.Process.dll --allowed-assembly=/Applications/Unity/Hub/Editor/6000.5.5f1/Unity.app/Contents/Resources/Scripting/MonoBleedingEdge/lib/mono/unityjit-macos/Facades/System.Diagnostics.StackTrace.dll --allowed-assembly=/Applications/Unity/Hub/Editor/6000.5.5f1/Unity.app/Contents/Resources/Scripting/MonoBleedingEdge/lib/mono/unityjit-macos/Facades/System.Diagnostics.TextWriterTraceListener.dll --allowed-assembly=/Applications/Unity/Hub/Editor/6000.5.5f1/Unity.app/Contents/Resources/Scripting/MonoBleedingEdge/lib/mono/unityjit-macos/Facades/System.Diagnostics.Tools.dll --allowed-assembly=/Applications/Unity/Hub/Editor/6000.5.5f1/Unity.app/Contents/Resources/Scripting/MonoBleedingEdge/lib/mono/unityjit-macos/Facades/System.Diagnostics.TraceEvent.dll --allowed-assembly=/Applications/Unity/Hub/Editor/6000.5.5f1/Unity.app/Contents/Resources/Scripting/MonoBleedingEdge/lib/mono/unityjit-macos/Facades/System.Diagnostics.TraceSource.dll --allowed-assembly=/Applications/Unity/Hub/Editor/6000.5.5f1/Unity.app/Contents/Resources/Scripting/MonoBleedingEdge/lib/mono/unityjit-macos/Facades/System.Diagnostics.Tracing.dll --allowed-assembly=/Applications/Unity/Hub/Editor/6000.5.5f1/Unity.app/Contents/Resources/Scripting/MonoBleedingEdge/lib/mono/unityjit-macos/Facades/System.Drawing.Primitives.dll --allowed-assembly=/Applications/Unity/Hub/Editor/6000.5.5f1/Unity.app/Contents/Resources/Scripting/MonoBleedingEdge/lib/mono/unityjit-macos/Facades/System.Dynamic.Runtime.dll --allowed-assembly=/Applications/Unity/Hub/Editor/6000.5.5f1/Unity.app/Contents/Resources/Scripting/MonoBleedingEdge/lib/mono/unityjit-macos/Facades/System.Globalization.Calendars.dll --allowed-assembly=/Applications/Unity/Hub/Editor/6000.5.5f1/Unity.app/Contents/Resources/Scripting/MonoBleedingEdge/lib/mono/unityjit-macos/Facades/System.Globalization.Extensions.dll --allowed-assembly=/Applications/Unity/Hub/Editor/6000.5.5f1/Unity.app/Contents/Resources/Scripting/MonoBleedingEdge/lib/mono/unityjit-macos/Facades/System.Globalization.dll --allowed-assembly=/Applications/Unity/Hub/Editor/6000.5.5f1/Unity.app/Contents/Resources/Scripting/MonoBleedingEdge/lib/mono/unityjit-macos/Facades/System.IO.Compression.ZipFile.dll --allowed-assembly=/Applications/Unity/Hub/Editor/6000.5.5f1/Unity.app/Contents/Resources/Scripting/MonoBleedingEdge/lib/mono/unityjit-macos/Facades/System.IO.FileSystem.AccessControl.dll --allowed-assembly=/Applications/Unity/Hub/Editor/6000.5.5f1/Unity.app/Contents/Resources/Scripting/MonoBleedingEdge/lib/mono/unityjit-macos/Facades/System.IO.FileSystem.DriveInfo.dll --allowed-assembly=/Applications/Unity/Hub/Editor/6000.5.5f1/Unity.app/Contents/Resources/Scripting/MonoBleedingEdge/lib/mono/unityjit-macos/Facades/System.IO.FileSystem.Primitives.dll --allowed-assembly=/Applications/Unity/Hub/Editor/6000.5.5f1/Unity.app/Contents/Resources/Scripting/MonoBleedingEdge/lib/mono/unityjit-macos/Facades/System.IO.FileSystem.Watcher.dll --allowed-assembly=/Applications/Unity/Hub/Editor/6000.5.5f1/Unity.app/Contents/Resources/Scripting/MonoBleedingEdge/lib/mono/unityjit-macos/Facades/System.IO.FileSystem.dll --allowed-assembly=/Applications/Unity/Hub/Editor/6000.5.5f1/Unity.app/Contents/Resources/Scripting/MonoBleedingEdge/lib/mono/unityjit-macos/Facades/System.IO.IsolatedStorage.dll --allowed-assembly=/Applications/Unity/Hub/Editor/6000.5.5f1/Unity.app/Contents/Resources/Scripting/MonoBleedingEdge/lib/mono/unityjit-macos/Facades/System.IO.MemoryMappedFiles.dll --allowed-assembly=/Applications/Unity/Hub/Editor/6000.5.5f1/Unity.app/Contents/Resources/Scripting/MonoBleedingEdge/lib/mono/unityjit-macos/Facades/System.IO.Pipes.dll --allowed-assembly=/Applications/Unity/Hub/Editor/6000.5.5f1/Unity.app/Contents/Resources/Scripting/MonoBleedingEdge/lib/mono/unityjit-macos/Facades/System.IO.UnmanagedMemoryStream.dll --allowed-assembly=/Applications/Unity/Hub/Editor/6000.5.5f1/Unity.app/Contents/Resources/Scripting/MonoBleedingEdge/lib/mono/unityjit-macos/Facades/System.IO.dll --allowed-assembly=/Applications/Unity/Hub/Editor/6000.5.5f1/Unity.app/Contents/Resources/Scripting/MonoBleedingEdge/lib/mono/unityjit-macos/Facades/System.Linq.Expressions.dll --allowed-assembly=/Applications/Unity/Hub/Editor/6000.5.5f1/Unity.app/Contents/Resources/Scripting/MonoBleedingEdge/lib/mono/unityjit-macos/Facades/System.Linq.Parallel.dll --allowed-assembly=/Applications/Unity/Hub/Editor/6000.5.5f1/Unity.app/Contents/Resources/Scripting/MonoBleedingEdge/lib/mono/unityjit-macos/Facades/System.Linq.Queryable.dll --allowed-assembly=/Applications/Unity/Hub/Editor/6000.5.5f1/Unity.app/Contents/Resources/Scripting/MonoBleedingEdge/lib/mono/unityjit-macos/Facades/System.Linq.dll --allowed-assembly=/Applications/Unity/Hub/Editor/6000.5.5f1/Unity.app/Contents/Resources/Scripting/MonoBleedingEdge/lib/mono/unityjit-macos/Facades/System.Memory.dll --allowed-assembly=/Applications/Unity/Hub/Editor/6000.5.5f1/Unity.app/Contents/Resources/Scripting/MonoBleedingEdge/lib/mono/unityjit-macos/Facades/System.Net.AuthenticationManager.dll --allowed-assembly=/Applications/Unity/Hub/Editor/6000.5.5f1/Unity.app/Contents/Resources/Scripting/MonoBleedingEdge/lib/mono/unityjit-macos/Facades/System.Net.Cache.dll --allowed-assembly=/Applications/Unity/Hub/Editor/6000.5.5f1/Unity.app/Contents/Resources/Scripting/MonoBleedingEdge/lib/mono/unityjit-macos/Facades/System.Net.Http.Rtc.dll --allowed-assembly=/Applications/Unity/Hub/Editor/6000.5.5f1/Unity.app/Contents/Resources/Scripting/MonoBleedingEdge/lib/mono/unityjit-macos/Facades/System.Net.HttpListener.dll --allowed-assembly=/Applications/Unity/Hub/Editor/6000.5.5f1/Unity.app/Contents/Resources/Scripting/MonoBleedingEdge/lib/mono/unityjit-macos/Facades/System.Net.Mail.dll --allowed-assembly=/Applications/Unity/Hub/Editor/6000.5.5f1/Unity.app/Contents/Resources/Scripting/MonoBleedingEdge/lib/mono/unityjit-macos/Facades/System.Net.NameResolution.dll --allowed-assembly=/Applications/Unity/Hub/Editor/6000.5.5f1/Unity.app/Contents/Resources/Scripting/MonoBleedingEdge/lib/mono/unityjit-macos/Facades/System.Net.NetworkInformation.dll --allowed-assembly=/Applications/Unity/Hub/Editor/6000.5.5f1/Unity.app/Contents/Resources/Scripting/MonoBleedingEdge/lib/mono/unityjit-macos/Facades/System.Net.Ping.dll --allowed-assembly=/Applications/Unity/Hub/Editor/6000.5.5f1/Unity.app/Contents/Resources/Scripting/MonoBleedingEdge/lib/mono/unityjit-macos/Facades/System.Net.Primitives.dll --allowed-assembly=/Applications/Unity/Hub/Editor/6000.5.5f1/Unity.app/Contents/Resources/Scripting/MonoBleedingEdge/lib/mono/unityjit-macos/Facades/System.Net.Requests.dll --allowed-assembly=/Applications/Unity/Hub/Editor/6000.5.5f1/Unity.app/Contents/Resources/Scripting/MonoBleedingEdge/lib/mono/unityjit-macos/Facades/System.Net.Security.dll --allowed-assembly=/Applications/Unity/Hub/Editor/6000.5.5f1/Unity.app/Contents/Resources/Scripting/MonoBleedingEdge/lib/mono/unityjit-macos/Facades/System.Net.ServicePoint.dll --allowed-assembly=/Applications/Unity/Hub/Editor/6000.5.5f1/Unity.app/Contents/Resources/Scripting/MonoBleedingEdge/lib/mono/unityjit-macos/Facades/System.Net.Sockets.dll --allowed-assembly=/Applications/Unity/Hub/Editor/6000.5.5f1/Unity.app/Contents/Resources/Scripting/MonoBleedingEdge/lib/mono/unityjit-macos/Facades/System.Net.Utilities.dll --allowed-assembly=/Applications/Unity/Hub/Editor/6000.5.5f1/Unity.app/Contents/Resources/Scripting/MonoBleedingEdge/lib/mono/unityjit-macos/Facades/System.Net.WebHeaderCollection.dll --allowed-assembly=/Applications/Unity/Hub/Editor/6000.5.5f1/Unity.app/Contents/Resources/Scripting/MonoBleedingEdge/lib/mono/unityjit-macos/Facades/System.Net.WebSockets.Client.dll --allowed-assembly=/Applications/Unity/Hub/Editor/6000.5.5f1/Unity.app/Contents/Resources/Scripting/MonoBleedingEdge/lib/mono/unityjit-macos/Facades/System.Net.WebSockets.dll --allowed-assembly=/Applications/Unity/Hub/Editor/6000.5.5f1/Unity.app/Contents/Resources/Scripting/MonoBleedingEdge/lib/mono/unityjit-macos/Facades/System.ObjectModel.dll --allowed-assembly=/Applications/Unity/Hub/Editor/6000.5.5f1/Unity.app/Contents/Resources/Scripting/MonoBleedingEdge/lib/mono/unityjit-macos/Facades/System.Reflection.DispatchProxy.dll --allowed-assembly=/Applications/Unity/Hub/Editor/6000.5.5f1/Unity.app/Contents/Resources/Scripting/MonoBleedingEdge/lib/mono/unityjit-macos/Facades/System.Reflection.Emit.ILGeneration.dll --allowed-assembly=/Applications/Unity/Hub/Editor/6000.5.5f1/Unity.app/Contents/Resources/Scripting/MonoBleedingEdge/lib/mono/unityjit-macos/Facades/System.Reflection.Emit.Lightweight.dll --allowed-assembly=/Applications/Unity/Hub/Editor/6000.5.5f1/Unity.app/Contents/Resources/Scripting/MonoBleedingEdge/lib/mono/unityjit-macos/Facades/System.Reflection.Emit.dll --allowed-assembly=/Applications/Unity/Hub/Editor/6000.5.5f1/Unity.app/Contents/Resources/Scripting/MonoBleedingEdge/lib/mono/unityjit-macos/Facades/System.Reflection.Extensions.dll --allowed-assembly=/Applications/Unity/Hub/Editor/6000.5.5f1/Unity.app/Contents/Resources/Scripting/MonoBleedingEdge/lib/mono/unityjit-macos/Facades/System.Reflection.Primitives.dll --allowed-assembly=/Applications/Unity/Hub/Editor/6000.5.5f1/Unity.app/Contents/Resources/Scripting/MonoBleedingEdge/lib/mono/unityjit-macos/Facades/System.Reflection.TypeExtensions.dll --allowed-assembly=/Applications/Unity/Hub/Editor/6000.5.5f1/Unity.app/Contents/Resources/Scripting/MonoBleedingEdge/lib/mono/unityjit-macos/Facades/System.Reflection.dll --allowed-assembly=/Applications/Unity/Hub/Editor/6000.5.5f1/Unity.app/Contents/Resources/Scripting/MonoBleedingEdge/lib/mono/unityjit-macos/Facades/System.Resources.Reader.dll --allowed-assembly=/Applications/Unity/Hub/Editor/6000.5.5f1/Unity.app/Contents/Resources/Scripting/MonoBleedingEdge/lib/mono/unityjit-macos/Facades/System.Resources.ReaderWriter.dll --allowed-assembly=/Applications/Unity/Hub/Editor/6000.5.5f1/Unity.app/Contents/Resources/Scripting/MonoBleedingEdge/lib/mono/unityjit-macos/Facades/System.Resources.ResourceManager.dll --allowed-assembly=/Applications/Unity/Hub/Editor/6000.5.5f1/Unity.app/Contents/Resources/Scripting/MonoBleedingEdge/lib/mono/unityjit-macos/Facades/System.Resources.Writer.dll --allowed-assembly=/Applications/Unity/Hub/Editor/6000.5.5f1/Unity.app/Contents/Resources/Scripting/MonoBleedingEdge/lib/mono/unityjit-macos/Facades/System.Runtime.CompilerServices.VisualC.dll --allowed-assembly=/Applications/Unity/Hub/Editor/6000.5.5f1/Unity.app/Contents/Resources/Scripting/MonoBleedingEdge/lib/mono/unityjit-macos/Facades/System.Runtime.Extensions.dll --allowed-assembly=/Applications/Unity/Hub/Editor/6000.5.5f1/Unity.app/Contents/Resources/Scripting/MonoBleedingEdge/lib/mono/unityjit-macos/Facades/System.Runtime.Handles.dll --allowed-assembly=/Applications/Unity/Hub/Editor/6000.5.5f1/Unity.app/Contents/Resources/Scripting/MonoBleedingEdge/lib/mono/unityjit-macos/Facades/System.Runtime.InteropServices.RuntimeInformation.dll --allowed-assembly=/Applications/Unity/Hub/Editor/6000.5.5f1/Unity.app/Contents/Resources/Scripting/MonoBleedingEdge/lib/mono/unityjit-macos/Facades/System.Runtime.InteropServices.WindowsRuntime.dll --allowed-assembly=/Applications/Unity/Hub/Editor/6000.5.5f1/Unity.app/Contents/Resources/Scripting/MonoBleedingEdge/lib/mono/unityjit-macos/Facades/System.Runtime.InteropServices.dll --allowed-assembly=/Applications/Unity/Hub/Editor/6000.5.5f1/Unity.app/Contents/Resources/Scripting/MonoBleedingEdge/lib/mono/unityjit-macos/Facades/System.Runtime.Loader.dll --allowed-assembly=/Applications/Unity/Hub/Editor/6000.5.5f1/Unity.app/Contents/Resources/Scripting/MonoBleedingEdge/lib/mono/unityjit-macos/Facades/System.Runtime.Numerics.dll --allowed-assembly=/Applications/Unity/Hub/Editor/6000.5.5f1/Unity.app/Contents/Resources/Scripting/MonoBleedingEdge/lib/mono/unityjit-macos/Facades/System.Runtime.Serialization.Formatters.dll --allowed-assembly=/Applications/Unity/Hub/Editor/6000.5.5f1/Unity.app/Contents/Resources/Scripting/MonoBleedingEdge/lib/mono/unityjit-macos/Facades/System.Runtime.Serialization.Json.dll --allowed-assembly=/Applications/Unity/Hub/Editor/6000.5.5f1/Unity.app/Contents/Resources/Scripting/MonoBleedingEdge/lib/mono/unityjit-macos/Facades/System.Runtime.Serialization.Primitives.dll --allowed-assembly=/Applications/Unity/Hub/Editor/6000.5.5f1/Unity.app/Contents/Resources/Scripting/MonoBleedingEdge/lib/mono/unityjit-macos/Facades/System.Runtime.Serialization.Xml.dll --allowed-assembly=/Applications/Unity/Hub/Editor/6000.5.5f1/Unity.app/Contents/Resources/Scripting/MonoBleedingEdge/lib/mono/unityjit-macos/Facades/System.Runtime.dll --allowed-assembly=/Applications/Unity/Hub/Editor/6000.5.5f1/Unity.app/Contents/Resources/Scripting/MonoBleedingEdge/lib/mono/unityjit-macos/Facades/System.Security.AccessControl.dll --allowed-assembly=/Applications/Unity/Hub/Editor/6000.5.5f1/Unity.app/Contents/Resources/Scripting/MonoBleedingEdge/lib/mono/unityjit-macos/Facades/System.Security.Claims.dll --allowed-assembly=/Applications/Unity/Hub/Editor/6000.5.5f1/Unity.app/Contents/Resources/Scripting/MonoBleedingEdge/lib/mono/unityjit-macos/Facades/System.Security.Cryptography.Algorithms.dll --allowed-assembly=/Applications/Unity/Hub/Editor/6000.5.5f1/Unity.app/Contents/Resources/Scripting/MonoBleedingEdge/lib/mono/unityjit-macos/Facades/System.Security.Cryptography.Cng.dll --allowed-assembly=/Applications/Unity/Hub/Editor/6000.5.5f1/Unity.app/Contents/Resources/Scripting/MonoBleedingEdge/lib/mono/unityjit-macos/Facades/System.Security.Cryptography.Csp.dll --allowed-assembly=/Applications/Unity/Hub/Editor/6000.5.5f1/Unity.app/Contents/Resources/Scripting/MonoBleedingEdge/lib/mono/unityjit-macos/Facades/System.Security.Cryptography.DeriveBytes.dll --allowed-assembly=/Applications/Unity/Hub/Editor/6000.5.5f1/Unity.app/Contents/Resources/Scripting/MonoBleedingEdge/lib/mono/unityjit-macos/Facades/System.Security.Cryptography.Encoding.dll --allowed-assembly=/Applications/Unity/Hub/Editor/6000.5.5f1/Unity.app/Contents/Resources/Scripting/MonoBleedingEdge/lib/mono/unityjit-macos/Facades/System.Security.Cryptography.Encryption.Aes.dll --allowed-assembly=/Applications/Unity/Hub/Editor/6000.5.5f1/Unity.app/Contents/Resources/Scripting/MonoBleedingEdge/lib/mono/unityjit-macos/Facades/System.Security.Cryptography.Encryption.ECDiffieHellman.dll --allowed-assembly=/Applications/Unity/Hub/Editor/6000.5.5f1/Unity.app/Contents/Resources/Scripting/MonoBleedingEdge/lib/mono/unityjit-macos/Facades/System.Security.Cryptography.Encryption.ECDsa.dll --allowed-assembly=/Applications/Unity/Hub/Editor/6000.5.5f1/Unity.app/Contents/Resources/Scripting/MonoBleedingEdge/lib/mono/unityjit-macos/Facades/System.Security.Cryptography.Encryption.dll --allowed-assembly=/Applications/Unity/Hub/Editor/6000.5.5f1/Unity.app/Contents/Resources/Scripting/MonoBleedingEdge/lib/mono/unityjit-macos/Facades/System.Security.Cryptography.Hashing.Algorithms.dll --allowed-assembly=/Applications/Unity/Hub/Editor/6000.5.5f1/Unity.app/Contents/Resources/Scripting/MonoBleedingEdge/lib/mono/unityjit-macos/Facades/System.Security.Cryptography.Hashing.dll --allowed-assembly=/Applications/Unity/Hub/Editor/6000.5.5f1/Unity.app/Contents/Resources/Scripting/MonoBleedingEdge/lib/mono/unityjit-macos/Facades/System.Security.Cryptography.OpenSsl.dll --allowed-assembly=/Applications/Unity/Hub/Editor/6000.5.5f1/Unity.app/Contents/Resources/Scripting/MonoBleedingEdge/lib/mono/unityjit-macos/Facades/System.Security.Cryptography.Pkcs.dll --allowed-assembly=/Applications/Unity/Hub/Editor/6000.5.5f1/Unity.app/Contents/Resources/Scripting/MonoBleedingEdge/lib/mono/unityjit-macos/Facades/System.Security.Cryptography.Primitives.dll --allowed-assembly=/Applications/Unity/Hub/Editor/6000.5.5f1/Unity.app/Contents/Resources/Scripting/MonoBleedingEdge/lib/mono/unityjit-macos/Facades/System.Security.Cryptography.ProtectedData.dll --allowed-assembly=/Applications/Unity/Hub/Editor/6000.5.5f1/Unity.app/Contents/Resources/Scripting/MonoBleedingEdge/lib/mono/unityjit-macos/Facades/System.Security.Cryptography.RSA.dll --allowed-assembly=/Applications/Unity/Hub/Editor/6000.5.5f1/Unity.app/Contents/Resources/Scripting/MonoBleedingEdge/lib/mono/unityjit-macos/Facades/System.Security.Cryptography.RandomNumberGenerator.dll --allowed-assembly=/Applications/Unity/Hub/Editor/6000.5.5f1/Unity.app/Contents/Resources/Scripting/MonoBleedingEdge/lib/mono/unityjit-macos/Facades/System.Security.Cryptography.X509Certificates.dll --allowed-assembly=/Applications/Unity/Hub/Editor/6000.5.5f1/Unity.app/Contents/Resources/Scripting/MonoBleedingEdge/lib/mono/unityjit-macos/Facades/System.Security.Principal.Windows.dll --allowed-assembly=/Applications/Unity/Hub/Editor/6000.5.5f1/Unity.app/Contents/Resources/Scripting/MonoBleedingEdge/lib/mono/unityjit-macos/Facades/System.Security.Principal.dll --allowed-assembly=/Applications/Unity/Hub/Editor/6000.5.5f1/Unity.app/Contents/Resources/Scripting/MonoBleedingEdge/lib/mono/unityjit-macos/Facades/System.Security.SecureString.dll --allowed-assembly=/Applications/Unity/Hub/Editor/6000.5.5f1/Unity.app/Contents/Resources/Scripting/MonoBleedingEdge/lib/mono/unityjit-macos/Facades/System.ServiceModel.Duplex.dll --allowed-assembly=/Applications/Unity/Hub/Editor/6000.5.5f1/Unity.app/Contents/Resources/Scripting/MonoBleedingEdge/lib/mono/unityjit-macos/Facades/System.ServiceModel.Http.dll --allowed-assembly=/Applications/Unity/Hub/Editor/6000.5.5f1/Unity.app/Contents/Resources/Scripting/MonoBleedingEdge/lib/mono/unityjit-macos/Facades/System.ServiceModel.NetTcp.dll --allowed-assembly=/Applications/Unity/Hub/Editor/6000.5.5f1/Unity.app/Contents/Resources/Scripting/MonoBleedingEdge/lib/mono/unityjit-macos/Facades/System.ServiceModel.Primitives.dll --allowed-assembly=/Applications/Unity/Hub/Editor/6000.5.5f1/Unity.app/Contents/Resources/Scripting/MonoBleedingEdge/lib/mono/unityjit-macos/Facades/System.ServiceModel.Security.dll --allowed-assembly=/Applications/Unity/Hub/Editor/6000.5.5f1/Unity.app/Contents/Resources/Scripting/MonoBleedingEdge/lib/mono/unityjit-macos/Facades/System.ServiceProcess.ServiceController.dll --allowed-assembly=/Applications/Unity/Hub/Editor/6000.5.5f1/Unity.app/Contents/Resources/Scripting/MonoBleedingEdge/lib/mono/unityjit-macos/Facades/System.Text.Encoding.CodePages.dll --allowed-assembly=/Applications/Unity/Hub/Editor/6000.5.5f1/Unity.app/Contents/Resources/Scripting/MonoBleedingEdge/lib/mono/unityjit-macos/Facades/System.Text.Encoding.Extensions.dll --allowed-assembly=/Applications/Unity/Hub/Editor/6000.5.5f1/Unity.app/Contents/Resources/Scripting/MonoBleedingEdge/lib/mono/unityjit-macos/Facades/System.Text.Encoding.dll --allowed-assembly=/Applications/Unity/Hub/Editor/6000.5.5f1/Unity.app/Contents/Resources/Scripting/MonoBleedingEdge/lib/mono/unityjit-macos/Facades/System.Text.RegularExpressions.dll --allowed-assembly=/Applications/Unity/Hub/Editor/6000.5.5f1/Unity.app/Contents/Resources/Scripting/MonoBleedingEdge/lib/mono/unityjit-macos/Facades/System.Threading.AccessControl.dll --allowed-assembly=/Applications/Unity/Hub/Editor/6000.5.5f1/Unity.app/Contents/Resources/Scripting/MonoBleedingEdge/lib/mono/unityjit-macos/Facades/System.Threading.Overlapped.dll --allowed-assembly=/Applications/Unity/Hub/Editor/6000.5.5f1/Unity.app/Contents/Resources/Scripting/MonoBleedingEdge/lib/mono/unityjit-macos/Facades/System.Threading.Tasks.Extensions.dll --allowed-assembly=/Applications/Unity/Hub/Editor/6000.5.5f1/Unity.app/Contents/Resources/Scripting/MonoBleedingEdge/lib/mono/unityjit-macos/Facades/System.Threading.Tasks.Parallel.dll --allowed-assembly=/Applications/Unity/Hub/Editor/6000.5.5f1/Unity.app/Contents/Resources/Scripting/MonoBleedingEdge/lib/mono/unityjit-macos/Facades/System.Threading.Tasks.dll --allowed-assembly=/Applications/Unity/Hub/Editor/6000.5.5f1/Unity.app/Contents/Resources/Scripting/MonoBleedingEdge/lib/mono/unityjit-macos/Facades/System.Threading.Thread.dll --allowed-assembly=/Applications/Unity/Hub/Editor/6000.5.5f1/Unity.app/Contents/Resources/Scripting/MonoBleedingEdge/lib/mono/unityjit-macos/Facades/System.Threading.ThreadPool.dll --allowed-assembly=/Applications/Unity/Hub/Editor/6000.5.5f1/Unity.app/Contents/Resources/Scripting/MonoBleedingEdge/lib/mono/unityjit-macos/Facades/System.Threading.Timer.dll --allowed-assembly=/Applications/Unity/Hub/Editor/6000.5.5f1/Unity.app/Contents/Resources/Scripting/MonoBleedingEdge/lib/mono/unityjit-macos/Facades/System.Threading.dll --allowed-assembly=/Applications/Unity/Hub/Editor/6000.5.5f1/Unity.app/Contents/Resources/Scripting/MonoBleedingEdge/lib/mono/unityjit-macos/Facades/System.ValueTuple.dll --allowed-assembly=/Applications/Unity/Hub/Editor/6000.5.5f1/Unity.app/Contents/Resources/Scripting/MonoBleedingEdge/lib/mono/unityjit-macos/Facades/System.Xml.ReaderWriter.dll --allowed-assembly=/Applications/Unity/Hub/Editor/6000.5.5f1/Unity.app/Contents/Resources/Scripting/MonoBleedingEdge/lib/mono/unityjit-macos/Facades/System.Xml.XDocument.dll --allowed-assembly=/Applications/Unity/Hub/Editor/6000.5.5f1/Unity.app/Contents/Resources/Scripting/MonoBleedingEdge/lib/mono/unityjit-macos/Facades/System.Xml.XPath.XDocument.dll --allowed-assembly=/Applications/Unity/Hub/Editor/6000.5.5f1/Unity.app/Contents/Resources/Scripting/MonoBleedingEdge/lib/mono/unityjit-macos/Facades/System.Xml.XPath.XmlDocument.dll --allowed-assembly=/Applications/Unity/Hub/Editor/6000.5.5f1/Unity.app/Contents/Resources/Scripting/MonoBleedingEdge/lib/mono/unityjit-macos/Facades/System.Xml.XPath.dll --allowed-assembly=/Applications/Unity/Hub/Editor/6000.5.5f1/Unity.app/Contents/Resources/Scripting/MonoBleedingEdge/lib/mono/unityjit-macos/Facades/System.Xml.XmlDocument.dll --allowed-assembly=/Applications/Unity/Hub/Editor/6000.5.5f1/Unity.app/Contents/Resources/Scripting/MonoBleedingEdge/lib/mono/unityjit-macos/Facades/System.Xml.XmlSerializer.dll --allowed-assembly=/Applications/Unity/Hub/Editor/6000.5.5f1/Unity.app/Contents/Resources/Scripting/MonoBleedingEdge/lib/mono/unityjit-macos/Facades/System.Xml.Xsl.Primitives.dll --allowed-assembly=/Applications/Unity/Hub/Editor/6000.5.5f1/Unity.app/Contents/Resources/Scripting/MonoBleedingEdge/lib/mono/unityjit-macos/Facades/netstandard.dll --allowed-assembly=/Applications/Unity/Hub/Editor/6000.5.5f1/PlaybackEngines/MacStandaloneSupport/Variations/mono/Managed/Unity.Scripting.dll --allowed-assembly=/Applications/Unity/Hub/Editor/6000.5.5f1/PlaybackEngines/MacStandaloneSupport/Variations/mono/Managed/UnityEngine.AIModule.dll --allowed-assembly=/Applications/Unity/Hub/Editor/6000.5.5f1/PlaybackEngines/MacStandaloneSupport/Variations/mono/Managed/UnityEngine.ARModule.dll --allowed-assembly=/Applications/Unity/Hub/Editor/6000.5.5f1/PlaybackEngines/MacStandaloneSupport/Variations/mono/Managed/UnityEngine.AccessibilityModule.dll --allowed-assembly=/Applications/Unity/Hub/Editor/6000.5.5f1/PlaybackEngines/MacStandaloneSupport/Variations/mono/Managed/UnityEngine.AdaptivePerformanceModule.dll --allowed-assembly=/Applications/Unity/Hub/Editor/6000.5.5f1/PlaybackEngines/MacStandaloneSupport/Variations/mono/Managed/UnityEngine.AndroidJNIModule.dll --allowed-assembly=/Applications/Unity/Hub/Editor/6000.5.5f1/PlaybackEngines/MacStandaloneSupport/Variations/mono/Managed/UnityEngine.AnimationModule.dll --allowed-assembly=/Applications/Unity/Hub/Editor/6000.5.5f1/PlaybackEngines/MacStandaloneSupport/Variations/mono/Managed/UnityEngine.AssetBundleModule.dll --allowed-assembly=/Applications/Unity/Hub/Editor/6000.5.5f1/PlaybackEngines/MacStandaloneSupport/Variations/mono/Managed/UnityEngine.AudioModule.dll --allowed-assembly=/Applications/Unity/Hub/Editor/6000.5.5f1/PlaybackEngines/MacStandaloneSupport/Variations/mono/Managed/UnityEngine.ClothModule.dll --allowed-assembly=/Applications/Unity/Hub/Editor/6000.5.5f1/PlaybackEngines/MacStandaloneSupport/Variations/mono/Managed/UnityEngine.ClusterInputModule.dll --allowed-assembly=/Applications/Unity/Hub/Editor/6000.5.5f1/PlaybackEngines/MacStandaloneSupport/Variations/mono/Managed/UnityEngine.ClusterRendererModule.dll --allowed-assembly=/Applications/Unity/Hub/Editor/6000.5.5f1/PlaybackEngines/MacStandaloneSupport/Variations/mono/Managed/UnityEngine.ContentLoadModule.dll --allowed-assembly=/Applications/Unity/Hub/Editor/6000.5.5f1/PlaybackEngines/MacStandaloneSupport/Variations/mono/Managed/UnityEngine.CoreModule.dll --allowed-assembly=/Applications/Unity/Hub/Editor/6000.5.5f1/PlaybackEngines/MacStandaloneSupport/Variations/mono/Managed/UnityEngine.CrashReportingModule.dll --allowed-assembly=/Applications/Unity/Hub/Editor/6000.5.5f1/PlaybackEngines/MacStandaloneSupport/Variations/mono/Managed/UnityEngine.DSPGraphModule.dll --allowed-assembly=/Applications/Unity/Hub/Editor/6000.5.5f1/PlaybackEngines/MacStandaloneSupport/Variations/mono/Managed/UnityEngine.DirectorModule.dll --allowed-assembly=/Applications/Unity/Hub/Editor/6000.5.5f1/PlaybackEngines/MacStandaloneSupport/Variations/mono/Managed/UnityEngine.GIModule.dll --allowed-assembly=/Applications/Unity/Hub/Editor/6000.5.5f1/PlaybackEngines/MacStandaloneSupport/Variations/mono/Managed/UnityEngine.GameCenterModule.dll --allowed-assembly=/Applications/Unity/Hub/Editor/6000.5.5f1/PlaybackEngines/MacStandaloneSupport/Variations/mono/Managed/UnityEngine.GraphicsStateCollectionSerializerModule.dll --allowed-assembly=/Applications/Unity/Hub/Editor/6000.5.5f1/PlaybackEngines/MacStandaloneSupport/Variations/mono/Managed/UnityEngine.GridModule.dll --allowed-assembly=/Applications/Unity/Hub/Editor/6000.5.5f1/PlaybackEngines/MacStandaloneSupport/Variations/mono/Managed/UnityEngine.HierarchyCoreModule.dll --allowed-assembly=/Applications/Unity/Hub/Editor/6000.5.5f1/PlaybackEngines/MacStandaloneSupport/Variations/mono/Managed/UnityEngine.HierarchyModule.dll --allowed-assembly=/Applications/Unity/Hub/Editor/6000.5.5f1/PlaybackEngines/MacStandaloneSupport/Variations/mono/Managed/UnityEngine.HotReloadModule.dll --allowed-assembly=/Applications/Unity/Hub/Editor/6000.5.5f1/PlaybackEngines/MacStandaloneSupport/Variations/mono/Managed/UnityEngine.IMGUIModule.dll --allowed-assembly=/Applications/Unity/Hub/Editor/6000.5.5f1/PlaybackEngines/MacStandaloneSupport/Variations/mono/Managed/UnityEngine.IdentifiersModule.dll --allowed-assembly=/Applications/Unity/Hub/Editor/6000.5.5f1/PlaybackEngines/MacStandaloneSupport/Variations/mono/Managed/UnityEngine.ImageConversionModule.dll --allowed-assembly=/Applications/Unity/Hub/Editor/6000.5.5f1/PlaybackEngines/MacStandaloneSupport/Variations/mono/Managed/UnityEngine.InputForUIModule.dll --allowed-assembly=/Applications/Unity/Hub/Editor/6000.5.5f1/PlaybackEngines/MacStandaloneSupport/Variations/mono/Managed/UnityEngine.InputLegacyModule.dll --allowed-assembly=/Applications/Unity/Hub/Editor/6000.5.5f1/PlaybackEngines/MacStandaloneSupport/Variations/mono/Managed/UnityEngine.InputModule.dll --allowed-assembly=/Applications/Unity/Hub/Editor/6000.5.5f1/PlaybackEngines/MacStandaloneSupport/Variations/mono/Managed/UnityEngine.InsightsModule.dll --allowed-assembly=/Applications/Unity/Hub/Editor/6000.5.5f1/PlaybackEngines/MacStandaloneSupport/Variations/mono/Managed/UnityEngine.JSONSerializeModule.dll --allowed-assembly=/Applications/Unity/Hub/Editor/6000.5.5f1/PlaybackEngines/MacStandaloneSupport/Variations/mono/Managed/UnityEngine.LocalizationModule.dll --allowed-assembly=/Applications/Unity/Hub/Editor/6000.5.5f1/PlaybackEngines/MacStandaloneSupport/Variations/mono/Managed/UnityEngine.MarshallingModule.dll --allowed-assembly=/Applications/Unity/Hub/Editor/6000.5.5f1/PlaybackEngines/MacStandaloneSupport/Variations/mono/Managed/UnityEngine.MathematicsModule.dll --allowed-assembly=/Applications/Unity/Hub/Editor/6000.5.5f1/PlaybackEngines/MacStandaloneSupport/Variations/mono/Managed/UnityEngine.MultiplayerModule.dll --allowed-assembly=/Applications/Unity/Hub/Editor/6000.5.5f1/PlaybackEngines/MacStandaloneSupport/Variations/mono/Managed/UnityEngine.ParticleSystemModule.dll --allowed-assembly=/Applications/Unity/Hub/Editor/6000.5.5f1/PlaybackEngines/MacStandaloneSupport/Variations/mono/Managed/UnityEngine.PerformanceReportingModule.dll --allowed-assembly=/Applications/Unity/Hub/Editor/6000.5.5f1/PlaybackEngines/MacStandaloneSupport/Variations/mono/Managed/UnityEngine.Physics2DModule.dll --allowed-assembly=/Applications/Unity/Hub/Editor/6000.5.5f1/PlaybackEngines/MacStandaloneSupport/Variations/mono/Managed/UnityEngine.PhysicsBackendPhysXModule.dll --allowed-assembly=/Applications/Unity/Hub/Editor/6000.5.5f1/PlaybackEngines/MacStandaloneSupport/Variations/mono/Managed/UnityEngine.PhysicsCore2DModule.dll --allowed-assembly=/Applications/Unity/Hub/Editor/6000.5.5f1/PlaybackEngines/MacStandaloneSupport/Variations/mono/Managed/UnityEngine.PhysicsModule.dll --allowed-assembly=/Applications/Unity/Hub/Editor/6000.5.5f1/PlaybackEngines/MacStandaloneSupport/Variations/mono/Managed/UnityEngine.PropertiesModule.dll --allowed-assembly=/Applications/Unity/Hub/Editor/6000.5.5f1/PlaybackEngines/MacStandaloneSupport/Variations/mono/Managed/UnityEngine.RenderAs2DModule.dll --allowed-assembly=/Applications/Unity/Hub/Editor/6000.5.5f1/PlaybackEngines/MacStandaloneSupport/Variations/mono/Managed/UnityEngine.RuntimeInitializeOnLoadManagerInitializerModule.dll --allowed-assembly=/Applications/Unity/Hub/Editor/6000.5.5f1/PlaybackEngines/MacStandaloneSupport/Variations/mono/Managed/UnityEngine.ScreenCaptureModule.dll --allowed-assembly=/Applications/Unity/Hub/Editor/6000.5.5f1/PlaybackEngines/MacStandaloneSupport/Variations/mono/Managed/UnityEngine.ScriptingModule.dll --allowed-assembly=/Applications/Unity/Hub/Editor/6000.5.5f1/PlaybackEngines/MacStandaloneSupport/Variations/mono/Managed/UnityEngine.ShaderVariantAnalyticsModule.dll --allowed-assembly=/Applications/Unity/Hub/Editor/6000.5.5f1/PlaybackEngines/MacStandaloneSupport/Variations/mono/Managed/UnityEngine.SharedInternalsModule.dll --allowed-assembly=/Applications/Unity/Hub/Editor/6000.5.5f1/PlaybackEngines/MacStandaloneSupport/Variations/mono/Managed/UnityEngine.SpriteMaskModule.dll --allowed-assembly=/Applications/Unity/Hub/Editor/6000.5.5f1/PlaybackEngines/MacStandaloneSupport/Variations/mono/Managed/UnityEngine.SpriteShapeModule.dll --allowed-assembly=/Applications/Unity/Hub/Editor/6000.5.5f1/PlaybackEngines/MacStandaloneSupport/Variations/mono/Managed/UnityEngine.StreamingModule.dll --allowed-assembly=/Applications/Unity/Hub/Editor/6000.5.5f1/PlaybackEngines/MacStandaloneSupport/Variations/mono/Managed/UnityEngine.SubstanceModule.dll --allowed-assembly=/Applications/Unity/Hub/Editor/6000.5.5f1/PlaybackEngines/MacStandaloneSupport/Variations/mono/Managed/UnityEngine.SubsystemsModule.dll --allowed-assembly=/Applications/Unity/Hub/Editor/6000.5.5f1/PlaybackEngines/MacStandaloneSupport/Variations/mono/Managed/UnityEngine.TLSModule.dll --allowed-assembly=/Applications/Unity/Hub/Editor/6000.5.5f1/PlaybackEngines/MacStandaloneSupport/Variations/mono/Managed/UnityEngine.TerrainModule.dll --allowed-assembly=/Applications/Unity/Hub/Editor/6000.5.5f1/PlaybackEngines/MacStandaloneSupport/Variations/mono/Managed/UnityEngine.TerrainPhysicsModule.dll --allowed-assembly=/Applications/Unity/Hub/Editor/6000.5.5f1/PlaybackEngines/MacStandaloneSupport/Variations/mono/Managed/UnityEngine.TextCoreFontEngineModule.dll --allowed-assembly=/Applications/Unity/Hub/Editor/6000.5.5f1/PlaybackEngines/MacStandaloneSupport/Variations/mono/Managed/UnityEngine.TextCoreTextEngineModule.dll --allowed-assembly=/Applications/Unity/Hub/Editor/6000.5.5f1/PlaybackEngines/MacStandaloneSupport/Variations/mono/Managed/UnityEngine.TextRenderingModule.dll --allowed-assembly=/Applications/Unity/Hub/Editor/6000.5.5f1/PlaybackEngines/MacStandaloneSupport/Variations/mono/Managed/UnityEngine.TilemapModule.dll --allowed-assembly=/Applications/Unity/Hub/Editor/6000.5.5f1/PlaybackEngines/MacStandaloneSupport/Variations/mono/Managed/UnityEngine.U2DRuntimeModule.dll --allowed-assembly=/Applications/Unity/Hub/Editor/6000.5.5f1/PlaybackEngines/MacStandaloneSupport/Variations/mono/Managed/UnityEngine.UIElementsModule.dll --allowed-assembly=/Applications/Unity/Hub/Editor/6000.5.5f1/PlaybackEngines/MacStandaloneSupport/Variations/mono/Managed/UnityEngine.UIModule.dll --allowed-assembly=/Applications/Unity/Hub/Editor/6000.5.5f1/PlaybackEngines/MacStandaloneSupport/Variations/mono/Managed/UnityEngine.UmbraModule.dll --allowed-assembly=/Applications/Unity/Hub/Editor/6000.5.5f1/PlaybackEngines/MacStandaloneSupport/Variations/mono/Managed/UnityEngine.UnityAnalyticsCommonModule.dll --allowed-assembly=/Applications/Unity/Hub/Editor/6000.5.5f1/PlaybackEngines/MacStandaloneSupport/Variations/mono/Managed/UnityEngine.UnityAnalyticsModule.dll --allowed-assembly=/Applications/Unity/Hub/Editor/6000.5.5f1/PlaybackEngines/MacStandaloneSupport/Variations/mono/Managed/UnityEngine.UnityConnectModule.dll --allowed-assembly=/Applications/Unity/Hub/Editor/6000.5.5f1/PlaybackEngines/MacStandaloneSupport/Variations/mono/Managed/UnityEngine.UnityConsentModule.dll --allowed-assembly=/Applications/Unity/Hub/Editor/6000.5.5f1/PlaybackEngines/MacStandaloneSupport/Variations/mono/Managed/UnityEngine.UnityCurlModule.dll --allowed-assembly=/Applications/Unity/Hub/Editor/6000.5.5f1/PlaybackEngines/MacStandaloneSupport/Variations/mono/Managed/UnityEngine.UnityWebRequestAssetBundleModule.dll --allowed-assembly=/Applications/Unity/Hub/Editor/6000.5.5f1/PlaybackEngines/MacStandaloneSupport/Variations/mono/Managed/UnityEngine.UnityWebRequestAudioModule.dll --allowed-assembly=/Applications/Unity/Hub/Editor/6000.5.5f1/PlaybackEngines/MacStandaloneSupport/Variations/mono/Managed/UnityEngine.UnityWebRequestModule.dll --allowed-assembly=/Applications/Unity/Hub/Editor/6000.5.5f1/PlaybackEngines/MacStandaloneSupport/Variations/mono/Managed/UnityEngine.UnityWebRequestTextureModule.dll --allowed-assembly=/Applications/Unity/Hub/Editor/6000.5.5f1/PlaybackEngines/MacStandaloneSupport/Variations/mono/Managed/UnityEngine.UnityWebRequestWWWModule.dll --allowed-assembly=/Applications/Unity/Hub/Editor/6000.5.5f1/PlaybackEngines/MacStandaloneSupport/Variations/mono/Managed/UnityEngine.VFXModule.dll --allowed-assembly=/Applications/Unity/Hub/Editor/6000.5.5f1/PlaybackEngines/MacStandaloneSupport/Variations/mono/Managed/UnityEngine.VectorGraphicsModule.dll --allowed-assembly=/Applications/Unity/Hub/Editor/6000.5.5f1/PlaybackEngines/MacStandaloneSupport/Variations/mono/Managed/UnityEngine.VehiclesModule.dll --allowed-assembly=/Applications/Unity/Hub/Editor/6000.5.5f1/PlaybackEngines/MacStandaloneSupport/Variations/mono/Managed/UnityEngine.VideoModule.dll --allowed-assembly=/Applications/Unity/Hub/Editor/6000.5.5f1/PlaybackEngines/MacStandaloneSupport/Variations/mono/Managed/UnityEngine.VirtualTexturingModule.dll --allowed-assembly=/Applications/Unity/Hub/Editor/6000.5.5f1/PlaybackEngines/MacStandaloneSupport/Variations/mono/Managed/UnityEngine.WindModule.dll --allowed-assembly=/Applications/Unity/Hub/Editor/6000.5.5f1/PlaybackEngines/MacStandaloneSupport/Variations/mono/Managed/UnityEngine.XRModule.dll --allowed-assembly=/Applications/Unity/Hub/Editor/6000.5.5f1/PlaybackEngines/MacStandaloneSupport/Variations/mono/Managed/UnityEngine.dll --allowed-assembly=/Users/ld/Documents/Codex/2026-08-03/http-localhost-8080-codex-text-link/outputs/SpatialTowerDefensePICO/Library/Bee/PlayerScriptAssemblies/Assembly-CSharp.dll --allowed-assembly=/Users/ld/Documents/Codex/2026-08-03/http-localhost-8080-codex-text-link/outputs/SpatialTowerDefensePICO/Library/Bee/PlayerScriptAssemblies/ByteDance.PICO.CameraPack.dll --allowed-assembly=/Users/ld/Documents/Codex/2026-08-03/http-localhost-8080-codex-text-link/outputs/SpatialTowerDefensePICO/Library/Bee/PlayerScriptAssemblies/ByteDance.PICO.Debugger.dll --allowed-assembly=/Users/ld/Documents/Codex/2026-08-03/http-localhost-8080-codex-text-link/outputs/SpatialTowerDefensePICO/Library/Bee/PlayerScriptAssemblies/ByteDance.PICO.Enterprise.dll --allowed-assembly=/Users/ld/Documents/Codex/2026-08-03/http-localhost-8080-codex-text-link/outputs/SpatialTowerDefensePICO/Library/Bee/PlayerScriptAssemblies/ByteDance.PICO.Interaction.dll --allowed-assembly=/Users/ld/Documents/Codex/2026-08-03/http-localhost-8080-codex-text-link/outputs/SpatialTowerDefensePICO/Library/Bee/PlayerScriptAssemblies/ByteDance.PICO.Platform.dll --allowed-assembly=/Users/ld/Documents/Codex/2026-08-03/http-localhost-8080-codex-text-link/outputs/SpatialTowerDefensePICO/Library/Bee/PlayerScriptAssemblies/ByteDance.PICO.Spatial.Stage.dll --allowed-assembly=/Users/ld/Documents/Codex/2026-08-03/http-localhost-8080-codex-text-link/outputs/SpatialTowerDefensePICO/Library/Bee/PlayerScriptAssemblies/ByteDance.PICO.SptatialUI.dll --allowed-assembly=/Users/ld/Documents/Codex/2026-08-03/http-localhost-8080-codex-text-link/outputs/SpatialTowerDefensePICO/Library/Bee/PlayerScriptAssemblies/ByteDance.PICO.XR.dll --allowed-assembly=/Users/ld/Documents/Codex/2026-08-03/http-localhost-8080-codex-text-link/outputs/SpatialTowerDefensePICO/Library/Bee/PlayerScriptAssemblies/ByteDance.PICO.XR.Spatializer.dll --allowed-assembly=/Users/ld/Documents/Codex/2026-08-03/http-localhost-8080-codex-text-link/outputs/SpatialTowerDefensePICO/Library/Bee/PlayerScriptAssemblies/ByteDance.PICO.XR.Spatializer.Example.dll --allowed-assembly=/Users/ld/Documents/Codex/2026-08-03/http-localhost-8080-codex-text-link/outputs/SpatialTowerDefensePICO/Library/Bee/PlayerScriptAssemblies/Unity.AI.MCP.Runtime.dll --allowed-assembly=/Users/ld/Documents/Codex/2026-08-03/http-localhost-8080-codex-text-link/outputs/SpatialTowerDefensePICO/Library/Bee/PlayerScriptAssemblies/Unity.AI.Tracing.dll --allowed-assembly=/Users/ld/Documents/Codex/2026-08-03/http-localhost-8080-codex-text-link/outputs/SpatialTowerDefensePICO/Library/Bee/PlayerScriptAssemblies/Unity.Burst.dll --allowed-assembly=/Users/ld/Documents/Codex/2026-08-03/http-localhost-8080-codex-text-link/outputs/SpatialTowerDefensePICO/Library/Bee/PlayerScriptAssemblies/Unity.Collections.dll --allowed-assembly=/Users/ld/Documents/Codex/2026-08-03/http-localhost-8080-codex-text-link/outputs/SpatialTowerDefensePICO/Library/Bee/PlayerScriptAssemblies/Unity.InferenceEngine.dll --allowed-assembly=/Users/ld/Documents/Codex/2026-08-03/http-localhost-8080-codex-text-link/outputs/SpatialTowerDefensePICO/Library/Bee/PlayerScriptAssemblies/Unity.InferenceEngine.MacBLAS.dll --allowed-assembly=/Users/ld/Documents/Codex/2026-08-03/http-localhost-8080-codex-text-link/outputs/SpatialTowerDefensePICO/Library/Bee/PlayerScriptAssemblies/Unity.InferenceEngine.Tokenization.dll --allowed-assembly=/Users/ld/Documents/Codex/2026-08-03/http-localhost-8080-codex-text-link/outputs/SpatialTowerDefensePICO/Library/Bee/PlayerScriptAssemblies/Unity.InputSystem.dll --allowed-assembly=/Users/ld/Documents/Codex/2026-08-03/http-localhost-8080-codex-text-link/outputs/SpatialTowerDefensePICO/Library/Bee/PlayerScriptAssemblies/Unity.InputSystem.ForUI.dll --allowed-assembly=/Users/ld/Documents/Codex/2026-08-03/http-localhost-8080-codex-text-link/outputs/SpatialTowerDefensePICO/Library/Bee/PlayerScriptAssemblies/Unity.InternalAPIEngineBridge.004.dll --allowed-assembly=/Users/ld/Documents/Codex/2026-08-03/http-localhost-8080-codex-text-link/outputs/SpatialTowerDefensePICO/Library/Bee/PlayerScriptAssemblies/Unity.Mathematics.dll --allowed-assembly=/Users/ld/Documents/Codex/2026-08-03/http-localhost-8080-codex-text-link/outputs/SpatialTowerDefensePICO/Library/Bee/PlayerScriptAssemblies/Unity.Multiplayer.Center.Common.dll --allowed-assembly=/Users/ld/Documents/Codex/2026-08-03/http-localhost-8080-codex-text-link/outputs/SpatialTowerDefensePICO/Library/Bee/PlayerScriptAssemblies/Unity.TextMeshPro.dll --allowed-assembly=/Users/ld/Documents/Codex/2026-08-03/http-localhost-8080-codex-text-link/outputs/SpatialTowerDefensePICO/Library/Bee/PlayerScriptAssemblies/Unity.XR.CoreUtils.dll --allowed-assembly=/Users/ld/Documents/Codex/2026-08-03/http-localhost-8080-codex-text-link/outputs/SpatialTowerDefensePICO/Library/Bee/PlayerScriptAssemblies/Unity.XR.Interaction.Toolkit.dll --allowed-assembly=/Users/ld/Documents/Codex/2026-08-03/http-localhost-8080-codex-text-link/outputs/SpatialTowerDefensePICO/Library/Bee/PlayerScriptAssemblies/Unity.XR.Interaction.Toolkit.Samples.StarterAssets.dll --allowed-assembly=/Users/ld/Documents/Codex/2026-08-03/http-localhost-8080-codex-text-link/outputs/SpatialTowerDefensePICO/Library/Bee/PlayerScriptAssemblies/Unity.XR.Management.dll --allowed-assembly=/Users/ld/Documents/Codex/2026-08-03/http-localhost-8080-codex-text-link/outputs/SpatialTowerDefensePICO/Library/Bee/PlayerScriptAssemblies/Unity.XR.OpenXR.dll --allowed-assembly=/Users/ld/Documents/Codex/2026-08-03/http-localhost-8080-codex-text-link/outputs/SpatialTowerDefensePICO/Library/Bee/PlayerScriptAssemblies/Unity.XR.OpenXR.Features.ConformanceAutomation.dll --allowed-assembly=/Users/ld/Documents/Codex/2026-08-03/http-localhost-8080-codex-text-link/outputs/SpatialTowerDefensePICO/Library/Bee/PlayerScriptAssemblies/Unity.XR.OpenXR.Features.MetaQuestSupport.dll --allowed-assembly=/Users/ld/Documents/Codex/2026-08-03/http-localhost-8080-codex-text-link/outputs/SpatialTowerDefensePICO/Library/Bee/PlayerScriptAssemblies/Unity.XR.OpenXR.Features.MockRuntime.dll --allowed-assembly=/Users/ld/Documents/Codex/2026-08-03/http-localhost-8080-codex-text-link/outputs/SpatialTowerDefensePICO/Library/Bee/PlayerScriptAssemblies/Unity.XR.OpenXR.Features.OculusQuestSupport.dll --allowed-assembly=/Users/ld/Documents/Codex/2026-08-03/http-localhost-8080-codex-text-link/outputs/SpatialTowerDefensePICO/Library/Bee/PlayerScriptAssemblies/Unity.XR.OpenXR.Features.RuntimeDebugger.dll --allowed-assembly=/Users/ld/Documents/Codex/2026-08-03/http-localhost-8080-codex-text-link/outputs/SpatialTowerDefensePICO/Library/Bee/PlayerScriptAssemblies/Unity.XR.OpenXR.TestTooling.dll --allowed-assembly=/Users/ld/Documents/Codex/2026-08-03/http-localhost-8080-codex-text-link/outputs/SpatialTowerDefensePICO/Library/Bee/PlayerScriptAssemblies/UnityEngine.SpatialTracking.dll --allowed-assembly=/Users/ld/Documents/Codex/2026-08-03/http-localhost-8080-codex-text-link/outputs/SpatialTowerDefensePICO/Library/Bee/PlayerScriptAssemblies/UnityEngine.UI.dll --allowed-assembly=/Users/ld/Documents/Codex/2026-08-03/http-localhost-8080-codex-text-link/outputs/SpatialTowerDefensePICO/Library/Bee/PlayerScriptAssemblies/UnityEngine.XR.LegacyInputHelpers.dll --allowed-assembly=/Users/ld/Documents/Codex/2026-08-03/http-localhost-8080-codex-text-link/outputs/SpatialTowerDefensePICO/Library/PackageCache/com.unity.collections@a43cabe808ca/Unity.Collections.Lo/Users/ld/Documents/Codex/2026-08-03/http-localhost-8080-codex-text-link/outputs/SpatialTowerDefensePICO/Library/PackageCache/com.unity.burst@6bb9aca3ef38/.Runtime/bcl.exe exited after 4034 ms.
stdout:
Starting 1 library requests
Done
stderr:

/Users/ld/Documents/Codex/2026-08-03/http-localhost-8080-codex-text-link/outputs/SpatialTowerDefensePICO/Library/PackageCache/com.unity.burst@6bb9aca3ef38/.Runtime/bcl.exe exited after 3923 ms.
stdout:
Starting 1 library requests
Done
stderr:

/Users/ld/Documents/Codex/2026-08-03/http-localhost-8080-codex-text-link/outputs/SpatialTowerDefensePICO/Library/PackageCache/com.unity.burst@6bb9aca3ef38/.Runtime/hostmac/llvm-lipo exited after 33 ms.
stdout:
stderr:

wLevel.ILSupport/Unity.Collections.LowLevel.ILSupport.dll --allowed-assembly=/Users/ld/Library/PICO/UnitySDK/6.0.0/PICO-Unity-SDK/XR/InteractionPack/Scripts/Standalone/PXRInteractionLib.dll --allowed-assembly=/Users/ld/Documents/Codex/2026-08-03/http-localhost-8080-codex-text-link/outputs/SpatialTowerDefensePICO/Library/PackageCache/com.unity.burst@6bb9aca3ef38/Unity.Burst.Unsafe.dll --allowed-assembly=/Users/ld/Documents/Codex/2026-08-03/http-localhost-8080-codex-text-link/outputs/SpatialTowerDefensePICO/Library/PackageCache/com.unity.nuget.newtonsoft-json@4dfd81071c64/Runtime/AOT/Newtonsoft.Json.dll
[387/526    0s] CopyFiles Builds/Desktop/SpatialTowerDefenseTest.app/Contents/Resources/Data/Managed/Assembly-CSharp.dll
[522/526    0s] ExtractUsedFeatures Library/Bee/artifacts/MacStandalonePlayerBuildProgram/Features/Assembly-CSharp-FeaturesChecked.txt
[523/526    8s] GenerateNativePluginsForAssemblies Library/Bee/artifacts/MacStandalonePlayerBuildProgram/AsyncPluginsFromLinker
[524/526    0s] MacOSCodeSignDylibCopy Builds/Desktop/SpatialTowerDefenseTest.app/Contents/PlugIns/lib_burst_generated.bundle
[525/526    0s] MacOSCodeSignBundleInPlace Builds/Desktop/SpatialTowerDefenseTest.app/Contents/MacOS/Yi Nian Lotus City PICO (+1 other)
*** Tundra build success (9.23 seconds), 19 items updated, 526 evaluated
ExitCode: 0 Duration: 9s373ms
The GUID inside 'Packages/com.bytedance.pico.xr/Runtime/CompositionLayers.meta' cannot be extracted by the YAML Parser. Attempting to extract it via string matching instead. Please verify the file does not contain unexpected data.
UnityEngine.Debug:ExtractStackTraceNoAlloc (byte*,int,string)
UnityEngine.StackTraceUtility:ExtractStackTrace () (at /Users/bokken/build/output/unity/unity/Runtime/Export/Scripting/StackTrace.cs:35)
UnityEditor.AssetDatabase:Refresh () (at /Users/bokken/build/output/unity/unity/Modules/AssetDatabase/Editor/ScriptBindings/AssetDatabase.bindings.cs:539)
Unity.PerformanceTesting.Editor.TestRunBuilder:Cleanup () (at ./Library/PackageCache/com.unity.test-framework.performance@8b56083ec0f0/Editor/TestRunBuilder.cs:109)
Unity.PerformanceTesting.Editor.TestRunBuilder:OnPostprocessBuild (UnityEditor.Build.Reporting.BuildReport) (at ./Library/PackageCache/com.unity.test-framework.performance@8b56083ec0f0/Editor/TestRunBuilder.cs:43)
UnityEditor.Build.BuildPipelineInterfaces/<>c__DisplayClass21_0:<OnBuildPostProcess>b__1 (UnityEditor.Build.IPostprocessBuildWithReport) (at /Users/bokken/build/output/unity/unity/Editor/Mono/BuildPipeline/BuildPipelineInterfaces.cs:1221)
UnityEditor.Build.BuildPipelineInterfaces:InvokeCallbackInterfacesPair<UnityEditor.Build.IPostprocessBuild, UnityEditor.Build.IPostprocessBuildWithReport> (System.Collections.Generic.List`1<UnityEditor.Build.IPostprocessBuild>,System.Action`1<UnityEditor.Build.IPostprocessBuild>,System.Collections.Generic.List`1<UnityEditor.Build.IPostprocessBuildWithReport>,System.Action`1<UnityEditor.Build.IPostprocessBuildWithReport>,bool) (at /Users/bokken/build/output/unity/unity/Editor/Mono/BuildPipeline/BuildPipelineInterfaces.cs:1090)
UnityEditor.Build.BuildPipelineInterfaces:OnBuildPostProcess (UnityEditor.Build.Reporting.BuildReport) (at /Users/bokken/build/output/unity/unity/Editor/Mono/BuildPipeline/BuildPipelineInterfaces.cs:1212)
UnityEditor.BuildPipeline:BuildPlayerInternal (string[],string,string,UnityEditor.BuildTargetGroup,UnityEditor.BuildTarget,int,UnityEditor.BuildOptions,string[],string[],bool)
UnityEditor.BuildPipeline:BuildPlayer (UnityEditor.BuildPlayerOptions) (at /Users/bokken/build/output/unity/unity/Editor/Mono/BuildPipeline/BuildPipeline.bindings.cs:267)
PicoTowerDefenseEditor.ProjectSetup:BuildDesktopTest () (at Assets/SpatialTowerDefense/Editor/ProjectSetup.cs:455)

[/Users/bokken/build/output/unity/unity/Modules/AssetDatabase/Editor/ScriptBindings/AssetDatabase.bindings.cs line 539]

Total cache size 268286883
Total cache size after purge 268286883, took 00:00:00.2810260
The GUID inside 'Packages/com.bytedance.pico.xr/Runtime/CompositionLayers.meta' cannot be extracted by the YAML Parser. Attempting to extract it via string matching instead. Please verify the file does not contain unexpected data.
UnityEngine.Debug:ExtractStackTraceNoAlloc (byte*,int,string)
UnityEngine.StackTraceUtility:ExtractStackTrace () (at /Users/bokken/build/output/unity/unity/Runtime/Export/Scripting/StackTrace.cs:35)
UnityEditor.AssetDatabase:Refresh () (at /Users/bokken/build/output/unity/unity/Modules/AssetDatabase/Editor/ScriptBindings/AssetDatabase.bindings.cs:539)
Unity.PerformanceTesting.Editor.TestRunBuilder:Cleanup () (at ./Library/PackageCache/com.unity.test-framework.performance@8b56083ec0f0/Editor/TestRunBuilder.cs:109)
Unity.PerformanceTesting.Editor.TestRunBuilder:OnPostprocessBuild (UnityEditor.Build.Reporting.BuildReport) (at ./Library/PackageCache/com.unity.test-framework.performance@8b56083ec0f0/Editor/TestRunBuilder.cs:43)
UnityEditor.Build.BuildPipelineInterfaces/<>c__DisplayClass21_0:<OnBuildPostProcess>b__1 (UnityEditor.Build.IPostprocessBuildWithReport) (at /Users/bokken/build/output/unity/unity/Editor/Mono/BuildPipeline/BuildPipelineInterfaces.cs:1221)
UnityEditor.Build.BuildPipelineInterfaces:InvokeCallbackInterfacesPair<UnityEditor.Build.IPostprocessBuild, UnityEditor.Build.IPostprocessBuildWithReport> (System.Collections.Generic.List`1<UnityEditor.Build.IPostprocessBuild>,System.Action`1<UnityEditor.Build.IPostprocessBuild>,System.Collections.Generic.List`1<UnityEditor.Build.IPostprocessBuildWithReport>,System.Action`1<UnityEditor.Build.IPostprocessBuildWithReport>,bool) (at /Users/bokken/build/output/unity/unity/Editor/Mono/BuildPipeline/BuildPipelineInterfaces.cs:1090)
UnityEditor.Build.BuildPipelineInterfaces:OnBuildPostProcess (UnityEditor.Build.Reporting.BuildReport) (at /Users/bokken/build/output/unity/unity/Editor/Mono/BuildPipeline/BuildPipelineInterfaces.cs:1212)
UnityEditor.BuildPipeline:BuildPlayerInternal (string[],string,string,UnityEditor.BuildTargetGroup,UnityEditor.BuildTarget,int,UnityEditor.BuildOptions,string[],string[],bool)
UnityEditor.BuildPipeline:BuildPlayer (UnityEditor.BuildPlayerOptions) (at /Users/bokken/build/output/unity/unity/Editor/Mono/BuildPipeline/BuildPipeline.bindings.cs:267)
PicoTowerDefenseEditor.ProjectSetup:BuildDesktopTest () (at Assets/SpatialTowerDefense/Editor/ProjectSetup.cs:455)

[/Users/bokken/build/output/unity/unity/Modules/AssetDatabase/Editor/ScriptBindings/AssetDatabase.bindings.cs line 539]

Refreshing native plugins compatible for Editor in 3.63 ms, found 13 plugins.

Asset Pipeline Refresh (id=79c64cc3494c848138582665c5a31e9d): Total: 0.364 seconds - Initiated by RefreshV2(NoUpdateAssetOptions)
	(Values over 0.05ms)
	Summary:
		Imports: total=0 (actual=0, local cache=0, cache server=0)
		Asset DB Process Time: managed=0 ms, native=356 ms
		Asset DB Callback time: managed=1 ms, native=6 ms
		Scripting: domain reloads=0, domain reload time=0 ms, compile time=0 ms, other=0 ms
		Project Asset Count: scripts=1961, non-scripts=4943
		Asset File Changes: new=0, changed=0, moved=0, deleted=2
		Scan Filter Count: 1
	ApplyChangesToAssetFolders: 0.234ms
	Scan: 276.732ms
	OnSourceAssetsModified: 0.064ms
	ProcessAssetsWithTransientArtifactChanges: 0.101ms
	CategorizeAssets: 12.230ms
	ImportOutOfDateAssets: 53.978ms (13.337ms without children)
		ReloadNativeAssets: 0.213ms
		UnloadImportedAssets: 0.120ms
		EnsureUptoDateAssetsAreRegisteredWithGuidPM: 0.603ms
		ImportSchedulerStart: 39.704ms
	PostProcessAllAssets: 1.315ms
		XRBuildSystem.XRAssetImported 0.482ms
		MonoPostProcessAllAssets: 0.749ms
			ModelAssetProcessor.OnPostprocessAllAssets 0.122ms
			TrackSelectedAssetsProcessor.OnPostprocessAllAssets 0.108ms
			RetainedModeAssetPostprocessor.OnPostprocessAllAssets 0.060ms
	PostAssetChangesProfiler: 6.226ms
	GatherAllCurrentPrimaryImportResultRevisions: 0.205ms
	UnloadStreamsBegin: 5.759ms
	PersistCurrentRevisions: 0.259ms
	Untracked: 5.908ms

Refreshing native plugins compatible for Editor in 2.79 ms, found 13 plugins.

-------------------------------------------------------------------------------
Build Report
Uncompressed usage by category (Percentages based on user generated assets only):
Textures               155.7 mb	 83.8% 
Meshes                 16.4 mb	 8.8% 
Animations             367.7 kb	 0.2% 
Sounds                 839.9 kb	 0.4% 
Shaders                2.2 mb	 1.2% 
Other Assets           9.9 mb	 5.3% 
Levels                 84.3 kb	 0.0% 
File headers           183.7 kb	 0.1% 
Total User Assets      185.9 mb	 100.0% 
Complete build size    323.7 mb
Used Assets and files from the Resources folder, sorted by uncompressed size:
 6.8 mb	 2.1% Packages/com.unity.ai.inference/Runtime/Core/Resources/Sentis/ComputeShaders/ConvGeneric.compute
 5.9 mb	 1.8% Assets/SpatialTowerDefense/Resources/UI/Startup/LotusCityStartCoverPressed.png
 5.9 mb	 1.8% Assets/SpatialTowerDefense/Resources/UI/Startup/LotusCityStartCover.png
 5.3 mb	 1.6% Assets/PolygonNatureBiomes/PNB_Core/Textures/Water_Refraction_Map 1.png
 5.3 mb	 1.6% Assets/Resources/PolygonNatureBiomes/PNB_Meadow_Forest/Terrain/RockWall_Normals_01.png
 5.3 mb	 1.6% Assets/Resources/PolygonNatureBiomes/PNB_Meadow_Forest/Terrain/Ground_Normals_01.png
 5.3 mb	 1.6% Assets/PolygonNatureBiomes/PNB_Meadow_Forest/Textures/Normals/Water_Refraction_Map.png
 5.3 mb	 1.6% Assets/PolygonNatureBiomes/PNB_Core/Textures/WaterNormals_02.png
 5.3 mb	 1.6% Assets/Resources/PolygonNatureBiomes/PNB_Meadow_Forest/Textures/Normals/Grass_01_Normals.tga
 5.3 mb	 1.6% Assets/Resources/PolygonNatureBiomes/PNB_Core/Textures/Grass_01_Normals.tga
 5.3 mb	 1.6% Assets/PolygonNatureBiomes/PNB_Meadow_Forest/Textures/Normals/WaterNormals_02.png
 5.3 mb	 1.6% Assets/Resources/PolygonNatureBiomes/PNB_Meadow_Forest/Textures/Plants/Grass_01.tga
 5.3 mb	 1.6% Assets/Resources/PolygonNatureBiomes/PNB_Core/Textures/Grass_01.tga
 5.3 mb	 1.6% Assets/SpatialTowerDefense/Resources/UI/Generated/EnemyBriefingPanelV2/01_generated_image_url.png
 4.0 mb	 1.2% Assets/SpatialTowerDefense/Resources/UI/Generated/EnemyBriefingPanel/01_generated_image_url.png
 4.0 mb	 1.2% Assets/SpatialTowerDefense/Resources/UI/Generated/CoinPanelTop/01_generated_image_url.png
 4.0 mb	 1.2% Assets/SpatialTowerDefense/Resources/UI/Generated/MorningBellCard/01_generated_image_url.png
 4.0 mb	 1.2% Assets/SpatialTowerDefense/Resources/UI/Generated/LotusLampCard/01_generated_image_url.png
 4.0 mb	 1.2% Assets/SpatialTowerDefense/Resources/UI/Generated/GuardianCard/01_generated_image_url.png
 4.0 mb	 1.2% Assets/SpatialTowerDefense/Resources/UI/Generated/CoinPanel/01_generated_image_url.png
 2.7 mb	 0.8% Assets/Resources/PolygonNatureBiomes/PNB_Meadow_Forest/Models/SM_Env_Grass_Large_01.fbx
 2.7 mb	 0.8% Built-in Texture2D: Splash Screen Unity Logo
 2.7 mb	 0.8% Packages/com.bytedance.pico.xr/Assets/Resources/Hand/HandPose/Texture/Hand_Shadow_Long.png
 2.7 mb	 0.8% Assets/Resources/PolygonNatureBiomes/PNB_Meadow_Forest/Terrain/RockWall_Texture_01.png
 2.7 mb	 0.8% Assets/Resources/PolygonNatureBiomes/PNB_Meadow_Forest/Terrain/Grass_Texture_01.png
 2.7 mb	 0.8% Assets/Resources/PolygonNatureBiomes/PNB_Meadow_Forest/Textures/Bioluminescence/Grass_01_Glow_01.png
 2.7 mb	 0.8% Assets/PolygonNatureBiomes/PNB_Meadow_Forest/Textures/Normals/WaterNormals_01.png
 1.3 mb	 0.4% Packages/com.bytedance.pico.xr/Assets/Resources/Controller/PICO 4/Textures/PICO4_Controller_Albedo.png
 1.3 mb	 0.4% Packages/com.bytedance.pico.xr/Assets/Resources/Hand/HandPose/Texture/FloorGrid.png
 1.0 mb	 0.3% Packages/com.bytedance.pico.xr/Assets/UISet/Assets/Textures/PICOUI_Sprites.png
 881.9 kb	 0.3% Packages/com.unity.ai.inference/Runtime/Core/Resources/Sentis/PixelShaders/ConvTranspose.shader
 793.6 kb	 0.2% Resources/unity_builtin_extra
 785.6 kb	 0.2% Assets/Resources/Audio/LotusCityMusic.wav
 682.8 kb	 0.2% Assets/模型资产/s9/tripo_convert_eb2bb99c-4d01-43cc-857c-ebf0a721935e.fbm/传统亭子3d模型_basecolor.JPEG
 682.8 kb	 0.2% Assets/模型资产/s6/tripo_convert_c98b33c4-85ee-4cc6-847a-9e65222832e5.fbm/卡通拱桥3d模型_basecolor.JPEG
 682.8 kb	 0.2% Assets/模型资产/s18/tripo_convert_436b4163-18cc-42b5-ba29-eb154f2fbe1e.fbm/竹石景观3d模型_basecolor.JPEG
 682.8 kb	 0.2% Assets/模型资产/s14/tripo_convert_a06dd4d1-4b0a-4df5-ba15-95b5d20adf27.fbm/三柱旗杆3d模型_basecolor.JPEG
 682.8 kb	 0.2% Assets/模型资产/s12/tripo_convert_7e1180cd-d94e-4c4d-80bd-6dc678d15ac7.fbm/莲花盆景3d模型_basecolor.JPEG
 682.8 kb	 0.2% Assets/模型资产/s1/tripo_convert_dabf4fdf-9e52-4695-ad96-a0409841049c.fbm/3d模型东方建筑_basecolor.JPEG
 682.8 kb	 0.2% Assets/Resources/GameplayModels/Tower_C3_SutraGuardianGate.fbm/风格化轮舵门3d模型_basecolor.JPEG
 682.8 kb	 0.2% Assets/Resources/GameplayModels/Scene_S10_SmallGrotto.fbm/石雕佛像三龛3d模型_basecolor.JPEG
 682.8 kb	 0.2% Assets/模型资产/s4/tripo_convert_a72d3be8-dbac-452f-902d-80cfa4f93205.fbm/石山门3d模型_basecolor.JPEG
 682.8 kb	 0.2% Assets/模型资产/s3/tripo_convert_12ef18a8-96ff-4de4-b0eb-245b1732ba7d.fbm/石砌井3d模型_basecolor.JPEG
 682.8 kb	 0.2% Assets/模型资产/s21/tripo_convert_6ad26a5c-b256-4728-a0bc-9ec2a693ba09.fbm/树盆景3d模型_basecolor.JPEG
 682.8 kb	 0.2% Assets/模型资产/s15/tripo_convert_295cd136-a12d-416c-938f-352123e557c7.fbm/石灯笼3d模型_basecolor.JPEG
 682.8 kb	 0.2% Assets/模型资产/s13/tripo_convert_27f4f165-616c-4b47-9d15-57be83219dfb.fbm/盆景树3d模型_basecolor.JPEG
 682.8 kb	 0.2% Assets/Resources/GameplayModels/Tower_C2_SutraWheel.fbm/祭坛装置3d模型_basecolor.JPEG
 682.8 kb	 0.2% Assets/Resources/GameplayModels/Tower_C1_SutraPillar.fbm/中式石柱3d模型_basecolor.JPEG
 682.8 kb	 0.2% Assets/Resources/GameplayModels/Tower_B1_LotusLamp.fbm/3d_多肉雕塑模型_basecolor.JPEG
 682.8 kb	 0.2% Assets/Resources/GameplayModels/Scene_S18_BambooRock.fbm/竹石景观3d模型_basecolor.JPEG
 682.8 kb	 0.2% Assets/Resources/GameplayModels/Scene_S17_GrassPlatform.fbm/草地平台3d模型_basecolor.JPEG
 682.8 kb	 0.2% Assets/Resources/GameplayModels/Scene_S16_IncenseBrazier.fbm/铜制茶壶3d模型_basecolor.JPEG
 682.8 kb	 0.2% Assets/Resources/GameplayModels/Scene_S14_PrayerBanners.fbm/三柱旗杆3d模型_basecolor.JPEG
 682.8 kb	 0.2% Assets/Resources/GameplayModels/Scene_S12_ReleasePond.fbm/莲花盆景3d模型_basecolor.JPEG
 682.8 kb	 0.2% Assets/Resources/GameplayModels/Scene_S09_Corridor.fbm/传统亭子3d模型_basecolor.JPEG
 682.8 kb	 0.2% Assets/Resources/GameplayModels/Scene_S07_MountainGate.fbm/传统门楼3d模型_basecolor.JPEG
 682.8 kb	 0.2% Assets/Resources/GameplayModels/Scene_S06_ArchBridge.fbm/卡通拱桥3d模型_basecolor.JPEG
 682.8 kb	 0.2% Assets/Resources/GameplayModels/Scene_S02_StonePath.fbm/石砌地面3d模型_basecolor.JPEG
 682.8 kb	 0.2% Assets/Resources/GameplayModels/Scene_S01_FloatingMountainBase.fbm/3d模型东方建筑_basecolor.JPEG
 682.8 kb	 0.2% Assets/Resources/GameplayModels/Enemy_E06_IgnoranceBeast.fbm/巨型石像3d模型_basecolor.JPEG
 682.8 kb	 0.2% Assets/Resources/GameplayModels/Enemy_E05_DoubtCarapace.fbm/3d模型龟壳生物_basecolor.JPEG
 682.8 kb	 0.2% Assets/Resources/GameplayModels/Enemy_E04_DelusionCloud.fbm/云朵旋涡3d模型_basecolor.JPEG
 682.8 kb	 0.2% Assets/Resources/GameplayModels/Enemy_E03_AngerCrag.fbm/石头巨像3d模型_basecolor.JPEG
 682.8 kb	 0.2% Assets/Resources/GameplayModels/Enemy_E02_GraspingBurden.fbm/岩石守卫3d模型_basecolor.JPEG
 682.8 kb	 0.2% Assets/Resources/GameplayModels/Enemy_E01_RestlessDust.fbm/石头怪物3d模型_basecolor.JPEG
 682.8 kb	 0.2% Assets/模型资产/s5/tripo_convert_9386420b-3143-4f2a-b84f-24aaa5ad8b3e.fbm/石阶3d模型_basecolor.JPEG
 682.8 kb	 0.2% Assets/模型资产/s20/tripo_convert_a31cc131-d266-4c1f-8454-7fbaa5af8609.fbm/岩石3d模型_basecolor.JPEG
 682.8 kb	 0.2% Assets/模型资产/s19/tripo_convert_bd066ff9-71de-4a57-91f6-401331a0b99b.fbm/岩石3d模型_basecolor.JPEG
 682.8 kb	 0.2% Assets/模型资产/s11/tripo_convert_5734171d-2c44-45a2-8b92-5b336fa13cde.fbm/佛像3d模型_basecolor.JPEG
 682.8 kb	 0.2% Assets/Resources/GameplayModels/Tower_B3_LotusLamp.fbm/莲花座3d模型_basecolor.JPEG
 682.8 kb	 0.2% Assets/Resources/GameplayModels/Tower_B2_LotusLamp.fbm/3d模型_水井_basecolor.JPEG
 682.8 kb	 0.2% Assets/Resources/GameplayModels/Scene_S15_StoneLantern.fbm/石灯笼3d模型_basecolor.JPEG
 682.8 kb	 0.2% Assets/Resources/GameplayModels/Scene_S13_AncientCypress.fbm/盆景树3d模型_basecolor.JPEG
 682.8 kb	 0.2% Assets/Resources/GameplayModels/Scene_S08_MainTemple.fbm/3d_模型寺庙_basecolor.JPEG
 682.8 kb	 0.2% Assets/Resources/GameplayModels/Scene_S04_CliffWell.fbm/石山门3d模型_basecolor.JPEG
 682.8 kb	 0.2% Assets/Resources/GameplayModels/Scene_S03_LowStoneWall.fbm/石砌井3d模型_basecolor.JPEG
 682.8 kb	 0.2% Assets/SpatialTowerDefense/Resources/GameplayModels/UI_AncientCoin.fbm/UI_AncientCoin_basecolor.JPEG
 682.8 kb	 0.2% Assets/Resources/GameplayModels/Tower_A3_MorningBell.fbm/钟楼3d模型_basecolor.JPEG
 682.8 kb	 0.2% Assets/Resources/GameplayModels/Tower_A2_MorningBell.fbm/铃亭3d模型_basecolor.JPEG
 682.8 kb	 0.2% Assets/Resources/GameplayModels/Tower_A1_MorningBell.fbm/钟铃3d模型_basecolor.JPEG
 682.8 kb	 0.2% Assets/Resources/GameplayModels/Scene_S20_RockB.fbm/岩石3d模型_basecolor.JPEG
 682.8 kb	 0.2% Assets/Resources/GameplayModels/Scene_S19_Rock.fbm/岩石3d模型_basecolor.JPEG
 682.8 kb	 0.2% Assets/Resources/GameplayModels/Scene_S11_BuddhaNiche.fbm/佛像3d模型_basecolor.JPEG
 682.8 kb	 0.2% Assets/Resources/GameplayModels/Scene_S05_StoneStairs.fbm/石阶3d模型_basecolor.JPEG
 682.8 kb	 0.2% Assets/PolygonNatureBiomes/PNB_Core/Textures/Noise_Wave.tga
 682.8 kb	 0.2% Packages/com.bytedance.pico.xr/Assets/Resources/Share Space.png
 682.8 kb	 0.2% Packages/com.bytedance.pico.xr/Assets/Resources/Full Space.png
 682.8 kb	 0.2% Packages/com.bytedance.pico.xr/Assets/Resources/grid.jpg
 617.4 kb	 0.2% Assets/Resources/GameplayModels/Enemy_E06_IgnoranceBeast.fbx
 538.3 kb	 0.2% Assets/New Terrain 2.asset
 495.0 kb	 0.1% Packages/com.bytedance.pico.xr/Assets/Resources/Controller/ControllerWithHand/Mesh/RightHand/rightHand.fbx
 492.0 kb	 0.1% Packages/com.unity.ai.inference/Runtime/Core/Resources/Sentis/ComputeShaders/Dense.compute
 434.5 kb	 0.1% Packages/com.bytedance.pico.xr/Assets/Resources/Controller/ControllerWithHand/Mesh/RightHand/rightHand_X_A_Y_B.fbx
 410.9 kb	 0.1% Packages/com.bytedance.pico.xr/Assets/Resources/Controller/ControllerWithHand/Mesh/LeftHand/leftHand.fbx
 349.6 kb	 0.1% Packages/com.bytedance.pico.xr/Assets/Resources/Controller/ControllerWithHand/Mesh/LeftHand/leftHand_X_A_Y_B.fbx
 341.5 kb	 0.1% Packages/com.bytedance.pico.xr/Assets/Resources/Hand/HandPose/Texture/Hand_Shadow_Short.png
 341.5 kb	 0.1% Assets/SpatialTowerDefense/Resources/UI/Startup/FigmaCanvas.png
 334.6 kb	 0.1% Packages/com.bytedance.pico.xr/Assets/Resources/Controller/PICO 4U/Animation/mesh/o_com_PICO4U_right_01.fbx
 333.1 kb	 0.1% Packages/com.bytedance.pico.xr/Assets/Resources/Controller/PICO 4U/Animation/mesh/o_com_PICO4U_left_01.fbx
 303.8 kb	 0.1% Assets/Resources/GameplayModels/Enemy_E05_DoubtCarapace.fbx
 296.2 kb	 0.1% Assets/Resources/GameplayModels/Enemy_E03_AngerCrag.fbx
 271.5 kb	 0.1% Assets/Resources/GameplayModels/Scene_S08_MainTemple.fbx
 257.3 kb	 0.1% Assets/Resources/GameplayModels/Scene_S09_Corridor.fbx
 256.1 kb	 0.1% Assets/模型资产/s9/tripo_convert_eb2bb99c-4d01-43cc-857c-ebf0a721935e.fbx
 249.0 kb	 0.1% Assets/Resources/GameplayModels/Tower_B2_LotusLamp.fbx
 242.2 kb	 0.1% Assets/Resources/GameplayModels/Enemy_E02_GraspingBurden.fbx
 240.8 kb	 0.1% Assets/Resources/GameplayModels/Scene_S04_CliffWell.fbx
 239.6 kb	 0.1% Assets/模型资产/s4/tripo_convert_a72d3be8-dbac-452f-902d-80cfa4f93205.fbx
 239.0 kb	 0.1% Assets/Resources/GameplayModels/Scene_S06_ArchBridge.fbx
 238.4 kb	 0.1% Assets/Resources/GameplayModels/Tower_A3_MorningBell.fbx
 238.3 kb	 0.1% Packages/com.bytedance.pico.xr/Assets/Resources/Controller/PICO 4/Meshes/PICO4_Controller_Left.fbx
 237.7 kb	 0.1% Assets/模型资产/s6/tripo_convert_c98b33c4-85ee-4cc6-847a-9e65222832e5.fbx
 235.4 kb	 0.1% Packages/com.unity.ai.inference/Runtime/Core/Resources/Sentis/ComputeShaders/Compute.Shaders.Broadcast.gen.compute
 235.3 kb	 0.1% Packages/com.bytedance.pico.xr/Assets/Resources/Controller/PICO 4/Meshes/PICO4_Controller_Right.fbx
 235.3 kb	 0.1% Assets/Resources/GameplayModels/Scene_S10_SmallGrotto.fbx
 233.9 kb	 0.1% Assets/Resources/GameplayModels/Scene_S18_BambooRock.fbx
 232.7 kb	 0.1% Assets/模型资产/s18/tripo_convert_436b4163-18cc-42b5-ba29-eb154f2fbe1e.fbx
 230.0 kb	 0.1% Assets/Resources/GameplayModels/Scene_S15_StoneLantern.fbx
 229.5 kb	 0.1% Assets/Resources/GameplayModels/Scene_S14_PrayerBanners.fbx
 228.7 kb	 0.1% Assets/模型资产/s15/tripo_convert_295cd136-a12d-416c-938f-352123e557c7.fbx
 228.3 kb	 0.1% Assets/模型资产/s14/tripo_convert_a06dd4d1-4b0a-4df5-ba15-95b5d20adf27.fbx
 226.4 kb	 0.1% Assets/Resources/GameplayModels/Scene_S01_FloatingMountainBase.fbx
 226.0 kb	 0.1% Assets/模型资产/s1/tripo_convert_dabf4fdf-9e52-4695-ad96-a0409841049c.fbx
 210.8 kb	 0.1% Assets/Resources/GameplayModels/Scene_S17_GrassPlatform.fbx
 210.6 kb	 0.1% Packages/com.unity.ai.inference/Runtime/Core/Resources/Sentis/ComputeShaders/Compute.Shaders.Reduction.gen.compute
 204.5 kb	 0.1% Assets/Resources/GameplayModels/Scene_S16_IncenseBrazier.fbx
 196.7 kb	 0.1% Packages/com.unity.ai.inference/Runtime/Core/Resources/Sentis/ComputeShaders/Compute.Shaders.Conv.gen.compute
 194.3 kb	 0.1% Assets/Resources/GameplayModels/Scene_S13_AncientCypress.fbx
 193.1 kb	 0.1% Assets/模型资产/s13/tripo_convert_27f4f165-616c-4b47-9d15-57be83219dfb.fbx
 184.3 kb	 0.1% Assets/SpatialTowerDefense/Resources/GameplayModels/UI_AncientCoin.fbx
 182.4 kb	 0.1% Assets/Resources/PolygonNatureBiomes/PNB_Core/Shaders/SyntyStudios_VegitationShader.shader
 174.7 kb	 0.1% Assets/Resources/GameplayModels/Enemy_E04_DelusionCloud.fbx
 174.0 kb	 0.1% Packages/com.bytedance.pico.xr/Assets/Resources/Controller/Neo3/Meshes/Neo3_Controller_Right.fbx
 174.0 kb	 0.1% Packages/com.bytedance.pico.xr/Assets/Resources/Controller/Neo3/Meshes/Neo3_Controller_Left.fbx
 170.9 kb	 0.1% Packages/com.bytedance.pico.xr/Assets/Resources/PICO developer logo white.png
 170.9 kb	 0.1% Packages/com.bytedance.pico.xr/Assets/Resources/PICO developer logo black.png
 170.8 kb	 0.1% Packages/com.bytedance.pico.xr/Assets/Resources/Controller/PICO 4U/Textures/o_com_sparrow_01_b.png
 170.8 kb	 0.1% Packages/com.bytedance.pico.xr/Assets/Resources/Controller/PICO 4U/Texture/o_com_PICO4U_02_b.png
 170.8 kb	 0.1% Packages/com.bytedance.pico.xr/Assets/Resources/Controller/PICO 4U/Texture/o_com_PICO4U_02_a.png
 170.8 kb	 0.1% Packages/com.bytedance.pico.xr/Assets/Resources/Controller/PICO 4U/Texture/o_com_PICO4U_01_b.png
 170.8 kb	 0.1% Packages/com.bytedance.pico.xr/Assets/Resources/Controller/Neo3/Textures/controller5_idle.png
 170.8 kb	 0.1% Packages/com.bytedance.pico.xr/Assets/Resources/Controller/Neo3/Textures/controller5_idle.jpg
 170.8 kb	 0.1% Assets/Resources/PolygonNatureBiomes/PNB_Core/Textures/Noise_Small.png
 170.8 kb	 0.1% Packages/com.bytedance.pico.xr/Assets/Resources/Controller/G3/Textures/G3.png
 170.8 kb	 0.1% Packages/com.bytedance.pico.xr/Assets/BuildingBlocks/Resources/filter.png
 160.3 kb	 0.0% Packages/com.bytedance.pico.xr/Assets/Resources/Hand/HandPose/Objects/hand_axis.fbx
 158.3 kb	 0.0% Assets/Resources/GameplayModels/Tower_A2_MorningBell.fbx
 158.1 kb	 0.0% Assets/Resources/PolygonNatureBiomes/PNB_Meadow_Forest/Models/SM_Env_Rock_Cliff_03.fbx
 151.1 kb	 0.0% Assets/Resources/GameplayModels/Tower_C3_SutraGuardianGate.fbx
 149.0 kb	 0.0% Packages/com.bytedance.pico.xr/Assets/Resources/Controller/G3/Meshes/G3.FBX
 148.6 kb	 0.0% Assets/Resources/GameplayModels/Tower_C1_SutraPillar.fbx
 143.5 kb	 0.0% Assets/Resources/GameplayModels/Scene_S07_MountainGate.fbx
 142.7 kb	 0.0% Assets/Resources/GameplayModels/Tower_A1_MorningBell.fbx
 141.6 kb	 0.0% Assets/Resources/GameplayModels/Tower_C2_SutraWheel.fbx
 140.7 kb	 0.0% Packages/com.bytedance.pico.xr/Assets/Resources/Hand/Models/Hand_R.fbx
 140.7 kb	 0.0% Packages/com.bytedance.pico.xr/Assets/Resources/Hand/Models/Hand_L.fbx
 139.0 kb	 0.0% Assets/Resources/GameplayModels/Scene_S02_StonePath.fbx
 138.5 kb	 0.0% Assets/Resources/GameplayModels/Scene_S12_ReleasePond.fbx
 138.3 kb	 0.0% Assets/模型资产/s21/tripo_convert_6ad26a5c-b256-4728-a0bc-9ec2a693ba09.fbx
 137.3 kb	 0.0% Assets/模型资产/s12/tripo_convert_7e1180cd-d94e-4c4d-80bd-6dc678d15ac7.fbx
 136.4 kb	 0.0% Assets/Resources/GameplayModels/Tower_B1_LotusLamp.fbx
 135.7 kb	 0.0% Assets/Resources/GameplayModels/Tower_B3_LotusLamp.fbx
 133.1 kb	 0.0% Assets/Resources/GameplayModels/Scene_S03_LowStoneWall.fbx
 133.0 kb	 0.0% Assets/Resources/GameplayModels/Scene_S11_BuddhaNiche.fbx
 131.8 kb	 0.0% Assets/模型资产/s3/tripo_convert_12ef18a8-96ff-4de4-b0eb-245b1732ba7d.fbx
 131.7 kb	 0.0% Assets/模型资产/s11/tripo_convert_5734171d-2c44-45a2-8b92-5b336fa13cde.fbx
 131.5 kb	 0.0% Assets/Resources/GameplayModels/Enemy_E01_RestlessDust.fbx
 129.7 kb	 0.0% Assets/Resources/GameplayModels/Scene_S20_RockB.fbx
 129.5 kb	 0.0% Packages/com.bytedance.pico.xr/Assets/Resources/Hand/HandPose/Objects/hand_model.fbx
 128.6 kb	 0.0% Assets/Resources/GameplayModels/Scene_S05_StoneStairs.fbx
 128.4 kb	 0.0% Assets/模型资产/s20/tripo_convert_a31cc131-d266-4c1f-8454-7fbaa5af8609.fbx
 127.4 kb	 0.0% Assets/Resources/GameplayModels/Scene_S19_Rock.fbx
 127.3 kb	 0.0% Assets/模型资产/s5/tripo_convert_9386420b-3143-4f2a-b84f-24aaa5ad8b3e.fbx
 126.2 kb	 0.0% Assets/模型资产/s19/tripo_convert_bd066ff9-71de-4a57-91f6-401331a0b99b.fbx
 120.8 kb	 0.0% Packages/com.unity.ai.inference/Runtime/Core/Resources/Sentis/ComputeShaders/Compute.Shaders.ConvTranspose.gen.compute
 115.4 kb	 0.0% Packages/com.bytedance.pico.xr/Assets/Resources/Hand/HandPose/Objects/head_model.fbx
 107.7 kb	 0.0% Packages/com.unity.ai.inference/Runtime/Core/Resources/Sentis/ComputeShaders/Compute.Shaders.PointwiseUnary.gen.compute
 107.4 kb	 0.0% Packages/com.unity.ai.inference/Runtime/Core/Resources/Sentis/ComputeShaders/GridSample.compute
 99.4 kb	 0.0% Assets/Resources/PXR_DebuggerPanel.prefab
 85.5 kb	 0.0% Packages/com.bytedance.pico.xr/Assets/Resources/Controller/PICO 4U/Textures/Power/o_com_PICO4U_power_05.png
 85.5 kb	 0.0% Packages/com.bytedance.pico.xr/Assets/Resources/Controller/PICO 4U/Textures/Power/o_com_PICO4U_power_04.png
 85.5 kb	 0.0% Packages/com.bytedance.pico.xr/Assets/Resources/Controller/PICO 4U/Textures/Power/o_com_PICO4U_power_03.png
 85.5 kb	 0.0% Packages/com.bytedance.pico.xr/Assets/Resources/Controller/PICO 4U/Textures/Power/o_com_PICO4U_power_02.png
 85.5 kb	 0.0% Packages/com.bytedance.pico.xr/Assets/Resources/Controller/PICO 4U/Textures/Power/o_com_PICO4U_power_01.png
 85.5 kb	 0.0% Packages/com.bytedance.pico.xr/Assets/Resources/Controller/PICO 4U/Texture/o_com_PICO4U_power_05.png
 85.5 kb	 0.0% Packages/com.bytedance.pico.xr/Assets/Resources/Controller/PICO 4U/Texture/o_com_PICO4U_power_04.png
 85.5 kb	 0.0% Packages/com.bytedance.pico.xr/Assets/Resources/Controller/PICO 4U/Texture/o_com_PICO4U_power_03.png
 85.5 kb	 0.0% Packages/com.bytedance.pico.xr/Assets/Resources/Controller/PICO 4U/Texture/o_com_PICO4U_power_02.png
 85.5 kb	 0.0% Packages/com.bytedance.pico.xr/Assets/Resources/Controller/PICO 4U/Texture/o_com_PICO4U_power_01.png
 85.5 kb	 0.0% Packages/com.bytedance.pico.xr/Assets/Resources/Controller/PICO 4U/Textures/o_com_sparrow_02_a.png
 82.0 kb	 0.0% Assets/PolygonNatureBiomes/PNB_Core/Shaders/SyntyStudios_WaterShader.shader
 69.1 kb	 0.0% Packages/com.bytedance.pico.xr/Assets/Debugger/Prefabs/Tools/FBX/measure 2.fbx
 66.4 kb	 0.0% Packages/com.bytedance.pico.xr/Assets/Debugger/Prefabs/Tools/FBX/button.fbx
 64.8 kb	 0.0% Packages/com.bytedance.pico.xr/Assets/Resources/Controller/PICO 4/Textures/Power/PICO4_ControllerPower_05.png
 64.8 kb	 0.0% Packages/com.bytedance.pico.xr/Assets/Resources/Controller/PICO 4/Textures/Power/PICO4_ControllerPower_04.png
 64.8 kb	 0.0% Packages/com.bytedance.pico.xr/Assets/Resources/Controller/PICO 4/Textures/Power/PICO4_ControllerPower_03.png
 64.8 kb	 0.0% Packages/com.bytedance.pico.xr/Assets/Resources/Controller/PICO 4/Textures/Power/PICO4_ControllerPower_02.png
 64.8 kb	 0.0% Packages/com.bytedance.pico.xr/Assets/Resources/Controller/PICO 4/Textures/Power/PICO4_ControllerPower_01.png
 64.8 kb	 0.0% Packages/com.bytedance.pico.xr/Assets/Resources/Controller/G3/Textures/Power/dianliang_05.png
 64.8 kb	 0.0% Packages/com.bytedance.pico.xr/Assets/Resources/Controller/G3/Textures/Power/dianliang_04.png
 64.8 kb	 0.0% Packages/com.bytedance.pico.xr/Assets/Resources/Controller/G3/Textures/Power/dianliang_03.png
 64.8 kb	 0.0% Packages/com.bytedance.pico.xr/Assets/Resources/Controller/G3/Textures/Power/dianliang_02.png
 64.8 kb	 0.0% Packages/com.bytedance.pico.xr/Assets/Resources/Controller/G3/Textures/Power/dianliang_01.png
 61.0 kb	 0.0% Packages/com.unity.ai.inference/Runtime/Core/Resources/Sentis/ComputeShaders/DepthwiseConv.compute
 55.1 kb	 0.0% Assets/Resources/PolygonNatureBiomes/PNB_Meadow_Forest/Models/SM_Env_Rock_Cliff_02.fbx
 53.9 kb	 0.0% Packages/com.bytedance.pico.xr/Assets/Resources/Hand/Models/Hand_Ray.fbx
 53.5 kb	 0.0% Packages/com.unity.ai.inference/Runtime/Core/Resources/Sentis/ComputeShaders/Pool.compute
 48.7 kb	 0.0% Assets/Resources/PolygonNatureBiomes/PNB_Core/Shaders/SyntyStudios_Triplanar_Basic.shader
 42.8 kb	 0.0% Packages/com.bytedance.pico.xr/Assets/Resources/Controller/PICO 4U/Textures/o_com_matcap_02_b.png
 42.8 kb	 0.0% Packages/com.bytedance.pico.xr/Assets/Resources/Controller/PICO 4U/Textures/o_com_matcap_01_b.png
 42.8 kb	 0.0% Packages/com.bytedance.pico.xr/Assets/Resources/Controller/PICO 4U/Texture/o_com_matcap_03_b.png
 42.8 kb	 0.0% Packages/com.bytedance.pico.xr/Assets/Resources/Controller/PICO 4U/Texture/o_com_matcap_02_b.png
 42.8 kb	 0.0% Packages/com.bytedance.pico.xr/Assets/Resources/Controller/PICO 4U/Texture/o_com_matcap_01_b.png
 42.5 kb	 0.0% Packages/com.unity.ai.inference/Runtime/Core/Resources/Sentis/ComputeShaders/WindowedDFTMatrix.compute
 41.8 kb	 0.0% Assets/Resources/Audio/Victory.wav
 39.6 kb	 0.0% Packages/com.unity.ai.inference/Runtime/Core/Resources/Sentis/ComputeShaders/GemmT.compute
 36.7 kb	 0.0% Packages/com.unity.ai.inference/Runtime/Core/Resources/Sentis/ComputeShaders/Compute.Shaders.ReductionUnrolled.gen.compute
 32.3 kb	 0.0% Packages/com.unity.ai.inference/Runtime/Core/Resources/Sentis/ComputeShaders/RoiAlign.compute
 29.9 kb	 0.0% Packages/com.unity.ai.inference/Runtime/Core/Resources/Sentis/ComputeShaders/CompareOps.compute
 29.3 kb	 0.0% Packages/com.unity.ai.inference/Runtime/Core/Resources/Sentis/ComputeShaders/Resize.compute
 25.6 kb	 0.0% Packages/com.unity.ai.inference/Runtime/Core/Resources/Sentis/ComputeShaders/RNN.compute
 24.4 kb	 0.0% Packages/com.unity.ai.inference/Runtime/Core/Resources/Sentis/ComputeShaders/ReferenceImpl.PoolA.compute
 24.3 kb	 0.0% Packages/com.unity.ai.inference/Runtime/Core/Resources/Sentis/PixelShaders/ScatterElements.shader
 24.2 kb	 0.0% Packages/com.bytedance.pico.xr/Assets/Resources/Prefabs/HandPoseGenerator.prefab
 22.2 kb	 0.0% Packages/com.unity.ai.inference/Runtime/Core/Resources/Sentis/ComputeShaders/ReferenceImpl.IndexingOpsA.compute
 21.7 kb	 0.0% Packages/com.unity.ai.inference/Runtime/Core/Resources/Sentis/PixelShaders/GridSample.shader
 21.4 kb	 0.0% Packages/com.unity.ai.inference/Runtime/Core/Resources/Sentis/PixelShaders/Broadcast.shader
 21.2 kb	 0.0% Packages/com.unity.ai.inference/Runtime/Core/Resources/Sentis/ComputeShaders/ScatterOps.compute
 20.5 kb	 0.0% Packages/com.unity.ai.inference/Runtime/Core/Resources/Sentis/ComputeShaders/CopyOps.compute
 19.6 kb	 0.0% Packages/com.unity.ai.inference/Runtime/Core/Resources/Sentis/PixelShaders/Activation.shader
 19.3 kb	 0.0% Assets/Resources/PolygonNatureBiomes/PNB_Meadow_Forest/Models/SM_Env_Rock_Cliff_01.fbx
 17.5 kb	 0.0% Packages/com.unity.ai.inference/Runtime/Core/Resources/Sentis/TextureConversion/TensorToTexture.compute
 16.9 kb	 0.0% Packages/com.unity.ai.inference/Runtime/Core/Resources/Sentis/TextureConversion/TextureToTensor.compute
 16.6 kb	 0.0% Packages/com.unity.ai.inference/Runtime/Core/Resources/Sentis/ComputeShaders/ReferenceImpl.PadA.compute
 16.4 kb	 0.0% Packages/com.unity.ai.inference/Runtime/Core/Resources/Sentis/ComputeShaders/ReduceIndices.compute
 16.4 kb	 0.0% Packages/com.unity.ai.inference/Runtime/Core/Resources/Sentis/PixelShaders/STFT.shader
 16.1 kb	 0.0% Assets/Resources/PolygonNatureBiomes/PNB_Core/Textures/LODNoise.png
 15.9 kb	 0.0% Packages/com.bytedance.pico.xr/Assets/Resources/Hand/Shaders/PXR_Hand.shader
 15.5 kb	 0.0% Packages/com.unity.ai.inference/Runtime/Core/Resources/Sentis/ComputeShaders/NMS.compute
 15.0 kb	 0.0% Packages/com.unity.ai.inference/Runtime/Core/Resources/Sentis/PixelShaders/GroupedConv.shader
 15.0 kb	 0.0% Packages/com.unity.ai.inference/Runtime/Core/Resources/Sentis/ComputeShaders/CumSum.compute
 14.8 kb	 0.0% Packages/com.bytedance.pico.xr/Assets/Resources/Hand/HandPose/Shaders/HPE_hand_highlight.shader
 14.5 kb	 0.0% Packages/com.bytedance.pico.xr/Assets/Resources/Hand/Shaders/PXR_HandRay.shader
 14.3 kb	 0.0% Assets/Resources/PolygonNatureBiomes/PNB_Meadow_Forest/Models/SM_Env_Ground_Mound_Large_01.fbx
 14.0 kb	 0.0% Packages/com.bytedance.pico.xr/Assets/Resources/Hand/HandPose/Shaders/HPE_hand_outline.shader
 13.7 kb	 0.0% Packages/com.unity.ai.inference/Runtime/Core/Resources/Sentis/ComputeShaders/Clip.compute
 13.7 kb	 0.0% Packages/com.unity.ai.inference/Runtime/Core/Resources/Sentis/PixelShaders/Conv.shader
 13.6 kb	 0.0% Assets/PolygonNatureBiomes/PNB_Meadow_Forest/Models/SM_Env_Water_Plane_01.fbx
 13.0 kb	 0.0% Packages/com.bytedance.pico.xr/Assets/Resources/Hand/HandPose/Shaders/HPE_hand_fade.shader
 13.0 kb	 0.0% Packages/com.bytedance.pico.xr/Assets/Resources/Controller/PICO 4U/Shader/o_com_shader_code.shader
 12.6 kb	 0.0% Assets/Resources/Audio/TowerPlace.wav
 12.1 kb	 0.0% Packages/com.bytedance.pico.xr/Assets/Resources/Meshes/circular cone.fbx
 11.9 kb	 0.0% Packages/com.unity.ai.inference/Runtime/Core/Resources/Sentis/ComputeShaders/Random.compute
 11.7 kb	 0.0% Packages/com.unity.ai.inference/Runtime/Core/Resources/Sentis/ComputeShaders/Normalization.compute
 11.4 kb	 0.0% Packages/com.unity.ai.inference/Runtime/Core/Resources/Sentis/PixelShaders/DepthwiseConv.shader
 11.4 kb	 0.0% Packages/com.unity.ai.inference/Runtime/Core/Resources/Sentis/PixelShaders/ScatterND.shader
 11.3 kb	 0.0% Packages/com.unity.ai.inference/Runtime/Core/Resources/Sentis/ComputeShaders/LogicalOps.compute
 10.8 kb	 0.0% Assets/PolygonNatureBiomes/PNB_Core/Textures/White_01.png
 10.8 kb	 0.0% Assets/PolygonNatureBiomes/PNB_Core/Textures/White.png
 10.8 kb	 0.0% Assets/PolygonNatureBiomes/PNB_Meadow_Forest/FX/FX_Textures/White 1.png
 10.3 kb	 0.0% Packages/com.unity.ai.inference/Runtime/Core/Resources/Sentis/PixelShaders/LocalResponseNormalization.shader
 10.1 kb	 0.0% Packages/com.unity.ai.inference/Runtime/Core/Resources/Sentis/PixelShaders/WindowedDFTMatrix.shader
 10.0 kb	 0.0% Packages/com.unity.ai.inference/Runtime/Core/Resources/Sentis/TextureConversion/TensorToTexture.shader
 10.0 kb	 0.0% Packages/com.unity.ai.inference/Runtime/Core/Resources/Sentis/PixelShaders/RoiAlign.shader
 9.6 kb	 0.0% Packages/com.unity.ai.inference/Runtime/Core/Resources/Sentis/PixelShaders/SliceSet.shader
 9.5 kb	 0.0% Packages/com.unity.ai.inference/Runtime/Core/Resources/Sentis/PixelShaders/GatherElements.shader
 9.4 kb	 0.0% Packages/com.unity.ai.inference/Runtime/Core/Resources/Sentis/PixelShaders/Reduce.shader
 9.0 kb	 0.0% Packages/com.unity.ai.inference/Runtime/Core/Resources/Sentis/PixelShaders/Upsample.shader
 8.8 kb	 0.0% Packages/com.unity.ai.inference/Runtime/Core/Resources/Sentis/PixelShaders/Pad.shader
 8.8 kb	 0.0% Packages/com.unity.ai.inference/Runtime/Core/Resources/Sentis/PixelShaders/Random.shader
 8.6 kb	 0.0% Packages/com.unity.ai.inference/Runtime/Core/Resources/Sentis/TextureConversion/TextureToTensor.shader
 8.6 kb	 0.0% Packages/com.unity.ai.inference/Runtime/Core/Resources/Sentis/PixelShaders/LocalPool.shader
 8.6 kb	 0.0% Packages/com.unity.ai.inference/Runtime/Core/Resources/Sentis/ComputeShaders/ImageBased.compute
 8.5 kb	 0.0% Packages/com.unity.ai.inference/Runtime/Core/Resources/Sentis/ComputeShaders/Spectral.compute
 8.5 kb	 0.0% Packages/com.unity.ai.inference/Runtime/Core/Resources/Sentis/PixelShaders/GatherND.shader
 8.5 kb	 0.0% Packages/com.bytedance.pico.xr/Assets/Resources/Controller/PICO 4/Shaders/PXR_PICO4.shader
 8.3 kb	 0.0% Packages/com.unity.ai.inference/Runtime/Core/Resources/Sentis/ComputeShaders/IndexingOps.compute
 8.3 kb	 0.0% Packages/com.bytedance.pico.xr/Assets/Resources/Hand/HandPose/Shaders/HPE_hand_axis.shader
 8.2 kb	 0.0% Packages/com.unity.ai.inference/Runtime/Core/Resources/Sentis/ComputeShaders/SortingOps.compute
 8.0 kb	 0.0% Packages/com.bytedance.pico.xr/Assets/Resources/Hand/HandPose/Shaders/HPE_hand_floorshadow.shader
 7.9 kb	 0.0% Packages/com.bytedance.pico.xr/Assets/Resources/Hand/HandPose/Shaders/HPE_head_fade.shader
 7.5 kb	 0.0% Packages/com.unity.ai.inference/Runtime/Core/Resources/Sentis/PixelShaders/Gather.shader
 7.5 kb	 0.0% Packages/com.unity.ai.inference/Runtime/Core/Resources/Sentis/PixelShaders/DepthToSpace.shader
 7.4 kb	 0.0% Packages/com.bytedance.pico.xr/Assets/Resources/Controller/G3/Shaders/PXR_G3.shader
 7.4 kb	 0.0% Packages/com.bytedance.pico.xr/Assets/Resources/Controller/PICO 4/Shaders/PXR_PICO4_Power.shader
 7.4 kb	 0.0% Packages/com.bytedance.pico.xr/Assets/Resources/Controller/Neo3/PXR_Neo3.shader
 7.3 kb	 0.0% Packages/com.unity.ai.inference/Runtime/Core/Resources/Sentis/ComputeShaders/BitonicSort.compute
 7.2 kb	 0.0% Packages/com.bytedance.pico.xr/Assets/Resources/Controller/PICO 4U/Shader/o_com_power.shader
 7.1 kb	 0.0% Packages/com.unity.ai.inference/Runtime/Core/Resources/Sentis/PixelShaders/Slice.shader
 6.9 kb	 0.0% Packages/com.unity.ai.inference/Runtime/Core/Resources/Sentis/ComputeShaders/ReferenceImpl.Einsum.compute
 6.9 kb	 0.0% Packages/com.unity.ai.inference/Runtime/Core/Resources/Sentis/PixelShaders/Clip.shader
 6.8 kb	 0.0% Packages/com.unity.ai.inference/Runtime/Core/Resources/Sentis/PixelShaders/ReduceIndices.shader
 6.8 kb	 0.0% Packages/com.unity.ai.inference/Runtime/Core/Resources/Sentis/PixelShaders/CumSum.shader
 6.8 kb	 0.0% Packages/com.unity.ai.inference/Runtime/Core/Resources/Sentis/PixelShaders/Dense.shader
 6.8 kb	 0.0% Packages/com.unity.ai.inference/Runtime/Core/Resources/Sentis/PixelShaders/SpaceToDepth.shader
 6.7 kb	 0.0% Packages/com.unity.ai.inference/Runtime/Core/Resources/Sentis/PixelShaders/Split.shader
 6.6 kb	 0.0% Packages/com.unity.ai.inference/Runtime/Core/Resources/Sentis/PixelShaders/Reshape.shader
 6.6 kb	 0.0% Packages/com.unity.ai.inference/Runtime/Core/Resources/Sentis/PixelShaders/TextureTensorDataDownload.shader
 6.6 kb	 0.0% Packages/com.bytedance.pico.xr/Assets/Resources/Meshes/DefaultLine.fbx
 6.4 kb	 0.0% Packages/com.bytedance.pico.xr/Assets/Resources/Shader/PXR_EyeMask.shader
 6.4 kb	 0.0% Packages/com.bytedance.pico.xr/Assets/Resources/Shader/OcclusionUnlit.shader
 6.4 kb	 0.0% Packages/com.unity.ai.inference/Runtime/Core/Resources/Sentis/PixelShaders/LayoutSwitchBlockedAxis.shader
 6.3 kb	 0.0% Packages/com.unity.ai.inference/Runtime/Core/Resources/Sentis/PixelShaders/Gemm.shader
 6.2 kb	 0.0% Packages/com.bytedance.pico.xr/Assets/Resources/Controller/PICO 4U R WithHand.prefab
 6.1 kb	 0.0% Packages/com.unity.ai.inference/Runtime/Core/Resources/Sentis/PixelShaders/Where.shader
 6.1 kb	 0.0% Packages/com.bytedance.pico.xr/Assets/Resources/Controller/PICO 4U L WithHand.prefab
 6.1 kb	 0.0% Packages/com.bytedance.pico.xr/Assets/Resources/Controller/ControllerWithHand/rightHand.prefab
 6.1 kb	 0.0% Packages/com.unity.ai.inference/Runtime/Core/Resources/Sentis/PixelShaders/TextureTensorDataUpload.shader
 6.0 kb	 0.0% Packages/com.unity.ai.inference/Runtime/Core/Resources/Sentis/TextureConversion/ComputeBufferToTexture.shader
 6.0 kb	 0.0% Packages/com.bytedance.pico.xr/Assets/Resources/Controller/ControllerWithHand/leftHand.prefab
 5.9 kb	 0.0% Packages/com.unity.ai.inference/Runtime/Core/Resources/Sentis/PixelShaders/MatMul.shader
 5.8 kb	 0.0% Packages/com.unity.ai.inference/Runtime/Core/Resources/Sentis/PixelShaders/BatchNormalization.shader
 5.7 kb	 0.0% Packages/com.unity.ai.inference/Runtime/Core/Resources/Sentis/PixelShaders/ActivationInt.shader
 5.7 kb	 0.0% Packages/com.bytedance.pico.xr/Assets/Debugger/Prefabs/Tools/Materials/Ruler/Ruler.shader
 5.7 kb	 0.0% Packages/com.unity.ai.inference/Runtime/Core/Resources/Sentis/PixelShaders/Resize1D.shader
 5.6 kb	 0.0% Packages/com.bytedance.pico.xr/Assets/Resources/Shader/DepthPreprocessing.shader
 5.6 kb	 0.0% Packages/com.unity.ai.inference/Runtime/Core/Resources/Sentis/PixelShaders/Trilu.shader
 5.5 kb	 0.0% Packages/com.unity.ai.inference/Runtime/Core/Resources/Sentis/PixelShaders/Softmax.shader
 5.5 kb	 0.0% Packages/com.unity.ai.inference/Runtime/Core/Resources/Sentis/ComputeShaders/AxisActivations.compute
 5.4 kb	 0.0% Packages/com.unity.ai.inference/Runtime/Core/Resources/Sentis/PixelShaders/ScaleBias.shader
 5.4 kb	 0.0% Packages/com.unity.ai.inference/Runtime/Core/Resources/Sentis/PixelShaders/GlobalPool.shader
 5.4 kb	 0.0% Packages/com.bytedance.pico.xr/Assets/Resources/Prefabs/Box3D.prefab
 5.4 kb	 0.0% Packages/com.unity.ai.inference/Runtime/Core/Resources/Sentis/ComputeShaders/ReferenceImpl.GenericA.compute
 5.4 kb	 0.0% Packages/com.unity.ai.inference/Runtime/Core/Resources/Sentis/PixelShaders/InstanceNormalizationTail.shader
 5.4 kb	 0.0% Assets/SpatialTowerDefense/Resources/DesktopCameraBackground.shader
 5.4 kb	 0.0% Packages/com.unity.ai.inference/Runtime/Core/Resources/Sentis/PixelShaders/LayerNormalizationTail.shader
 5.3 kb	 0.0% Packages/com.bytedance.pico.xr/Assets/Resources/Controller/ControllerWithHand/controller_r.controller
 5.2 kb	 0.0% Packages/com.unity.ai.inference/Runtime/Core/Resources/Sentis/PixelShaders/MelWeightMatrix.shader
 5.2 kb	 0.0% Packages/com.unity.ai.inference/Runtime/Core/Resources/Sentis/PixelShaders/OneHot.shader
 5.2 kb	 0.0% Packages/com.bytedance.pico.xr/Assets/Debugger/Prefabs/Log/ListItemWarning Variant.prefab
 5.2 kb	 0.0% Packages/com.bytedance.pico.xr/Assets/Debugger/Prefabs/Log/ListItemError Variant.prefab
 5.2 kb	 0.0% Packages/com.bytedance.pico.xr/Assets/Debugger/Prefabs/Log/ListItemInfo Variant.prefab
 5.2 kb	 0.0% Packages/com.bytedance.pico.xr/Assets/Resources/Shader/PXR_CubemapBlit.shader
 5.2 kb	 0.0% Packages/com.unity.ai.inference/Runtime/Core/Resources/Sentis/PixelShaders/SpectralWindow.shader
 5.1 kb	 0.0% Packages/com.bytedance.pico.xr/Assets/Resources/Shader/PXR_InvertCubemap.shader
 5.1 kb	 0.0% Packages/com.unity.ai.inference/Runtime/Core/Resources/Sentis/PixelShaders/Expand.shader
 5.1 kb	 0.0% Packages/com.unity.ai.inference/Runtime/Core/Resources/Sentis/PixelShaders/TopP.shader
 5.1 kb	 0.0% Packages/com.unity.ai.inference/Runtime/Core/Resources/Sentis/PixelShaders/Tile.shader
 5.1 kb	 0.0% Assets/SpatialTowerDefense/Resources/UI/GeneratedUiOverlaySurface.shader
 5.1 kb	 0.0% Packages/com.unity.ai.inference/Runtime/Core/Resources/Sentis/PixelShaders/IsInfNaN.shader
 5.0 kb	 0.0% Packages/com.unity.ai.inference/Runtime/Core/Resources/Sentis/PixelShaders/ReduceExpBias.shader
 5.0 kb	 0.0% Assets/XR/Settings/OpenXR Package Settings.asset
 5.0 kb	 0.0% Packages/com.unity.ai.inference/Runtime/Core/Resources/Sentis/PixelShaders/Transpose.shader
 5.0 kb	 0.0% Packages/com.unity.ai.inference/Runtime/Core/Resources/Sentis/PixelShaders/RMSNormalizationTail.shader
 5.0 kb	 0.0% Packages/com.bytedance.pico.xr/Assets/Resources/Shader/PXR_Texture2DBlit.shader
 4.9 kb	 0.0% Packages/com.bytedance.pico.xr/Assets/Resources/Hand/HandPose/Shaders/TransparentOutlinedHand-PrepassZ.shader
 4.9 kb	 0.0% Packages/com.bytedance.pico.xr/Assets/Resources/Prefabs/HandRight.prefab
 4.9 kb	 0.0% Packages/com.bytedance.pico.xr/Assets/Resources/Prefabs/HandLeft.prefab
 4.9 kb	 0.0% Packages/com.unity.ai.inference/Runtime/Core/Resources/Sentis/PixelShaders/Range.shader
 4.8 kb	 0.0% Packages/com.bytedance.pico.xr/Assets/Resources/Shader/PXR_Fade.shader
 4.8 kb	 0.0% Packages/com.unity.ai.inference/Runtime/Core/Resources/Sentis/PixelShaders/ScalarMad.shader
 4.8 kb	 0.0% Packages/com.unity.ai.inference/Runtime/Core/Resources/Sentis/PixelShaders/Cast.shader
 4.7 kb	 0.0% Packages/com.unity.ai.inference/Runtime/Core/Resources/Sentis/PixelShaders/Hardmax.shader
 4.7 kb	 0.0% Assets/SpatialTowerDefense/Resources/UI/GeneratedUiSurface.shader
 4.7 kb	 0.0% Packages/com.unity.ai.inference/Runtime/Core/Resources/Sentis/PixelShaders/Copy.shader
 4.6 kb	 0.0% Assets/SpatialTowerDefense/Resources/UI/WorldTextTransparent.shader
 4.6 kb	 0.0% Assets/SpatialTowerDefense/Resources/UI/WorldTextOverlay.shader
 4.5 kb	 0.0% Packages/com.bytedance.pico.xr/Assets/Resources/Controller/PICO 4/Animators/PICO4_Controller_Right.controller
 4.5 kb	 0.0% Packages/com.bytedance.pico.xr/Assets/Resources/Controller/PICO 4/Animators/PICO4_Controller_Left.controller
 4.4 kb	 0.0% Packages/com.bytedance.pico.xr/Assets/Resources/Shader/PXR_UnderlayHole.shader
 4.4 kb	 0.0% Packages/com.unity.ai.inference/Runtime/Core/Resources/Sentis/PixelShaders/ConstantOfShape.shader
 4.3 kb	 0.0% Packages/com.bytedance.pico.xr/Assets/Resources/Controller/Neo3/Animators/Neo3_Controller_Right.controller
 4.3 kb	 0.0% Packages/com.bytedance.pico.xr/Assets/Resources/Controller/Neo3/Animators/Neo3_Controller_Left.controller
 4.0 kb	 0.0% Assets/Resources/PXR_PICODebuggerActions.inputactions
 4.0 kb	 0.0% Packages/com.bytedance.pico.xr/Assets/Resources/Prefabs/SpatialAnchor.prefab
 4.0 kb	 0.0% Packages/com.unity.ai.inference/Runtime/Core/Resources/Sentis/ComputeShaders/LocalResponseNormalization.compute
 3.8 kb	 0.0% Packages/com.unity.ai.inference/Runtime/Core/Resources/Sentis/ComputeShaders/ReferenceImpl.compute
 3.5 kb	 0.0% Assets/Resources/PolygonNatureBiomes/PNB_Meadow_Forest/Materials/Plants/Grass_Tall_Mat_01.mat
 3.4 kb	 0.0% Packages/com.bytedance.pico.xr/Assets/Debugger/Prefabs/Inspector/SideNavigationItem.prefab
 3.4 kb	 0.0% Assets/PolygonNatureBiomes/PNB_Meadow_Forest/Materials/Water_River_01.mat
 3.3 kb	 0.0% Packages/com.unity.ai.inference/Runtime/Core/Resources/Sentis/ComputeShaders/ReferenceImpl.Logical.compute
 2.9 kb	 0.0% Packages/com.bytedance.pico.xr/SpatialAudio/Samples/Resources/WireframeTransparentCulled.shader
 2.9 kb	 0.0% Assets/Resources/PerformanceTestRunInfo.json
 2.7 kb	 0.0% Packages/com.bytedance.pico.xr/Assets/Resources/Controller/PICO 4U/material/o_com_PICO4U_power_m.mat
 2.7 kb	 0.0% Packages/com.bytedance.pico.xr/Assets/Debugger/Prefabs/Tools/Materials/Default/tool.mat
 2.6 kb	 0.0% Packages/com.bytedance.pico.xr/Assets/Resources/Controller/ControllerWithHand/Mask_r/mask_trigger_r.mask
 2.6 kb	 0.0% Packages/com.bytedance.pico.xr/Assets/Resources/Controller/ControllerWithHand/Mask_r/mask_x_y_r.mask
 2.6 kb	 0.0% Packages/com.bytedance.pico.xr/Assets/Resources/Controller/ControllerWithHand/Mask_r/mask_thumb_r.mask
 2.6 kb	 0.0% Packages/com.bytedance.pico.xr/Assets/Resources/Controller/ControllerWithHand/Mask_r/mask_index_r.mask
 2.6 kb	 0.0% Packages/com.bytedance.pico.xr/Assets/Resources/Controller/ControllerWithHand/Mask_r/mask_grip_r.mask
 2.6 kb	 0.0% Packages/com.bytedance.pico.xr/Assets/Resources/Controller/ControllerWithHand/Mask_r/mask_axis_r.mask
 2.6 kb	 0.0% Packages/com.bytedance.pico.xr/Assets/Resources/Controller/ControllerWithHand/Mask_r/mask_y_r.mask
 2.6 kb	 0.0% Packages/com.bytedance.pico.xr/Assets/Resources/Controller/ControllerWithHand/Mask_r/mask_x_r.mask
 2.5 kb	 0.0% Packages/com.bytedance.pico.xr/Assets/Resources/Controller/ControllerWithHand/Mask_l/mask_trigger_l.mask
 2.5 kb	 0.0% Packages/com.bytedance.pico.xr/Assets/Resources/Controller/ControllerWithHand/Mask_l/mask_thumb_l.mask
 2.5 kb	 0.0% Packages/com.bytedance.pico.xr/Assets/Resources/Controller/ControllerWithHand/Mask_l/mask_index_l.mask
 2.5 kb	 0.0% Packages/com.bytedance.pico.xr/Assets/Resources/Controller/ControllerWithHand/Mask_l/mask_grip_l.mask
 2.5 kb	 0.0% Packages/com.bytedance.pico.xr/Assets/Resources/Controller/ControllerWithHand/Mask_l/mask_axis_l.mask
 2.5 kb	 0.0% Packages/com.bytedance.pico.xr/Assets/Resources/Controller/ControllerWithHand/Mask_l/mask_a_b_l.mask
 2.5 kb	 0.0% Packages/com.bytedance.pico.xr/Assets/Resources/Controller/ControllerWithHand/Mask_l/mask_b_l.mask
 2.5 kb	 0.0% Packages/com.bytedance.pico.xr/Assets/Resources/Controller/ControllerWithHand/Mask_l/mask_a_l.mask
 2.5 kb	 0.0% Packages/com.bytedance.pico.xr/Assets/Debugger/Prefabs/Tools/Animations/Button/ToolButtonTurnOff.anim
 2.5 kb	 0.0% Packages/com.bytedance.pico.xr/Assets/Debugger/Prefabs/Tools/Animations/Button/ToolButtonTurnOn.anim
 2.4 kb	 0.0% Assets/SpatialTowerDefense/Resources/UI/Generated/EnemyBriefingPanelV2/tripo_task_4a3aeb74-98c6-4bff-a1e9-05de1e828d68.json
 2.4 kb	 0.0% Packages/com.bytedance.pico.xr/Assets/Resources/MockSceneData.json
 2.3 kb	 0.0% Packages/com.bytedance.pico.xr/Assets/Resources/Controller/PICO 4U R.prefab
 2.3 kb	 0.0% Packages/com.bytedance.pico.xr/Assets/Resources/Controller/PICO 4U L.prefab
 2.3 kb	 0.0% Packages/com.bytedance.pico.xr/Assets/Debugger/Prefabs/Tools/Animations/Button/ToolButtonIdle.anim
 2.2 kb	 0.0% Assets/SpatialTowerDefense/Resources/UI/Generated/EnemyBriefingPanel/tripo_task_151fafe1-d63d-4991-8d8a-8aad3d3bea14.json
 2.2 kb	 0.0% Assets/SpatialTowerDefense/Resources/UI/Generated/CoinPanelTop/tripo_task_a40b1d24-c6d4-4909-a4a2-e11fa379d26e.json
 2.2 kb	 0.0% Packages/com.bytedance.pico.xr/Assets/Resources/Controller/PICO 4 R.prefab
 2.2 kb	 0.0% Packages/com.bytedance.pico.xr/Assets/Resources/Controller/PICO 4 L.prefab
 2.2 kb	 0.0% Packages/com.bytedance.pico.xr/Assets/Resources/Controller/Neo 3 R.prefab
 2.2 kb	 0.0% Packages/com.bytedance.pico.xr/Assets/Resources/Controller/Neo 3 L.prefab
 2.1 kb	 0.0% Assets/Resources/PolygonNatureBiomes/PNB_Core/Textures/Noise_Big.tga
 2.1 kb	 0.0% Assets/Resources/PolygonNatureBiomes/PNB_Core/Textures/Noise_Mid.tga
 2.1 kb	 0.0% Assets/PolygonNatureBiomes/PNB_Meadow_Forest/Textures/Noise_Big.tga
 2.1 kb	 0.0% Packages/com.bytedance.pico.xr/Assets/Resources/Prefabs/Box2D.prefab
 2.0 kb	 0.0% Assets/SpatialTowerDefense/Resources/UI/Generated/GuardianCard/tripo_task_31bc4e87-9af5-4464-bab2-b901f2991387.json
 2.0 kb	 0.0% Assets/SpatialTowerDefense/Resources/UI/Generated/MorningBellCard/tripo_task_62409fd3-8f57-4ae9-a4a3-8e171e7934c4.json
 2.0 kb	 0.0% Assets/SpatialTowerDefense/Resources/UI/Generated/LotusLampCard/tripo_task_a9a740a7-22c0-448e-b011-82008c63955b.json
 2.0 kb	 0.0% Assets/SpatialTowerDefense/Resources/UI/Generated/CoinPanel/tripo_task_c6b424de-1a6b-4673-87aa-07ed40687871.json
 1.8 kb	 0.0% Packages/com.bytedance.pico.xr/Assets/Resources/Controller/PICO 4U/material/o_com_PICO4U_01_m.mat
 1.8 kb	 0.0% Packages/com.bytedance.pico.xr/Assets/Resources/Controller/G3.prefab
 1.5 kb	 0.0% Packages/com.bytedance.pico.xr/Assets/Resources/Hand/Materials/Hand_R.mat
 1.5 kb	 0.0% Packages/com.bytedance.pico.xr/Assets/Resources/Hand/Materials/Hand_L.mat
 1.5 kb	 0.0% Packages/com.bytedance.pico.xr/Assets/Resources/Hand/HandPose/Materials/Hand_R.mat
 1.5 kb	 0.0% Packages/com.bytedance.pico.xr/Assets/Resources/Controller/ControllerWithHand/Material/Hand_R.mat
 1.5 kb	 0.0% Packages/com.bytedance.pico.xr/Assets/Resources/Controller/ControllerWithHand/Material/Hand_L.mat
 1.4 kb	 0.0% Packages/com.bytedance.pico.xr/Assets/Resources/Controller/Neo3/Materials/Neo3_Power_Right.mat
 1.4 kb	 0.0% Packages/com.bytedance.pico.xr/Assets/Resources/Controller/Neo3/Materials/Neo3_Power_Left.mat
 1.4 kb	 0.0% Assets/PolygonNatureBiomes/PNB_Core/Materials/Water_Mat_01.mat
 1.4 kb	 0.0% Packages/com.bytedance.pico.xr/Assets/Debugger/Prefabs/Tools/Animations/Button/ToolButton.controller
 1.3 kb	 0.0% Packages/com.bytedance.pico.xr/Assets/Debugger/Prefabs/Tools/Time/Time.prefab
 1.3 kb	 0.0% Assets/Resources/PolygonNatureBiomes/PNB_Meadow_Forest/Prefabs/SM_Env_Grass_Large_01.prefab
 1.2 kb	 0.0% Packages/com.bytedance.pico.xr/Assets/Debugger/Prefabs/Tools/Materials/Ruler/Ruler.mat
 1.1 kb	 0.0% Packages/com.bytedance.pico.xr/Assets/Debugger/Prefabs/Tools/Ruler/Ruler.prefab
 1.1 kb	 0.0% Packages/com.bytedance.pico.xr/Assets/Debugger/Prefabs/Tools/Ruler/Measurer.prefab
 1.0 kb	 0.0% Packages/com.bytedance.pico.xr/Assets/Resources/Controller/G3/Meshes/dianliang.fbx
 1.0 kb	 0.0% Packages/com.bytedance.pico.xr/Assets/Resources/Materials/red.mat
 1.0 kb	 0.0% Assets/Resources/PXR_PICODebugger.prefab
 1.0 kb	 0.0% Packages/com.bytedance.pico.xr/Assets/Resources/Controller/PICO 4/Materials/PICO4_Controller.mat
 1.0 kb	 0.0% Packages/com.bytedance.pico.xr/Assets/Resources/Controller/Neo3/Materials/Neo3_Controller_Left.mat
 0.9 kb	 0.0% Packages/com.bytedance.pico.xr/Assets/Resources/Controller/PICO 4/Materials/PICO4__Power.mat
 0.9 kb	 0.0% Packages/com.bytedance.pico.xr/Assets/Resources/Materials/green.mat
 0.9 kb	 0.0% Packages/com.bytedance.pico.xr/Assets/Resources/Controller/Neo3/Materials/Neo3_Controller_Right.mat
 0.9 kb	 0.0% Packages/com.bytedance.pico.xr/Assets/Resources/Materials/blue.mat
 0.9 kb	 0.0% Packages/com.bytedance.pico.xr/Assets/Resources/Hand/HandPose/Materials/Finger/OpenFade.mat
 0.9 kb	 0.0% Packages/com.bytedance.pico.xr/Assets/Resources/Hand/HandPose/Materials/Finger/AnyFade.mat
 0.8 kb	 0.0% Packages/com.bytedance.pico.xr/Assets/Resources/Hand/HandPose/Materials/Finger/Pointer.mat
 0.8 kb	 0.0% Packages/com.bytedance.pico.xr/Assets/Resources/Hand/HandPose/Materials/Finger/Any.mat
 0.8 kb	 0.0% Packages/com.bytedance.pico.xr/Assets/Resources/Prefabs/SecureMR/CustomizedCompareOperator.prefab
 0.8 kb	 0.0% Assets/Resources/PolygonNatureBiomes/PNB_Meadow_Forest/Materials/Rock_Grass_Triplanar_Meadow_01.mat
 0.8 kb	 0.0% Assets/PolygonNatureBiomes/PNB_Meadow_Forest/Materials/Rock_Grass_Triplanar_Meadow_01.mat
 0.8 kb	 0.0% Packages/com.bytedance.pico.xr/Assets/Resources/Prefabs/SecureMR/ElementwiseOperator.prefab
 0.7 kb	 0.0% Packages/com.bytedance.pico.xr/SpatialAudio/Samples/Resources/Wireframe-TransparentCulled.mat
 0.7 kb	 0.0% Packages/com.bytedance.pico.xr/Assets/Resources/Controller/G3/Materials/TouchSphere.mat
 0.7 kb	 0.0% Packages/com.bytedance.pico.xr/Assets/Resources/Hand/Materials/HandRay.mat
 0.7 kb	 0.0% Packages/com.bytedance.pico.xr/Assets/Resources/Controller/G3/Materials/G3_Power.mat
 0.7 kb	 0.0% Packages/com.bytedance.pico.xr/Assets/Resources/Controller/G3/Materials/G3.mat
 0.6 kb	 0.0% Packages/com.bytedance.pico.xr/Assets/Resources/Hand/HandPose/Materials/Hand_Shadow_Short.mat
 0.6 kb	 0.0% Packages/com.bytedance.pico.xr/Assets/Resources/Hand/HandPose/Materials/Hand_Shadow_Long.mat
 0.6 kb	 0.0% Packages/com.bytedance.pico.xr/Assets/Resources/Hand/HandPose/Materials/HandEditorTransparentOutlinedHandPrepassZ.mat
 0.6 kb	 0.0% Packages/com.bytedance.pico.xr/Assets/Resources/Materials/unlitcontroller.mat
 0.6 kb	 0.0% Packages/com.bytedance.pico.xr/Assets/Resources/Prefabs/SecureMR/All_AnyOperator.prefab
 0.6 kb	 0.0% Packages/com.bytedance.pico.xr/Assets/Resources/Hand/HandPose/Materials/Finger/Open.mat
 0.5 kb	 0.0% Packages/com.bytedance.pico.xr/Assets/Resources/Materials/plane.mat
 0.5 kb	 0.0% Packages/com.bytedance.pico.xr/Assets/Resources/Materials/fade.mat
 0.5 kb	 0.0% Packages/com.bytedance.pico.xr/Assets/Resources/Materials/box3dPlane.mat
 0.5 kb	 0.0% Packages/com.bytedance.pico.xr/Assets/Resources/Materials/box2dPlane.mat
 0.5 kb	 0.0% Packages/com.bytedance.pico.xr/Assets/Resources/Materials/box3D.mat
 0.4 kb	 0.0% Built-in Sprite: 
 0.4 kb	 0.0% Assets/Resources/PolygonNatureBiomes/PNB_Meadow_Forest/Prefabs/SM_Env_Ground_Mound_Large_01.prefab
 0.4 kb	 0.0% Packages/com.bytedance.pico.xr/Assets/Resources/Controller/ControllerWithHand/controller_l.overrideController
 0.4 kb	 0.0% Packages/com.bytedance.pico.xr/Assets/Resources/Materials/box2D.mat
 0.4 kb	 0.0% Assets/Resources/PolygonNatureBiomes/PNB_Meadow_Forest/Prefabs/SM_Env_Rock_Cliff_03.prefab
 0.4 kb	 0.0% Assets/Resources/PolygonNatureBiomes/PNB_Meadow_Forest/Prefabs/SM_Env_Rock_Cliff_02.prefab
 0.4 kb	 0.0% Assets/Resources/PolygonNatureBiomes/PNB_Meadow_Forest/Prefabs/SM_Env_Rock_Cliff_01.prefab
 0.4 kb	 0.0% Packages/com.bytedance.pico.xr/Assets/Resources/Hand/HandPose/Materials/Finger/Highlight.mat
 0.3 kb	 0.0% Packages/com.bytedance.pico.xr/Assets/Resources/Prefabs/SecureMR/SecureMRProvider.prefab
 0.3 kb	 0.0% Assets/Resources/PolygonNatureBiomes/PNB_Meadow_Forest/Prefabs/SM_Env_Water_Plane_01.prefab
 0.3 kb	 0.0% Packages/com.bytedance.pico.xr/Assets/Debugger/Prefabs/Tools/FBX/pallete.png
 0.3 kb	 0.0% Packages/com.bytedance.pico.xr/SpatialAudio/Samples/Resources/MeshPrefab.prefab
 0.3 kb	 0.0% Packages/com.bytedance.pico.xr/Assets/Resources/Hand/HandPose/Materials/HPE_Outline_hand.mat
 0.3 kb	 0.0% Packages/com.bytedance.pico.xr/Assets/Resources/Controller/PICO 4U/Animation/PICO4U_Controller_Right.overrideController
 0.3 kb	 0.0% Packages/com.bytedance.pico.xr/Assets/Resources/Controller/PICO 4U/Animation/PICO4U_Controller_Left.overrideController
 0.3 kb	 0.0% Packages/com.bytedance.pico.xr/Assets/Resources/Prefabs/RightControllerModel.prefab
 0.3 kb	 0.0% Packages/com.bytedance.pico.xr/Assets/Resources/Prefabs/LeftControllerModel.prefab
 0.2 kb	 0.0% Packages/com.bytedance.pico.xr/Assets/Resources/Prefabs/SecureMR/PipelineExecuteConditional.prefab
 0.2 kb	 0.0% Packages/com.bytedance.pico.xr/Assets/Resources/Hand/HandPose/Materials/HPE_Outline_head.mat
 0.2 kb	 0.0% Packages/com.bytedance.pico.xr/Assets/Resources/Prefabs/SecureMR/PipelineExecuteAfter.prefab
 0.2 kb	 0.0% Packages/com.bytedance.pico.xr/Assets/Resources/Prefabs/SecureMR/GlobalTensor.prefab
 0.2 kb	 0.0% Assets/Resources/PXR_ProjectSetting.asset
 0.2 kb	 0.0% Packages/com.bytedance.pico.xr/Assets/Resources/Prefabs/SecureMR/PipelineExecute.prefab
 0.2 kb	 0.0% Packages/com.unity.xr.interaction.toolkit/Runtime/Utilities/Tweenables/SmartTweenableVariables/SmartFollowQuaternionTweenableVariable.cs
 0.2 kb	 0.0% Packages/com.unity.xr.interaction.toolkit/Runtime/AffordanceSystem/Receiver/Rendering/Vector4MaterialPropertyAffordanceReceiver.cs
 0.2 kb	 0.0% Packages/com.unity.xr.interaction.toolkit/Runtime/AffordanceSystem/Receiver/Rendering/Vector3MaterialPropertyAffordanceReceiver.cs
 0.2 kb	 0.0% Packages/com.unity.xr.interaction.toolkit/Runtime/AffordanceSystem/Receiver/Rendering/Vector2MaterialPropertyAffordanceReceiver.cs
 0.2 kb	 0.0% Packages/com.unity.xr.interaction.toolkit/Runtime/AffordanceSystem/Receiver/Rendering/ColorGradientLineRendererAffordanceReceiver.cs
 0.2 kb	 0.0% Assets/Samples/XR Interaction Toolkit/3.5.1/Starter Assets/Scripts/TeleportVolumeAnchorAffordanceStateLink.cs
 0.2 kb	 0.0% Packages/com.unity.xr.interaction.toolkit/Runtime/Locomotion/Teleportation/TeleportVolumeDestinationSettingsDatumProperty.cs
 0.2 kb	 0.0% Packages/com.unity.xr.interaction.toolkit/Runtime/AffordanceSystem/Receiver/Transformation/UniformTransformScaleAffordanceReceiver.cs
 0.2 kb	 0.0% Packages/com.unity.ai.inference/Runtime/Tokenization/Parsers/HuggingFace/PreTokenizers/CharDelimiterSplitPreTokenizerBuilder.cs
 0.2 kb	 0.0% Packages/com.bytedance.pico.xr/Assets/Resources/Prefabs/SecureMR/GlobalGltf.prefab
 0.2 kb	 0.0% Packages/com.unity.xr.interaction.toolkit/Runtime/Utilities/Tweenables/SmartTweenableVariables/SmartFollowVector3TweenableVariable.cs
 0.2 kb	 0.0% Packages/com.unity.xr.interaction.toolkit/Runtime/AffordanceSystem/Receiver/Rendering/FloatMaterialPropertyAffordanceReceiver.cs
 0.2 kb	 0.0% Packages/com.unity.xr.interaction.toolkit/Runtime/AffordanceSystem/Receiver/Rendering/ColorMaterialPropertyAffordanceReceiver.cs
 0.2 kb	 0.0% Assets/Samples/XR Interaction Toolkit/3.5.1/Starter Assets/Scripts/ClimbTeleportDestinationIndicator.cs
 0.2 kb	 0.0% Packages/com.unity.ai.inference/Runtime/Tokenization/Parsers/HuggingFace/PreTokenizers/WhitespaceSplitPreTokenizerBuilder.cs
 0.2 kb	 0.0% Packages/com.unity.xr.interaction.toolkit/Runtime/AffordanceSystem/Receiver/Primitives/QuaternionEulerAffordanceReceiver.cs
 0.2 kb	 0.0% Packages/com.unity.ai.inference/Runtime/Tokenization/Parsers/HuggingFace/PostProcessors/ByteLevelPostProcessorBuilder.cs
 0.2 kb	 0.0% Assets/Samples/XR Interaction Toolkit/3.5.1/Starter Assets/Scripts/RotationAxisLockGrabTransformer.cs
 0.2 kb	 0.0% Packages/com.unity.xr.interaction.toolkit/Runtime/Locomotion/Teleportation/TeleportVolumeDestinationSettingsDatum.cs
 0.2 kb	 0.0% Packages/com.unity.xr.interaction.toolkit/Runtime/Inputs/Readers/XRInputDeviceInputTrackingStateValueReader.cs
 0.2 kb	 0.0% Packages/com.unity.xr.interaction.toolkit/Runtime/AffordanceSystem/State/Provider/XRInteractableAffordanceStateProvider.cs
 0.2 kb	 0.0% Packages/com.unity.ai.inference/Runtime/Tokenization/Parsers/HuggingFace/PreTokenizers/WhitespacePreTokenizerBuilder.cs
 0.2 kb	 0.0% Packages/com.unity.ai.inference/Runtime/Tokenization/Parsers/HuggingFace/PreTokenizers/PunctuationPreTokenizerBuilder.cs
 0.2 kb	 0.0% Packages/com.unity.ai.inference/Runtime/Tokenization/Parsers/HuggingFace/Normalizers/StripAccentsNormalizerBuilder.cs
 0.2 kb	 0.0% Packages/com.unity.ai.inference/Runtime/Tokenization/Parsers/HuggingFace/PostProcessors/TemplatePostProcessorBuilder.cs
 0.2 kb	 0.0% Packages/com.unity.ai.inference/Runtime/Tokenization/Parsers/HuggingFace/PostProcessors/SequencePostProcessorBuilder.cs
 0.2 kb	 0.0% Packages/com.unity.ai.inference/Runtime/Tokenization/Parsers/HuggingFace/PostProcessors/RobertaPostProcessorBuilder.cs
 0.2 kb	 0.0% Assets/Samples/XR Interaction Toolkit/3.5.1/Starter Assets/Scripts/ControllerInputActionManager.cs
 0.2 kb	 0.0% Assets/Samples/XR Interaction Toolkit/3.5.1/Starter Assets/DemoAssets/Scripts/MultiAnchorTeleportReticle.cs
 0.2 kb	 0.0% Packages/com.unity.xr.interaction.toolkit/Runtime/Locomotion/Teleportation/TeleportVolumeDestinationSettings.cs
 0.2 kb	 0.0% Packages/com.unity.xr.interaction.toolkit/Runtime/Locomotion/Teleportation/FurthestTeleportationAnchorFilter.cs
 0.2 kb	 0.0% Packages/com.unity.xr.interaction.toolkit/Runtime/Inputs/Haptics/XRInputDeviceHapticImpulseChannelGroup.cs
 0.2 kb	 0.0% Packages/com.unity.xr.interaction.toolkit/Runtime/AffordanceSystem/State/Provider/XRInteractorAffordanceStateProvider.cs
 0.2 kb	 0.0% Packages/com.unity.xr.interaction.toolkit/Runtime/AffordanceSystem/Receiver/ISynchronousAffordanceStateReceiver.cs
 0.2 kb	 0.0% Packages/com.unity.ai.inference/Runtime/Tokenization/SplitDelimiterBehaviors/SplitDelimiterMergeWithPrevious.cs
 0.2 kb	 0.0% Packages/com.unity.ai.inference/Runtime/Tokenization/Parsers/HuggingFace/PreTokenizers/SequencePreTokenizerBuilder.cs
 0.2 kb	 0.0% Packages/com.unity.ai.inference/Runtime/Tokenization/Parsers/HuggingFace/PreTokenizers/MetaspacePreTokenizerBuilder.cs
 0.2 kb	 0.0% Packages/com.unity.ai.inference/Runtime/Tokenization/Parsers/HuggingFace/PreTokenizers/DigitsPreTokenizerBuilder.cs
 0.2 kb	 0.0% Packages/com.unity.ai.inference/Runtime/Tokenization/Parsers/HuggingFace/PreTokenizers/ByteLevelPreTokenizerBuilder.cs
 0.2 kb	 0.0% Packages/com.unity.ai.inference/Runtime/Tokenization/Parsers/HuggingFace/Normalizers/SequenceNormalizerBuilder.cs
 0.2 kb	 0.0% Packages/com.unity.ai.inference/Runtime/Tokenization/Parsers/HuggingFace/Normalizers/PrecompiledNormalizerBuilder.cs
 0.2 kb	 0.0% Packages/com.unity.ai.inference/Runtime/Tokenization/Parsers/HuggingFace/Normalizers/LowerCaseNormalizerBuilder.cs
 0.2 kb	 0.0% Packages/com.bytedance.pico.xr/Assets/Resources/Hand/HandPose/Materials/HPE_hand_axis.mat
 0.2 kb	 0.0% Assets/XRI/Settings/Resources/InteractionLayerSettings.asset
 0.2 kb	 0.0% Packages/com.unity.xr.openxr/Runtime/NativeTypes/XR_EXT_spatial_entity/Structs/XrCreateSpatialDiscoverySnapshotCompletionInfoEXT.cs
 0.2 kb	 0.0% Packages/com.unity.xr.openxr/Runtime/ConformanceAutomation/ConformanceAutomationFeature.cs
 0.2 kb	 0.0% Packages/com.unity.xr.interaction.toolkit/Runtime/AffordanceSystem/Receiver/Rendering/BlendShapeAffordanceReceiver.cs
 0.2 kb	 0.0% Packages/com.unity.xr.interaction.toolkit/Runtime/AffordanceSystem/Receiver/Primitives/Vector4AffordanceReceiver.cs
 0.2 kb	 0.0% Packages/com.unity.xr.interaction.toolkit/Runtime/AffordanceSystem/Receiver/Primitives/Vector3AffordanceReceiver.cs
 0.2 kb	 0.0% Packages/com.unity.xr.interaction.toolkit/Runtime/AffordanceSystem/Receiver/Primitives/Vector2AffordanceReceiver.cs
 0.2 kb	 0.0% Packages/com.unity.xr.interaction.toolkit/Runtime/AffordanceSystem/Receiver/Primitives/QuaternionAffordanceReceiver.cs
 0.2 kb	 0.0% Packages/com.unity.ai.inference/Runtime/Tokenization/Parsers/HuggingFace/Padding/BatchLongestPaddingBuilder.cs
 0.2 kb	 0.0% Packages/com.unity.ai.inference/Runtime/Tokenization/Parsers/HuggingFace/Decoders/ByteFallBackDecoderBuilder.cs
 0.2 kb	 0.0% Assets/Samples/XR Interaction Toolkit/3.5.1/Starter Assets/Scripts/XRPokeFollowAffordance.cs
 0.2 kb	 0.0% Assets/Samples/XR Interaction Toolkit/3.5.1/Starter Assets/Scripts/PlatformUnderstanding.cs
 0.2 kb	 0.0% Assets/Samples/XR Interaction Toolkit/3.5.1/Starter Assets/Scripts/MaterialPipelineHandler.cs
 0.2 kb	 0.0% Packages/com.unity.xr.interaction.toolkit/Runtime/Utilities/Tweenables/Primitives/QuaternionTweenableVariable.cs
 0.2 kb	 0.0% Packages/com.unity.xr.interaction.toolkit/Runtime/Locomotion/Teleportation/TeleportationMultiAnchorVolume.cs
 0.2 kb	 0.0% Packages/com.unity.xr.interaction.toolkit/Runtime/Locomotion/Teleportation/ITeleportationVolumeAnchorFilter.cs
 0.2 kb	 0.0% Packages/com.unity.xr.interaction.toolkit/Runtime/Locomotion/Teleportation/GazeTeleportationAnchorFilter.cs
 0.2 kb	 0.0% Packages/com.unity.xr.interaction.toolkit/Runtime/Locomotion/Teleportation/BaseTeleportationInteractable.cs
 0.2 kb	 0.0% Packages/com.unity.xr.interaction.toolkit/Runtime/Inputs/Readers/XRInputDeviceQuaternionValueReader.cs
 0.2 kb	 0.0% Packages/com.unity.xr.interaction.toolkit/Runtime/Inputs/Haptics/XRInputDeviceHapticImpulseProvider.cs
 0.2 kb	 0.0% Packages/com.unity.xr.interaction.toolkit/Runtime/Inputs/Haptics/XRInputDeviceHapticImpulseChannel.cs
 0.2 kb	 0.0% Packages/com.unity.xr.interaction.toolkit/Runtime/AffordanceSystem/Theme/Primitives/Vector4AffordanceThemeDatum.cs
 0.2 kb	 0.0% Packages/com.unity.xr.interaction.toolkit/Runtime/AffordanceSystem/Theme/Primitives/Vector3AffordanceThemeDatum.cs
 0.2 kb	 0.0% Packages/com.unity.xr.interaction.toolkit/Runtime/AffordanceSystem/Theme/Primitives/Vector2AffordanceThemeDatum.cs
 0.2 kb	 0.0% Packages/com.unity.xr.interaction.toolkit/Runtime/AffordanceSystem/Theme/Primitives/FloatAffordanceThemeDatum.cs
 0.2 kb	 0.0% Packages/com.unity.xr.interaction.toolkit/Runtime/AffordanceSystem/Theme/Primitives/ColorAffordanceThemeDatum.cs
 0.2 kb	 0.0% Packages/com.unity.xr.interaction.toolkit/Runtime/AffordanceSystem/Receiver/IAsyncAffordanceStateReceiver.cs
 0.2 kb	 0.0% Packages/com.unity.ai.inference/Runtime/Tokenization/SplitDelimiterBehaviors/SplitDelimiterMergeWithNext.cs
 0.2 kb	 0.0% Packages/com.unity.ai.inference/Runtime/Tokenization/Parsers/HuggingFace/PreTokenizers/SplitPreTokenizerBuilder.cs
 0.2 kb	 0.0% Packages/com.unity.ai.inference/Runtime/Tokenization/Parsers/HuggingFace/PreTokenizers/BertPreTokenizerBuilder.cs
 0.2 kb	 0.0% Packages/com.unity.ai.inference/Runtime/Tokenization/Parsers/HuggingFace/Normalizers/StripNormalizerBuilder.cs
 0.2 kb	 0.0% Packages/com.unity.ai.inference/Runtime/Tokenization/Parsers/HuggingFace/Normalizers/ReplaceNormalizerBuilder.cs
 0.2 kb	 0.0% Packages/com.unity.ai.inference/Runtime/Tokenization/Parsers/HuggingFace/Normalizers/PrependNormalizerBuilder.cs
 0.2 kb	 0.0% Packages/com.unity.ai.inference/Runtime/Tokenization/Parsers/HuggingFace/Normalizers/NfkdNormalizerBuilder.cs
 0.2 kb	 0.0% Packages/com.unity.ai.inference/Runtime/Tokenization/Parsers/HuggingFace/Normalizers/NfkcNormalizerBuilder.cs
 0.2 kb	 0.0% Packages/com.unity.ai.inference/Runtime/Tokenization/Parsers/HuggingFace/Normalizers/BertNormalizerBuilder.cs
 0.2 kb	 0.0% Packages/com.unity.xr.openxr/Runtime/NativeTypes/XR_EXT_spatial_plane_tracking/Structs/XrSpatialCapabilityConfigurationPlaneTrackingEXT.cs
 0.2 kb	 0.0% Packages/com.unity.xr.openxr/Runtime/NativeTypes/XR_EXT_spatial_persistence/Structs/XrCreateSpatialPersistenceContextCompletionEXT.cs
 0.2 kb	 0.0% Packages/com.unity.xr.openxr/Runtime/NativeTypes/XR_EXT_spatial_marker_tracking/Structs/XrSpatialCapabilityConfigurationMicroQrCodeEXT.cs
 0.2 kb	 0.0% Packages/com.unity.xr.openxr/Runtime/NativeTypes/XR_EXT_spatial_marker_tracking/Structs/XrSpatialCapabilityConfigurationArucoMarkerEXT.cs
 0.2 kb	 0.0% Packages/com.unity.xr.openxr/Runtime/NativeTypes/XR_EXT_spatial_entity/Structs/XrSpatialCapabilityConfigurationBaseHeaderEXT.cs
 0.2 kb	 0.0% Packages/com.unity.xr.openxr/Runtime/NativeTypes/XR_EXT_spatial_entity/Structs/XrCreateSpatialDiscoverySnapshotCompletionEXT.cs
 0.2 kb	 0.0% Packages/com.unity.xr.interaction.toolkit/Runtime/Locomotion/ScriptableConstrainedBodyManipulator.cs
 0.2 kb	 0.0% Packages/com.unity.xr.interaction.toolkit/Runtime/Locomotion/CharacterControllerBodyManipulator.cs
 0.2 kb	 0.0% Packages/com.unity.xr.interaction.toolkit/Runtime/Interaction/Interactors/Visuals/ICurveInteractionDataProvider.cs
 0.2 kb	 0.0% Packages/com.unity.xr.interaction.toolkit/Runtime/Interaction/Interactables/IXRInteractionStrengthInteractable.cs
 0.2 kb	 0.0% Packages/com.unity.xr.interaction.toolkit/Runtime/AffordanceSystem/Theme/Audio/AudioAffordanceThemeDatum.cs
 0.2 kb	 0.0% Packages/com.unity.xr.interaction.toolkit/Runtime/AffordanceSystem/Rendering/MaterialPropertyBlockHelper.cs
 0.2 kb	 0.0% Packages/com.unity.xr.interaction.toolkit/Runtime/AffordanceSystem/Receiver/UI/ImageColorAffordanceReceiver.cs
 0.2 kb	 0.0% Packages/com.unity.xr.interaction.toolkit/Runtime/AffordanceSystem/Receiver/Primitives/FloatAffordanceReceiver.cs
 0.2 kb	 0.0% Packages/com.unity.xr.interaction.toolkit/Runtime/AffordanceSystem/Receiver/Primitives/ColorAffordanceReceiver.cs
 0.2 kb	 0.0% Packages/com.unity.multiplayer.center/Common/IOnboardingSectionAnalyticsProvider.cs
 0.2 kb	 0.0% Packages/com.unity.ai.inference/Runtime/Tokenization/PreTokenizers/ByteLevelPreTokenizer.DefaultSplitter.cs
 0.2 kb	 0.0% Packages/com.unity.ai.inference/Runtime/Tokenization/Parsers/HuggingFace/Models/WordPieceModelBuilder.cs
 0.2 kb	 0.0% Packages/com.unity.ai.inference/Runtime/Tokenization/Parsers/HuggingFace/Models/WordLevelModelBuilder.cs
 0.2 kb	 0.0% Packages/com.unity.ai.inference/Runtime/Tokenization/Parsers/HuggingFace/Decoders/WordPieceDecoderBuilder.cs
 0.2 kb	 0.0% Packages/com.unity.ai.inference/Runtime/Tokenization/Parsers/HuggingFace/Decoders/SequenceDecoderBuilder.cs
 0.2 kb	 0.0% Packages/com.unity.ai.inference/Runtime/Tokenization/Parsers/HuggingFace/Decoders/ReplaceDecoderBuilder.cs
 0.2 kb	 0.0% Packages/com.unity.ai.inference/Runtime/Tokenization/Parsers/HuggingFace/Decoders/MetaspaceDecoderBuilder.cs
 0.2 kb	 0.0% Packages/com.unity.ai.inference/Runtime/Tokenization/Parsers/HuggingFace/Decoders/ByteLevelDecoderBuilder.cs
 0.2 kb	 0.0% Assets/Samples/XR Interaction Toolkit/3.5.1/Starter Assets/Scripts/ToggleComponentZone.cs
 0.2 kb	 0.0% Assets/Samples/XR Interaction Toolkit/3.5.1/Starter Assets/Scripts/ToggleColorToggler.cs
 0.2 kb	 0.0% Assets/Samples/XR Interaction Toolkit/3.5.1/Starter Assets/Scripts/PermissionsManager.cs
 0.2 kb	 0.0% Assets/Samples/XR Interaction Toolkit/3.5.1/Starter Assets/Scripts/DynamicMoveProvider.cs
 0.2 kb	 0.0% Assets/Samples/XR Interaction Toolkit/3.5.1/Starter Assets/Scripts/ControllerAnimator.cs
 0.2 kb	 0.0% Packages/com.unity.xr.openxr/Runtime/RuntimeDebugger/RuntimeDebuggerOpenXRFeature.cs
 0.2 kb	 0.0% Packages/com.unity.xr.interaction.toolkit/Runtime/Utilities/Tweenables/Primitives/Vector4TweenableVariable.cs
 0.2 kb	 0.0% Packages/com.unity.xr.interaction.toolkit/Runtime/Utilities/Tweenables/Primitives/Vector3TweenableVariable.cs
 0.2 kb	 0.0% Packages/com.unity.xr.interaction.toolkit/Runtime/Utilities/Tweenables/Primitives/Vector2TweenableVariable.cs
 0.2 kb	 0.0% Packages/com.unity.xr.interaction.toolkit/Runtime/Utilities/Tweenables/Primitives/FloatTweenableVariable.cs
 0.2 kb	 0.0% Packages/com.unity.xr.interaction.toolkit/Runtime/Utilities/Tweenables/Primitives/ColorTweenableVariable.cs
 0.2 kb	 0.0% Packages/com.unity.xr.interaction.toolkit/Runtime/Interaction/Attributes/XRTargetEvaluatorEnabledAttribute.cs
 0.2 kb	 0.0% Packages/com.unity.xr.interaction.toolkit/Runtime/Inputs/Simulation/SimulatedHandExpressionManager.cs
 0.2 kb	 0.0% Packages/com.unity.xr.interaction.toolkit/Runtime/Inputs/Simulation/SimulatedDeviceLifecycleManager.cs
 0.2 kb	 0.0% Packages/com.unity.xr.interaction.toolkit/Runtime/Inputs/Readers/XRInputDeviceVector3ValueReader.cs
 0.2 kb	 0.0% Packages/com.unity.xr.interaction.toolkit/Runtime/Inputs/Readers/XRInputDeviceVector2ValueReader.cs
 0.2 kb	 0.0% Packages/com.unity.xr.interaction.toolkit/Runtime/Inputs/Readers/XRInputDeviceFloatValueReader.cs
 0.2 kb	 0.0% Packages/com.unity.xr.interaction.toolkit/Runtime/Inputs/Haptics/HapticImpulseSingleChannelGroup.cs
 0.2 kb	 0.0% Packages/com.unity.xr.interaction.toolkit/Runtime/Inputs/Haptics/HapticImpulseCommandChannelGroup.cs
 0.2 kb	 0.0% Packages/com.unity.xr.interaction.toolkit/Runtime/AffordanceSystem/State/Provider/BaseAffordanceStateProvider.cs
 0.2 kb	 0.0% Packages/com.unity.xr.interaction.toolkit/Runtime/AffordanceSystem/Receiver/Audio/AudioAffordanceReceiver.cs
 0.2 kb	 0.0% Packages/com.unity.ai.inference/Runtime/Tokenization/SplitDelimiterBehaviors/SplitDelimiterIsolate.cs
 0.2 kb	 0.0% Packages/com.unity.ai.inference/Runtime/Tokenization/SplitDelimiterBehaviors/SplitDelimiterContiguous.cs
 0.2 kb	 0.0% Packages/com.unity.ai.inference/Runtime/Tokenization/Parsers/HuggingFace/Normalizers/NmtNormalizerBuilder.cs
 0.2 kb	 0.0% Packages/com.unity.ai.inference/Runtime/Tokenization/Parsers/HuggingFace/Normalizers/NfdNormalizerBuilder.cs
 0.2 kb	 0.0% Packages/com.unity.ai.inference/Runtime/Tokenization/Parsers/HuggingFace/Normalizers/NfcNormalizerBuilder.cs
 0.2 kb	 0.0% Packages/com.unity.ai.inference/Runtime/Tokenization/Normalizers/PrecompiledNormalizer.DoubleArray.cs
 0.2 kb	 0.0% Packages/com.unity.xr.openxr/Runtime/NativeTypes/XR_EXT_spatial_plane_tracking/Structs/XrSpatialComponentPlaneSemanticLabelListEXT.cs
 0.2 kb	 0.0% Packages/com.unity.xr.openxr/Runtime/NativeTypes/XR_EXT_spatial_persistence/Structs/XrSpatialDiscoveryPersistenceUuidFilterEXT.cs
 0.2 kb	 0.0% Packages/com.unity.xr.openxr/Runtime/NativeTypes/XR_EXT_spatial_marker_tracking/Structs/XrSpatialCapabilityConfigurationQrCodeEXT.cs
 0.2 kb	 0.0% Packages/com.unity.xr.openxr/Runtime/NativeTypes/XR_EXT_spatial_marker_tracking/Structs/XrSpatialCapabilityConfigurationAprilTagEXT.cs
 0.2 kb	 0.0% Packages/com.unity.xr.openxr/Runtime/NativeTypes/XR_EXT_spatial_entity/Structs/XrEventDataSpatialDiscoveryRecommendedEXT.cs
 0.2 kb	 0.0% Packages/com.unity.xr.openxr/Runtime/NativeTypes/XR_EXT_spatial_anchor/Structs/XrSpatialCapabilityConfigurationAnchorEXT.cs
 0.2 kb	 0.0% Packages/com.unity.xr.openxr/Runtime/Features/Extensions/XrPerformanceSettingsTypes.cs
 0.2 kb	 0.0% Packages/com.unity.xr.interaction.toolkit/Runtime/Utilities/RequireInterfaceAttribute.cs
 0.2 kb	 0.0% Packages/com.unity.xr.interaction.toolkit/Runtime/Locomotion/UnderCameraBodyPositionEvaluator.cs
 0.2 kb	 0.0% Packages/com.unity.xr.interaction.toolkit/Runtime/Locomotion/Movement/TwoHandedGrabMoveProvider.cs
 0.2 kb	 0.0% Packages/com.unity.xr.interaction.toolkit/Runtime/Locomotion/IConstrainedXRBodyManipulator.cs
 0.2 kb	 0.0% Packages/com.unity.xr.interaction.toolkit/Runtime/Locomotion/Comfort/TunnelingVignetteController.cs
 0.2 kb	 0.0% Packages/com.unity.xr.interaction.toolkit/Runtime/Locomotion/Climbing/ClimbSettingsDatumProperty.cs
 0.2 kb	 0.0% Packages/com.unity.xr.interaction.toolkit/Runtime/Interaction/Interactors/Visuals/XRInteractorReticleVisual.cs
 0.2 kb	 0.0% Packages/com.unity.xr.interaction.toolkit/Runtime/Interaction/Interactors/Visuals/IXRReticleDirectionProvider.cs
 0.2 kb	 0.0% Packages/com.unity.xr.interaction.toolkit/Runtime/Interaction/Interactors/IXRInteractionStrengthInteractor.cs
 0.2 kb	 0.0% Packages/com.unity.xr.interaction.toolkit/Runtime/Interaction/Interactables/Visuals/IXRInteractableCustomReticle.cs
 0.2 kb	 0.0% Packages/com.unity.xr.interaction.toolkit/Runtime/Inputs/Simulation/XRDeviceSimulatorLoader.deprecated.cs
 0.2 kb	 0.0% Packages/com.unity.xr.interaction.toolkit/Runtime/Inputs/Haptics/OpenXR/OpenXRHapticImpulseChannel.cs
 0.2 kb	 0.0% Packages/com.unity.xr.interaction.toolkit/Runtime/AffordanceSystem/Rendering/MaterialInstanceHelper.cs
 0.2 kb	 0.0% Packages/com.unity.ai.inference/Runtime/Tokenization/Truncators/RightDirectionRangeGenerator.cs
 0.2 kb	 0.0% Packages/com.unity.ai.inference/Runtime/Tokenization/Truncators/LeftDirectionRangeGenerator.cs
 0.2 kb	 0.0% Packages/com.unity.ai.inference/Runtime/Tokenization/PreTokenizers/WhitespaceSplitPreTokenizer.cs
 0.2 kb	 0.0% Packages/com.unity.ai.inference/Runtime/Tokenization/Parsers/HuggingFace/Padding/FixedPaddingBuilder.cs
 0.2 kb	 0.0% Packages/com.unity.ai.inference/Runtime/Tokenization/Parsers/HuggingFace/Models/UnigramModelBuilder.cs
 0.2 kb	 0.0% Packages/com.unity.ai.inference/Runtime/Tokenization/Parsers/HuggingFace/HfTruncationAttribute.cs
 0.2 kb	 0.0% Packages/com.unity.ai.inference/Runtime/Tokenization/Parsers/HuggingFace/HfPreTokenizerAttribute.cs
 0.2 kb	 0.0% Packages/com.unity.ai.inference/Runtime/Tokenization/Parsers/HuggingFace/HfPostProcessorAttribute.cs
 0.2 kb	 0.0% Packages/com.unity.ai.inference/Runtime/Tokenization/Parsers/HuggingFace/HfNormalizerAttribute.cs
 0.2 kb	 0.0% Packages/com.unity.ai.inference/Runtime/Tokenization/Parsers/HuggingFace/Decoders/StripDecoderBuilder.cs
 0.2 kb	 0.0% Packages/com.unity.ai.inference/Runtime/Tokenization/Parsers/HuggingFace/Decoders/FuseDecoderBuilder.cs
 0.2 kb	 0.0% Packages/com.unity.ai.inference/Runtime/Tokenization/Parsers/HuggingFace/Decoders/BpeDecoderBuilder.cs
 0.2 kb	 0.0% Packages/com.unity.ai.inference/Runtime/Tokenization/Normalizers/PrecompiledNormalizer.ArrayUnit.cs
 0.2 kb	 0.0% Packages/com.unity.ai.inference/Runtime/Core/Compiler/Passes/PreComputeWindowedDFTMatrixPass.cs
 0.2 kb	 0.0% Assets/Samples/XR Interaction Toolkit/3.5.1/Starter Assets/Scripts/ObjectSpawner.cs
 0.2 kb	 0.0% Assets/Samples/XR Interaction Toolkit/3.5.1/Starter Assets/Scripts/GazeInputManager.cs
 0.2 kb	 0.0% Assets/Samples/XR Interaction Toolkit/3.5.1/Starter Assets/DemoAssets/Scripts/IncrementUIText.cs
 0.2 kb	 0.0% Packages/com.unity.xr.openxr/Runtime/OculusQuest/OculusQuestFeature.cs
 0.2 kb	 0.0% Packages/com.unity.xr.openxr/Runtime/NativeTypes/XR_EXT_spatial_persistence/Enums/XrSpatialPersistenceContextResultEXT.cs
 0.2 kb	 0.0% Packages/com.unity.xr.openxr/Runtime/Features/Extensions/XrPerformanceSettingsFeature.cs
 0.2 kb	 0.0% Packages/com.unity.xr.interaction.toolkit/Runtime/Utilities/EditorComponentLocatorUtility.cs
 0.2 kb	 0.0% Packages/com.unity.xr.interaction.toolkit/Runtime/Locomotion/Teleportation/TeleportationProvider.cs
 0.2 kb	 0.0% Packages/com.unity.xr.interaction.toolkit/Runtime/Locomotion/Legacy/DeviceBasedContinuousTurnProvider.cs
 0.2 kb	 0.0% Packages/com.unity.xr.interaction.toolkit/Runtime/Locomotion/Legacy/DeviceBasedContinuousMoveProvider.cs
 0.2 kb	 0.0% Packages/com.unity.xr.interaction.toolkit/Runtime/Locomotion/Legacy/ActionBasedContinuousTurnProvider.cs
 0.2 kb	 0.0% Packages/com.unity.xr.interaction.toolkit/Runtime/Locomotion/Legacy/ActionBasedContinuousMoveProvider.cs
 0.2 kb	 0.0% Packages/com.unity.xr.interaction.toolkit/Runtime/Inputs/Simulation/XRSimulatedControllerState.cs
 0.2 kb	 0.0% Packages/com.unity.xr.interaction.toolkit/Runtime/Inputs/Simulation/XRInteractionSimulatorLoader.cs
 0.2 kb	 0.0% Packages/com.unity.xr.interaction.toolkit/Runtime/Inputs/Simulation/XRDeviceSimulatorSettings.cs
 0.2 kb	 0.0% Packages/com.unity.xr.interaction.toolkit/Runtime/Inputs/Simulation/SimulatedInputLayoutLoader.cs
 0.2 kb	 0.0% Packages/com.unity.xr.interaction.toolkit/Runtime/Inputs/Simulation/SimulatedHandPlaybackManager.cs
 0.2 kb	 0.0% Packages/com.unity.xr.interaction.toolkit/Runtime/Inputs/Simulation/Hands/HandExpressionCapture.cs
 0.2 kb	 0.0% Packages/com.unity.xr.interaction.toolkit/Runtime/Inputs/Readers/XRInputDeviceButtonReader.cs
 0.2 kb	 0.0% Packages/com.unity.xr.interaction.toolkit/Runtime/Inputs/Readers/XRInputDeviceBoolValueReader.cs
 0.2 kb	 0.0% Packages/com.unity.xr.interaction.toolkit/Runtime/Inputs/InputActionPropertyExtensions.cs
 0.2 kb	 0.0% Packages/com.unity.xr.interaction.toolkit/Runtime/Inputs/Haptics/XRInputHapticImpulseProvider.cs
 0.2 kb	 0.0% Packages/com.unity.xr.interaction.toolkit/Runtime/Inputs/Haptics/IXRHapticImpulseChannelGroup.cs
 0.2 kb	 0.0% Packages/com.unity.xr.interaction.toolkit/Runtime/Inputs/Haptics/HapticImpulseCommandChannel.cs
 0.2 kb	 0.0% Packages/com.unity.xr.interaction.toolkit/Runtime/Inputs/Haptics/HapticControlActionManager.cs
 0.2 kb	 0.0% Packages/com.unity.xr.interaction.toolkit/Runtime/AffordanceSystem/State/Data/AffordanceStateShortcuts.cs
 0.2 kb	 0.0% Packages/com.unity.xr.interaction.toolkit/Runtime/AffordanceSystem/Receiver/IAffordanceStateReceiver.cs
 0.2 kb	 0.0% Packages/com.unity.xr.interaction.toolkit/Runtime/AR/Inputs/TouchscreenGestureInputLoader.cs
 0.2 kb	 0.0% Packages/com.unity.ai.inference/Runtime/Tokenization/SplitDelimiterBehaviors/SplitDelimiterRemove.cs
 0.2 kb	 0.0% Packages/com.unity.ai.inference/Runtime/Tokenization/PostProcessors/TemplatePostProcessor.cs
 0.2 kb	 0.0% Packages/com.unity.ai.inference/Runtime/Tokenization/PostProcessors/SequencePostProcessor.cs
 0.2 kb	 0.0% Packages/com.unity.ai.inference/Runtime/Tokenization/PostProcessors/ByteLevelPostProcessor.cs
 0.2 kb	 0.0% Packages/com.unity.xr.openxr/Runtime/NativeTypes/XR_EXT_spatial_plane_tracking/Structs/XrSpatialComponentPlaneAlignmentListEXT.cs
 0.2 kb	 0.0% Packages/com.unity.xr.openxr/Runtime/NativeTypes/XR_EXT_spatial_persistence_operations/Structs/XrUnpersistSpatialEntityCompletionEXT.cs
 0.2 kb	 0.0% Packages/com.unity.xr.openxr/Runtime/NativeTypes/XR_EXT_spatial_persistence/Structs/XrSpatialPersistenceContextCreateInfoEXT.cs
 0.2 kb	 0.0% Packages/com.unity.xr.openxr/Runtime/NativeTypes/XR_EXT_spatial_entity/Structs/XrSpatialDiscoverySnapshotCreateInfoEXT.cs
 0.2 kb	 0.0% Packages/com.unity.xr.openxr/Runtime/NativeTypes/XR_EXT_spatial_entity/Structs/XrSpatialComponentDataQueryConditionEXT.cs
 0.2 kb	 0.0% Packages/com.unity.xr.openxr/Runtime/Features/Interactions/MetaQuestTouchProControllerProfile.cs
 0.2 kb	 0.0% Packages/com.unity.xr.openxr/Runtime/Features/Interactions/MetaQuestTouchPlusControllerProfile.cs
 0.2 kb	 0.0% Packages/com.unity.xr.interaction.toolkit/Runtime/UI/TrackedDevicePhysicsRaycaster.cs
 0.2 kb	 0.0% Packages/com.unity.xr.interaction.toolkit/Runtime/UI/TrackedDeviceGraphicRaycaster.cs
 0.2 kb	 0.0% Packages/com.unity.xr.interaction.toolkit/Runtime/Locomotion/Turning/ContinuousTurnProvider.cs
 0.2 kb	 0.0% Packages/com.unity.xr.interaction.toolkit/Runtime/Locomotion/Movement/ContinuousMoveProvider.cs
 0.2 kb	 0.0% Packages/com.unity.xr.interaction.toolkit/Runtime/Locomotion/Movement/ConstrainedMoveProvider.cs
 0.2 kb	 0.0% Packages/com.unity.xr.interaction.toolkit/Runtime/Locomotion/Climbing/ClimbTeleportInteractor.cs
 0.2 kb	 0.0% Packages/com.unity.xr.interaction.toolkit/Runtime/Interaction/Transformers/XRSingleGrabFreeTransformer.cs
 0.2 kb	 0.0% Packages/com.unity.xr.interaction.toolkit/Runtime/Interaction/Transformers/XRDualGrabFreeTransformer.cs
 0.2 kb	 0.0% Packages/com.unity.xr.interaction.toolkit/Runtime/Interaction/Interactors/Visuals/XRInteractorLineVisual.cs
 0.2 kb	 0.0% Packages/com.unity.xr.interaction.toolkit/Runtime/Interaction/Interactors/Visuals/IXRCustomReticleProvider.cs
 0.2 kb	 0.0% Packages/com.unity.xr.interaction.toolkit/Runtime/Interaction/Interactors/Visuals/CurveVisualController.deprecated.cs
 0.2 kb	 0.0% Packages/com.unity.xr.interaction.toolkit/Runtime/Interaction/Interactors/Visuals/CurveVisualController.cs
 0.2 kb	 0.0% Packages/com.unity.xr.interaction.toolkit/Runtime/Interaction/Interactors/IXRTargetPriorityInteractor.cs
 0.2 kb	 0.0% Packages/com.unity.xr.interaction.toolkit/Runtime/Interaction/Interactors/IXRInteractionOverrideGroup.cs
 0.2 kb	 0.0% Packages/com.unity.xr.interaction.toolkit/Runtime/Interaction/Interactors/Casters/SphereInteractionCaster.cs
 0.2 kb	 0.0% Packages/com.unity.xr.interaction.toolkit/Runtime/Interaction/Interactors/Casters/InteractionCasterBase.cs
 0.2 kb	 0.0% Packages/com.unity.xr.interaction.toolkit/Runtime/Interaction/Interactors/Casters/ICurveInteractionCaster.cs
 0.2 kb	 0.0% Packages/com.unity.xr.interaction.toolkit/Runtime/Interaction/Interactors/Casters/CurveInteractionCaster.cs
 0.2 kb	 0.0% Packages/com.unity.xr.interaction.toolkit/Runtime/Interaction/Interactables/Visuals/XRTintInteractableVisual.cs
 0.2 kb	 0.0% Packages/com.unity.xr.interaction.toolkit/Runtime/Interaction/Attachment/InteractionAttachController.cs
 0.2 kb	 0.0% Packages/com.unity.xr.interaction.toolkit/Runtime/Interaction/Attachment/IInteractionAttachController.cs
 0.2 kb	 0.0% Packages/com.unity.xr.interaction.toolkit/Runtime/Interaction/Attachment/IAttachPointVelocityTracker.cs
 0.2 kb	 0.0% Packages/com.unity.xr.interaction.toolkit/Runtime/Interaction/Attachment/IAttachPointVelocityProvider.cs
 0.2 kb	 0.0% Packages/com.unity.xr.interaction.toolkit/Runtime/Interaction/Attachment/AttachPointVelocityTracker.cs
 0.2 kb	 0.0% Packages/com.unity.xr.interaction.toolkit/Runtime/AffordanceSystem/Rendering/MaterialHelperBase.cs
 0.2 kb	 0.0% Packages/com.unity.xr.interaction.toolkit/Runtime/AR/Interactables/ARBaseGestureInteractable.deprecated.cs
 0.2 kb	 0.0% Packages/com.unity.ai.inference/Runtime/Tokenization/Truncators/Strategies/OnlySecondStrategy.cs
 0.2 kb	 0.0% Packages/com.unity.ai.inference/Runtime/Tokenization/Truncators/Strategies/OnlyFirstStrategy.cs
 0.2 kb	 0.0% Packages/com.unity.ai.inference/Runtime/Tokenization/Truncators/Strategies/LongestFirstStrategy.cs
 0.2 kb	 0.0% Packages/com.unity.ai.inference/Runtime/Tokenization/Truncators/Strategies/ITruncationStrategy.cs
 0.2 kb	 0.0% Packages/com.unity.ai.inference/Runtime/Tokenization/Truncators/LongestFirstTruncator.cs
 0.2 kb	 0.0% Packages/com.unity.ai.inference/Runtime/Tokenization/PreTokenizers/WhitespacePreTokenizer.cs
 0.2 kb	 0.0% Packages/com.unity.ai.inference/Runtime/Tokenization/PreTokenizers/StringSplitPreTokenizer.cs
 0.2 kb	 0.0% Packages/com.unity.ai.inference/Runtime/Tokenization/PreTokenizers/RuneSplitPreTokenizer.cs
 0.2 kb	 0.0% Packages/com.unity.ai.inference/Runtime/Tokenization/PreTokenizers/RegexSplitPreTokenizer.cs
 0.2 kb	 0.0% Packages/com.unity.ai.inference/Runtime/Tokenization/PreTokenizers/PunctuationPreTokenizer.cs
 0.2 kb	 0.0% Packages/com.unity.ai.inference/Runtime/Tokenization/PreTokenizers/MetaspacePreTokenizer.cs
 0.2 kb	 0.0% Packages/com.unity.ai.inference/Runtime/Tokenization/PreTokenizers/CharSplitPreTokenizer.cs
 0.2 kb	 0.0% Packages/com.unity.ai.inference/Runtime/Tokenization/PreTokenizers/ByteLevelPreTokenizer.cs
 0.2 kb	 0.0% Packages/com.unity.ai.inference/Runtime/Tokenization/Parsers/HuggingFace/Models/BpeModelBuilder.cs
 0.2 kb	 0.0% Packages/com.unity.ai.inference/Runtime/Tokenization/Parsers/HuggingFace/IComponentBuilder.cs
 0.2 kb	 0.0% Packages/com.unity.ai.inference/Runtime/Tokenization/Parsers/HuggingFace/HuggingFaceParser.cs
 0.2 kb	 0.0% Packages/com.unity.ai.inference/Runtime/Tokenization/Parsers/HuggingFace/HuggingFaceHelper.cs
 0.2 kb	 0.0% Packages/com.unity.ai.inference/Runtime/Tokenization/Parsers/HuggingFace/HfPaddingAttribute.cs
 0.2 kb	 0.0% Packages/com.unity.ai.inference/Runtime/Tokenization/Parsers/HuggingFace/HfDecoderAttribute.cs
 0.2 kb	 0.0% Packages/com.unity.ai.inference/Runtime/Tokenization/Normalizers/StripAccentsNormalizer.cs
 0.2 kb	 0.0% Packages/com.unity.ai.inference/Runtime/Tokenization/Normalizers/RegexReplaceNormalizer.cs
 0.2 kb	 0.0% Packages/com.unity.ai.inference/Runtime/Core/Compiler/Passes/ContractToSimplerLayerPass.cs
 0.2 kb	 0.0% Packages/com.unity.ai.inference/Runtime/Core/Compiler/Passes/ContractSubExpressionsPass.cs
 0.2 kb	 0.0% Packages/com.unity.ai.inference/Runtime/Core/Compiler/Passes/ConcatenateTransposesPass.cs
 0.2 kb	 0.0% Packages/com.bytedance.pico.xr/Runtime/Scripts/SecureMR/Component/Operator/PXR_SecureMRArithmeticComposeOperatorConfig.cs
 0.2 kb	 0.0% Assets/Samples/XR Interaction Toolkit/3.5.1/Starter Assets/Scripts/DestroySelf.cs
 0.2 kb	 0.0% Packages/com.unity.xr.openxr/Runtime/TestTooling/MockOpenXREnvironmentSettings.cs
 0.2 kb	 0.0% Packages/com.unity.xr.interaction.toolkit/Runtime/Utilities/TriggerColliderFilterUtility.cs
 0.2 kb	 0.0% Packages/com.unity.xr.interaction.toolkit/Runtime/Utilities/DisposableManagerSingleton.cs
 0.2 kb	 0.0% Packages/com.unity.xr.interaction.toolkit/Runtime/Locomotion/XRBodyTransformations.cs
 0.2 kb	 0.0% Packages/com.unity.xr.interaction.toolkit/Runtime/Locomotion/Teleportation/TeleportingEventArgs.cs
 0.2 kb	 0.0% Packages/com.unity.xr.interaction.toolkit/Runtime/Locomotion/Teleportation/TeleportationArea.cs
 0.2 kb	 0.0% Packages/com.unity.xr.interaction.toolkit/Runtime/Locomotion/Teleportation/TeleportationAnchor.cs
 0.2 kb	 0.0% Packages/com.unity.xr.interaction.toolkit/Runtime/Interaction/Filtering/Target/Evaluators/IXRTargetEvaluatorLinkable.cs
 0.2 kb	 0.0% Packages/com.unity.xr.interaction.toolkit/Runtime/Interaction/Filtering/Poke/PokeThresholdDatumProperty.cs
 0.2 kb	 0.0% Packages/com.unity.xr.interaction.toolkit/Runtime/Interaction/Filtering/Poke/IMultiPokeStateDataProvider.cs
 0.2 kb	 0.0% Packages/com.unity.xr.interaction.toolkit/Runtime/Interaction/Filtering/InteractionStrength/IXRInteractionStrengthFilter.cs
 0.2 kb	 0.0% Packages/com.unity.xr.interaction.toolkit/Runtime/Inputs/XRInputTrackingAggregator.cs
 0.2 kb	 0.0% Packages/com.unity.xr.interaction.toolkit/Runtime/Inputs/XRHandSkeletonPokeDisplacer.cs
 0.2 kb	 0.0% Packages/com.unity.xr.interaction.toolkit/Runtime/Inputs/Simulation/XRSimulatedController.cs
 0.2 kb	 0.0% Packages/com.unity.xr.interaction.toolkit/Runtime/Inputs/Simulation/XRInteractionSimulator.cs
 0.2 kb	 0.0% Packages/com.unity.xr.interaction.toolkit/Runtime/Inputs/Simulation/SimulatedHandExpression.cs
 0.2 kb	 0.0% Packages/com.unity.xr.interaction.toolkit/Runtime/Inputs/Simulation/Hands/XRSimulatedHandState.cs
 0.2 kb	 0.0% Packages/com.unity.xr.interaction.toolkit/Runtime/Inputs/Simulation/Hands/HandExpressionName.cs
 0.2 kb	 0.0% Packages/com.unity.xr.interaction.toolkit/Runtime/Inputs/Readers/XRInputDeviceValueReader.cs
 0.2 kb	 0.0% Packages/com.unity.xr.interaction.toolkit/Runtime/Inputs/Haptics/IXRHapticImpulseProvider.cs
 0.2 kb	 0.0% Packages/com.unity.xr.interaction.toolkit/Runtime/Inputs/Haptics/IXRHapticImpulseChannel.cs
 0.2 kb	 0.0% Packages/com.unity.xr.interaction.toolkit/Runtime/AffordanceSystem/State/Data/AffordanceStateData.cs
 0.2 kb	 0.0% Packages/com.unity.xr.interaction.toolkit/Runtime/AR/Inputs/ScreenSpacePinchScaleInput.cs
 0.2 kb	 0.0% Packages/com.unity.xr.core-utils/Runtime/ARTrackablesParentTransformChangedEventArgs.cs
 0.2 kb	 0.0% Packages/com.unity.collections/Unity.Collections/GenerateTestsForBurstCompatibilityAttribute.cs
 0.2 kb	 0.0% Packages/com.unity.ai.inference/Runtime/Tokenization/SplitDelimiterBehavior.cs
 0.2 kb	 0.0% Packages/com.unity.ai.inference/Runtime/Tokenization/PostProcessors/RobertaPostProcessor.cs
 0.2 kb	 0.0% Packages/com.unity.ai.inference/Runtime/Tokenization/PostProcessors/DefaultPostProcessor.cs
 0.2 kb	 0.0% Packages/com.unity.ai.inference/Runtime/Tokenization/Parsers/NewtonsoftJsonUtility.cs
 0.2 kb	 0.0% Packages/com.unity.ai.inference/Runtime/Tokenization/Padding/FixedPaddingSizeProvider.cs
 0.2 kb	 0.0% Packages/com.unity.ai.inference/Runtime/Tokenization/Padding/DirectionalPaddingBase.cs
 0.2 kb	 0.0% Packages/com.unity.ai.inference/Runtime/Tokenization/Padding/BatchLongestSizeProvider.cs
 0.2 kb	 0.0% Packages/com.unity.xr.openxr/Runtime/NativeTypes/XR_EXT_spatial_plane_tracking/Structs/XrSpatialComponentPolygon2DListEXT.cs
 0.2 kb	 0.0% Packages/com.unity.xr.openxr/Runtime/NativeTypes/XR_EXT_spatial_persistence_operations/Structs/XrPersistSpatialEntityCompletionEXT.cs
 0.2 kb	 0.0% Packages/com.unity.xr.openxr/Runtime/NativeTypes/XR_EXT_spatial_persistence/Structs/XrSpatialContextPersistenceConfigEXT.cs
 0.2 kb	 0.0% Packages/com.unity.xr.openxr/Runtime/NativeTypes/XR_EXT_spatial_persistence/Structs/XrSpatialComponentPersistenceListEXT.cs
 0.2 kb	 0.0% Packages/com.unity.xr.openxr/Runtime/NativeTypes/XR_EXT_spatial_marker_tracking/Structs/XrSpatialMarkerStaticOptimizationEXT.cs
 0.2 kb	 0.0% Packages/com.unity.xr.openxr/Runtime/NativeTypes/XR_EXT_spatial_entity/Structs/XrSpatialUpdateSnapshotCreateInfoEXT.cs
 0.2 kb	 0.0% Packages/com.unity.xr.openxr/Runtime/NativeTypes/XR_EXT_spatial_entity/Structs/XrSpatialEntityFromIdCreateInfoEXT.cs
 0.2 kb	 0.0% Packages/com.unity.xr.openxr/Runtime/NativeTypes/XR_EXT_spatial_entity/Structs/XrSpatialComponentDataQueryResultEXT.cs
 0.2 kb	 0.0% Packages/com.unity.xr.openxr/Runtime/NativeTypes/XR_EXT_spatial_entity/Structs/XrSpatialCapabilityComponentTypesEXT.cs
 0.2 kb	 0.0% Packages/com.unity.xr.openxr/Runtime/NativeTypes/XR_EXT_spatial_entity/Structs/XrCreateSpatialContextCompletionEXT.cs
 0.2 kb	 0.0% Packages/com.unity.xr.openxr/Runtime/NativeTypes/XR_EXT_spatial_entity/Structs/Components/XrSpatialComponentBounded3DListEXT.cs
 0.2 kb	 0.0% Packages/com.unity.xr.openxr/Runtime/NativeTypes/XR_EXT_spatial_entity/Structs/Components/XrSpatialComponentBounded2DListEXT.cs
 0.2 kb	 0.0% Packages/com.unity.xr.openxr/Runtime/MetaQuest/MetaQuestFeature.cs
 0.2 kb	 0.0% Packages/com.unity.xr.openxr/Runtime/Features/Interactions/MicrosoftMotionControllerProfile.cs
 0.2 kb	 0.0% Packages/com.unity.xr.openxr/Runtime/Features/Interactions/AndroidMouseInteractionProfile.cs
 0.2 kb	 0.0% Packages/com.unity.xr.interaction.toolkit/Runtime/UI/RegisteredUIInteractorCache.cs
 0.2 kb	 0.0% Packages/com.unity.xr.interaction.toolkit/Runtime/Locomotion/IXRBodyTransformation.cs
 0.2 kb	 0.0% Packages/com.unity.xr.interaction.toolkit/Runtime/Locomotion/IXRBodyPositionEvaluator.cs
 0.2 kb	 0.0% Packages/com.unity.xr.interaction.toolkit/Runtime/Locomotion/Gravity/IGravityController.cs
 0.2 kb	 0.0% Packages/com.unity.xr.interaction.toolkit/Runtime/Locomotion/Climbing/ClimbSettingsDatum.cs
 0.2 kb	 0.0% Packages/com.unity.xr.interaction.toolkit/Runtime/Locomotion/Climbing/ClimbInteractable.cs
 0.2 kb	 0.0% Packages/com.unity.xr.interaction.toolkit/Runtime/Interaction/Transformers/XRSocketGrabTransformer.cs
 0.2 kb	 0.0% Packages/com.unity.xr.interaction.toolkit/Runtime/Interaction/Transformers/XRLegacyGrabTransformer.cs
 0.2 kb	 0.0% Packages/com.unity.xr.interaction.toolkit/Runtime/Interaction/Transformers/XRGeneralGrabTransformer.cs
 0.2 kb	 0.0% Packages/com.unity.xr.interaction.toolkit/Runtime/Interaction/Transformers/XRBaseGrabTransformer.cs
 0.2 kb	 0.0% Packages/com.unity.xr.interaction.toolkit/Runtime/Interaction/Interactors/XRBaseInputInteractor.cs
 0.2 kb	 0.0% Packages/com.unity.xr.interaction.toolkit/Runtime/Interaction/Interactors/IXRScaleValueProvider.cs
 0.2 kb	 0.0% Packages/com.unity.xr.interaction.toolkit/Runtime/Interaction/Interactors/IXRActivateInteractor.cs
 0.2 kb	 0.0% Packages/com.unity.xr.interaction.toolkit/Runtime/Interaction/Interactors/Casters/IInteractionCaster.cs
 0.2 kb	 0.0% Packages/com.unity.xr.interaction.toolkit/Runtime/Interaction/Interactables/XRInteractableSnapVolume.cs
 0.2 kb	 0.0% Packages/com.unity.xr.interaction.toolkit/Runtime/Interaction/Interactables/IXRSelectInteractable.cs
 0.2 kb	 0.0% Packages/com.unity.xr.interaction.toolkit/Runtime/Interaction/Interactables/IXRActivateInteractable.cs
 0.2 kb	 0.0% Packages/com.unity.xr.interaction.toolkit/Runtime/Interaction/Gaze/IXROverridesGazeAutoSelect.cs
 0.2 kb	 0.0% Packages/com.unity.xr.interaction.toolkit/Runtime/Inputs/Interactions/SectorInteraction.cs
 0.2 kb	 0.0% Packages/com.unity.xr.interaction.toolkit/Runtime/Inputs/Composites/FallbackComposite.cs
 0.2 kb	 0.0% Packages/com.unity.xr.interaction.toolkit/Runtime/AR/Interactables/ARTranslationInteractable.cs
 0.2 kb	 0.0% Packages/com.unity.inputsystem/InputSystem/Editor/UITKAssetEditor/Views/CompositePartBindingPropertiesView.cs
 0.2 kb	 0.0% Packages/com.unity.inputsystem/InputSystem/Editor/UITKAssetEditor/Views/CollectionViewSelectionChangeFilter.cs
 0.2 kb	 0.0% Packages/com.unity.inputsystem/InputSystem/Editor/UITKAssetEditor/InputActionsEditorSettingsProvider.cs
 0.2 kb	 0.0% Packages/com.unity.inputsystem/InputSystem/Editor/PropertyDrawers/InputActionReferenceSearchProviders.cs
 0.2 kb	 0.0% Packages/com.unity.inputsystem/InputSystem/Editor/PropertyDrawers/InputActionReferencePropertyDrawer.cs
 0.2 kb	 0.0% Packages/com.unity.inputsystem/InputSystem/Editor/Analytics/InputActionsEditorSessionAnalytic.cs
 0.2 kb	 0.0% Packages/com.unity.inputsystem/InputSystem/Devices/Commands/QueryEditorWindowCoordinatesCommand.cs
 0.2 kb	 0.0% Packages/com.unity.inputsystem/InputSystem/Devices/Commands/InitiateUserAccountPairingCommand.cs
 0.2 kb	 0.0% Packages/com.unity.ai.inference/Runtime/Tokenization/Truncators/StrategicTruncator.cs
 0.2 kb	 0.0% Packages/com.unity.ai.inference/Runtime/Tokenization/Truncators/RangeGeneratorBase.cs
 0.2 kb	 0.0% Packages/com.unity.ai.inference/Runtime/Tokenization/PreTokenizers/SequencePreTokenizer.cs
 0.2 kb	 0.0% Packages/com.unity.ai.inference/Runtime/Tokenization/PreTokenizers/DigitsPreTokenizer.cs
 0.2 kb	 0.0% Packages/com.unity.ai.inference/Runtime/Tokenization/PreTokenizers/DefaultPreTokenizer.cs
 0.2 kb	 0.0% Packages/com.unity.ai.inference/Runtime/Tokenization/Parsers/HuggingFace/HfModelAttribute.cs
 0.2 kb	 0.0% Packages/com.unity.ai.inference/Runtime/Tokenization/Normalizers/UnicodeNormalizer.cs
 0.2 kb	 0.0% Packages/com.unity.ai.inference/Runtime/Tokenization/Normalizers/SequenceNormalizer.cs
 0.2 kb	 0.0% Packages/com.unity.ai.inference/Runtime/Tokenization/Normalizers/ReplaceNormalizer.cs
 0.2 kb	 0.0% Packages/com.unity.ai.inference/Runtime/Tokenization/Normalizers/PrependNormalizer.cs
 0.2 kb	 0.0% Packages/com.unity.ai.inference/Runtime/Tokenization/Normalizers/DefaultNormalizer.cs
 0.2 kb	 0.0% Packages/com.unity.ai.inference/Runtime/Tokenization/Mappers/UnigramMapper.BestPathNode.cs
 0.2 kb	 0.0% Packages/com.unity.ai.inference/Runtime/Tokenization/Mappers/BpeMapper.CharToTokenConverter.cs
 0.2 kb	 0.0% Packages/com.unity.ai.inference/Runtime/Tokenization/Mappers/BpeMapper.ByteToTokenConverter.cs
 0.2 kb	 0.0% Packages/com.unity.ai.inference/Runtime/Core/Compiler/Passes/SimplifyReshapeInputPass.cs
 0.2 kb	 0.0% Packages/com.unity.ai.inference/Runtime/Core/Compiler/Passes/RoundDenormalWeightsPass.cs
 0.2 kb	 0.0% Packages/com.bytedance.pico.xr/Runtime/Scripts/SecureMR/Component/Pipeline/PXR_SecureMRPipelineExecuteConditional.cs
 0.2 kb	 0.0% Packages/com.bytedance.pico.xr/Runtime/Scripts/SecureMR/Component/Operator/PXR_SecureMRModelOperatorConfiguration.cs
 0.2 kb	 0.0% Packages/com.bytedance.pico.xr/Runtime/Scripts/SecureMR/Component/Operator/PXR_SecureMRColorConvertOperatorConfig.cs
 0.2 kb	 0.0% Packages/com.unity.xr.openxr/Runtime/RuntimeDebugger/DebuggerState.cs
 0.2 kb	 0.0% Packages/com.unity.xr.openxr/Runtime/Features/AutomaticDynamicResolutionFeature.cs
 0.2 kb	 0.0% Packages/com.unity.xr.interaction.toolkit/Runtime/Utilities/XRDebugLineVisualizer.cs
 0.2 kb	 0.0% Packages/com.unity.xr.interaction.toolkit/Runtime/Utilities/TriggerContactMonitor.cs
 0.2 kb	 0.0% Packages/com.unity.xr.interaction.toolkit/Runtime/Utilities/ScriptableSingletonCache.cs
 0.2 kb	 0.0% Packages/com.unity.xr.interaction.toolkit/Runtime/Utilities/Interaction/XRInteractableUtility.cs
 0.2 kb	 0.0% Packages/com.unity.xr.interaction.toolkit/Runtime/UI/TrackedDeviceModel.deprecated.cs
 0.2 kb	 0.0% Packages/com.unity.xr.interaction.toolkit/Runtime/Locomotion/LocomotionState.cs
 0.2 kb	 0.0% Packages/com.unity.xr.interaction.toolkit/Runtime/Locomotion/Legacy/DeviceBasedSnapTurnProvider.cs
 0.2 kb	 0.0% Packages/com.unity.xr.interaction.toolkit/Runtime/Locomotion/Legacy/ContinuousTurnProviderBase.cs
 0.2 kb	 0.0% Packages/com.unity.xr.interaction.toolkit/Runtime/Locomotion/Legacy/ContinuousMoveProviderBase.cs
 0.2 kb	 0.0% Packages/com.unity.xr.interaction.toolkit/Runtime/Locomotion/Legacy/CharacterControllerDriver.cs
 0.2 kb	 0.0% Packages/com.unity.xr.interaction.toolkit/Runtime/Locomotion/Legacy/ActionBasedSnapTurnProvider.cs
 0.2 kb	 0.0% Packages/com.unity.xr.interaction.toolkit/Runtime/Interaction/XRInteractionRuntimeSettings.cs
 0.2 kb	 0.0% Packages/com.unity.xr.interaction.toolkit/Runtime/Interaction/Interactors/XRBaseControllerInteractor.cs
 0.2 kb	 0.0% Packages/com.unity.xr.interaction.toolkit/Runtime/Interaction/IXRParentInteractableLink.cs
 0.2 kb	 0.0% Packages/com.unity.xr.interaction.toolkit/Runtime/Interaction/Filtering/Target/Evaluators/XRLastSelectedEvaluator.cs
 0.2 kb	 0.0% Packages/com.unity.xr.interaction.toolkit/Runtime/Interaction/Filtering/Poke/IPokeStateDataProvider.cs
 0.2 kb	 0.0% Packages/com.unity.xr.interaction.toolkit/Runtime/Interaction/Filtering/Hover/TouchscreenHoverFilter.cs
 0.2 kb	 0.0% Packages/com.unity.xr.interaction.toolkit/Runtime/Interaction/Attributes/CanSelectMultipleAttribute.cs
 0.2 kb	 0.0% Packages/com.unity.xr.interaction.toolkit/Runtime/Interaction/Attributes/CanFocusMultipleAttribute.cs
 0.2 kb	 0.0% Packages/com.unity.xr.interaction.toolkit/Runtime/Inputs/XRTransformStabilizer.cs
 0.2 kb	 0.0% Packages/com.unity.xr.interaction.toolkit/Runtime/Inputs/XRInputModalityManager.cs
 0.2 kb	 0.0% Packages/com.unity.xr.interaction.toolkit/Runtime/Inputs/Simulation/XRSimulatorUtility.cs
 0.2 kb	 0.0% Packages/com.unity.xr.interaction.toolkit/Runtime/Inputs/Simulation/XRSimulatedHMDState.cs
 0.2 kb	 0.0% Packages/com.unity.xr.interaction.toolkit/Runtime/Inputs/Simulation/XRDeviceSimulator.cs
 0.2 kb	 0.0% Packages/com.unity.xr.interaction.toolkit/Runtime/Inputs/Readers/XRInputValueReader.cs
 0.2 kb	 0.0% Packages/com.unity.xr.interaction.toolkit/Runtime/Inputs/Readers/XRInputReaderUtility.cs
 0.2 kb	 0.0% Packages/com.unity.xr.interaction.toolkit/Runtime/Inputs/Readers/XRInputButtonReader.cs
 0.2 kb	 0.0% Packages/com.unity.xr.interaction.toolkit/Runtime/Inputs/Haptics/HapticImpulsePlayer.cs
 0.2 kb	 0.0% Packages/com.unity.xr.interaction.toolkit/Runtime/AR/Inputs/ScreenSpaceSelectInput.cs
 0.2 kb	 0.0% Packages/com.unity.xr.interaction.toolkit/Runtime/AR/Inputs/ScreenSpaceRotateInput.cs
 0.2 kb	 0.0% Packages/com.unity.xr.interaction.toolkit/Runtime/AR/Inputs/ScreenSpaceRayPoseDriver.cs
 0.2 kb	 0.0% Packages/com.unity.inputsystem/InputSystem/Plugins/UI/StandaloneInputModuleEditor.cs
 0.2 kb	 0.0% Packages/com.unity.inputsystem/InputSystem/Plugins/UI/InputSystemUIInputModuleEditor.cs
 0.2 kb	 0.0% Packages/com.unity.ai.inference/Runtime/Tokenization/UtfCharToByteConverter.cs
 0.2 kb	 0.0% Packages/com.unity.ai.inference/Runtime/Tokenization/Tokenizer.PostProcessOutput.cs
 0.2 kb	 0.0% Packages/com.unity.ai.inference/Runtime/Tokenization/SubStringToByteConverter.cs
 0.2 kb	 0.0% Packages/com.unity.ai.inference/Runtime/Tokenization/PostProcessors/Templating/SpecialToken.cs
 0.2 kb	 0.0% Packages/com.unity.ai.inference/Runtime/Tokenization/PostProcessors/IPostProcessor.cs
 0.2 kb	 0.0% Packages/com.unity.ai.inference/Runtime/Tokenization/Padding/IPaddingSizeProvider.cs
 0.2 kb	 0.0% Packages/com.unity.ai.inference/Runtime/Tokenization/Normalizers/Precompiled.cs
 0.2 kb	 0.0% Packages/com.unity.ai.inference/Runtime/Tokenization/Mappers/UnigramVocabEntry.cs
 0.2 kb	 0.0% Packages/com.unity.ai.inference/Runtime/Tokenization/Mappers/UnigramMapper.PrefixTrie.cs
 0.2 kb	 0.0% Packages/com.unity.ai.inference/Runtime/Tokenization/Mappers/UnigramMapper.ByteString.cs
 0.2 kb	 0.0% Packages/com.unity.ai.inference/Runtime/Tokenization/Mappers/BpeMapperConfiguration.cs
 0.2 kb	 0.0% Packages/com.unity.ai.inference/Runtime/Tokenization/Mappers/BpeMapper.InternalTokenizer.cs
 0.2 kb	 0.0% Packages/com.unity.ai.inference/Runtime/Tokenization/ISplitDelimiterBehavior.cs
 0.2 kb	 0.0% Packages/com.unity.ai.inference/Runtime/Tokenization/Decoders/RegexReplaceDecoder.cs
 0.2 kb	 0.0% Packages/com.unity.ai.inference/Runtime/Tokenization/Decoders/ByteFallBackDecoder.cs
 0.2 kb	 0.0% Packages/com.bytedance.pico.xr/SpatialAudio/Runtime/PXR_Audio_Spatializer_MRSceneGeometryManager.cs
 0.1 kb	 0.0% Packages/com.unity.xr.openxr/Runtime/NativeTypes/XR_EXT_spatial_plane_tracking/Structs/XrSpatialComponentMesh2DListEXT.cs
 0.1 kb	 0.0% Packages/com.unity.xr.openxr/Runtime/NativeTypes/XR_EXT_spatial_persistence_operations/Structs/XrSpatialEntityUnpersistInfoEXT.cs
 0.1 kb	 0.0% Packages/com.unity.xr.openxr/Runtime/NativeTypes/XR_EXT_spatial_persistence_operations/Structs/XrSpatialEntityPersistInfoEXT.cs
 0.1 kb	 0.0% Packages/com.unity.xr.openxr/Runtime/NativeTypes/XR_EXT_spatial_marker_tracking/Structs/XrSpatialComponentMarkerListEXT.cs
 0.1 kb	 0.0% Packages/com.unity.xr.openxr/Runtime/NativeTypes/XR_EXT_spatial_entity/Structs/XrSpatialFilterTrackingStateEXT.cs
 0.1 kb	 0.0% Packages/com.unity.xr.openxr/Runtime/NativeTypes/XR_EXT_spatial_entity/Structs/XrSpatialContextCreateInfoEXT.cs
 0.1 kb	 0.0% Packages/com.unity.xr.openxr/Runtime/NativeTypes/XR_EXT_spatial_entity/Structs/Components/XrSpatialComponentParentListEXT.cs
 0.1 kb	 0.0% Packages/com.unity.xr.openxr/Runtime/NativeTypes/XR_EXT_spatial_entity/Structs/Components/XrSpatialComponentMesh3DListEXT.cs
 0.1 kb	 0.0% Packages/com.unity.xr.openxr/Runtime/NativeTypes/XR_EXT_spatial_entity/ISpatialCapabilityConfiguration.cs
 0.1 kb	 0.0% Packages/com.unity.xr.openxr/Runtime/NativeTypes/XR_EXT_spatial_anchor/Structs/XrSpatialComponentAnchorListEXT.cs
 0.1 kb	 0.0% Packages/com.unity.xr.openxr/Runtime/NativeTypes/XR_EXT_future/Structs/XrFutureCompletionBaseHeaderEXT.cs
 0.1 kb	 0.0% Packages/com.unity.xr.openxr/Runtime/Features/Interactions/ValveIndexControllerProfile.cs
 0.1 kb	 0.0% Packages/com.unity.xr.openxr/Runtime/Features/Interactions/OculusTouchControllerProfile.cs
 0.1 kb	 0.0% Packages/com.unity.xr.openxr/Runtime/Features/Interactions/KHRSimpleControllerProfile.cs
 0.1 kb	 0.0% Packages/com.unity.xr.openxr/Runtime/Features/Interactions/HandCommonPosesInteraction.cs
 0.1 kb	 0.0% Packages/com.unity.xr.openxr/Runtime/Features/Interactions/HPReverbG2ControllerProfile.cs
 0.1 kb	 0.0% Packages/com.unity.xr.interaction.toolkit/Runtime/XRHelpURLConstants.deprecated.cs
 0.1 kb	 0.0% Packages/com.unity.xr.interaction.toolkit/Runtime/UI/XRUIToolkitPokeHandler.cs
 0.1 kb	 0.0% Packages/com.unity.xr.interaction.toolkit/Runtime/UI/TrackedDeviceEventData.cs
 0.1 kb	 0.0% Packages/com.unity.xr.interaction.toolkit/Runtime/Locomotion/XRBodyTransformer.cs
 0.1 kb	 0.0% Packages/com.unity.xr.interaction.toolkit/Runtime/Locomotion/Turning/SnapTurnProvider.cs
 0.1 kb	 0.0% Packages/com.unity.xr.interaction.toolkit/Runtime/Locomotion/Movement/GrabMoveProvider.cs
 0.1 kb	 0.0% Packages/com.unity.xr.interaction.toolkit/Runtime/Locomotion/LocomotionProvider.cs
 0.1 kb	 0.0% Packages/com.unity.xr.interaction.toolkit/Runtime/Locomotion/LocomotionMediator.cs
 0.1 kb	 0.0% Packages/com.unity.xr.interaction.toolkit/Runtime/Locomotion/Gravity/GravityProvider.cs
 0.1 kb	 0.0% Packages/com.unity.xr.interaction.toolkit/Runtime/Locomotion/Climbing/ClimbSettings.cs
 0.1 kb	 0.0% Packages/com.unity.xr.interaction.toolkit/Runtime/Locomotion/Climbing/ClimbProvider.cs
 0.1 kb	 0.0% Packages/com.unity.xr.interaction.toolkit/Runtime/Interaction/XRInteractionEvents.deprecated.cs
 0.1 kb	 0.0% Packages/com.unity.xr.interaction.toolkit/Runtime/Interaction/Transformers/IXRGrabTransformer.cs
 0.1 kb	 0.0% Packages/com.unity.xr.interaction.toolkit/Runtime/Interaction/Transformers/IXRDropTransformer.cs
 0.1 kb	 0.0% Packages/com.unity.xr.interaction.toolkit/Runtime/Interaction/Interactors/XRSocketInteractor.cs
 0.1 kb	 0.0% Packages/com.unity.xr.interaction.toolkit/Runtime/Interaction/Interactors/XRInteractionGroup.cs
 0.1 kb	 0.0% Packages/com.unity.xr.interaction.toolkit/Runtime/Interaction/Interactors/XRDirectInteractor.cs
 0.1 kb	 0.0% Packages/com.unity.xr.interaction.toolkit/Runtime/Interaction/Interactors/NearFarInteractor.cs
 0.1 kb	 0.0% Packages/com.unity.xr.interaction.toolkit/Runtime/Interaction/Interactors/IXRSelectInteractor.cs
 0.1 kb	 0.0% Packages/com.unity.xr.interaction.toolkit/Runtime/Interaction/Interactors/IXRInteractionGroup.cs
 0.1 kb	 0.0% Packages/com.unity.xr.interaction.toolkit/Runtime/Interaction/Interactors/IXRHoverInteractor.cs
 0.1 kb	 0.0% Packages/com.unity.xr.interaction.toolkit/Runtime/Interaction/Interactables/XRSimpleInteractable.cs
 0.1 kb	 0.0% Packages/com.unity.xr.interaction.toolkit/Runtime/Interaction/Interactables/XRGrabInteractable.cs
 0.1 kb	 0.0% Packages/com.unity.xr.interaction.toolkit/Runtime/Interaction/Interactables/XRBaseInteractable.cs
 0.1 kb	 0.0% Packages/com.unity.xr.interaction.toolkit/Runtime/Interaction/Interactables/IXRHoverInteractable.cs
 0.1 kb	 0.0% Packages/com.unity.xr.interaction.toolkit/Runtime/Interaction/Interactables/IXRFocusInteractable.cs
 0.1 kb	 0.0% Packages/com.unity.xr.interaction.toolkit/Runtime/Interaction/Attachment/IFarAttachProvider.cs
 0.1 kb	 0.0% Packages/com.unity.xr.interaction.toolkit/Runtime/AffordanceSystem/Jobs/FloatTweenJob.cs
 0.1 kb	 0.0% Packages/com.unity.xr.interaction.toolkit/Runtime/AffordanceSystem/Jobs/ColorTweenJob.cs
 0.1 kb	 0.0% Packages/com.unity.xr.interaction.toolkit/Runtime/AR/Interactables/ARSelectionInteractable.cs
 0.1 kb	 0.0% Packages/com.unity.xr.interaction.toolkit/Runtime/AR/Interactables/ARRotationInteractable.cs
 0.1 kb	 0.0% Packages/com.unity.xr.interaction.toolkit/Runtime/AR/Interactables/ARPlacementInteractable.cs
 0.1 kb	 0.0% Packages/com.unity.xr.interaction.toolkit/Runtime/AR/Interactables/ARAnnotationInteractable.cs
 0.1 kb	 0.0% Packages/com.unity.inputsystem/InputSystem/Plugins/InputForUI/InputActionAssetVerifier.cs
 0.1 kb	 0.0% Packages/com.unity.inputsystem/InputSystem/Editor/UITKAssetEditor/Views/CompositeBindingPropertiesView.cs
 0.1 kb	 0.0% Packages/com.unity.inputsystem/InputSystem/Editor/UITKAssetEditor/InputActionsEditorWindowUtils.cs
 0.1 kb	 0.0% Packages/com.unity.inputsystem/InputSystem/Editor/PropertyDrawers/InputActionAssetSearchProvider.cs
 0.1 kb	 0.0% Packages/com.unity.inputsystem/InputSystem/Editor/ProjectWideActions/ProjectWideActionsBuildProvider.cs
 0.1 kb	 0.0% Packages/com.unity.inputsystem/InputSystem/Editor/Internal/SerializedPropertyLinqExtensions.cs
 0.1 kb	 0.0% Packages/com.unity.inputsystem/InputSystem/Editor/Internal/InputActionSerializationHelpers.cs
 0.1 kb	 0.0% Packages/com.unity.inputsystem/InputSystem/Editor/EditorInputControlLayoutCache.cs
 0.1 kb	 0.0% Packages/com.unity.inputsystem/InputSystem/Editor/ControlPicker/Layouts/TouchscreenControlPickerLayout.cs
 0.1 kb	 0.0% Packages/com.unity.inputsystem/InputSystem/Editor/ControlPicker/Layouts/DefaultInputControlPickerLayout.cs
 0.1 kb	 0.0% Packages/com.unity.inputsystem/InputSystem/Editor/Analytics/VirtualMouseInputEditorAnalytic.cs
 0.1 kb	 0.0% Packages/com.unity.inputsystem/InputSystem/Editor/Analytics/PlayerInputManagerEditorAnalytic.cs
 0.1 kb	 0.0% Packages/com.unity.inputsystem/InputSystem/Devices/Commands/QuerySamplingFrequencyCommand.cs
 0.1 kb	 0.0% Packages/com.unity.inputsystem/InputSystem/Devices/Commands/QueryPairedUserAccountCommand.cs
 0.1 kb	 0.0% Packages/com.unity.ai.inference/Runtime/Tokenization/Truncators/IRangeGenerator.cs
 0.1 kb	 0.0% Packages/com.unity.ai.inference/Runtime/Tokenization/Truncators/GenericTruncator.cs
 0.1 kb	 0.0% Packages/com.unity.ai.inference/Runtime/Tokenization/Truncators/DefaultTruncator.cs
 0.1 kb	 0.0% Packages/com.unity.ai.inference/Runtime/Tokenization/Tokenizer.SequenceMergeOutput.cs
 0.1 kb	 0.0% Packages/com.unity.ai.inference/Runtime/Tokenization/PreTokenizers/IPreTokenizer.cs
 0.1 kb	 0.0% Packages/com.unity.ai.inference/Runtime/Tokenization/PreTokenizers/BertPreTokenizer.cs
 0.1 kb	 0.0% Packages/com.unity.ai.inference/Runtime/Tokenization/Parsers/HuggingFace/HfAttribute.cs
 0.1 kb	 0.0% Packages/com.unity.ai.inference/Runtime/Tokenization/Normalizers/StripNormalizer.cs
 0.1 kb	 0.0% Packages/com.unity.ai.inference/Runtime/Tokenization/Normalizers/NmtNormalizer.cs
 0.1 kb	 0.0% Packages/com.unity.ai.inference/Runtime/Tokenization/Normalizers/Lowercase.cs
 0.1 kb	 0.0% Packages/com.unity.ai.inference/Runtime/Tokenization/Normalizers/BertNormalizer.cs
 0.1 kb	 0.0% Packages/com.unity.ai.inference/Runtime/Tokenization/Normalizers/AppendNormalizer.cs
 0.1 kb	 0.0% Packages/com.unity.ai.inference/Runtime/Tokenization/Mappers/UnigramMapper.Entry.cs
 0.1 kb	 0.0% Packages/com.unity.ai.inference/Runtime/Tokenization/Mappers/BpeMapper.DefaultMerger.cs
 0.1 kb	 0.0% Packages/com.unity.ai.inference/Runtime/Tokenization/AddedVocabulary.SearchTree.cs
 0.1 kb	 0.0% Packages/com.unity.ai.inference/Runtime/Core/Compiler/Validation/ValidateShapeInference.cs
 0.1 kb	 0.0% Packages/com.unity.ai.inference/Runtime/Core/Compiler/Passes/RemoveDuplicatesPass.cs
 0.1 kb	 0.0% Packages/com.unity.ai.inference/Runtime/Core/Compiler/Passes/FuseLinearLayersPass.cs
 0.1 kb	 0.0% Packages/com.unity.ai.inference/Runtime/Core/Compiler/Passes/FuseConstantsPass.cs
 0.1 kb	 0.0% Packages/com.unity.ai.inference/Runtime/Core/Compiler/Passes/FuseActivationsPass.cs
 0.1 kb	 0.0% Packages/com.unity.ai.inference/Runtime/Core/Compiler/Passes/EinsumToMatMulPass.cs
 0.1 kb	 0.0% Packages/com.bytedance.pico.xr/Runtime/Scripts/SecureMR/Component/Operator/PXR_SecureMRUpdateGltfOperatorConfig.cs
 0.1 kb	 0.0% Packages/com.bytedance.pico.xr/Runtime/Scripts/SecureMR/Component/Operator/PXR_SecureMRSpeakerOperatorConfig.cs
 0.1 kb	 0.0% Packages/com.bytedance.pico.xr/Runtime/Scripts/SecureMR/Component/Operator/PXR_SecureMRSortMatrixOperatorConfig.cs
 0.1 kb	 0.0% Packages/com.bytedance.pico.xr/Runtime/Scripts/SecureMR/Component/Operator/PXR_SecureMRRenderTextOperatorConfig.cs
 0.1 kb	 0.0% Packages/com.bytedance.pico.xr/Runtime/Scripts/SecureMR/Component/Operator/PXR_SecureMRNormalizeOperatorConfig.cs
 0.1 kb	 0.0% Packages/com.bytedance.pico.xr/Runtime/Scripts/SecureMR/Component/Operator/PXR_SecureMRMicrophoneOperatorConfig.cs
 0.1 kb	 0.0% Packages/com.bytedance.pico.xr/Runtime/Scripts/SecureMR/Component/Operator/PXR_SecureMRComparisonOperatorConfig.cs
 0.1 kb	 0.0% Packages/com.unity.xr.openxr/Runtime/TestTooling/MockOpenXREnvironment.cs
 0.1 kb	 0.0% Packages/com.unity.xr.legacyinputhelpers/Runtime/ArmModels/TransitionArmModel.cs
 0.1 kb	 0.0% Packages/com.unity.xr.interaction.toolkit/Runtime/Utilities/TeleportationMonitor.cs
 0.1 kb	 0.0% Packages/com.unity.xr.interaction.toolkit/Runtime/Utilities/ResetStaticsUtility.cs
 0.1 kb	 0.0% Packages/com.unity.xr.interaction.toolkit/Runtime/Utilities/Locomotion/LocomotionUtility.cs
 0.1 kb	 0.0% Packages/com.unity.xr.interaction.toolkit/Runtime/Utilities/BurstPhysicsUtils.cs
 0.1 kb	 0.0% Packages/com.unity.xr.interaction.toolkit/Runtime/UI/BodyUI/FollowPresetDatum.cs
 0.1 kb	 0.0% Packages/com.unity.xr.interaction.toolkit/Runtime/Interaction/XRInteractionUpdateOrder.cs
 0.1 kb	 0.0% Packages/com.unity.xr.interaction.toolkit/Runtime/Interaction/Layers/InteractionLayerSettings.cs
 0.1 kb	 0.0% Packages/com.unity.xr.interaction.toolkit/Runtime/Interaction/Filtering/Target/Filters/XRBaseTargetFilter.cs
 0.1 kb	 0.0% Packages/com.unity.xr.interaction.toolkit/Runtime/Interaction/Filtering/Target/Evaluators/XRTargetEvaluator.cs
 0.1 kb	 0.0% Packages/com.unity.xr.interaction.toolkit/Runtime/Interaction/Filtering/Target/Evaluators/XRDistanceEvaluator.cs
 0.1 kb	 0.0% Packages/com.unity.xr.interaction.toolkit/Runtime/Interaction/Filtering/Target/Evaluators/XRAngleGazeEvaluator.cs
 0.1 kb	 0.0% Packages/com.unity.xr.interaction.toolkit/Runtime/Interaction/Filtering/Poke/PokeThresholdDatum.cs
 0.1 kb	 0.0% Packages/com.unity.xr.interaction.toolkit/Runtime/Interaction/Filtering/Poke/PokeThresholdData.cs
 0.1 kb	 0.0% Packages/com.unity.xr.interaction.toolkit/Runtime/Interaction/Controllers/XRScreenSpaceController.cs
 0.1 kb	 0.0% Packages/com.unity.xr.interaction.toolkit/Runtime/Interaction/Controllers/XRControllerState.deprecated.cs
 0.1 kb	 0.0% Packages/com.unity.xr.interaction.toolkit/Runtime/Interaction/Controllers/XRControllerRecording.cs
 0.1 kb	 0.0% Packages/com.unity.xr.interaction.toolkit/Runtime/Interaction/Controllers/ActionBasedController.cs
 0.1 kb	 0.0% Packages/com.unity.xr.interaction.toolkit/Runtime/Inputs/Simulation/XRSimulatedHMD.cs
 0.1 kb	 0.0% Packages/com.unity.xr.interaction.toolkit/Runtime/Inputs/InputActionUtility.cs
 0.1 kb	 0.0% Packages/com.unity.xr.interaction.toolkit/Runtime/Inputs/InputActionManager.cs
 0.1 kb	 0.0% Packages/com.unity.xr.interaction.toolkit/Runtime/Inputs/Haptics/HapticsUtility.cs
 0.1 kb	 0.0% Packages/com.unity.xr.interaction.toolkit/Runtime/Feedback/SimpleHapticFeedback.cs
 0.1 kb	 0.0% Packages/com.unity.xr.interaction.toolkit/Runtime/Feedback/SimpleAudioFeedback.cs
 0.1 kb	 0.0% Packages/com.unity.multiplayer.center/Common/SelectedSolutionsData.cs
 0.1 kb	 0.0% Packages/com.unity.inputsystem/InputSystem/Utilities/DisplayStringFormatAttribute.cs
 0.1 kb	 0.0% Packages/com.unity.inputsystem/InputSystem/Plugins/XR/Haptics/SendBufferedHapticsCommand.cs
 0.1 kb	 0.0% Packages/com.unity.inputsystem/InputSystem/Plugins/XR/Haptics/GetHapticCapabilitiesCommand.cs
 0.1 kb	 0.0% Packages/com.unity.inputsystem/InputSystem/Plugins/XR/Haptics/GetCurrentHapticStateCommand.cs
 0.1 kb	 0.0% Packages/com.unity.inputsystem/InputSystem/Plugins/UI/ExtendedSubmitCancelEventData.cs
 0.1 kb	 0.0% Packages/com.unity.inputsystem/InputSystem/Plugins/Android/AndroidGameController.cs
 0.1 kb	 0.0% Packages/com.unity.inputsystem/InputSystem/Controls/Processors/NormalizeVector3Processor.cs
 0.1 kb	 0.0% Packages/com.unity.inputsystem/InputSystem/Controls/Processors/NormalizeVector2Processor.cs
 0.1 kb	 0.0% Packages/com.unity.inputsystem/InputSystem/Controls/Processors/EditorWindowSpaceProcessor.cs
 0.1 kb	 0.0% Packages/com.unity.inputsystem/InputSystem/Controls/Processors/CompensateRotationProcessor.cs
 0.1 kb	 0.0% Packages/com.unity.inputsystem/InputSystem/Controls/Processors/CompensateDirectionProcessor.cs
 0.1 kb	 0.0% Packages/com.unity.collections/Unity.Collections/UnsafeParallelHashSetExtensions.gen.cs
 0.1 kb	 0.0% Packages/com.unity.collections/Unity.Collections/UnsafeParallelHashMap.cs
 0.1 kb	 0.0% Packages/com.unity.ai.inference/Runtime/Tokenization/Tokenizer.TruncationOutput.cs
 0.1 kb	 0.0% Packages/com.unity.ai.inference/Runtime/Tokenization/TokenConfiguration.cs
 0.1 kb	 0.0% Packages/com.unity.ai.inference/Runtime/Tokenization/TextElementUtility.cs
 0.1 kb	 0.0% Packages/com.unity.ai.inference/Runtime/Tokenization/PostProcessors/Templating/Template.cs
 0.1 kb	 0.0% Packages/com.unity.ai.inference/Runtime/Tokenization/PostProcessors/Templating/Sequence.cs
 0.1 kb	 0.0% Packages/com.unity.ai.inference/Runtime/Tokenization/PostProcessors/Templating/Piece.cs
 0.1 kb	 0.0% Packages/com.unity.ai.inference/Runtime/Tokenization/Padding/DefaultPadding.cs
 0.1 kb	 0.0% Packages/com.unity.ai.inference/Runtime/Tokenization/Mappers/WordPieceMapper.cs
 0.1 kb	 0.0% Packages/com.unity.ai.inference/Runtime/Tokenization/Mappers/WordLevelMapper.cs
 0.1 kb	 0.0% Packages/com.unity.ai.inference/Runtime/Tokenization/Mappers/UnigramMapper.cs
 0.1 kb	 0.0% Packages/com.unity.ai.inference/Runtime/Tokenization/Mappers/BpeMapper.Mergeable.cs
 0.1 kb	 0.0% Packages/com.unity.ai.inference/Runtime/Tokenization/Internal/AhoCorasickSearch.cs
 0.1 kb	 0.0% Packages/com.unity.ai.inference/Runtime/Tokenization/DisposablePointer.cs
 0.1 kb	 0.0% Packages/com.unity.ai.inference/Runtime/Tokenization/Decoders/WordPieceDecoder.cs
 0.1 kb	 0.0% Packages/com.unity.ai.inference/Runtime/Tokenization/Decoders/SequenceDecoder.cs
 0.1 kb	 0.0% Packages/com.unity.ai.inference/Runtime/Tokenization/Decoders/ReplaceDecoder.cs
 0.1 kb	 0.0% Packages/com.unity.ai.inference/Runtime/Tokenization/Decoders/MetaspaceDecoder.cs
 0.1 kb	 0.0% Packages/com.unity.ai.inference/Runtime/Tokenization/Decoders/DefaultDecoder.cs
 0.1 kb	 0.0% Packages/com.unity.ai.inference/Runtime/Tokenization/Decoders/ByteLevelDecoder.cs
 0.1 kb	 0.0% Packages/com.unity.ai.inference/Runtime/Core/Compiler/Analyser/PartialInferenceAnalysis.cs
 0.1 kb	 0.0% Packages/com.unity.ai.inference/Runtime/Core/Compiler/Analyser/MemoryFootprintAnalysis.cs
 0.1 kb	 0.0% Packages/com.bytedance.pico.xr/SpatialAudio/Runtime/PXR_Audio_Spatializer_AmbisonicSource.cs
 0.1 kb	 0.0% Packages/com.bytedance.pico.xr/InteractionPack/Scripts/Utils/QuaternionLocalRotationTool.cs
 0.1 kb	 0.0% Packages/com.bytedance.pico.xr/Enterprise/Scripts/Model/OffLineSystemUpdateConfig.cs
 0.1 kb	 0.0% Packages/com.unity.xr.openxr/Runtime/NativeTypes/XR_EXT_spatial_plane_tracking/Structs/XrSpatialPolygon2DDataEXT.cs
 0.1 kb	 0.0% Packages/com.unity.xr.openxr/Runtime/NativeTypes/XR_EXT_spatial_persistence/Structs/XrSpatialPersistenceDataEXT.cs
 0.1 kb	 0.0% Packages/com.unity.xr.openxr/Runtime/NativeTypes/XR_EXT_spatial_entity/Structs/XrSpatialBufferGetInfoEXT.cs
 0.1 kb	 0.0% Packages/com.unity.xr.openxr/Runtime/NativeTypes/XR_EXT_spatial_entity/Structs/Components/XrSpatialBounded2DDataEXT.cs
 0.1 kb	 0.0% Packages/com.unity.xr.openxr/Runtime/NativeTypes/XR_EXT_spatial_anchor/Structs/XrSpatialAnchorCreateInfoEXT.cs
 0.1 kb	 0.0% Packages/com.unity.xr.openxr/Runtime/Features/Interactions/MicrosoftHandInteraction.cs
 0.1 kb	 0.0% Packages/com.unity.xr.openxr/Runtime/Features/Interactions/HandInteractionProfile.cs
 0.1 kb	 0.0% Packages/com.unity.xr.openxr/Runtime/Features/Interactions/HTCViveControllerProfile.cs
 0.1 kb	 0.0% Packages/com.unity.xr.interaction.toolkit/Runtime/Utilities/Collections/NativeCurve.cs
 0.1 kb	 0.0% Packages/com.unity.xr.interaction.toolkit/Runtime/UI/XRUIToolkitManager.cs
 0.1 kb	 0.0% Packages/com.unity.xr.interaction.toolkit/Runtime/UI/XRUIToolkitHandler.cs
 0.1 kb	 0.0% Packages/com.unity.xr.interaction.toolkit/Runtime/UI/TrackedDeviceModel.cs
 0.1 kb	 0.0% Packages/com.unity.xr.interaction.toolkit/Runtime/Locomotion/XRMovableBody.cs
 0.1 kb	 0.0% Packages/com.unity.xr.interaction.toolkit/Runtime/Interaction/XRInteractionEvents.cs
 0.1 kb	 0.0% Packages/com.unity.xr.interaction.toolkit/Runtime/Interaction/Interactors/XRRayInteractor.cs
 0.1 kb	 0.0% Packages/com.unity.xr.interaction.toolkit/Runtime/Interaction/Interactors/XRPokeInteractor.cs
 0.1 kb	 0.0% Packages/com.unity.xr.interaction.toolkit/Runtime/Interaction/Interactors/XRGazeInteractor.cs
 0.1 kb	 0.0% Packages/com.unity.xr.interaction.toolkit/Runtime/Interaction/Interactors/XRBaseInteractor.cs
 0.1 kb	 0.0% Packages/com.unity.xr.interaction.toolkit/Runtime/Interaction/Interactors/IXRRayProvider.cs
 0.1 kb	 0.0% Packages/com.unity.xr.interaction.toolkit/Runtime/Interaction/Interactors/IXRInteractor.cs
 0.1 kb	 0.0% Packages/com.unity.xr.interaction.toolkit/Runtime/Interaction/Interactors/IXRGroupMember.cs
 0.1 kb	 0.0% Packages/com.unity.xr.interaction.toolkit/Runtime/Interaction/Interactables/IXRInteractable.cs
 0.1 kb	 0.0% Packages/com.unity.xr.interaction.toolkit/Runtime/Interaction/Controllers/InteractionState.deprecated.cs
 0.1 kb	 0.0% Packages/com.unity.xr.interaction.toolkit/Runtime/AR/Interactors/ARGestureInteractor.cs
 0.1 kb	 0.0% Packages/com.unity.xr.interaction.toolkit/Runtime/AR/Interactables/ARScaleInteractable.cs
 0.1 kb	 0.0% Packages/com.unity.xr.core-utils/Runtime/CapabilityProfile/Dictionary/CustomCapabilityKeyAttribute.cs
 0.1 kb	 0.0% Packages/com.unity.inputsystem/InputSystem/State/IInputStateCallbackReceiver.cs
 0.1 kb	 0.0% Packages/com.unity.inputsystem/InputSystem/Plugins/InputForUI/InputSystemProvider.cs
 0.1 kb	 0.0% Packages/com.unity.inputsystem/InputSystem/Plugins/DualShock/DualShockGamepadHID.cs
 0.1 kb	 0.0% Packages/com.unity.inputsystem/InputSystem/Editor/UITKAssetEditor/Views/NameAndParametersListView.cs
 0.1 kb	 0.0% Packages/com.unity.inputsystem/InputSystem/Editor/UITKAssetEditor/Views/InputActionMapsTreeViewItem.cs
 0.1 kb	 0.0% Packages/com.unity.inputsystem/InputSystem/Editor/UITKAssetEditor/InputActionsEditorConstants.cs
 0.1 kb	 0.0% Packages/com.unity.inputsystem/InputSystem/Editor/Settings/InputSettingsBuildProvider.cs
 0.1 kb	 0.0% Packages/com.unity.inputsystem/InputSystem/Editor/Settings/EditorPlayerSettingHelpers.cs
 0.1 kb	 0.0% Packages/com.unity.inputsystem/InputSystem/Editor/PropertyDrawers/InputActionPropertyDrawer.cs
 0.1 kb	 0.0% Packages/com.unity.inputsystem/InputSystem/Editor/PropertyDrawers/GamepadButtonPropertyDrawer.cs
 0.1 kb	 0.0% Packages/com.unity.inputsystem/InputSystem/Editor/Internal/SerializedPropertyHelpers.cs
 0.1 kb	 0.0% Packages/com.unity.inputsystem/InputSystem/Editor/Internal/AdvancedDropdown/AdvancedDropdownDataSource.cs
 0.1 kb	 0.0% Packages/com.unity.inputsystem/InputSystem/Editor/InputSystemPackageControl.cs
 0.1 kb	 0.0% Packages/com.unity.inputsystem/InputSystem/Editor/Debugger/SampleFrequencyCalculator.cs
 0.1 kb	 0.0% Packages/com.unity.inputsystem/InputSystem/Editor/Debugger/InputDeviceDebuggerWindow.cs
 0.1 kb	 0.0% Packages/com.unity.inputsystem/InputSystem/Editor/Debugger/InputActionDebuggerWindow.cs
 0.1 kb	 0.0% Packages/com.unity.inputsystem/InputSystem/Editor/ControlPicker/InputControlPickerDropdown.cs
 0.1 kb	 0.0% Packages/com.unity.inputsystem/InputSystem/Editor/ControlPicker/IInputControlPickerLayout.cs
 0.1 kb	 0.0% Packages/com.unity.inputsystem/InputSystem/Editor/AssetImporter/InputActionImporterEditor.cs
 0.1 kb	 0.0% Packages/com.unity.inputsystem/InputSystem/Editor/AssetImporter/InputActionAssetIconLoader.cs
 0.1 kb	 0.0% Packages/com.unity.inputsystem/InputSystem/Editor/AssetEditor/InputBindingPropertiesView.cs
 0.1 kb	 0.0% Packages/com.unity.inputsystem/InputSystem/Editor/AssetEditor/InputActionPropertiesView.cs
 0.1 kb	 0.0% Packages/com.unity.inputsystem/InputSystem/Editor/Analytics/PlayerInputEditorAnalytic.cs
 0.1 kb	 0.0% Packages/com.unity.inputsystem/InputSystem/Editor/Analytics/OnScreenStickEditorAnalytic.cs
 0.1 kb	 0.0% Packages/com.unity.inputsystem/InputSystem/Editor/Analytics/InputExitPlayModeAnalytic.cs
 0.1 kb	 0.0% Packages/com.unity.inputsystem/InputSystem/Editor/Analytics/InputComponentEditorAnalytic.cs
 0.1 kb	 0.0% Packages/com.unity.inputsystem/InputSystem/Devices/IInputUpdateCallbackReceiver.cs
 0.1 kb	 0.0% Packages/com.unity.inputsystem/InputSystem/Devices/Commands/SetSamplingFrequencyCommand.cs
 0.1 kb	 0.0% Packages/com.unity.inputsystem/InputSystem/Devices/Commands/SetIMECursorPositionCommand.cs
 0.1 kb	 0.0% Packages/com.unity.inputsystem/InputSystem/Devices/Commands/QueryKeyboardLayoutCommand.cs
 0.1 kb	 0.0% Packages/com.unity.inputsystem/InputSystem/Devices/Commands/EnableIMECompositionCommand.cs
 0.1 kb	 0.0% Packages/com.unity.inputsystem/InputSystem/Controls/InputControlLayoutAttribute.cs
 0.1 kb	 0.0% Packages/com.unity.inputsystem/InputSystem/Actions/InputActionRebindingExtensions.cs
 0.1 kb	 0.0% Packages/com.unity.collections/Unity.Collections/UnsafeNotBurstCompatible.cs
 0.1 kb	 0.0% Packages/com.unity.ai.inference/Runtime/Tokenization/Truncators/ITruncator.cs
 0.1 kb	 0.0% Packages/com.unity.ai.inference/Runtime/Tokenization/Tokenizer.SequenceMerger.cs
 0.1 kb	 0.0% Packages/com.unity.ai.inference/Runtime/Tokenization/Tokenizer.PaddingOutput.cs
 0.1 kb	 0.0% Packages/com.unity.ai.inference/Runtime/Tokenization/Normalizers/INormalizer.cs
 0.1 kb	 0.0% Packages/com.unity.ai.inference/Runtime/Tokenization/Mappers/BpeMapper.Merger.cs
 0.1 kb	 0.0% Packages/com.unity.ai.inference/Runtime/Tokenization/Mappers/BpMapper.Symbol.cs
 0.1 kb	 0.0% Packages/com.unity.ai.inference/Runtime/Core/Compiler/Passes/GraphPassUtil.cs
 0.1 kb	 0.0% Packages/com.unity.ai.inference/Runtime/Core/Compiler/Passes/FuseDensePass.cs
 0.1 kb	 0.0% Packages/com.bytedance.pico.xr/Runtime/UISet/Scripts/Components/PXR_TabBarVisualController.cs
 0.1 kb	 0.0% Packages/com.bytedance.pico.xr/Runtime/UISet/Scripts/Components/PXR_SliderVisualController.cs
 0.1 kb	 0.0% Packages/com.bytedance.pico.xr/Runtime/UISet/Scripts/Components/PXR_SliderSegmentController.cs
 0.1 kb	 0.0% Packages/com.bytedance.pico.xr/Runtime/Scripts/SecureMR/Component/Tensor/PXR_SecureMRLocalTensorReference.cs
 0.1 kb	 0.0% Packages/com.bytedance.pico.xr/Runtime/Scripts/SecureMR/Component/Tensor/Data/PXR_SecureMRTextureTensorData.cs
 0.1 kb	 0.0% Packages/com.bytedance.pico.xr/Runtime/Scripts/SecureMR/Component/Pipeline/PXR_SecureMRPipelineExecuteAfter.cs
 0.1 kb	 0.0% Packages/com.bytedance.pico.xr/Runtime/Scripts/SecureMR/Component/Operator/PXR_SecureMRNmsOperatorConfig.cs
 0.1 kb	 0.0% Packages/com.unity.xr.legacyinputhelpers/Runtime/ArmModels/SwingArmModel.cs
 0.1 kb	 0.0% Packages/com.unity.xr.interaction.toolkit/Runtime/XRHelpURLConstants.cs
 0.1 kb	 0.0% Packages/com.unity.xr.interaction.toolkit/Runtime/Utilities/MatrixUtility.cs
 0.1 kb	 0.0% Packages/com.unity.xr.interaction.toolkit/Runtime/Utilities/Interaction/XRFilterUtility.cs
 0.1 kb	 0.0% Packages/com.unity.xr.interaction.toolkit/Runtime/Utilities/GradientUtility.cs
 0.1 kb	 0.0% Packages/com.unity.xr.interaction.toolkit/Runtime/Utilities/DisplayUtility.cs
 0.1 kb	 0.0% Packages/com.unity.xr.interaction.toolkit/Runtime/Utilities/Curves/CurveUtility.cs
 0.1 kb	 0.0% Packages/com.unity.xr.interaction.toolkit/Runtime/Utilities/BurstMathUtility.cs
 0.1 kb	 0.0% Packages/com.unity.xr.interaction.toolkit/Runtime/Utilities/BurstLerpUtility.cs
 0.1 kb	 0.0% Packages/com.unity.xr.interaction.toolkit/Runtime/Utilities/BurstGazeUtility.cs
 0.1 kb	 0.0% Packages/com.unity.xr.interaction.toolkit/Runtime/Locomotion/Legacy/SnapTurnProviderBase.cs
 0.1 kb	 0.0% Packages/com.unity.xr.interaction.toolkit/Runtime/Locomotion/Jump/JumpProvider.cs
 0.1 kb	 0.0% Packages/com.unity.xr.interaction.toolkit/Runtime/Interaction/XRInteractionManager.cs
 0.1 kb	 0.0% Packages/com.unity.xr.interaction.toolkit/Runtime/Interaction/Layers/InteractionLayerMask.cs
 0.1 kb	 0.0% Packages/com.unity.xr.interaction.toolkit/Runtime/Interaction/Filtering/Target/Filters/XRTargetFilter.cs
 0.1 kb	 0.0% Packages/com.unity.xr.interaction.toolkit/Runtime/Interaction/Filtering/Target/Filters/IXRTargetFilter.cs
 0.1 kb	 0.0% Packages/com.unity.xr.interaction.toolkit/Runtime/Interaction/Filtering/Select/IXRSelectFilter.cs
 0.1 kb	 0.0% Packages/com.unity.xr.interaction.toolkit/Runtime/Interaction/Filtering/Poke/PokeStateData.cs
 0.1 kb	 0.0% Packages/com.unity.xr.interaction.toolkit/Runtime/Interaction/Filtering/Poke/IXRPokeFilter.cs
 0.1 kb	 0.0% Packages/com.unity.xr.interaction.toolkit/Runtime/Interaction/Filtering/Hover/IXRHoverFilter.cs
 0.1 kb	 0.0% Packages/com.unity.xr.interaction.toolkit/Runtime/Interaction/Controllers/XRControllerState.cs
 0.1 kb	 0.0% Packages/com.unity.xr.interaction.toolkit/Runtime/Interaction/Controllers/XRControllerRecorder.cs
 0.1 kb	 0.0% Packages/com.unity.xr.interaction.toolkit/Runtime/Inputs/ScrollUtility.cs
 0.1 kb	 0.0% Packages/com.unity.xr.interaction.toolkit/Runtime/Inputs/CardinalUtility.cs
 0.1 kb	 0.0% Packages/com.unity.xr.core-utils/Runtime/Datums/AnimationCurveDatumProperty.cs
 0.1 kb	 0.0% Packages/com.unity.xr.core-utils/Runtime/Attributes/ScriptableSettingsPathAttribute.cs
 0.1 kb	 0.0% Packages/com.unity.ugui/Runtime/UGUI/EventSystem/UIElements/UIToolkitInteroperabilityBridge.cs
 0.1 kb	 0.0% Packages/com.unity.multiplayer.center/Common/IOnboardingSection.cs
 0.1 kb	 0.0% Packages/com.unity.inputsystem/InputSystem/Utilities/Observables/ForDeviceEventObservable.cs
 0.1 kb	 0.0% Packages/com.unity.inputsystem/InputSystem/Plugins/XR/Haptics/SendHapticImpulseCommand.cs
 0.1 kb	 0.0% Packages/com.unity.inputsystem/InputSystem/Plugins/Android/AndroidSensors.cs
 0.1 kb	 0.0% Packages/com.unity.inputsystem/InputSystem/Editor/AssetEditor/NameAndParameterListView.cs
 0.1 kb	 0.0% Packages/com.unity.inputsystem/InputSystem/Controls/Processors/StickDeadzoneProcessor.cs
 0.1 kb	 0.0% Packages/com.unity.inputsystem/InputSystem/Controls/Processors/ScaleVector3Processor.cs
 0.1 kb	 0.0% Packages/com.unity.inputsystem/InputSystem/Controls/Processors/ScaleVector2Processor.cs
 0.1 kb	 0.0% Packages/com.unity.inputsystem/InputSystem/Controls/Processors/InvertVector3Processor.cs
 0.1 kb	 0.0% Packages/com.unity.inputsystem/InputSystem/Controls/Processors/InvertVector2Processor.cs
 0.1 kb	 0.0% Packages/com.unity.inputsystem/InputSystem/Controls/Processors/AxisDeadzoneProcessor.cs
 0.1 kb	 0.0% Packages/com.unity.inputsystem/InputSystem/Actions/Composites/TwoModifiersComposite.cs
 0.1 kb	 0.0% Packages/com.unity.inputsystem/InputSystem/Actions/Composites/ButtonWithTwoModifiers.cs
 0.1 kb	 0.0% Packages/com.unity.inputsystem/InputSystem/Actions/Composites/ButtonWithOneModifier.cs
 0.1 kb	 0.0% Packages/com.unity.collections/Unity.Collections/UnsafeScratchAllocator.cs
 0.1 kb	 0.0% Packages/com.unity.collections/Unity.Collections/NativeParallelHashMapExtensions.cs
 0.1 kb	 0.0% Packages/com.unity.ai.inference/Runtime/Tokenization/Utf8CharSplitter.cs
 0.1 kb	 0.0% Packages/com.unity.ai.inference/Runtime/Tokenization/SubString.Comparer.cs
 0.1 kb	 0.0% Packages/com.unity.ai.inference/Runtime/Tokenization/Padding/RightPadding.cs
 0.1 kb	 0.0% Packages/com.unity.ai.inference/Runtime/Tokenization/Padding/LeftPadding.cs
 0.1 kb	 0.0% Packages/com.unity.ai.inference/Runtime/Tokenization/Mappers/MergePair.cs
 0.1 kb	 0.0% Packages/com.unity.ai.inference/Runtime/Tokenization/Mappers/BpeMapper.cs
 0.1 kb	 0.0% Packages/com.unity.ai.inference/Runtime/Tokenization/Decoders/StripDecoder.cs
 0.1 kb	 0.0% Packages/com.unity.ai.inference/Runtime/Tokenization/Decoders/FuseDecoder.cs
 0.1 kb	 0.0% Packages/com.unity.ai.inference/Runtime/Tokenization/Decoders/BpeDecoder.cs
 0.1 kb	 0.0% Packages/com.unity.ai.inference/Runtime/Tokenization/ByteLevelHelper.cs
 0.1 kb	 0.0% Packages/com.unity.ai.inference/Runtime/Tokenization/AddedVocabulary.cs
 0.1 kb	 0.0% Packages/com.unity.ai.inference/Runtime/Core/Serialization/FlatBuffers/IFlatbufferObject.cs
 0.1 kb	 0.0% Packages/com.unity.ai.inference/Runtime/Core/Serialization/FlatBuffers/FlatBufferConstants.cs
 0.1 kb	 0.0% Packages/com.unity.ai.inference/Runtime/Core/Serialization/FlatBuffers/FlatBufferBuilder.cs
 0.1 kb	 0.0% Packages/com.unity.ai.inference/Runtime/Core/Compiler/Passes/RemoveUnusedPass.cs
 0.1 kb	 0.0% Packages/com.unity.ai.inference/Runtime/Core/Compiler/Passes/RemoveNoOpsPass.cs
 0.1 kb	 0.0% Packages/com.unity.ai.inference/Runtime/Core/Compiler/Analyser/GraphLogicAnalysis.cs
 0.1 kb	 0.0% Packages/com.bytedance.pico.xr/SpatialAudio/Runtime/PXR_Audio_Spatializer_SceneMaterial.cs
 0.1 kb	 0.0% Packages/com.bytedance.pico.xr/SpatialAudio/Runtime/PXR_Audio_Spatializer_SceneGeometry.cs
 0.1 kb	 0.0% Packages/com.bytedance.pico.xr/SpatialAudio/Runtime/PXR_Audio_Spatializer_AudioSource.cs
 0.1 kb	 0.0% Packages/com.bytedance.pico.xr/SpatialAudio/Runtime/PXR_Audio_Spatializer_AudioListener.cs
 0.1 kb	 0.0% Packages/com.bytedance.pico.xr/Runtime/Scripts/SecureMR/Utils/PXR_SpatialMLSceneGraphTransform.cs
 0.1 kb	 0.0% Packages/com.bytedance.pico.xr/Runtime/Scripts/SecureMR/Utils/PXR_SpatialMLPipelineZooTypes.cs
 0.1 kb	 0.0% Packages/com.bytedance.pico.xr/Runtime/Scripts/SecureMR/Utils/PXR_SpatialMLPipelineZooAsset.cs
 0.1 kb	 0.0% Packages/com.bytedance.pico.xr/Runtime/Scripts/Controller/PXR_ControllerWithHandAnimator.cs
 0.1 kb	 0.0% Packages/com.bytedance.pico.xr/Runtime/Debugger/Scripts/UI/Inspector/PXR_SideItemToggleController.cs
 0.1 kb	 0.0% Packages/com.bytedance.pico.xr/Runtime/Debugger/Scripts/UI/Inspector/PXR_InspectorTransformVisual.cs
 0.1 kb	 0.0% Packages/com.bytedance.pico.xr/Runtime/BuildingBlocks/PXRSample_SpatialAnchorManager.cs
 0.1 kb	 0.0% Packages/com.bytedance.pico.xr/Enterprise/Scripts/Model/LargeSpaceQuickModeInfo.cs
 0.1 kb	 0.0% Packages/com.bytedance.pico.xr/Enterprise/Scripts/Interfaces/WifiDisplayModelCallback.cs
 0.1 kb	 0.0% Packages/com.bytedance.pico.xr/CameraPack/Scripts/PXR_CamTextureManager.cs
 0.1 kb	 0.0% Packages/com.bytedance.pico.xr/Assets/Resources/Hand/HandPose/Materials/HPE_head_fade.mat
 0.1 kb	 0.0% Packages/com.bytedance.pico.xr/Assets/Resources/Hand/HandPose/Materials/Floor.mat
 0.1 kb	 0.0% Packages/com.unity.xr.openxr/Runtime/NativeTypes/XR_EXT_spatial_marker_tracking/Structs/XrSpatialMarkerSizeEXT.cs
 0.1 kb	 0.0% Packages/com.unity.xr.openxr/Runtime/NativeTypes/XR_EXT_spatial_marker_tracking/Structs/XrSpatialMarkerDataEXT.cs
 0.1 kb	 0.0% Packages/com.unity.xr.openxr/Runtime/NativeTypes/XR_EXT_future/Structs/XrFuturePollResultEXT.cs
 0.1 kb	 0.0% Packages/com.unity.xr.openxr/Runtime/NativeTypes/XR_EXT_future/Structs/XrFutureCompletionEXT.cs
 0.1 kb	 0.0% Packages/com.unity.xr.openxr/Runtime/NativeTypes/XR_EXT_future/Structs/XrFutureCancelInfoEXT.cs
 0.1 kb	 0.0% Packages/com.unity.xr.openxr/Runtime/NativeTypes/Core/XrSwapchainCreateInfo.cs
 0.1 kb	 0.0% Packages/com.unity.xr.openxr/Runtime/NativeTypes/Core/XrEventDataBaseHeader.cs
 0.1 kb	 0.0% Packages/com.unity.xr.openxr/Runtime/Features/Interactions/PalmPoseInteraction.cs
 0.1 kb	 0.0% Packages/com.unity.xr.openxr/Runtime/Features/Interactions/EyeGazeInteraction.cs
 0.1 kb	 0.0% Packages/com.unity.xr.legacyinputhelpers/Runtime/TrackedPoseDriver/BasePoseProvider.cs
 0.1 kb	 0.0% Packages/com.unity.xr.interaction.toolkit/Runtime/XR/InputHelpers.deprecated.cs
 0.1 kb	 0.0% Packages/com.unity.xr.interaction.toolkit/Runtime/UI/XRUIInputModule.cs
 0.1 kb	 0.0% Packages/com.unity.xr.interaction.toolkit/Runtime/UI/UIInputModule.cs
 0.1 kb	 0.0% Packages/com.unity.xr.interaction.toolkit/Runtime/UI/NavigationModel.cs
 0.1 kb	 0.0% Packages/com.unity.xr.interaction.toolkit/Runtime/UI/IUIModelUpdater.cs
 0.1 kb	 0.0% Packages/com.unity.xr.interaction.toolkit/Runtime/UI/CanvasTracker.cs
 0.1 kb	 0.0% Packages/com.unity.xr.interaction.toolkit/Runtime/UI/CanvasOptimizer.cs
 0.1 kb	 0.0% Packages/com.unity.xr.interaction.toolkit/Runtime/Interaction/Interactables/DistanceInfo.cs
 0.1 kb	 0.0% Packages/com.unity.xr.interaction.toolkit/Runtime/Interaction/Gaze/XRGazeAssistance.cs
 0.1 kb	 0.0% Packages/com.unity.xr.core-utils/Runtime/CapabilityProfile/Dictionary/StandardCapabilityKeys.cs
 0.1 kb	 0.0% Packages/com.unity.ugui/Runtime/TMP/TMP_SpriteAssetImportFormats.cs
 0.1 kb	 0.0% Packages/com.unity.multiplayer.center/Common/StyleConstants.cs
 0.1 kb	 0.0% Packages/com.unity.inputsystem/InputSystem/State/IInputStateChangeMonitor.cs
 0.1 kb	 0.0% Packages/com.unity.inputsystem/InputSystem/Plugins/iOS/IOSGameController.cs
 0.1 kb	 0.0% Packages/com.unity.inputsystem/InputSystem/Plugins/Users/InputUserAccountHandle.cs
 0.1 kb	 0.0% Packages/com.unity.inputsystem/InputSystem/Plugins/Switch/SwitchProControllerHID.cs
 0.1 kb	 0.0% Packages/com.unity.inputsystem/InputSystem/Plugins/PlayerInput/PlayerInputManagerEditor.cs
 0.1 kb	 0.0% Packages/com.unity.inputsystem/InputSystem/Plugins/OSX/OSXGameController.cs
 0.1 kb	 0.0% Packages/com.unity.inputsystem/InputSystem/Plugins/EnhancedTouch/EnhancedTouchSupport.cs
 0.1 kb	 0.0% Packages/com.unity.inputsystem/InputSystem/Events/DeviceConfigurationEvent.cs
 0.1 kb	 0.0% Packages/com.unity.inputsystem/InputSystem/Editor/UITKAssetEditor/Views/VisualElementExtensions.cs
 0.1 kb	 0.0% Packages/com.unity.inputsystem/InputSystem/Editor/UITKAssetEditor/Views/InputActionsTreeViewItem.cs
 0.1 kb	 0.0% Packages/com.unity.inputsystem/InputSystem/Editor/UITKAssetEditor/Views/InputActionsEditorView.cs
 0.1 kb	 0.0% Packages/com.unity.inputsystem/InputSystem/Editor/UITKAssetEditor/Views/BindingPropertiesView.cs
 0.1 kb	 0.0% Packages/com.unity.inputsystem/InputSystem/Editor/UITKAssetEditor/SerializedInputBinding.cs
 0.1 kb	 0.0% Packages/com.unity.inputsystem/InputSystem/Editor/UITKAssetEditor/SerializedInputActionMap.cs
 0.1 kb	 0.0% Packages/com.unity.inputsystem/InputSystem/Editor/UITKAssetEditor/SerializedInputAction.cs
 0.1 kb	 0.0% Packages/com.unity.inputsystem/InputSystem/Editor/UITKAssetEditor/InputActionsEditorWindow.cs
 0.1 kb	 0.0% Packages/com.unity.inputsystem/InputSystem/Editor/UITKAssetEditor/InputActionsEditorState.cs
 0.1 kb	 0.0% Packages/com.unity.inputsystem/InputSystem/Editor/UITKAssetEditor/Commands/ControlSchemeCommands.cs
 0.1 kb	 0.0% Packages/com.unity.inputsystem/InputSystem/Editor/Settings/InputSettingsProvider.cs
 0.1 kb	 0.0% Packages/com.unity.inputsystem/InputSystem/Editor/Settings/InputEditorUserSettings.cs
 0.1 kb	 0.0% Packages/com.unity.inputsystem/InputSystem/Editor/PropertyDrawers/InputControlPathDrawer.cs
 0.1 kb	 0.0% Packages/com.unity.inputsystem/InputSystem/Editor/PropertyDrawers/InputActionDrawerBase.cs
 0.1 kb	 0.0% Packages/com.unity.inputsystem/InputSystem/Editor/PropertyDrawers/InputActionAssetDrawer.cs
 0.1 kb	 0.0% Packages/com.unity.inputsystem/InputSystem/Editor/ProjectWideActions/ProjectWideActionsAsset.cs
 0.1 kb	 0.0% Packages/com.unity.inputsystem/InputSystem/Editor/Internal/AdvancedDropdown/AdvancedDropdownWindow.cs
 0.1 kb	 0.0% Packages/com.unity.inputsystem/InputSystem/Editor/Internal/AdvancedDropdown/AdvancedDropdownState.cs
 0.1 kb	 0.0% Packages/com.unity.inputsystem/InputSystem/Editor/InputSystemPluginControl.cs
 0.1 kb	 0.0% Packages/com.unity.inputsystem/InputSystem/Editor/InputLayoutCodeGenerator.cs
 0.1 kb	 0.0% Packages/com.unity.inputsystem/InputSystem/Editor/InputAssetEditorUtils.cs
 0.1 kb	 0.0% Packages/com.unity.inputsystem/InputSystem/Editor/Debugger/InputLatencyCalculator.cs
 0.1 kb	 0.0% Packages/com.unity.inputsystem/InputSystem/Editor/ControlPicker/InputControlPickerState.cs
 0.1 kb	 0.0% Packages/com.unity.inputsystem/InputSystem/Editor/ControlPicker/InputControlPathEditor.cs
 0.1 kb	 0.0% Packages/com.unity.inputsystem/InputSystem/Editor/ControlPicker/InputControlDropdownItem.cs
 0.1 kb	 0.0% Packages/com.unity.inputsystem/InputSystem/Editor/AssetImporter/InputActionCodeGenerator.cs
 0.1 kb	 0.0% Packages/com.unity.inputsystem/InputSystem/Editor/AssetImporter/InputActionAssetEditor.cs
 0.1 kb	 0.0% Packages/com.unity.inputsystem/InputSystem/Editor/AssetImporter/IInputActionAssetEditor.cs
 0.1 kb	 0.0% Packages/com.unity.inputsystem/InputSystem/Editor/AssetEditor/InputActionAssetManager.cs
 0.1 kb	 0.0% Packages/com.unity.inputsystem/InputSystem/Devices/Remote/RemoteInputPlayerConnection.cs
 0.1 kb	 0.0% Packages/com.unity.inputsystem/InputSystem/Devices/InputDeviceDescription.cs
 0.1 kb	 0.0% Packages/com.unity.inputsystem/InputSystem/Devices/Haptics/DualMotorRumbleCommand.cs
 0.1 kb	 0.0% Packages/com.unity.inputsystem/InputSystem/Devices/Commands/WarpMousePositionCommand.cs
 0.1 kb	 0.0% Packages/com.unity.inputsystem/InputSystem/Devices/Commands/QueryEnabledStateCommand.cs
 0.1 kb	 0.0% Packages/com.unity.inputsystem/InputSystem/Devices/Commands/QueryDimensionsCommand.cs
 0.1 kb	 0.0% Packages/com.unity.inputsystem/InputSystem/Devices/Commands/QueryCanRunInBackground.cs
 0.1 kb	 0.0% Packages/com.unity.inputsystem/InputSystem/Devices/Commands/IInputDeviceCommandInfo.cs
 0.1 kb	 0.0% Packages/com.unity.inputsystem/InputSystem/Controls/InputControlAttribute.cs
 0.1 kb	 0.0% Packages/com.unity.inputsystem/InputSystem/Controls/DiscreteButtonControl.cs
 0.1 kb	 0.0% Packages/com.unity.inputsystem/InputSystem/Actions/InputBindingCompositeContext.cs
 0.1 kb	 0.0% Packages/com.unity.inputsystem/InputSystem/Actions/InputActionSetupExtensions.cs
 0.1 kb	 0.0% Packages/com.unity.inputsystem/InputSystem/Actions/InputActionParameters.cs
 0.1 kb	 0.0% Packages/com.unity.collections/Unity.Collections/UnsafeAtomicCounter.cs
 0.1 kb	 0.0% Packages/com.unity.ai.inference/Runtime/Tokenization/Direction.cs
 0.1 kb	 0.0% Packages/com.unity.ai.inference/Runtime/Core/Graph/GraphModuleExtensions.cs
 0.1 kb	 0.0% Packages/com.unity.ai.inference/Runtime/Core/Compiler/Validation/IValidationPass.cs
 0.1 kb	 0.0% Packages/com.unity.ai.inference/Runtime/Core/Compiler/Passes/ValidatePasses.cs
 0.1 kb	 0.0% Packages/com.bytedance.pico.xr/SpatialAudio/Runtime/PXR_Audio_Spatializer_Types.cs
 0.1 kb	 0.0% Packages/com.bytedance.pico.xr/Runtime/Scripts/SecureMR/Component/Tensor/PXR_SecureMRTensorMetadata.cs
 0.1 kb	 0.0% Packages/com.bytedance.pico.xr/Runtime/Scripts/SecureMR/Component/Tensor/PXR_SecureMRTensorMapping.cs
 0.1 kb	 0.0% Packages/com.bytedance.pico.xr/Runtime/Scripts/SecureMR/Component/Tensor/PXR_SecureMRPipelineTensor.cs
 0.1 kb	 0.0% Packages/com.bytedance.pico.xr/Runtime/Scripts/SecureMR/Component/Tensor/Data/PXR_SecureMRUShortTensorData.cs
 0.1 kb	 0.0% Packages/com.bytedance.pico.xr/Runtime/Scripts/SecureMR/Component/Tensor/Data/PXR_SecureMRIntTensorData.cs
 0.1 kb	 0.0% Packages/com.bytedance.pico.xr/Runtime/Scripts/SecureMR/Component/Tensor/Data/PXR_SecureMRFloatTensorData.cs
 0.1 kb	 0.0% Packages/com.bytedance.pico.xr/Runtime/Scripts/SecureMR/Component/Tensor/Data/PXR_SecureMRFileTensorData.cs
 0.1 kb	 0.0% Packages/com.bytedance.pico.xr/Runtime/Scripts/SecureMR/Component/Tensor/Data/PXR_SecureMRByteTensorData.cs
 0.1 kb	 0.0% Packages/com.bytedance.pico.xr/Runtime/Scripts/SecureMR/Component/Pipeline/PXR_SecureMRPipelineRunner.cs
 0.1 kb	 0.0% Packages/com.bytedance.pico.xr/Runtime/Scripts/SecureMR/Component/Pipeline/PXR_SecureMRPipelineExecute.cs
 0.1 kb	 0.0% Packages/com.bytedance.pico.xr/Runtime/Scripts/SecureMR/Component/Operator/PXR_SecureMROperatorConfig.cs
 0.1 kb	 0.0% Packages/com.bytedance.pico.xr/Platform/Scripts/Framework/PXR_PlatformSetting.cs
 0.1 kb	 0.0% Packages/com.unity.xr.openxr/Runtime/MockRuntime/MockRuntime.cs
 0.1 kb	 0.0% Packages/com.unity.xr.openxr/Runtime/Features/OpenXRInteractionFeature.cs
 0.1 kb	 0.0% Packages/com.unity.xr.openxr/Runtime/Features/OpenXRFeatureAttribute.cs
 0.1 kb	 0.0% Packages/com.unity.xr.openxr/Runtime/Features/FoveatedRenderingFeature.cs
 0.1 kb	 0.0% Packages/com.unity.xr.openxr/Runtime/AdditiveActionsAnalytics.cs
 0.1 kb	 0.0% Packages/com.unity.xr.management/Runtime/XRManagementAnalytics.cs
 0.1 kb	 0.0% Packages/com.unity.xr.management/Runtime/XRConfigurationData.cs
 0.1 kb	 0.0% Packages/com.unity.xr.legacyinputhelpers/Runtime/TrackedPoseDriver/TrackedPoseDriver.cs
 0.1 kb	 0.0% Packages/com.unity.xr.legacyinputhelpers/Runtime/CameraOffset.cs
 0.1 kb	 0.0% Packages/com.unity.xr.interaction.toolkit/Runtime/XR/SortingHelpers.cs
 0.1 kb	 0.0% Packages/com.unity.xr.interaction.toolkit/Runtime/Utilities/ProjectPath.cs
 0.1 kb	 0.0% Packages/com.unity.xr.interaction.toolkit/Runtime/Locomotion/Legacy/LocomotionSystem.cs
 0.1 kb	 0.0% Packages/com.unity.xr.interaction.toolkit/Runtime/Interaction/Filtering/Poke/XRPokeLogic.cs
 0.1 kb	 0.0% Packages/com.unity.xr.interaction.toolkit/Runtime/Interaction/Filtering/Poke/XRPokeFilter.cs
 0.1 kb	 0.0% Packages/com.unity.xr.interaction.toolkit/Runtime/Interaction/Controllers/XRBaseController.cs
 0.1 kb	 0.0% Packages/com.unity.xr.interaction.toolkit/Runtime/Interaction/Controllers/InteractionState.cs
 0.1 kb	 0.0% Packages/com.unity.ugui/Runtime/UGUI/UI/Core/Layout/HorizontalOrVerticalLayoutGroup.cs
 0.1 kb	 0.0% Packages/com.unity.inputsystem/InputSystem/Utilities/NameAndParameters.cs
 0.1 kb	 0.0% Packages/com.unity.inputsystem/InputSystem/Utilities/CSharpCodeHelpers.cs
 0.1 kb	 0.0% Packages/com.unity.inputsystem/InputSystem/Plugins/UI/TrackedDeviceRaycaster.cs
 0.1 kb	 0.0% Packages/com.unity.inputsystem/InputSystem/Plugins/UI/MultiplayerEventSystem.cs
 0.1 kb	 0.0% Packages/com.unity.inputsystem/InputSystem/Plugins/UI/InputSystemUIInputModule.cs
 0.1 kb	 0.0% Packages/com.unity.inputsystem/InputSystem/Plugins/UI/ExtendedPointerEventData.cs
 0.1 kb	 0.0% Packages/com.unity.inputsystem/InputSystem/Plugins/UI/ExtendedAxisEventData.cs
 0.1 kb	 0.0% Packages/com.unity.inputsystem/InputSystem/Plugins/HID/HIDDescriptorWindow.cs
 0.1 kb	 0.0% Packages/com.unity.inputsystem/InputSystem/Plugins/DualShock/IDualShockHaptics.cs
 0.1 kb	 0.0% Packages/com.unity.inputsystem/InputSystem/Editor/AssetEditor/ParameterListView.cs
 0.1 kb	 0.0% Packages/com.unity.inputsystem/InputSystem/Editor/AssetEditor/InputActionTreeViewItems.cs
 0.1 kb	 0.0% Packages/com.unity.inputsystem/InputSystem/Controls/Processors/NormalizeProcessor.cs
 0.1 kb	 0.0% Packages/com.unity.inputsystem/InputSystem/Actions/Interactions/SlowTapInteraction.cs
 0.1 kb	 0.0% Packages/com.unity.inputsystem/InputSystem/Actions/Interactions/MultiTapInteraction.cs
 0.1 kb	 0.0% Packages/com.unity.inputsystem/InputSystem/Actions/Composites/OneModifierComposite.cs
 0.1 kb	 0.0% Packages/com.unity.collections/Unity.Collections/UnsafeUtilityEx.cs
 0.1 kb	 0.0% Packages/com.unity.collections/Unity.Collections/UnsafeAppendBuffer.cs
 0.1 kb	 0.0% Packages/com.unity.collections/Unity.Collections/NativeParallelHashSetExtensions.gen.cs
 0.1 kb	 0.0% Packages/com.unity.collections/Unity.Collections/Jobs/RegisterGenericJobTypeAttribute.cs
 0.1 kb	 0.0% Packages/com.unity.collections/Unity.Collections/DoubleRewindableAllocators.cs
 0.1 kb	 0.0% Packages/com.unity.collections/Unity.Collections/DataStreamExtensions.cs
 0.1 kb	 0.0% Packages/com.unity.ai.inference/Runtime/Tokenization/Tokenizer.cs
 0.1 kb	 0.0% Packages/com.unity.ai.inference/Runtime/Tokenization/SubString.cs
 0.1 kb	 0.0% Packages/com.unity.ai.inference/Runtime/Tokenization/Padding/IPadding.cs
 0.1 kb	 0.0% Packages/com.unity.ai.inference/Runtime/Tokenization/Mappers/IMapper.cs
 0.1 kb	 0.0% Packages/com.unity.ai.inference/Runtime/Tokenization/ITokenizer.cs
 0.1 kb	 0.0% Packages/com.unity.ai.inference/Runtime/Tokenization/IEncoding.cs
 0.1 kb	 0.0% Packages/com.unity.ai.inference/Runtime/Tokenization/Gpt2Splitter.cs
 0.1 kb	 0.0% Packages/com.unity.ai.inference/Runtime/Tokenization/Decoders/IDecoder.cs
 0.1 kb	 0.0% Packages/com.unity.ai.inference/Runtime/Core/SourceGenerator/SourceGeneratorAttributes.cs
 0.1 kb	 0.0% Packages/com.unity.ai.inference/Runtime/Core/ShapeInference/TensorShapeInferenceHelper.cs
 0.1 kb	 0.0% Packages/com.unity.ai.inference/Runtime/Core/ShapeInference/PartialInferenceContext.cs
 0.1 kb	 0.0% Packages/com.unity.ai.inference/Runtime/Core/Serialization/FlatBuffers/ByteBufferUtil.cs
 0.1 kb	 0.0% Packages/com.unity.ai.inference/Runtime/Core/Quantization/QuantizeConstantsPass.cs
 0.1 kb	 0.0% Packages/com.unity.ai.inference/Runtime/Core/Layers/Layer.ObjectDetection.cs
 0.1 kb	 0.0% Packages/com.unity.ai.inference/Runtime/Core/Internals/ModelAssetWeightsData.cs
 0.1 kb	 0.0% Packages/com.unity.ai.inference/Runtime/Core/Functional/Functional.NN.NonLinearActivation.cs
 0.1 kb	 0.0% Packages/com.unity.ai.inference/Runtime/Core/BurstJobsQuantizeTensor.cs
 0.1 kb	 0.0% Packages/com.unity.ai.inference/Runtime/Core/Backends/GPUCompute/ComputeHelper.ComputeFunctions.cs
 0.1 kb	 0.0% Packages/com.unity.ai.inference/Runtime/Core/Backends/CPUFallbackCalculator.cs
 0.1 kb	 0.0% Packages/com.bytedance.pico.xr/SpatialAudio/Runtime/PXR_Audio_Spatializer_Context.cs
 0.1 kb	 0.0% Packages/com.bytedance.pico.xr/Runtime/Subsystem/PXR_ARCameraEffectManager.cs
 0.1 kb	 0.0% Packages/com.bytedance.pico.xr/Runtime/Scripts/Utils/PXR_HapticParametricPlugin.cs
 0.1 kb	 0.0% Packages/com.bytedance.pico.xr/Runtime/Scripts/Utils/PXR_FacialSimulationPlugin.cs
 0.1 kb	 0.0% Packages/com.bytedance.pico.xr/Runtime/Scripts/SensePack/PXR_SpatialMeshColorSetting.cs
 0.1 kb	 0.0% Packages/com.bytedance.pico.xr/Runtime/Scripts/SensePack/PXR_PlaneDetectionManager.cs
 0.1 kb	 0.0% Packages/com.bytedance.pico.xr/Runtime/Scripts/SensePack/PXR_LightEstimationManager.cs
 0.1 kb	 0.0% Packages/com.bytedance.pico.xr/Runtime/Scripts/SensePack/PXR_EnvironmentDepthManager.cs
 0.1 kb	 0.0% Packages/com.bytedance.pico.xr/Runtime/Scripts/PXR_CompositionLayerManager.cs
 0.1 kb	 0.0% Packages/com.bytedance.pico.xr/Runtime/Debugger/Scripts/UI/Log/PXR_LogMessageController.cs
 0.1 kb	 0.0% Packages/com.bytedance.pico.xr/Runtime/Debugger/Scripts/UI/Inspector/PXR_InspectorController.cs
 0.1 kb	 0.0% Packages/com.bytedance.pico.xr/Runtime/Debugger/Scripts/Tools/PXR_Tool_TimerController.cs
 0.1 kb	 0.0% Packages/com.bytedance.pico.xr/Runtime/Debugger/Scripts/Core/PXR_PicoDebuggerManager.cs
 0.1 kb	 0.0% Packages/com.bytedance.pico.xr/Runtime/Debugger/Scripts/Core/PXR_DebuggerInputManager.cs
 0.1 kb	 0.0% Packages/com.bytedance.pico.xr/Runtime/BuildingBlocks/PXR_BodyTrackingDebugBlock.cs
 0.1 kb	 0.0% Packages/com.bytedance.pico.xr/Enterprise/Scripts/Plugin/PXR_EnterpriseTools.cs
 0.1 kb	 0.0% Packages/com.bytedance.pico.xr/Enterprise/Scripts/Plugin/PXR_EnterprisePlugin.cs
 0.1 kb	 0.0% Packages/com.bytedance.pico.xr/Enterprise/Scripts/Model/WifiConfiguration.cs
 0.1 kb	 0.0% Packages/com.bytedance.pico.xr/Enterprise/Scripts/Model/LargeSpaceBoundsInfo.cs
 0.1 kb	 0.0% Packages/com.bytedance.pico.xr/Enterprise/Scripts/Interfaces/SystemUpdateCallback.cs
 0.1 kb	 0.0% Packages/com.bytedance.pico.xr/Enterprise/Scripts/Interfaces/MarkerInfoCallback.cs
 0.1 kb	 0.0% Packages/com.bytedance.pico.xr/Enterprise/Scripts/Enums/PicoCastMediaFormat.cs
 0.1 kb	 0.0% Packages/com.bytedance.pico.xr/CameraPack/Scripts/CameraPackSetting.cs
 0.1 kb	 0.0% Assets/SpatialTowerDefense/Settings/InputSystemSettings.asset
 0.1 kb	 0.0% Packages/com.unity.xr.openxr/Runtime/OpenXRColorSubmissonModeList.cs
 0.1 kb	 0.0% Packages/com.unity.xr.openxr/Runtime/NativeTypes/XR_EXT_spatial_entity/Structs/XrSpatialBufferEXT.cs
 0.1 kb	 0.0% Packages/com.unity.xr.openxr/Runtime/NativeTypes/XR_EXT_spatial_entity/Structs/Components/XrSpatialMeshDataEXT.cs
 0.1 kb	 0.0% Packages/com.unity.xr.openxr/Runtime/NativeTypes/XR_EXT_future/Structs/XrFuturePollInfoEXT.cs
 0.1 kb	 0.0% Packages/com.unity.xr.openxr/Runtime/NativeTypes/OpenXRResultStatus.cs
 0.1 kb	 0.0% Packages/com.unity.xr.openxr/Runtime/NativeTypes/Core/XrBaseInStructure.cs
 0.1 kb	 0.0% Packages/com.unity.xr.openxr/Runtime/Features/Interactions/DPadInteraction.cs
 0.1 kb	 0.0% Packages/com.unity.xr.interaction.toolkit/Runtime/UI/TouchModel.cs
 0.1 kb	 0.0% Packages/com.unity.xr.interaction.toolkit/Runtime/UI/PointerModel.cs
 0.1 kb	 0.0% Packages/com.unity.xr.interaction.toolkit/Runtime/UI/LazyFollow.cs
 0.1 kb	 0.0% Packages/com.unity.xr.interaction.toolkit/Runtime/Interaction/Gaze/IXRAimAssist.cs
 0.1 kb	 0.0% Packages/com.unity.xr.core-utils/Runtime/CapabilityProfile/Dictionary/ICapabilityModifier.cs
 0.1 kb	 0.0% Packages/com.unity.xr.core-utils/Runtime/CapabilityProfile/Dictionary/CapabilityDictionary.cs
 0.1 kb	 0.0% Packages/com.unity.xr.core-utils/Runtime/CapabilityProfile/CapabilityProfile.cs
 0.1 kb	 0.0% Packages/com.unity.xr.core-utils/Runtime/Attributes/FlagsPropertyAttribute.cs
 0.1 kb	 0.0% Packages/com.unity.ugui/Runtime/TMP/TMP_DynamicFontAssetUtilities.cs
 0.1 kb	 0.0% Packages/com.unity.inputsystem/InputSystem/Utilities/Comparers.cs
 0.1 kb	 0.0% Packages/com.unity.inputsystem/InputSystem/State/InputStateHistory.cs
 0.1 kb	 0.0% Packages/com.unity.inputsystem/InputSystem/State/InputStateBuffers.cs
 0.1 kb	 0.0% Packages/com.unity.inputsystem/InputSystem/State/IInputStateTypeInfo.cs
 0.1 kb	 0.0% Packages/com.unity.inputsystem/InputSystem/Plugins/iOS/InputSettingsiOSProvider.cs
 0.1 kb	 0.0% Packages/com.unity.inputsystem/InputSystem/Plugins/Users/InputUserSettings.cs
 0.1 kb	 0.0% Packages/com.unity.inputsystem/InputSystem/Plugins/PlayerInput/PlayerInputEditor.cs
 0.1 kb	 0.0% Packages/com.unity.inputsystem/InputSystem/Plugins/EnhancedTouch/TouchSimulation.cs
 0.1 kb	 0.0% Packages/com.unity.inputsystem/InputSystem/NativeInputRuntime.cs
 0.1 kb	 0.0% Packages/com.unity.inputsystem/InputSystem/Events/InputEventListener.cs
 0.1 kb	 0.0% Packages/com.unity.inputsystem/InputSystem/Events/IMECompositionEvent.cs
 0.1 kb	 0.0% Packages/com.unity.inputsystem/InputSystem/Events/IInputEventTypeInfo.cs
 0.1 kb	 0.0% Packages/com.unity.inputsystem/InputSystem/Events/DeviceRemoveEvent.cs
 0.1 kb	 0.0% Packages/com.unity.inputsystem/InputSystem/Editor/UITKAssetEditor/Views/MatchingControlPaths.cs
 0.1 kb	 0.0% Packages/com.unity.inputsystem/InputSystem/Editor/UITKAssetEditor/Views/IViewStateCollection.cs
 0.1 kb	 0.0% Packages/com.unity.inputsystem/InputSystem/Editor/UITKAssetEditor/Views/ControlSchemesView.cs
 0.1 kb	 0.0% Packages/com.unity.inputsystem/InputSystem/Editor/UITKAssetEditor/Views/ActionPropertiesView.cs
 0.1 kb	 0.0% Packages/com.unity.inputsystem/InputSystem/Editor/UITKAssetEditor/EnumerableExtensions.cs
 0.1 kb	 0.0% Packages/com.unity.inputsystem/InputSystem/Editor/PropertyDrawers/InputActionMapDrawer.cs
 0.1 kb	 0.0% Packages/com.unity.inputsystem/InputSystem/Editor/PropertyDrawers/InputActionDrawer.cs
 0.1 kb	 0.0% Packages/com.unity.inputsystem/InputSystem/Editor/Internal/InputEventTreeView.cs
 0.1 kb	 0.0% Packages/com.unity.inputsystem/InputSystem/Editor/Internal/InputControlTreeView.cs
 0.1 kb	 0.0% Packages/com.unity.inputsystem/InputSystem/Editor/Internal/BuildProviderHelpers.cs
 0.1 kb	 0.0% Packages/com.unity.inputsystem/InputSystem/Editor/Internal/AdvancedDropdown/MultiLevelDataSource.cs
 0.1 kb	 0.0% Packages/com.unity.inputsystem/InputSystem/Editor/Internal/AdvancedDropdown/CallbackDataSource.cs
 0.1 kb	 0.0% Packages/com.unity.inputsystem/InputSystem/Editor/Internal/AdvancedDropdown/AdvancedDropdownItem.cs
 0.1 kb	 0.0% Packages/com.unity.inputsystem/InputSystem/Editor/Internal/AdvancedDropdown/AdvancedDropdownGUI.cs
 0.1 kb	 0.0% Packages/com.unity.inputsystem/InputSystem/Editor/InputParameterEditor.cs
 0.1 kb	 0.0% Packages/com.unity.inputsystem/InputSystem/Editor/DeviceSimulator/InputSystemPlugin.cs
 0.1 kb	 0.0% Packages/com.unity.inputsystem/InputSystem/Editor/Debugger/InputDebuggerWindow.cs
 0.1 kb	 0.0% Packages/com.unity.inputsystem/InputSystem/Editor/ControlPicker/InputControlPicker.cs
 0.1 kb	 0.0% Packages/com.unity.inputsystem/InputSystem/Editor/BuildPipeline/LinkFileGenerator.cs
 0.1 kb	 0.0% Packages/com.unity.inputsystem/InputSystem/Editor/AssetImporter/InputActionImporter.cs
 0.1 kb	 0.0% Packages/com.unity.inputsystem/InputSystem/Editor/AssetEditor/PropertiesViewBase.cs
 0.1 kb	 0.0% Packages/com.unity.inputsystem/InputSystem/Editor/AssetEditor/InputActionTreeView.cs
 0.1 kb	 0.0% Packages/com.unity.inputsystem/InputSystem/Editor/Analytics/InputEditorAnalytics.cs
 0.1 kb	 0.0% Packages/com.unity.inputsystem/InputSystem/Editor/Analytics/InputBuildAnalytic.cs
 0.1 kb	 0.0% Packages/com.unity.inputsystem/InputSystem/Devices/InputDeviceMatcher.cs
 0.1 kb	 0.0% Packages/com.unity.inputsystem/InputSystem/Devices/InputDeviceBuilder.cs
 0.1 kb	 0.0% Packages/com.unity.inputsystem/InputSystem/Devices/ITextInputReceiver.cs
 0.1 kb	 0.0% Packages/com.unity.inputsystem/InputSystem/Devices/IEventPreProcessor.cs
 0.1 kb	 0.0% Packages/com.unity.inputsystem/InputSystem/Devices/ICustomDeviceReset.cs
 0.1 kb	 0.0% Packages/com.unity.inputsystem/InputSystem/Devices/Commands/RequestSyncCommand.cs
 0.1 kb	 0.0% Packages/com.unity.inputsystem/InputSystem/Devices/Commands/RequestResetCommand.cs
 0.1 kb	 0.0% Packages/com.unity.inputsystem/InputSystem/Devices/Commands/QueryUserIdCommand.cs
 0.1 kb	 0.0% Packages/com.unity.inputsystem/InputSystem/Devices/Commands/QueryKeyNameCommand.cs
 0.1 kb	 0.0% Packages/com.unity.inputsystem/InputSystem/Devices/Commands/InputDeviceCommand.cs
 0.1 kb	 0.0% Packages/com.unity.inputsystem/InputSystem/Devices/Commands/EnableDeviceCommand.cs
 0.1 kb	 0.0% Packages/com.unity.inputsystem/InputSystem/Devices/Commands/DisableDeviceCommand.cs
 0.1 kb	 0.0% Packages/com.unity.inputsystem/InputSystem/Controls/TouchPressControl.cs
 0.1 kb	 0.0% Packages/com.unity.inputsystem/InputSystem/Controls/TouchPhaseControl.cs
 0.1 kb	 0.0% Packages/com.unity.inputsystem/InputSystem/Controls/QuaternionControl.cs
 0.1 kb	 0.0% Packages/com.unity.inputsystem/InputSystem/Controls/InputControlLayout.cs
 0.1 kb	 0.0% Packages/com.unity.inputsystem/InputSystem/Controls/InputControlExtensions.cs
 0.1 kb	 0.0% Packages/com.unity.inputsystem/InputSystem/Actions/InputInteractionContext.cs
 0.1 kb	 0.0% Packages/com.unity.inputsystem/InputSystem/Actions/InputBindingComposite.cs
 0.1 kb	 0.0% Packages/com.unity.inputsystem/InputSystem/Actions/IInputActionCollection.cs
 0.1 kb	 0.0% Packages/com.unity.collections/Unity.Collections/NativeNotBurstCompatible.cs
 0.1 kb	 0.0% Packages/com.unity.ai.inference/Runtime/Core/Serialization/Safetensors/SafetensorsHeader.cs
 0.1 kb	 0.0% Packages/com.unity.ai.inference/Runtime/Core/Layers/Layer.ActivationNonLinear.cs
 0.1 kb	 0.0% Packages/com.unity.ai.inference/Runtime/Core/Graph/FindNodesLookupTable.cs
 0.1 kb	 0.0% Packages/com.unity.ai.inference/Runtime/Core/Functional/FunctionalTensor.Operator.cs
 0.1 kb	 0.0% Packages/com.unity.ai.inference/Runtime/Core/Functional/Functional.Tensor.Transformation.cs
 0.1 kb	 0.0% Packages/com.unity.ai.inference/Runtime/Core/Functional/Functional.Math.LinearAlgebra.cs
 0.1 kb	 0.0% Packages/com.unity.ai.inference/Runtime/Core/Functional/Functional.Extensions.cs
 0.1 kb	 0.0% Packages/com.unity.ai.inference/Runtime/Core/Backends/CPU/BurstCPU.Jobs.PointwiseUnary.gen.cs
 0.1 kb	 0.0% Packages/com.unity.ai.assistant/Modules/Unity.AI.MCP.Runtime/Serialization/UnityTypeConverters.cs
 0.1 kb	 0.0% Packages/com.bytedance.pico.xr/Runtime/UISet/Scripts/Core/PXR_UIInputHandler.cs
 0.1 kb	 0.0% Packages/com.bytedance.pico.xr/Runtime/Scripts/SecureMR/Core/PXR_SecureMROperatorCore.cs
 0.1 kb	 0.0% Packages/com.bytedance.pico.xr/Runtime/Scripts/SecureMR/Component/Tensor/PXR_SecureMRLocalTensor.cs
 0.1 kb	 0.0% Packages/com.bytedance.pico.xr/Runtime/Scripts/SecureMR/Component/Tensor/PXR_SecureMRGltfMetadata.cs
 0.1 kb	 0.0% Packages/com.bytedance.pico.xr/Runtime/Scripts/SecureMR/Component/Tensor/PXR_SecureMRGlobalTensor.cs
 0.1 kb	 0.0% Packages/com.bytedance.pico.xr/Runtime/Scripts/SecureMR/Component/Tensor/Data/PXR_SecureMRTensorData.cs
 0.1 kb	 0.0% Packages/com.bytedance.pico.xr/Runtime/Scripts/PXR_PerformancePack.cs
 0.1 kb	 0.0% Packages/com.bytedance.pico.xr/Platform/Scripts/Models/Notification.cs
 0.1 kb	 0.0% Packages/com.bytedance.pico.xr/Platform/Scripts/Models/Matchmaking.cs
 0.1 kb	 0.0% Packages/com.bytedance.pico.xr/Platform/Scripts/Models/Compliance.cs
 0.1 kb	 0.0% Packages/com.unity.xr.openxr/Runtime/Settings/PackageSettingsLocator.cs
 0.1 kb	 0.0% Packages/com.unity.xr.openxr/Runtime/OpenXRProjectValidation.cs
 0.1 kb	 0.0% Packages/com.unity.xr.openxr/Runtime/OpenXRLoaderNoPreInit.cs
 0.1 kb	 0.0% Packages/com.unity.xr.openxr/Runtime/Features/DebugUtilsFeature.cs
 0.1 kb	 0.0% Packages/com.unity.xr.management/Runtime/XRManagerSettings.cs
 0.1 kb	 0.0% Packages/com.unity.xr.management/Runtime/XRGeneralSettings.cs
 0.1 kb	 0.0% Packages/com.unity.xr.legacyinputhelpers/Runtime/ArmModels/ArmModel.cs
 0.1 kb	 0.0% Packages/com.unity.xr.interaction.toolkit/Runtime/XR/GizmoHelpers.cs
 0.1 kb	 0.0% Packages/com.unity.xr.interaction.toolkit/Runtime/UI/BodyUI/HandMenu.cs
 0.1 kb	 0.0% Packages/com.unity.xr.interaction.toolkit/Runtime/Interaction/Controllers/XRController.cs
 0.1 kb	 0.0% Packages/com.unity.xr.core-utils/Runtime/ScriptableSettingsBase.cs
 0.1 kb	 0.0% Packages/com.unity.xr.core-utils/Runtime/Extensions/MonoBehaviourExtensions.cs
 0.1 kb	 0.0% Packages/com.unity.xr.core-utils/Runtime/Datums/StringDatumProperty.cs
 0.1 kb	 0.0% Packages/com.unity.xr.core-utils/Runtime/Datums/FloatDatumProperty.cs
 0.1 kb	 0.0% Packages/com.unity.xr.core-utils/Runtime/Datums/AnimationCurveDatum.cs
 0.1 kb	 0.0% Packages/com.unity.ugui/Runtime/UGUI/EventSystem/UIElements/WorldDocumentRaycaster.cs
 0.1 kb	 0.0% Packages/com.unity.ugui/Runtime/UGUI/EventSystem/InputModules/StandaloneInputModule.cs
 0.1 kb	 0.0% Packages/com.unity.multiplayer.center/Common/AnswerData.cs
 0.1 kb	 0.0% Packages/com.unity.inputsystem/InputSystem/Utilities/StringHelpers.cs
 0.1 kb	 0.0% Packages/com.unity.inputsystem/InputSystem/Utilities/SpriteUtilities.cs
 0.1 kb	 0.0% Packages/com.unity.inputsystem/InputSystem/Utilities/PrimitiveValue.cs
 0.1 kb	 0.0% Packages/com.unity.inputsystem/InputSystem/Utilities/PredictiveParser.cs
 0.1 kb	 0.0% Packages/com.unity.inputsystem/InputSystem/Utilities/NumberHelpers.cs
 0.1 kb	 0.0% Packages/com.unity.inputsystem/InputSystem/Utilities/MemoryHelpers.cs
 0.1 kb	 0.0% Packages/com.unity.inputsystem/InputSystem/Utilities/InternedString.cs
 0.1 kb	 0.0% Packages/com.unity.inputsystem/InputSystem/Utilities/ExceptionHelpers.cs
 0.1 kb	 0.0% Packages/com.unity.inputsystem/InputSystem/Utilities/DelegateHelpers.cs
 0.1 kb	 0.0% Packages/com.unity.inputsystem/InputSystem/Plugins/iOS/iOSStepCounter.cs
 0.1 kb	 0.0% Packages/com.unity.inputsystem/InputSystem/Plugins/XR/TrackedPoseDriver.cs
 0.1 kb	 0.0% Packages/com.unity.inputsystem/InputSystem/Plugins/XR/Haptics/BufferedRumble.cs
 0.1 kb	 0.0% Packages/com.unity.inputsystem/InputSystem/Plugins/UI/VirtualMouseInput.cs
 0.1 kb	 0.0% Packages/com.unity.inputsystem/InputSystem/Plugins/UI/INavigationEventData.cs
 0.1 kb	 0.0% Packages/com.unity.inputsystem/InputSystem/Plugins/UI/BaseInputOverride.cs
 0.1 kb	 0.0% Packages/com.unity.inputsystem/InputSystem/Plugins/DualShock/DualShockSupport.cs
 0.1 kb	 0.0% Packages/com.unity.inputsystem/InputSystem/Plugins/DualShock/DualShockGamepad.cs
 0.1 kb	 0.0% Packages/com.unity.inputsystem/InputSystem/Controls/Processors/ScaleProcessor.cs
 0.1 kb	 0.0% Packages/com.unity.inputsystem/InputSystem/Controls/Processors/InvertProcessor.cs
 0.1 kb	 0.0% Packages/com.unity.inputsystem/InputSystem/Controls/Processors/ClampProcessor.cs
 0.1 kb	 0.0% Packages/com.unity.inputsystem/InputSystem/Actions/Interactions/TapInteraction.cs
 0.1 kb	 0.0% Packages/com.unity.inputsystem/InputSystem/Actions/Interactions/PressInteraction.cs
 0.1 kb	 0.0% Packages/com.unity.inputsystem/InputSystem/Actions/Interactions/HoldInteraction.cs
 0.1 kb	 0.0% Packages/com.unity.inputsystem/InputSystem/Actions/InputActionTrace.cs
 0.1 kb	 0.0% Packages/com.unity.inputsystem/InputSystem/Actions/Composites/Vector3Composite.cs
 0.1 kb	 0.0% Packages/com.unity.inputsystem/InputSystem/Actions/Composites/Vector2Composite.cs
 0.1 kb	 0.0% Packages/com.unity.inputsystem/InputSystem/Actions/Composites/AxisComposite.cs
 0.1 kb	 0.0% Packages/com.unity.collections/Unity.Collections/UnsafeBitArray.cs
 0.1 kb	 0.0% Packages/com.unity.collections/Unity.Collections/UTF8ArrayUnsafeUtility.cs
 0.1 kb	 0.0% Packages/com.unity.collections/Unity.Collections/StreamCompressionModel.cs
 0.1 kb	 0.0% Packages/com.unity.collections/Unity.Collections/NativeArrayExtensions.cs
 0.1 kb	 0.0% Packages/com.unity.collections/Unity.Collections/FixedStringInternalMethods.cs
 0.1 kb	 0.0% Packages/com.unity.collections/Unity.Collections/FixedStringFormatMethods.gen.cs
 0.1 kb	 0.0% Packages/com.unity.burst/Runtime/CompilerServices/SkipLocalsInitAttribute.cs
 0.1 kb	 0.0% Packages/com.unity.burst/Runtime/CompilerServices/IgnoreWarningAttribute.cs
 0.1 kb	 0.0% Packages/com.unity.ai.inference/Runtime/Tokenization/Utility.cs
 0.1 kb	 0.0% Packages/com.unity.ai.inference/Runtime/Tokenization/Token.cs
 0.1 kb	 0.0% Packages/com.unity.ai.inference/Runtime/Tokenization/Encoding.cs
 0.1 kb	 0.0% Packages/com.unity.ai.inference/Runtime/Core/ShapeInference/DynamicTensorShape.cs
 0.1 kb	 0.0% Packages/com.unity.ai.inference/Runtime/Core/Serialization/FlatBuffers/FlatBufferVerify.cs
 0.1 kb	 0.0% Packages/com.unity.ai.inference/Runtime/Core/Serialization/FlatBuffers/ByteBuffer.cs
 0.1 kb	 0.0% Packages/com.unity.ai.inference/Runtime/Core/Layers/Layer.Quantization.cs
 0.1 kb	 0.0% Packages/com.unity.ai.inference/Runtime/Core/Functional/FunctionalTensor.Indexer.cs
 0.1 kb	 0.0% Packages/com.unity.ai.inference/Runtime/Core/Functional/Functional.Vision.Detection.cs
 0.1 kb	 0.0% Packages/com.unity.ai.inference/Runtime/Core/Functional/Functional.Tensor.Creation.cs
 0.1 kb	 0.0% Packages/com.unity.ai.inference/Runtime/Core/Functional/Functional.Tensor.Constant.cs
 0.1 kb	 0.0% Packages/com.unity.ai.inference/Runtime/Core/Functional/Functional.NN.Convolution.cs
 0.1 kb	 0.0% Packages/com.unity.ai.inference/Runtime/Core/Functional/Functional.Math.Reduction.cs
 0.1 kb	 0.0% Packages/com.unity.ai.inference/Runtime/Core/Functional/Functional.Math.Pointwise.cs
 0.1 kb	 0.0% Packages/com.unity.ai.inference/Runtime/Core/Functional/Functional.Math.Comparison.cs
 0.1 kb	 0.0% Packages/com.unity.ai.inference/Runtime/Core/Compiler/Passes/GraphPass.cs
 0.1 kb	 0.0% Packages/com.unity.ai.inference/Runtime/Core/BurstJobsCastTensor.cs
 0.1 kb	 0.0% Packages/com.unity.ai.inference/Runtime/Core/Backends/GPUPixel/TextureTensorData.cs
 0.1 kb	 0.0% Packages/com.unity.ai.inference/Runtime/Core/Backends/GPUPixel/PixelShaderSingleton.cs
 0.1 kb	 0.0% Packages/com.unity.ai.inference/Runtime/Core/Backends/GPUPixel/GPUPixelBurstJobs.cs
 0.1 kb	 0.0% Packages/com.unity.ai.inference/Runtime/Core/Backends/GPUCompute/ComputeTensorData.cs
 0.1 kb	 0.0% Packages/com.unity.ai.inference/Runtime/Core/Backends/GPUCompute/ComputeHelper.PropertyID.cs
 0.1 kb	 0.0% Packages/com.unity.ai.inference/Runtime/Core/Backends/GPUCompute/Compute.Backend.gen.cs
 0.1 kb	 0.0% Packages/com.unity.ai.inference/Runtime/Core/Backends/GPUCompute/CommandBufferHelper.cs
 0.1 kb	 0.0% Packages/com.unity.ai.inference/Runtime/Core/Backends/CPU/NativeTensorArray.cs
 0.1 kb	 0.0% Packages/com.unity.ai.inference/Runtime/Core/Backends/CPU/BurstCPUJobSystem.cs
 0.1 kb	 0.0% Packages/com.unity.ai.inference/Runtime/Core/Backends/CPU/BurstCPU.Jobs.Reduction.gen.cs
 0.1 kb	 0.0% Packages/com.unity.ai.inference/Runtime/Core/Backends/CPU/BurstCPU.Jobs.Normalization.cs
 0.1 kb	 0.0% Packages/com.unity.ai.inference/Runtime/Core/Backends/CPU/BurstCPU.Jobs.IndexingOpsA.cs
 0.1 kb	 0.0% Packages/com.unity.ai.inference/Runtime/Core/Backends/CPU/BurstCPU.Jobs.ImageBased.gen.cs
 0.1 kb	 0.0% Packages/com.unity.ai.inference/Runtime/Core/Backends/CPU/BurstCPU.Jobs.Broadcast.gen.cs
 0.1 kb	 0.0% Packages/com.unity.ai.inference/Runtime/Core/Backends/CPU/BurstCPU.Helper.cs
 0.1 kb	 0.0% Packages/com.bytedance.pico.xr/SpatialAudio/Samples/scripts/plastic_fps_controller.cs
 0.1 kb	 0.0% Packages/com.bytedance.pico.xr/SpatialAudio/Runtime/PXR_Audio_Spatializer_API.cs
 0.1 kb	 0.0% Packages/com.bytedance.pico.xr/Runtime/Scripts/Utils/PXR_PermissionRequest.cs
 0.1 kb	 0.0% Packages/com.bytedance.pico.xr/Runtime/Scripts/Utils/PXR_CameraImagePlugin.cs
 0.1 kb	 0.0% Packages/com.bytedance.pico.xr/Runtime/Scripts/SensePack/PXR_SpatialMeshManager.cs
 0.1 kb	 0.0% Packages/com.bytedance.pico.xr/Runtime/Scripts/SensePack/PXR_SceneCaptureManager.cs
 0.1 kb	 0.0% Packages/com.bytedance.pico.xr/Runtime/Scripts/SecureMR/Utils/PXR_SpatialMLPipelineZoo.cs
 0.1 kb	 0.0% Packages/com.bytedance.pico.xr/Runtime/Scripts/Hand/PXR_HandPoseGenerator.cs
 0.1 kb	 0.0% Packages/com.bytedance.pico.xr/Runtime/Scripts/Features/PXR_FoveationRendering.cs
 0.1 kb	 0.0% Packages/com.bytedance.pico.xr/Runtime/Scripts/Controller/PXR_ControllerG3Animator.cs
 0.1 kb	 0.0% Packages/com.bytedance.pico.xr/Runtime/Scripts/Controller/PXR_ControllerAnimator.cs
 0.1 kb	 0.0% Packages/com.bytedance.pico.xr/Runtime/Debugger/Scripts/UI/Log/PXR_IconController.cs
 0.1 kb	 0.0% Packages/com.bytedance.pico.xr/Runtime/Debugger/Scripts/UI/Inspector/PXR_InspectorManager.cs
 0.1 kb	 0.0% Packages/com.bytedance.pico.xr/Runtime/Debugger/Scripts/UI/Inspector/PXR_InspectorItem.cs
 0.1 kb	 0.0% Packages/com.bytedance.pico.xr/Runtime/Debugger/Scripts/Default/PXR_DefaultButton.cs
 0.1 kb	 0.0% Packages/com.bytedance.pico.xr/Runtime/Debugger/Scripts/Data/PXR_PicoDebuggerSO.cs
 0.1 kb	 0.0% Packages/com.bytedance.pico.xr/Runtime/Debugger/Interface/IPXR_PanelManager.cs
 0.1 kb	 0.0% Packages/com.bytedance.pico.xr/Runtime/BuildingBlocks/PXR_ObjectTrackingBlock.cs
 0.1 kb	 0.0% Packages/com.bytedance.pico.xr/Runtime/BuildingBlocks/PXR_CameraEffectBlock.cs
 0.1 kb	 0.0% Packages/com.bytedance.pico.xr/Runtime/BuildingBlocks/PXR_BodyTrackingBlock.cs
 0.1 kb	 0.0% Packages/com.bytedance.pico.xr/Runtime/BuildingBlocks/PXRSample_SpatialAnchor.cs
 0.1 kb	 0.0% Packages/com.bytedance.pico.xr/Platform/Scripts/Service/Notification.cs
 0.1 kb	 0.0% Packages/com.bytedance.pico.xr/Platform/Scripts/Service/Matchmaking.cs
 0.1 kb	 0.0% Packages/com.bytedance.pico.xr/Platform/Scripts/Service/Leaderboard.cs
 0.1 kb	 0.0% Packages/com.bytedance.pico.xr/Platform/Scripts/Service/Compliance.cs
 0.1 kb	 0.0% Packages/com.bytedance.pico.xr/Platform/Scripts/Service/CloudStorage.cs
 0.1 kb	 0.0% Packages/com.bytedance.pico.xr/Platform/Scripts/Service/Challenges.cs
 0.1 kb	 0.0% Packages/com.bytedance.pico.xr/Platform/Scripts/Service/Application.cs
 0.1 kb	 0.0% Packages/com.bytedance.pico.xr/Platform/Scripts/Service/Achievements.cs
 0.1 kb	 0.0% Packages/com.bytedance.pico.xr/Platform/Scripts/Models/Achievement.cs
 0.1 kb	 0.0% Packages/com.bytedance.pico.xr/InteractionPack/Scripts/Utils/CameraUtility.cs
 0.1 kb	 0.0% Packages/com.bytedance.pico.xr/Enterprise/Scripts/PXR_Enterprise.cs
 0.1 kb	 0.0% Packages/com.bytedance.pico.xr/Enterprise/Scripts/Model/WifiDisplayModel.cs
 0.1 kb	 0.0% Packages/com.bytedance.pico.xr/Enterprise/Scripts/Model/ComponentName.cs
 0.1 kb	 0.0% Packages/com.bytedance.pico.xr/Enterprise/Scripts/Interfaces/StringCallback.cs
 0.1 kb	 0.0% Packages/com.bytedance.pico.xr/Enterprise/Scripts/Interfaces/FileCopyCallback.cs
 0.1 kb	 0.0% Packages/com.bytedance.pico.xr/CameraPack/Scripts/CameraAPI/UnityImageRender.cs
 0.1 kb	 0.0% Packages/com.bytedance.pico.xr/CameraPack/Scripts/CameraAPI/OpenxrCameraAPI.cs
 0.1 kb	 0.0% Assets/SpatialTowerDefense/Runtime/PicoMixedRealityPresenter.cs
 0.1 kb	 0.0% Assets/SpatialTowerDefense/Runtime/DesktopMixedRealityPresenter.cs
 0.1 kb	 0.0% Packages/com.unity.xr.openxr/Runtime/NativeTypes/XR_EXT_spatial_persistence_operations/OpenXRNativeApi.cs
 0.1 kb	 0.0% Packages/com.unity.xr.openxr/Runtime/NativeTypes/XR_EXT_spatial_persistence/OpenXRNativeApi.cs
 0.1 kb	 0.0% Packages/com.unity.xr.openxr/Runtime/NativeTypes/XR_EXT_spatial_entity/OpenXRNativeApi.cs
 0.1 kb	 0.0% Packages/com.unity.xr.openxr/Runtime/NativeTypes/XR_EXT_spatial_anchor/OpenXRNativeApi.cs
 0.1 kb	 0.0% Packages/com.unity.xr.openxr/Runtime/NativeTypes/XR_EXT_future/OpenXRNativeApi.cs
 0.1 kb	 0.0% Packages/com.unity.xr.openxr/Runtime/NativeTypes/Core/XrQuaternionf.cs
 0.1 kb	 0.0% Packages/com.unity.xr.openxr/Runtime/NativeTypes/Core/PollEventRouter.cs
 0.1 kb	 0.0% Packages/com.unity.xr.core-utils/Runtime/Attributes/EnumDisplayAttribute.cs
 0.1 kb	 0.0% Packages/com.unity.ugui/Runtime/TMP/TMP_ScrollbarEventHandler.cs
 0.1 kb	 0.0% Packages/com.unity.ugui/Runtime/TMP/TMP_PackageResourceImporter.cs
 0.1 kb	 0.0% Packages/com.unity.ugui/Runtime/InternalBridge/ObjectUtilsBridge.cs
 0.1 kb	 0.0% Packages/com.unity.inputsystem/InputSystem/State/InputStateBlock.cs
 0.1 kb	 0.0% Packages/com.unity.inputsystem/InputSystem/Plugins/iOS/iOSPostProcessBuild.cs
 0.1 kb	 0.0% Packages/com.unity.inputsystem/InputSystem/Plugins/XInput/XboxGamepadMacOS.cs
 0.1 kb	 0.0% Packages/com.unity.inputsystem/InputSystem/Plugins/XInput/XInputSupport.cs
 0.1 kb	 0.0% Packages/com.unity.inputsystem/InputSystem/Plugins/XInput/XInputController.cs
 0.1 kb	 0.0% Packages/com.unity.inputsystem/InputSystem/Plugins/XInput/IXboxOneRumble.cs
 0.1 kb	 0.0% Packages/com.unity.inputsystem/InputSystem/Plugins/WebGL/WebGLJoystick.cs
 0.1 kb	 0.0% Packages/com.unity.inputsystem/InputSystem/Plugins/UnityRemote/UnityRemoteSupport.cs
 0.1 kb	 0.0% Packages/com.unity.inputsystem/InputSystem/Plugins/Switch/SwitchSupportHID.cs
 0.1 kb	 0.0% Packages/com.unity.inputsystem/InputSystem/Plugins/PlayerInput/PlayerInputManager.cs
 0.1 kb	 0.0% Packages/com.unity.inputsystem/InputSystem/Plugins/PlayerInput/DefaultInputActions.cs
 0.1 kb	 0.0% Packages/com.unity.inputsystem/InputSystem/Plugins/OnScreen/OnScreenSupport.cs
 0.1 kb	 0.0% Packages/com.unity.inputsystem/InputSystem/Plugins/OnScreen/OnScreenStick.cs
 0.1 kb	 0.0% Packages/com.unity.inputsystem/InputSystem/Plugins/OnScreen/OnScreenControl.cs
 0.1 kb	 0.0% Packages/com.unity.inputsystem/InputSystem/Plugins/OnScreen/OnScreenButton.cs
 0.1 kb	 0.0% Packages/com.unity.inputsystem/InputSystem/Plugins/Linux/SDLDeviceBuilder.cs
 0.1 kb	 0.0% Packages/com.unity.inputsystem/InputSystem/Plugins/EnhancedTouch/TouchHistory.cs
 0.1 kb	 0.0% Packages/com.unity.inputsystem/InputSystem/Plugins/Android/AndroidSupport.cs
 0.1 kb	 0.0% Packages/com.unity.inputsystem/InputSystem/InputSystemObject.cs
 0.1 kb	 0.0% Packages/com.unity.inputsystem/InputSystem/InputManagerStateMonitors.cs
 0.1 kb	 0.0% Packages/com.unity.inputsystem/InputSystem/InputFeatureNames.cs
 0.1 kb	 0.0% Packages/com.unity.inputsystem/InputSystem/IInputRuntime.cs
 0.1 kb	 0.0% Packages/com.unity.inputsystem/InputSystem/IInputDiagnostics.cs
 0.1 kb	 0.0% Packages/com.unity.inputsystem/InputSystem/Events/InputEventTrace.cs
 0.1 kb	 0.0% Packages/com.unity.inputsystem/InputSystem/Events/InputEventStream.cs
 0.1 kb	 0.0% Packages/com.unity.inputsystem/InputSystem/Events/InputEventPtr.cs
 0.1 kb	 0.0% Packages/com.unity.inputsystem/InputSystem/Events/InputEventBuffer.cs
 0.1 kb	 0.0% Packages/com.unity.inputsystem/InputSystem/Events/DeviceResetEvent.cs
 0.1 kb	 0.0% Packages/com.unity.inputsystem/InputSystem/Events/DeltaStateEvent.cs
 0.1 kb	 0.0% Packages/com.unity.inputsystem/InputSystem/Editor/UITKAssetEditor/Views/PropertiesView.cs
 0.1 kb	 0.0% Packages/com.unity.inputsystem/InputSystem/Editor/UITKAssetEditor/Views/DropManipulator.cs
 0.1 kb	 0.0% Packages/com.unity.inputsystem/InputSystem/Editor/UITKAssetEditor/Views/CopyPasteHelper.cs
 0.1 kb	 0.0% Packages/com.unity.inputsystem/InputSystem/Editor/UITKAssetEditor/Views/ActionsTreeView.cs
 0.1 kb	 0.0% Packages/com.unity.inputsystem/InputSystem/Editor/UITKAssetEditor/Views/ActionMapsView.cs
 0.1 kb	 0.0% Packages/com.unity.inputsystem/InputSystem/Editor/UITKAssetEditor/StateContainer.cs
 0.1 kb	 0.0% Packages/com.unity.inputsystem/InputSystem/Editor/UITKAssetEditor/ExpressionUtils.cs
 0.1 kb	 0.0% Packages/com.unity.inputsystem/InputSystem/Editor/Internal/TreeViewHelpers.cs
 0.1 kb	 0.0% Packages/com.unity.inputsystem/InputSystem/Editor/Internal/InputStateWindow.cs
 0.1 kb	 0.0% Packages/com.unity.inputsystem/InputSystem/Editor/Internal/EditorHelpers.cs
 0.1 kb	 0.0% Packages/com.unity.inputsystem/InputSystem/Editor/Internal/AdvancedDropdown/AdvancedDropdown.cs
 0.1 kb	 0.0% Packages/com.unity.inputsystem/InputSystem/Editor/InputDiagnostics.cs
 0.1 kb	 0.0% Packages/com.unity.inputsystem/InputSystem/Devices/Haptics/IDualMotorRumble.cs
 0.1 kb	 0.0% Packages/com.unity.inputsystem/InputSystem/Devices/Haptics/DualMotorRumble.cs
 0.1 kb	 0.0% Packages/com.unity.inputsystem/InputSystem/Controls/Vector3Control.cs
 0.1 kb	 0.0% Packages/com.unity.inputsystem/InputSystem/Controls/Vector2Control.cs
 0.1 kb	 0.0% Packages/com.unity.inputsystem/InputSystem/Controls/IntegerControl.cs
 0.1 kb	 0.0% Packages/com.unity.inputsystem/InputSystem/Controls/DoubleControl.cs
 0.1 kb	 0.0% Packages/com.unity.inputsystem/InputSystem/Controls/ButtonControl.cs
 0.1 kb	 0.0% Packages/com.unity.inputsystem/InputSystem/Controls/AnyKeyControl.cs
 0.1 kb	 0.0% Packages/com.unity.inputsystem/InputSystem/Actions/InputControlScheme.cs
 0.1 kb	 0.0% Packages/com.unity.inputsystem/InputSystem/Actions/InputBindingResolver.cs
 0.1 kb	 0.0% Packages/com.unity.inputsystem/InputSystem/Actions/InputActionReference.cs
 0.1 kb	 0.0% Packages/com.unity.inputsystem/InputSystem/Actions/InputActionProperty.cs
 0.1 kb	 0.0% Packages/com.unity.inputsystem/InputSystem/Actions/IInputInteraction.cs
 0.1 kb	 0.0% Packages/com.unity.collections/Unity.Collections/UnsafeList.cs
 0.1 kb	 0.0% Packages/com.unity.collections/Unity.Collections/FixedStringParseMethods.cs
 0.1 kb	 0.0% Packages/com.unity.collections/Unity.Collections/FixedStringAppendMethods.cs
 0.1 kb	 0.0% Packages/com.unity.ai.inference/Runtime/Core/ShapeInference/ShapeInferenceHelper.cs
 0.1 kb	 0.0% Packages/com.unity.ai.inference/Runtime/Core/Serialization/Safetensors/Safetensors.cs
 0.1 kb	 0.0% Packages/com.unity.ai.inference/Runtime/Core/Layers/Layer.Transformation.cs
 0.1 kb	 0.0% Packages/com.unity.ai.inference/Runtime/Core/Layers/Layer.Spectral.cs
 0.1 kb	 0.0% Packages/com.unity.ai.inference/Runtime/Core/Layers/Layer.Normalization.cs
 0.1 kb	 0.0% Packages/com.unity.ai.inference/Runtime/Core/Layers/Layer.Generator.cs
 0.1 kb	 0.0% Packages/com.unity.ai.inference/Runtime/Core/Layers/Layer.Dimension.cs
 0.1 kb	 0.0% Packages/com.unity.ai.inference/Runtime/Core/Graph/SubgraphRewriter.cs
 0.1 kb	 0.0% Packages/com.unity.ai.inference/Runtime/Core/Graph/GraphNamespace.cs
 0.1 kb	 0.0% Packages/com.unity.ai.inference/Runtime/Core/Graph/GraphConverter.cs
 0.1 kb	 0.0% Packages/com.unity.ai.inference/Runtime/Core/Functional/Functional.Tensor.Type.cs
 0.1 kb	 0.0% Packages/com.unity.ai.inference/Runtime/Core/Functional/Functional.Tensor.Random.cs
 0.1 kb	 0.0% Packages/com.unity.ai.inference/Runtime/Core/Functional/Functional.NN.Pooling.cs
 0.1 kb	 0.0% Packages/com.unity.ai.inference/Runtime/Core/Functional/Functional.Math.Spectral.cs
 0.1 kb	 0.0% Packages/com.unity.ai.inference/Runtime/Core/Functional/Functional.Math.Other.cs
 0.1 kb	 0.0% Packages/com.unity.ai.inference/Runtime/Core/Backends/CPU/BurstCPU.Jobs.Pool.gen.cs
 0.1 kb	 0.0% Packages/com.unity.ai.inference/Runtime/Core/Backends/CPU/BurstCPU.Jobs.Pad.gen.cs
 0.1 kb	 0.0% Packages/com.unity.ai.inference/Runtime/Core/Backends/CPU/BurstCPU.Jobs.Logical.cs
 0.1 kb	 0.0% Packages/com.unity.ai.inference/Runtime/Core/Backends/CPU/BurstCPU.Jobs.GenericA.cs
 0.1 kb	 0.0% Packages/com.unity.ai.inference/Runtime/Core/Backends/CPU/BurstCPU.Jobs.Dimension.cs
 0.1 kb	 0.0% Packages/com.unity.ai.inference/Runtime/Core/Backends/CPU/BurstCPU.Jobs.ConvA.gen.cs
 0.1 kb	 0.0% Packages/com.bytedance.pico.xr/Runtime/Scripts/SecureMR/SceneGraphProperty.cs
 0.1 kb	 0.0% Packages/com.bytedance.pico.xr/Runtime/Scripts/SecureMR/Core/PXR_SecureMRReadbackCore.cs
 0.1 kb	 0.0% Packages/com.bytedance.pico.xr/Runtime/Scripts/SecureMR/Component/Tensor/PXR_SecureMRTensor.cs
 0.1 kb	 0.0% Packages/com.bytedance.pico.xr/Runtime/Scripts/SecureMR/Component/Tensor/PXR_SecureMRMetadata.cs
 0.1 kb	 0.0% Packages/com.bytedance.pico.xr/Runtime/Scripts/SecureMR/Component/Pipeline/PXR_SecureMRPipeline.cs
 0.1 kb	 0.0% Packages/com.bytedance.pico.xr/Runtime/Scripts/SecureMR/Component/PXR_SecureMRProvider.cs
 0.1 kb	 0.0% Packages/com.bytedance.pico.xr/Runtime/Scripts/SecureMR/Component/Operator/PXR_SecureMRResult.cs
 0.1 kb	 0.0% Packages/com.bytedance.pico.xr/Runtime/Scripts/SecureMR/Component/Operator/PXR_SecureMROperator.cs
 0.1 kb	 0.0% Packages/com.bytedance.pico.xr/Runtime/Scripts/SecureMR/Component/Operator/PXR_SecureMROperand.cs
 0.1 kb	 0.0% Packages/com.bytedance.pico.xr/Runtime/Scripts/PXR_SecureMRPlugin.cs
 0.1 kb	 0.0% Packages/com.bytedance.pico.xr/Platform/Scripts/Service/Highlight.cs
 0.1 kb	 0.0% Packages/com.bytedance.pico.xr/Platform/Scripts/Service/AssetFile.cs
 0.1 kb	 0.0% Packages/com.bytedance.pico.xr/Platform/Scripts/Models/Sport.cs
 0.1 kb	 0.0% Packages/com.bytedance.pico.xr/Platform/Scripts/Models/RTC.cs
 0.1 kb	 0.0% Packages/com.bytedance.pico.xr/Platform/Scripts/Models/AssetFile.cs
 0.1 kb	 0.0% Packages/com.bytedance.pico.xr/Platform/Scripts/Models/Application.cs
 0.1 kb	 0.0% Packages/com.bytedance.pico.xr/Platform/Scripts/Framework/MessageQueue.cs
 0.1 kb	 0.0% Packages/com.unity.xr.openxr/Runtime/WaitForRestartFinish.cs
 0.1 kb	 0.0% Packages/com.unity.xr.openxr/Runtime/OpenXRUnityAPI.cs
 0.1 kb	 0.0% Packages/com.unity.xr.openxr/Runtime/OpenXRDiagnosticReport.cs
 0.1 kb	 0.0% Packages/com.unity.xr.openxr/Runtime/NativeTypes/Core/XrResult.cs
 0.1 kb	 0.0% Packages/com.unity.xr.openxr/Runtime/Features/SpaceWarpFeature.cs
 0.1 kb	 0.0% Packages/com.unity.xr.openxr/Runtime/Features/OpenXRFeature.cs
 0.1 kb	 0.0% Packages/com.unity.xr.openxr/Runtime/Features/ApiLayersFeature.cs
 0.1 kb	 0.0% Packages/com.unity.xr.management/Runtime/XRLoaderHelper.cs
 0.1 kb	 0.0% Packages/com.unity.xr.management/Runtime/IXRLoaderPreInit.cs
 0.1 kb	 0.0% Packages/com.unity.xr.interaction.toolkit/Runtime/XR/XRRig.cs
 0.1 kb	 0.0% Packages/com.unity.xr.core-utils/Runtime/SerializableGuidUtil.cs
 0.1 kb	 0.0% Packages/com.unity.xr.core-utils/Runtime/OnDestroyNotifier.cs
 0.1 kb	 0.0% Packages/com.unity.xr.core-utils/Runtime/Extensions/Vector3Extensions.cs
 0.1 kb	 0.0% Packages/com.unity.xr.core-utils/Runtime/Extensions/Vector2Extensions.cs
 0.1 kb	 0.0% Packages/com.unity.xr.core-utils/Runtime/Extensions/TransformExtensions.cs
 0.1 kb	 0.0% Packages/com.unity.xr.core-utils/Runtime/Extensions/StopwatchExtensions.cs
 0.1 kb	 0.0% Packages/com.unity.xr.core-utils/Runtime/Extensions/QuaternionExtensions.cs
 0.1 kb	 0.0% Packages/com.unity.xr.core-utils/Runtime/Extensions/LayerMaskExtensions.cs
 0.1 kb	 0.0% Packages/com.unity.xr.core-utils/Runtime/Extensions/HashSetExtensions.cs
 0.1 kb	 0.0% Packages/com.unity.xr.core-utils/Runtime/Extensions/GameObjectExtensions.cs
 0.1 kb	 0.0% Packages/com.unity.xr.core-utils/Runtime/Extensions/DictionaryExtensions.cs
 0.1 kb	 0.0% Packages/com.unity.xr.core-utils/Runtime/Extensions/CollectionExtensions.cs
 0.1 kb	 0.0% Packages/com.unity.xr.core-utils/Runtime/Datums/IntDatumProperty.cs
 0.1 kb	 0.0% Packages/com.unity.xr.core-utils/Runtime/Bindings/IEventBinding.cs
 0.1 kb	 0.0% Packages/com.unity.xr.core-utils/Runtime/Bindings/BindingsGroup.cs
 0.1 kb	 0.0% Packages/com.unity.xr.core-utils/Runtime/Attributes/ReadOnlyAttribute.cs
 0.1 kb	 0.0% Packages/com.unity.ugui/Runtime/UGUI/UI/Core/Utility/ReflectionMethodsCache.cs
 0.1 kb	 0.0% Packages/com.unity.ugui/Runtime/UGUI/UI/Core/MultipleDisplayUtilities.cs
 0.1 kb	 0.0% Packages/com.unity.ugui/Runtime/UGUI/UI/Core/Layout/HorizontalLayoutGroup.cs
 0.1 kb	 0.0% Packages/com.unity.ugui/Runtime/UGUI/UI/Core/IGraphicEnabledDisabled.cs
 0.1 kb	 0.0% Packages/com.unity.ugui/Runtime/UGUI/UI/Core/GraphicRebuildTracker.cs
 0.1 kb	 0.0% Packages/com.unity.ugui/Runtime/UGUI/UI/Core/Culling/RectangularVertexClipper.cs
 0.1 kb	 0.0% Packages/com.unity.ugui/Runtime/UGUI/EventSystem/UIElements/PanelEventHandler.cs
 0.1 kb	 0.0% Packages/com.unity.ugui/Runtime/UGUI/EventSystem/Raycasters/Physics2DRaycaster.cs
 0.1 kb	 0.0% Packages/com.unity.ugui/Runtime/UGUI/EventSystem/InputModules/PointerInputModule.cs
 0.1 kb	 0.0% Packages/com.unity.inputsystem/InputSystem/Utilities/TypeTable.cs
 0.1 kb	 0.0% Packages/com.unity.inputsystem/InputSystem/Utilities/TypeHelpers.cs
 0.1 kb	 0.0% Packages/com.unity.inputsystem/InputSystem/Utilities/Substring.cs
 0.1 kb	 0.0% Packages/com.unity.inputsystem/InputSystem/Utilities/SavedState.cs
 0.1 kb	 0.0% Packages/com.unity.inputsystem/InputSystem/Utilities/Observables/Observable.cs
 0.1 kb	 0.0% Packages/com.unity.inputsystem/InputSystem/Utilities/NamedValue.cs
 0.1 kb	 0.0% Packages/com.unity.inputsystem/InputSystem/Utilities/MiscHelpers.cs
 0.1 kb	 0.0% Packages/com.unity.inputsystem/InputSystem/Utilities/JsonParser.cs
 0.1 kb	 0.0% Packages/com.unity.inputsystem/InputSystem/Utilities/ArrayHelpers.cs
 0.1 kb	 0.0% Packages/com.unity.inputsystem/InputSystem/Plugins/iOS/InputSettingsiOS.cs
 0.1 kb	 0.0% Packages/com.unity.inputsystem/InputSystem/Plugins/XR/XRLayoutBuilder.cs
 0.1 kb	 0.0% Packages/com.unity.inputsystem/InputSystem/Plugins/UI/NavigationModel.cs
 0.1 kb	 0.0% Packages/com.unity.inputsystem/InputSystem/InputUpdateType.cs
 0.1 kb	 0.0% Packages/com.unity.collections/Unity.Collections/UnsafeText.cs
 0.1 kb	 0.0% Packages/com.unity.collections/Unity.Collections/UnsafeStream.cs
 0.1 kb	 0.0% Packages/com.unity.collections/Unity.Collections/RewindableAllocator.cs
 0.1 kb	 0.0% Packages/com.unity.collections/Unity.Collections/FixedStringMethods.cs
 0.1 kb	 0.0% Packages/com.unity.collections/Unity.Collections/AutoFreeAllocator.cs
 0.1 kb	 0.0% Packages/com.unity.burst/Runtime/CompilerServices/AssumeRangeAttribute.cs
 0.1 kb	 0.0% Packages/com.unity.ai.inference/Runtime/Core/TensorIterator.cs
 0.1 kb	 0.0% Packages/com.unity.ai.inference/Runtime/Core/ShapeInference/PartialTensor.cs
 0.1 kb	 0.0% Packages/com.unity.ai.inference/Runtime/Core/ShapeInference/DynamicTensorDim.cs
 0.1 kb	 0.0% Packages/com.unity.ai.inference/Runtime/Core/Serialization/SentisFlatBuffer/BackendPartitioning.cs
 0.1 kb	 0.0% Packages/com.unity.ai.inference/Runtime/Core/Serialization/ModelUpgrader.cs
 0.1 kb	 0.0% Packages/com.unity.ai.inference/Runtime/Core/Serialization/FlatBuffers/Table.cs
 0.1 kb	 0.0% Packages/com.unity.ai.inference/Runtime/Core/Serialization/FlatBuffers/Struct.cs
 0.1 kb	 0.0% Packages/com.unity.ai.inference/Runtime/Core/Quantization/ModelQuantizer.cs
 0.1 kb	 0.0% Packages/com.unity.ai.inference/Runtime/Core/ProfilerMarkers.cs
 0.1 kb	 0.0% Packages/com.unity.ai.inference/Runtime/Core/Layers/Layer.Pooling.cs
 0.1 kb	 0.0% Packages/com.unity.ai.inference/Runtime/Core/Layers/ConstantTensor.cs
 0.1 kb	 0.0% Packages/com.unity.ai.inference/Runtime/Core/Internals/ModelAssetData.cs
 0.1 kb	 0.0% Packages/com.unity.ai.inference/Runtime/Core/Graph/MatcherUtils.cs
 0.1 kb	 0.0% Packages/com.unity.ai.inference/Runtime/Core/Functional/FunctionalTensor.cs
 0.1 kb	 0.0% Packages/com.unity.ai.inference/Runtime/Core/Functional/FunctionalNode.cs
 0.1 kb	 0.0% Packages/com.unity.ai.inference/Runtime/Core/Functional/FunctionalGraph.cs
 0.1 kb	 0.0% Packages/com.unity.ai.inference/Runtime/Core/Functional/Functional.NN.Vision.cs
 0.1 kb	 0.0% Packages/com.unity.ai.inference/Runtime/Core/Functional/Functional.NN.Sparse.cs
 0.1 kb	 0.0% Packages/com.unity.ai.inference/Runtime/Core/Converters/TextureTransform.cs
 0.1 kb	 0.0% Packages/com.unity.ai.inference/Runtime/Core/Converters/TextureConverter.cs
 0.1 kb	 0.0% Packages/com.unity.ai.inference/Runtime/Core/Backends/TensorAllocator.cs
 0.1 kb	 0.0% Packages/com.unity.ai.inference/Runtime/Core/Backends/ModelValidator.cs
 0.1 kb	 0.0% Packages/com.unity.ai.inference/Runtime/Core/Backends/ModelOptimizer.cs
 0.1 kb	 0.0% Packages/com.unity.ai.inference/Runtime/Core/Backends/GfxDevice/GfxDeviceBackend.cs
 0.1 kb	 0.0% Packages/com.unity.ai.inference/Runtime/Core/Backends/GPUCompute/GPUCompute.cs
 0.1 kb	 0.0% Packages/com.unity.ai.inference/Runtime/Core/Backends/GPUCompute/ComputeHelper.cs
 0.1 kb	 0.0% Packages/com.unity.ai.inference/Runtime/Core/Backends/CPU/ReferenceCPU.Einsum.cs
 0.1 kb	 0.0% Packages/com.unity.ai.inference/Runtime/Core/Backends/CPU/MathExtensions.cs
 0.1 kb	 0.0% Packages/com.unity.ai.inference/Runtime/Core/Backends/CPU/BurstTensorData.cs
 0.1 kb	 0.0% Packages/com.unity.ai.inference/Runtime/Core/Backends/CPU/BurstCPU.MatMul.gen.cs
 0.1 kb	 0.0% Packages/com.unity.ai.inference/Runtime/Core/Backends/CPU/BurstCPU.Jobs.RNN.cs
 0.1 kb	 0.0% Packages/com.unity.ai.inference/Runtime/Core/Backends/CPU/BurstCPU.Jobs.Other.cs
 0.1 kb	 0.0% Packages/com.unity.ai.inference/Runtime/Core/Backends/CPU/BurstCPU.Jobs.Einsum.cs
 0.1 kb	 0.0% Packages/com.unity.ai.inference/Runtime/Core/Backends/CPU/BurstCPU.Backend.gen.cs
 0.1 kb	 0.0% Packages/com.unity.ai.inference/Runtime/Core/Backends/BackendFactory.cs
 0.1 kb	 0.0% Packages/com.unity.ai.assistant/Modules/Unity.AI.Tracing/TraceSinkConfigManager.cs
 0.1 kb	 0.0% Packages/com.unity.ai.assistant/Modules/Unity.AI.Tracing/TraceConfigFileWriter.cs
 0.1 kb	 0.0% Packages/com.bytedance.pico.xr/Runtime/Scripts/Utils/PXR_VstModelPosCheck.cs
 0.1 kb	 0.0% Packages/com.bytedance.pico.xr/Runtime/Scripts/Utils/PXR_EnumConversion.cs
 0.1 kb	 0.0% Packages/com.bytedance.pico.xr/Runtime/Scripts/SensePack/PXR_SpatialAnchor.cs
 0.1 kb	 0.0% Packages/com.bytedance.pico.xr/Runtime/Scripts/SecureMR/Core/PXR_SecureMRBackend.cs
 0.1 kb	 0.0% Packages/com.bytedance.pico.xr/Runtime/Scripts/PXR_ProjectSetting.cs
 0.1 kb	 0.0% Packages/com.bytedance.pico.xr/Runtime/Scripts/PXR_OverlayManager.cs
 0.1 kb	 0.0% Packages/com.bytedance.pico.xr/Runtime/Scripts/Hand/PXR_HandPosePreview.cs
 0.1 kb	 0.0% Packages/com.bytedance.pico.xr/Runtime/Scripts/Hand/PXR_HandPoseConfig.cs
 0.1 kb	 0.0% Packages/com.bytedance.pico.xr/Runtime/Scripts/Features/PXR_MotionTracking.cs
 0.1 kb	 0.0% Packages/com.bytedance.pico.xr/Runtime/Scripts/Features/PXR_HapticParametric.cs
 0.1 kb	 0.0% Packages/com.bytedance.pico.xr/Runtime/Scripts/Features/PXR_FacialSimulation.cs
 0.1 kb	 0.0% Packages/com.bytedance.pico.xr/Runtime/Scripts/Features/PXR_CompositionLayer.cs
 0.1 kb	 0.0% Packages/com.bytedance.pico.xr/Runtime/Scripts/Controller/PXR_ControllerPower.cs
 0.1 kb	 0.0% Packages/com.bytedance.pico.xr/Runtime/Scripts/Controller/PXR_ControllerLoader.cs
 0.1 kb	 0.0% Packages/com.bytedance.pico.xr/Runtime/Debugger/UI/RoundedRectMesh.cs
 0.1 kb	 0.0% Packages/com.bytedance.pico.xr/Runtime/Debugger/Scripts/UI/Tool/PXR_ToolManager.cs
 0.1 kb	 0.0% Packages/com.bytedance.pico.xr/Runtime/Debugger/Scripts/UI/Log/PXR_LogManager.cs
 0.1 kb	 0.0% Packages/com.bytedance.pico.xr/Runtime/Debugger/Scripts/Tools/PXR_Tool_Ruler.cs
 0.1 kb	 0.0% Packages/com.bytedance.pico.xr/Runtime/Debugger/Scripts/Default/PXR_UIManager.cs
 0.1 kb	 0.0% Packages/com.bytedance.pico.xr/Runtime/Debugger/Scripts/Default/PXR_UIController.cs
 0.1 kb	 0.0% Packages/com.bytedance.pico.xr/Runtime/Debugger/Scripts/Default/PXR_DragButton.cs
 0.1 kb	 0.0% Packages/com.bytedance.pico.xr/Runtime/Debugger/Scripts/Core/PXR_Const.cs
 0.1 kb	 0.0% Packages/com.bytedance.pico.xr/Platform/Scripts/Service/Speech.cs
 0.1 kb	 0.0% Packages/com.bytedance.pico.xr/Platform/Scripts/Service/Presence.cs
 0.1 kb	 0.0% Packages/com.bytedance.pico.xr/Platform/Scripts/Service/Network.cs
 0.1 kb	 0.0% Packages/com.bytedance.pico.xr/Platform/Scripts/Models/Leaderboard.cs
 0.1 kb	 0.0% Packages/com.bytedance.pico.xr/Platform/Scripts/Models/Highlight.cs
 0.1 kb	 0.0% Packages/com.bytedance.pico.xr/Platform/Scripts/Models/Challenge.cs
 0.1 kb	 0.0% Packages/com.bytedance.pico.xr/Platform/Samples/SimpleDemo.cs
 0.1 kb	 0.0% Packages/com.bytedance.pico.xr/Enterprise/Scripts/Struct/RGBCameraStruct.cs
 0.1 kb	 0.0% Packages/com.bytedance.pico.xr/Enterprise/Scripts/Model/SwiftDevice.cs
 0.1 kb	 0.0% Packages/com.bytedance.pico.xr/Enterprise/Scripts/Model/MarkerInfo.cs
 0.1 kb	 0.0% Packages/com.bytedance.pico.xr/Enterprise/Scripts/Model/HandStateAlg.cs
 0.1 kb	 0.0% Packages/com.bytedance.pico.xr/Enterprise/Scripts/Model/Constants.cs
 0.1 kb	 0.0% Packages/com.bytedance.pico.xr/Enterprise/Scripts/Interfaces/LongCallback.cs
 0.1 kb	 0.0% Packages/com.bytedance.pico.xr/Enterprise/Scripts/Interfaces/IntCallback.cs
 0.1 kb	 0.0% Packages/com.bytedance.pico.xr/Enterprise/Scripts/Interfaces/BoolCallback.cs
 0.1 kb	 0.0% Packages/com.bytedance.pico.xr/Enterprise/Scripts/Interfaces/BindCallback.cs
 0.1 kb	 0.0% Packages/com.bytedance.pico.xr/CameraPack/Scripts/CameraAPI/CameraAPI.cs
 0.1 kb	 0.0% Packages/com.bytedance.pico.xr/Assets/Resources/Materials/UnderlayHole.mat
 0.1 kb	 0.0% Assets/SpatialTowerDefense/Runtime/SpatialTowerDefenseGame.cs
 0.1 kb	 0.0% Assets/SpatialTowerDefense/Runtime/EditableSceneModelLayout.cs
 0.1 kb	 0.0% Packages/com.unity.xr.openxr/Runtime/input/HapticControl.cs
 0.1 kb	 0.0% Packages/com.unity.xr.openxr/Runtime/NativeTypes/XR_VERSION_1_1/XrExtent3Df.cs
 0.1 kb	 0.0% Packages/com.unity.xr.openxr/Runtime/NativeTypes/Core/XrVector3f.cs
 0.1 kb	 0.0% Packages/com.unity.xr.openxr/Runtime/NativeTypes/Core/XrVector2f.cs
 0.1 kb	 0.0% Packages/com.unity.xr.openxr/Runtime/NativeTypes/Core/XrExtent2Df.cs
 0.1 kb	 0.0% Packages/com.unity.xr.openxr/Runtime/ApiLayers/Support/CoreValidationLogSupport.cs
 0.1 kb	 0.0% Packages/com.unity.xr.openxr/Runtime/ApiLayers/PlatformSupport/WindowsPlatformSupport.cs
 0.1 kb	 0.0% Packages/com.unity.xr.openxr/Runtime/ApiLayers/PlatformSupport/AndroidPlatformSupport.cs
 0.1 kb	 0.0% Packages/com.unity.xr.core-utils/Runtime/GUI/ScreenGUIUtils.cs
 0.1 kb	 0.0% Packages/com.unity.xr.core-utils/Runtime/Extensions/UnityEventExtensions.cs
 0.1 kb	 0.0% Packages/com.unity.ugui/Runtime/UGUI/UI/Animation/CoroutineTween.cs
 0.1 kb	 0.0% Packages/com.unity.ugui/Runtime/UGUI/EventSystem/EventInterfaces.cs
 0.1 kb	 0.0% Packages/com.unity.ugui/Runtime/TMP/TMPro_ExtensionMethods.cs
 0.1 kb	 0.0% Packages/com.unity.ugui/Runtime/TMP/TMP_TextParsingUtilities.cs
 0.1 kb	 0.0% Packages/com.unity.ugui/Runtime/TMP/TMP_TextElement_Legacy.cs
 0.1 kb	 0.0% Packages/com.unity.ugui/Runtime/TMP/TMP_FontAssetUtilities.cs
 0.1 kb	 0.0% Packages/com.unity.ugui/Runtime/TMP/MaterialReferenceManager.cs
 0.1 kb	 0.0% Packages/com.unity.ugui/Runtime/TMP/FontFeatureCommonGSUB.cs
 0.1 kb	 0.0% Packages/com.unity.inputsystem/InputSystem/Utilities/DynamicBitfield.cs
 0.1 kb	 0.0% Packages/com.unity.inputsystem/InputSystem/State/InputState.cs
 0.1 kb	 0.0% Packages/com.unity.inputsystem/InputSystem/Plugins/WebGL/WebGLSupport.cs
 0.1 kb	 0.0% Packages/com.unity.inputsystem/InputSystem/Plugins/WebGL/WebGLGamepad.cs
 0.1 kb	 0.0% Packages/com.unity.inputsystem/InputSystem/Plugins/Users/InputUser.cs
 0.1 kb	 0.0% Packages/com.unity.inputsystem/InputSystem/Plugins/Linux/LinuxSupport.cs
 0.1 kb	 0.0% Packages/com.unity.inputsystem/InputSystem/Plugins/EnhancedTouch/Touch.cs
 0.1 kb	 0.0% Packages/com.unity.inputsystem/InputSystem/Plugins/EnhancedTouch/Finger.cs
 0.1 kb	 0.0% Packages/com.unity.inputsystem/InputSystem/InputSettings.cs
 0.1 kb	 0.0% Packages/com.unity.inputsystem/InputSystem/InputMetrics.cs
 0.1 kb	 0.0% Packages/com.unity.inputsystem/InputSystem/InputExtensions.cs
 0.1 kb	 0.0% Packages/com.unity.inputsystem/InputSystem/InputAnalytics.cs
 0.1 kb	 0.0% Packages/com.unity.inputsystem/InputSystem/Events/TextEvent.cs
 0.1 kb	 0.0% Packages/com.unity.inputsystem/InputSystem/Events/StateEvent.cs
 0.1 kb	 0.0% Packages/com.unity.inputsystem/InputSystem/Events/InputEvent.cs
 0.1 kb	 0.0% Packages/com.unity.inputsystem/InputSystem/Events/ActionEvent.cs
 0.1 kb	 0.0% Packages/com.unity.inputsystem/InputSystem/Editor/UITKAssetEditor/Views/Selectors.cs
 0.1 kb	 0.0% Packages/com.unity.inputsystem/InputSystem/Editor/UITKAssetEditor/Views/ContextMenu.cs
 0.1 kb	 0.0% Packages/com.unity.inputsystem/InputSystem/Editor/Internal/GUIHelpers.cs
 0.1 kb	 0.0% Packages/com.unity.inputsystem/InputSystem/Devices/TrackedDevice.cs
 0.1 kb	 0.0% Packages/com.unity.inputsystem/InputSystem/Devices/Remote/InputRemoting.cs
 0.1 kb	 0.0% Packages/com.unity.inputsystem/InputSystem/Devices/Precompiled/FastTouchscreen.cs
 0.1 kb	 0.0% Packages/com.unity.inputsystem/InputSystem/Devices/Precompiled/FastMouse.partial.cs
 0.1 kb	 0.0% Packages/com.unity.inputsystem/InputSystem/Devices/IEventMerger.cs
 0.1 kb	 0.0% Packages/com.unity.inputsystem/InputSystem/Controls/TouchControl.cs
 0.1 kb	 0.0% Packages/com.unity.inputsystem/InputSystem/Controls/StickControl.cs
 0.1 kb	 0.0% Packages/com.unity.inputsystem/InputSystem/Controls/KeyControl.cs
 0.1 kb	 0.0% Packages/com.unity.inputsystem/InputSystem/Controls/InputProcessor.cs
 0.1 kb	 0.0% Packages/com.unity.inputsystem/InputSystem/Controls/InputControlPath.cs
 0.1 kb	 0.0% Packages/com.unity.inputsystem/InputSystem/Controls/DpadControl.cs
 0.1 kb	 0.0% Packages/com.unity.inputsystem/InputSystem/Controls/DeltaControl.cs
 0.1 kb	 0.0% Packages/com.unity.inputsystem/InputSystem/Controls/AxisControl.cs
 0.1 kb	 0.0% Packages/com.unity.inputsystem/InputSystem/Actions/InputActionState.cs
 0.1 kb	 0.0% Packages/com.unity.inputsystem/InputSystem/Actions/InputActionMap.cs
 0.1 kb	 0.0% Packages/com.unity.inputsystem/InputSystem/Actions/InputActionAsset.cs
 0.1 kb	 0.0% Packages/com.unity.collections/Unity.Collections/UnsafeQueue.cs
 0.1 kb	 0.0% Packages/com.unity.collections/Unity.Collections/NativeHashMap.cs
 0.1 kb	 0.0% Packages/com.unity.collections/Unity.Collections/FixedStringFormat.gen.cs
 0.1 kb	 0.0% Packages/com.unity.collections/Unity.Collections/FixedString.gen.cs
 0.1 kb	 0.0% Packages/com.unity.ai.inference/Runtime/Core/PluginInterfaces.cs
 0.1 kb	 0.0% Packages/com.unity.ai.inference/Runtime/Core/Layers/Layer.Trigonometric.cs
 0.1 kb	 0.0% Packages/com.unity.ai.inference/Runtime/Core/Layers/Layer.Reduction.cs
 0.1 kb	 0.0% Packages/com.unity.ai.inference/Runtime/Core/Layers/Layer.Random.cs
 0.1 kb	 0.0% Packages/com.unity.ai.inference/Runtime/Core/Layers/Layer.Indexing.cs
 0.1 kb	 0.0% Packages/com.unity.ai.inference/Runtime/Core/Layers/Layer.Convolution.cs
 0.1 kb	 0.0% Packages/com.unity.ai.inference/Runtime/Core/Graph/GraphUtils.cs
 0.1 kb	 0.0% Packages/com.unity.ai.inference/Runtime/Core/Graph/GraphModule.cs
 0.1 kb	 0.0% Packages/com.unity.ai.inference/Runtime/Core/Functional/Functional.Model.cs
 0.1 kb	 0.0% Packages/com.unity.ai.inference/Runtime/Core/Functional/Functional.Layer.cs
 0.1 kb	 0.0% Packages/com.unity.ai.inference/Runtime/Core/Backends/CPU/BurstCPU.Jobs.cs
 0.1 kb	 0.0% Packages/com.unity.ai.inference/Runtime/Core/Backends/CPU/BurstCPU.Backend.cs
 0.1 kb	 0.0% Packages/com.unity.ai.assistant/Modules/Unity.AI.Tracing/AssemblyInfo.cs
 0.1 kb	 0.0% Packages/com.bytedance.pico.xr/Runtime/Scripts/SecureMR/Core/PXR_SecureMRTensorCore.cs
 0.1 kb	 0.0% Packages/com.bytedance.pico.xr/Runtime/Scripts/SecureMR/Core/PXR_SecureMRProviderCore.cs
 0.1 kb	 0.0% Packages/com.bytedance.pico.xr/Runtime/Scripts/SecureMR/Core/PXR_SecureMRPipelineCore.cs
 0.1 kb	 0.0% Packages/com.bytedance.pico.xr/Platform/Scripts/Service/Sport.cs
 0.1 kb	 0.0% Packages/com.bytedance.pico.xr/Platform/Scripts/Models/Speech.cs
 0.1 kb	 0.0% Packages/com.bytedance.pico.xr/Platform/Scripts/Models/Presence.cs
 0.1 kb	 0.0% Packages/com.bytedance.pico.xr/Platform/Scripts/Models/Common.cs
 0.1 kb	 0.0% Packages/com.bytedance.pico.xr/Platform/Scripts/Framework/TimeUtil.cs
 0.1 kb	 0.0% Packages/com.bytedance.pico.xr/Platform/Scripts/Framework/Runner.cs
 0.1 kb	 0.0% Packages/com.bytedance.pico.xr/Platform/Scripts/Framework/Message.cs
 0.1 kb	 0.0% Packages/com.bytedance.pico.xr/Platform/Scripts/Framework/Looper.cs
 0.1 kb	 0.0% Packages/com.bytedance.pico.xr/Platform/Scripts/CLIB/MarshalUtil.cs
 0.1 kb	 0.0% Packages/com.unity.xr.openxr/Runtime/Settings/OpenXRSettings.cs
 0.1 kb	 0.0% Packages/com.unity.xr.openxr/Runtime/Settings/IPackageSettings.cs
 0.1 kb	 0.0% Packages/com.unity.xr.openxr/Runtime/OpenXRUtility.cs
 0.1 kb	 0.0% Packages/com.unity.xr.openxr/Runtime/OpenXRRuntime.cs
 0.1 kb	 0.0% Packages/com.unity.xr.openxr/Runtime/OpenXRRestarter.cs
 0.1 kb	 0.0% Packages/com.unity.xr.openxr/Runtime/OpenXRLoaderBase.cs
 0.1 kb	 0.0% Packages/com.unity.xr.openxr/Runtime/OpenXRApiVersion.cs
 0.1 kb	 0.0% Packages/com.unity.xr.openxr/Runtime/OpenXRAnalytics.cs
 0.1 kb	 0.0% Packages/com.unity.xr.openxr/Runtime/ApiLayers/Support/ApiDumpLogSupport.cs
 0.1 kb	 0.0% Packages/com.unity.xr.core-utils/Runtime/XRLoggingUtils.cs
 0.1 kb	 0.0% Packages/com.unity.xr.core-utils/Runtime/UnityObjectUtils.cs
 0.1 kb	 0.0% Packages/com.unity.xr.core-utils/Runtime/SerializableGuid.cs
 0.1 kb	 0.0% Packages/com.unity.xr.core-utils/Runtime/ReflectionUtils.cs
 0.1 kb	 0.0% Packages/com.unity.xr.core-utils/Runtime/NativeArrayUtils.cs
 0.1 kb	 0.0% Packages/com.unity.xr.core-utils/Runtime/MaterialUtils.cs
 0.1 kb	 0.0% Packages/com.unity.xr.core-utils/Runtime/GeometryUtils.cs
 0.1 kb	 0.0% Packages/com.unity.xr.core-utils/Runtime/GameObjectUtils.cs
 0.1 kb	 0.0% Packages/com.unity.xr.core-utils/Runtime/Extensions/TypeExtensions.cs
 0.1 kb	 0.0% Packages/com.unity.xr.core-utils/Runtime/Extensions/StringExtensions.cs
 0.1 kb	 0.0% Packages/com.unity.xr.core-utils/Runtime/Extensions/PoseExtensions.cs
 0.1 kb	 0.0% Packages/com.unity.xr.core-utils/Runtime/Extensions/ListExtensions.cs
 0.1 kb	 0.0% Packages/com.unity.xr.core-utils/Runtime/Extensions/GuidExtensions.cs
 0.1 kb	 0.0% Packages/com.unity.xr.core-utils/Runtime/Extensions/CameraExtensions.cs
 0.1 kb	 0.0% Packages/com.unity.xr.core-utils/Runtime/Extensions/BoundsExtensions.cs
 0.1 kb	 0.0% Packages/com.unity.xr.core-utils/Runtime/Datums/StringDatum.cs
 0.1 kb	 0.0% Packages/com.unity.xr.core-utils/Runtime/Datums/FloatDatum.cs
 0.1 kb	 0.0% Packages/com.unity.xr.core-utils/Runtime/ComponentUtils.cs
 0.1 kb	 0.0% Packages/com.unity.xr.core-utils/Runtime/Bindings/EventBinding.cs
 0.1 kb	 0.0% Packages/com.unity.ugui/Runtime/UGUI/UI/Core/SetPropertyUtility.cs
 0.1 kb	 0.0% Packages/com.unity.ugui/Runtime/UGUI/UI/Core/MaterialModifiers/IMaterialModifier.cs
 0.1 kb	 0.0% Packages/com.unity.ugui/Runtime/UGUI/UI/Core/Layout/VerticalLayoutGroup.cs
 0.1 kb	 0.0% Packages/com.unity.ugui/Runtime/UGUI/UI/Core/Layout/ContentSizeFitter.cs
 0.1 kb	 0.0% Packages/com.unity.ugui/Runtime/UGUI/UI/Core/Layout/AspectRatioFitter.cs
 0.1 kb	 0.0% Packages/com.unity.ugui/Runtime/UGUI/UI/Core/FontUpdateTracker.cs
 0.1 kb	 0.0% Packages/com.unity.ugui/Runtime/UGUI/UI/Core/CanvasUpdateRegistry.cs
 0.1 kb	 0.0% Packages/com.unity.ugui/Runtime/UGUI/UI/Core/AnimationTriggers.cs
 0.1 kb	 0.0% Packages/com.unity.ugui/Runtime/UGUI/EventSystem/UIElements/PanelRaycaster.cs
 0.1 kb	 0.0% Packages/com.unity.ugui/Runtime/UGUI/EventSystem/Raycasters/PhysicsRaycaster.cs
 0.1 kb	 0.0% Packages/com.unity.ugui/Runtime/UGUI/EventSystem/Raycasters/BaseRaycaster.cs
 0.1 kb	 0.0% Packages/com.unity.ugui/Runtime/UGUI/EventSystem/RaycasterManager.cs
 0.1 kb	 0.0% Packages/com.unity.ugui/Runtime/UGUI/EventSystem/RaycastResult.cs
 0.1 kb	 0.0% Packages/com.unity.ugui/Runtime/UGUI/EventSystem/InputModules/TouchInputModule.cs
 0.1 kb	 0.0% Packages/com.unity.ugui/Runtime/UGUI/EventSystem/InputModules/BaseInputModule.cs
 0.1 kb	 0.0% Packages/com.unity.ugui/Runtime/UGUI/EventSystem/ExecuteEvents.cs
 0.1 kb	 0.0% Packages/com.unity.ugui/Runtime/UGUI/EventSystem/EventData/PointerEventData.cs
 0.1 kb	 0.0% Packages/com.unity.ugui/Runtime/UGUI/EventSystem/EventData/BaseEventData.cs
 0.1 kb	 0.0% Packages/com.unity.ugui/Runtime/UGUI/EventSystem/EventData/AxisEventData.cs
 0.1 kb	 0.0% Packages/com.unity.ugui/Runtime/TMP/TMP_TextProcessingStack.cs
 0.1 kb	 0.0% Packages/com.unity.ugui/Runtime/TMP/TMP_FontFeaturesCommon.cs
 0.1 kb	 0.0% Packages/com.unity.inputsystem/InputSystem/Utilities/FourCC.cs
 0.1 kb	 0.0% Packages/com.unity.inputsystem/InputSystem/Plugins/iOS/iOSSupport.cs
 0.1 kb	 0.0% Packages/com.unity.inputsystem/InputSystem/Plugins/XR/XRSupport.cs
 0.1 kb	 0.0% Packages/com.unity.inputsystem/InputSystem/Plugins/XR/GenericXRDevice.cs
 0.1 kb	 0.0% Packages/com.unity.inputsystem/InputSystem/Plugins/XR/Devices/WindowsMR.cs
 0.1 kb	 0.0% Packages/com.unity.inputsystem/InputSystem/Plugins/XR/Controls/PoseControl.cs
 0.1 kb	 0.0% Packages/com.unity.inputsystem/InputSystem/Plugins/UI/PointerModel.cs
 0.1 kb	 0.0% Packages/com.unity.inputsystem/InputSystem/Plugins/OSX/OSXSupport.cs
 0.1 kb	 0.0% Packages/com.unity.inputsystem/InputSystem/Plugins/HID/HIDSupport.cs
 0.1 kb	 0.0% Packages/com.unity.inputsystem/InputSystem/Plugins/HID/HIDParser.cs
 0.1 kb	 0.0% Packages/com.unity.collections/Unity.Collections/xxHash3.StreamingState.cs
 0.1 kb	 0.0% Packages/com.unity.collections/Unity.Collections/NativeSort.cs
 0.1 kb	 0.0% Packages/com.unity.collections/Unity.Collections/NativeBitArray.cs
 0.1 kb	 0.0% Packages/com.unity.collections/Unity.Collections/ListExtensions.cs
 0.1 kb	 0.0% Packages/com.unity.collections/Unity.Collections/Jobs/IJobParallelForDefer.cs
 0.1 kb	 0.0% Packages/com.unity.collections/Unity.Collections/Jobs/IJobParallelForBatch.cs
 0.1 kb	 0.0% Packages/com.unity.collections/Unity.Collections/FixedStringUtils.cs
 0.1 kb	 0.0% Packages/com.unity.collections/Unity.Collections/DataStreamWriter.cs
 0.1 kb	 0.0% Packages/com.unity.collections/Unity.Collections/DataStreamReader.cs
 0.1 kb	 0.0% Packages/com.unity.collections/Unity.Collections/ConcurrentMask.cs
 0.1 kb	 0.0% Packages/com.unity.collections/Unity.Collections/CollectionHelper.cs
 0.1 kb	 0.0% Packages/com.unity.collections/Unity.Collections/AllocatorManager.cs
 0.1 kb	 0.0% Packages/com.unity.burst/Runtime/SafeStringArrayHelper.cs
 0.1 kb	 0.0% Packages/com.unity.burst/Runtime/Editor/BurstEditorOptions.cs
 0.1 kb	 0.0% Packages/com.unity.burst/Runtime/Editor/BurstCompileTarget.cs
 0.1 kb	 0.0% Packages/com.unity.burst/Runtime/Editor/BurstAssemblyDisable.cs
 0.1 kb	 0.0% Packages/com.unity.burst/Runtime/BurstCompileAttribute.cs
 0.1 kb	 0.0% Packages/com.unity.ai.inference/Runtime/Plugins/OSX/MacBLAS.cs
 0.1 kb	 0.0% Packages/com.unity.ai.inference/Runtime/Core/TensorShape.cs
 0.1 kb	 0.0% Packages/com.unity.ai.inference/Runtime/Core/TensorIndex.cs
 0.1 kb	 0.0% Packages/com.unity.ai.inference/Runtime/Core/TensorGeneric.cs
 0.1 kb	 0.0% Packages/com.unity.ai.inference/Runtime/Core/TensorData.cs
 0.1 kb	 0.0% Packages/com.unity.ai.inference/Runtime/Core/ShapeInference/EinsumHelper.cs
 0.1 kb	 0.0% Packages/com.unity.ai.inference/Runtime/Core/Serialization/SentisFlatBuffer/ExecutionPlan.cs
 0.1 kb	 0.0% Packages/com.unity.ai.inference/Runtime/Core/Serialization/ModelWriter.cs
 0.1 kb	 0.0% Packages/com.unity.ai.inference/Runtime/Core/Serialization/ModelLoader.cs
 0.1 kb	 0.0% Packages/com.unity.ai.inference/Runtime/Core/Layers/Layer.Recurrent.cs
 0.1 kb	 0.0% Packages/com.unity.ai.inference/Runtime/Core/Layers/Layer.Logical.cs
 0.1 kb	 0.0% Packages/com.unity.ai.inference/Runtime/Core/Layers/Layer.Activation.cs
 0.1 kb	 0.0% Packages/com.unity.ai.inference/Runtime/Core/Internals/ModelAsset.cs
 0.1 kb	 0.0% Packages/com.unity.ai.inference/Runtime/Core/Backends/TensorPool.cs
 0.1 kb	 0.0% Packages/com.unity.ai.inference/Runtime/Core/Backends/ModelStorage.cs
 0.1 kb	 0.0% Packages/com.unity.ai.inference/Runtime/Core/Backends/GPUCompute/ComputeInfo.cs
 0.1 kb	 0.0% Packages/com.unity.ai.inference/Runtime/Core/Backends/CPU/ReferenceCPU.cs
 0.1 kb	 0.0% Packages/com.bytedance.pico.xr/SpatialAudio/Samples/scripts/GeomNumPrinter.cs
 0.1 kb	 0.0% Packages/com.bytedance.pico.xr/Runtime/Scripts/Utils/PXR_ObjImporter.cs
 0.1 kb	 0.0% Packages/com.bytedance.pico.xr/Runtime/Scripts/Features/PXR_ScreenFade.cs
 0.1 kb	 0.0% Packages/com.bytedance.pico.xr/Runtime/Scripts/Features/PXR_MixedReality.cs
 0.1 kb	 0.0% Packages/com.bytedance.pico.xr/Runtime/Scripts/Features/PXR_LateLatching.cs
 0.1 kb	 0.0% Packages/com.bytedance.pico.xr/Runtime/Scripts/Features/PXR_HandTracking.cs
 0.1 kb	 0.0% Packages/com.bytedance.pico.xr/Runtime/Scripts/Features/PXR_EyeTracking.cs
 0.1 kb	 0.0% Packages/com.bytedance.pico.xr/Runtime/Scripts/Features/PXR_CameraImage.cs
 0.1 kb	 0.0% Packages/com.bytedance.pico.xr/Platform/Scripts/Service/User.cs
 0.1 kb	 0.0% Packages/com.bytedance.pico.xr/Platform/Scripts/Service/Room.cs
 0.1 kb	 0.0% Packages/com.bytedance.pico.xr/Platform/Scripts/Service/RTC.cs
 0.1 kb	 0.0% Packages/com.bytedance.pico.xr/Platform/Scripts/Service/IAP.cs
 0.1 kb	 0.0% Packages/com.bytedance.pico.xr/Platform/Scripts/Service/Core.cs
 0.1 kb	 0.0% Packages/com.bytedance.pico.xr/Platform/Scripts/Models/Packet.cs
 0.1 kb	 0.0% Packages/com.bytedance.pico.xr/Enterprise/Scripts/Model/Point3D.cs
 0.1 kb	 0.0% Packages/com.bytedance.pico.xr/Enterprise/Scripts/Model/Intent.cs
 0.1 kb	 0.0% Packages/com.bytedance.pico.xr/Enterprise/Scripts/Model/IMUData.cs
 0.1 kb	 0.0% Assets/SpatialTowerDefense/Runtime/ProceduralFactory.cs
 0.1 kb	 0.0% Assets/SpatialTowerDefense/Runtime/CombatVisualEffects.cs
 0.1 kb	 0.0% Packages/com.unity.xr.openxr/Runtime/input/PoseControl.cs
 0.1 kb	 0.0% Packages/com.unity.xr.openxr/Runtime/input/OpenXRInput.cs
 0.1 kb	 0.0% Packages/com.unity.xr.openxr/Runtime/input/OpenXRHmd.cs
 0.1 kb	 0.0% Packages/com.unity.xr.openxr/Runtime/input/OpenXRDevice.cs
 0.1 kb	 0.0% Packages/com.unity.xr.openxr/Runtime/NativeTypes/XR_VERSION_1_1/XrUuid.cs
 0.1 kb	 0.0% Packages/com.unity.xr.openxr/Runtime/NativeTypes/XR_VERSION_1_1/XrBoxf.cs
 0.1 kb	 0.0% Packages/com.unity.xr.openxr/Runtime/NativeTypes/Core/XrPosef.cs
 0.1 kb	 0.0% Packages/com.unity.xr.openxr/Runtime/NativeTypes/Core/XrFovf.cs
 0.1 kb	 0.0% Packages/com.unity.xr.openxr/Runtime/ApiLayers/PlatformSupport/IPlatformSupport.cs
 0.1 kb	 0.0% Packages/com.unity.xr.openxr/Runtime/ApiLayers/OpenXRApiLayers.cs
 0.1 kb	 0.0% Packages/com.unity.xr.openxr/Runtime/ApiLayers/OpenXRApiLayer.cs
 0.1 kb	 0.0% Packages/com.unity.ugui/Runtime/TMP/TMPro_EventManager.cs
 0.1 kb	 0.0% Packages/com.unity.ugui/Runtime/TMP/TMP_UpdateRegistery.cs
 0.1 kb	 0.0% Packages/com.unity.ugui/Runtime/TMP/TMP_UpdateManager.cs
 0.1 kb	 0.0% Packages/com.unity.ugui/Runtime/TMP/TMP_TextUtilities.cs
 0.1 kb	 0.0% Packages/com.unity.ugui/Runtime/TMP/TMP_TextProcessingCommon.cs
 0.1 kb	 0.0% Packages/com.unity.ugui/Runtime/TMP/TMP_SpriteCharacter.cs
 0.1 kb	 0.0% Packages/com.unity.ugui/Runtime/TMP/TMP_SpriteAnimator.cs
 0.1 kb	 0.0% Packages/com.unity.ugui/Runtime/TMP/TMP_SelectionCaret.cs
 0.1 kb	 0.0% Packages/com.unity.ugui/Runtime/TMP/TMP_ResourcesManager.cs
 0.1 kb	 0.0% Packages/com.unity.ugui/Runtime/TMP/TMP_MaterialManager.cs
 0.1 kb	 0.0% Packages/com.unity.ugui/Runtime/TMP/TMP_InputValidator.cs
 0.1 kb	 0.0% Packages/com.unity.ugui/Runtime/TMP/TMP_FontFeatureTable.cs
 0.1 kb	 0.0% Packages/com.unity.ugui/Runtime/TMP/TMP_DefaultControls.cs
 0.1 kb	 0.0% Packages/com.unity.ugui/Runtime/TMP/TMP_Compatibility.cs
 0.1 kb	 0.0% Packages/com.unity.ugui/Runtime/TMP/TMP_ColorGradient.cs
 0.1 kb	 0.0% Packages/com.unity.ugui/Runtime/TMP/TMP_CharacterInfo.cs
 0.1 kb	 0.0% Packages/com.unity.ugui/Runtime/TMP/ITextPreProcessor.cs
 0.1 kb	 0.0% Packages/com.unity.ugui/Runtime/TMP/FontFeatureCommonGPOS.cs
 0.1 kb	 0.0% Packages/com.unity.ugui/Runtime/InternalBridge/TMPHelpURL.cs
 0.1 kb	 0.0% Packages/com.unity.inputsystem/InputSystem/Plugins/PlayerInput/PlayerInput.cs
 0.1 kb	 0.0% Packages/com.unity.inputsystem/InputSystem/Plugins/PlayerInput/InputValue.cs
 0.1 kb	 0.0% Packages/com.unity.inputsystem/InputSystem/InputSystem.cs
 0.1 kb	 0.0% Packages/com.unity.inputsystem/InputSystem/InputManager.cs
 0.1 kb	 0.0% Packages/com.unity.inputsystem/InputSystem/Editor/UITKAssetEditor/Commands/Commands.cs
 0.1 kb	 0.0% Packages/com.unity.inputsystem/InputSystem/Editor/Dialog.cs
 0.1 kb	 0.0% Packages/com.unity.inputsystem/InputSystem/Devices/Touchscreen.cs
 0.1 kb	 0.0% Packages/com.unity.inputsystem/InputSystem/Devices/Precompiled/FastMouse.cs
 0.1 kb	 0.0% Packages/com.unity.inputsystem/InputSystem/Devices/Precompiled/FastKeyboard.cs
 0.1 kb	 0.0% Packages/com.unity.inputsystem/InputSystem/Devices/InputDevice.cs
 0.1 kb	 0.0% Packages/com.unity.inputsystem/InputSystem/Devices/Haptics/IHaptics.cs
 0.1 kb	 0.0% Packages/com.unity.inputsystem/InputSystem/Controls/InputControl.cs
 0.1 kb	 0.0% Packages/com.unity.inputsystem/InputSystem/Controls/CommonUsages.cs
 0.1 kb	 0.0% Packages/com.unity.inputsystem/InputSystem/AssemblyInfo.cs
 0.1 kb	 0.0% Packages/com.unity.inputsystem/InputSystem/Actions/InputBinding.cs
 0.1 kb	 0.0% Packages/com.unity.inputsystem/InputSystem/Actions/InputAction.cs
 0.1 kb	 0.0% Packages/com.unity.collections/Unity.Collections/NativeText.gen.cs
 0.1 kb	 0.0% Packages/com.unity.collections/Unity.Collections/FixedList.gen.cs
 0.1 kb	 0.0% Packages/com.unity.ai.inference/Runtime/Core/Layers/Layer.Math.cs
 0.1 kb	 0.0% Packages/com.unity.ai.inference/Runtime/Core/Graph/SortKey.cs
 0.1 kb	 0.0% Packages/com.unity.ai.inference/Runtime/Core/Graph/NodeSet.cs
 0.1 kb	 0.0% Packages/com.unity.ai.inference/Runtime/Core/Graph/NodeList.cs
 0.1 kb	 0.0% Packages/com.unity.ai.inference/Runtime/Core/Graph/Graph.cs
 0.1 kb	 0.0% Packages/com.unity.ai.inference/Runtime/Core/Graph/Argument.cs
 0.1 kb	 0.0% Packages/com.unity.ai.inference/Runtime/Core/Backends/GPUPixel/GPUPixel.cs
 0.1 kb	 0.0% Packages/com.bytedance.pico.xr/Runtime/InputSystem/DeviceLayouts.cs
 0.1 kb	 0.0% Packages/com.bytedance.pico.xr/Platform/Scripts/Models/IAP.cs
 0.1 kb	 0.0% Packages/com.bytedance.pico.xr/Platform/Scripts/Framework/Task.cs
 0.1 kb	 0.0% Packages/com.bytedance.pico.xr/Enterprise/Sample/VirtualDisplay/PXR/VirtualDisplayEvent.cs
 0.1 kb	 0.0% Packages/com.bytedance.pico.xr/Enterprise/Sample/VirtualDisplay/PXR/VirtualDisplayDemo.cs
 0.1 kb	 0.0% Assets/Resources/PXR_PicoDebuggerSO.asset
 0.1 kb	 0.0% Packages/com.unity.xr.openxr/Runtime/OpenXRLoader.cs
 0.1 kb	 0.0% Packages/com.unity.xr.openxr/Runtime/Constants.cs
 0.1 kb	 0.0% Packages/com.unity.xr.openxr/Runtime/ApiLayers/Support/LogSupport.cs
 0.1 kb	 0.0% Packages/com.unity.xr.management/Runtime/XRLoader.cs
 0.1 kb	 0.0% Packages/com.unity.xr.core-utils/Runtime/UndoBlock.cs
 0.1 kb	 0.0% Packages/com.unity.xr.core-utils/Runtime/TextureUtils.cs
 0.1 kb	 0.0% Packages/com.unity.xr.core-utils/Runtime/MathUtility.cs
 0.1 kb	 0.0% Packages/com.unity.xr.core-utils/Runtime/HashCodeUtil.cs
 0.1 kb	 0.0% Packages/com.unity.xr.core-utils/Runtime/DebugDraw.cs
 0.1 kb	 0.0% Packages/com.unity.xr.core-utils/Runtime/Datums/IntDatum.cs
 0.1 kb	 0.0% Packages/com.unity.xr.core-utils/Runtime/BoundsUtils.cs
 0.1 kb	 0.0% Packages/com.unity.ugui/Runtime/UGUI/UI/Core/VertexModifiers/PositionAsUV1.cs
 0.1 kb	 0.0% Packages/com.unity.ugui/Runtime/UGUI/UI/Core/VertexModifiers/IMeshModifier.cs
 0.1 kb	 0.0% Packages/com.unity.ugui/Runtime/UGUI/UI/Core/VertexModifiers/BaseMeshEffect.cs
 0.1 kb	 0.0% Packages/com.unity.ugui/Runtime/UGUI/UI/Core/StencilMaterial.cs
 0.1 kb	 0.0% Packages/com.unity.ugui/Runtime/UGUI/UI/Core/RaycastReceiver.cs
 0.1 kb	 0.0% Packages/com.unity.ugui/Runtime/UGUI/UI/Core/MaskableGraphic.cs
 0.1 kb	 0.0% Packages/com.unity.ugui/Runtime/UGUI/UI/Core/MaskUtilities.cs
 0.1 kb	 0.0% Packages/com.unity.ugui/Runtime/UGUI/UI/Core/Layout/LayoutUtility.cs
 0.1 kb	 0.0% Packages/com.unity.ugui/Runtime/UGUI/UI/Core/Layout/LayoutRebuilder.cs
 0.1 kb	 0.0% Packages/com.unity.ugui/Runtime/UGUI/UI/Core/Layout/LayoutElement.cs
 0.1 kb	 0.0% Packages/com.unity.ugui/Runtime/UGUI/UI/Core/Layout/ILayoutElement.cs
 0.1 kb	 0.0% Packages/com.unity.ugui/Runtime/UGUI/UI/Core/Layout/GridLayoutGroup.cs
 0.1 kb	 0.0% Packages/com.unity.ugui/Runtime/UGUI/UI/Core/GraphicRegistry.cs
 0.1 kb	 0.0% Packages/com.unity.ugui/Runtime/UGUI/UI/Core/GraphicRaycaster.cs
 0.1 kb	 0.0% Packages/com.unity.ugui/Runtime/UGUI/UI/Core/DefaultControls.cs
 0.1 kb	 0.0% Packages/com.unity.ugui/Runtime/UGUI/UI/Core/Culling/ClipperRegistry.cs
 0.1 kb	 0.0% Packages/com.unity.ugui/Runtime/UGUI/EventSystem/UIBehaviour.cs
 0.1 kb	 0.0% Packages/com.unity.ugui/Runtime/UGUI/EventSystem/InputModules/BaseInput.cs
 0.1 kb	 0.0% Packages/com.unity.ugui/Runtime/UGUI/EventSystem/EventTrigger.cs
 0.1 kb	 0.0% Packages/com.unity.ugui/Runtime/UGUI/EventSystem/EventSystem.cs
 0.1 kb	 0.0% Packages/com.unity.ugui/Runtime/TMP/TMPro_MeshUtilities.cs
 0.1 kb	 0.0% Packages/com.unity.ugui/Runtime/TMP/TMP_ShaderUtilities.cs
 0.1 kb	 0.0% Packages/com.unity.ugui/Runtime/TMP/TMP_RichTextTagsCommon.cs
 0.1 kb	 0.0% Packages/com.unity.ugui/Runtime/TMP/TMP_FontAssetCommon.cs
 0.1 kb	 0.0% Packages/com.unity.inputsystem/InputSystem/Plugins/XR/Devices/Oculus.cs
 0.1 kb	 0.0% Packages/com.unity.collections/Unity.Collections/UIntFloat.cs
 0.1 kb	 0.0% Packages/com.unity.collections/Unity.Collections/NativeStream.cs
 0.1 kb	 0.0% Packages/com.unity.collections/Unity.Collections/Jobs/EarlyInitHelpers.cs
 0.1 kb	 0.0% Packages/com.unity.burst/Runtime/Intrinsics/SimdDebugViews.cs
 0.1 kb	 0.0% Packages/com.unity.burst/Runtime/Editor/BurstReflection.cs
 0.1 kb	 0.0% Packages/com.unity.burst/Runtime/BurstCompilerOptions.cs
 0.1 kb	 0.0% Packages/com.unity.ai.inference/Runtime/Core/Tensor.cs
 0.1 kb	 0.0% Packages/com.unity.ai.inference/Runtime/Core/Serialization/SentisFlatBuffer/KernelCall.cs
 0.1 kb	 0.0% Packages/com.unity.ai.inference/Runtime/Core/Serialization/SentisFlatBuffer/Instruction.cs
 0.1 kb	 0.0% Packages/com.unity.ai.inference/Runtime/Core/Serialization/SentisFlatBuffer/FloatList.cs
 0.1 kb	 0.0% Packages/com.unity.ai.inference/Runtime/Core/Serialization/SentisFlatBuffer/DataSegment.cs
 0.1 kb	 0.0% Packages/com.unity.ai.inference/Runtime/Core/Random.cs
 0.1 kb	 0.0% Packages/com.unity.ai.inference/Runtime/Core/Model.cs
 0.1 kb	 0.0% Packages/com.unity.ai.inference/Runtime/Core/Logger.cs
 0.1 kb	 0.0% Packages/com.unity.ai.inference/Runtime/Core/Layers/Layer.cs
 0.1 kb	 0.0% Packages/com.unity.ai.inference/Runtime/Core/Layers/Constant.cs
 0.1 kb	 0.0% Packages/com.unity.ai.inference/Runtime/Core/Internals/Debug.cs
 0.1 kb	 0.0% Packages/com.unity.ai.inference/Runtime/Core/Backends/Worker.cs
 0.1 kb	 0.0% Packages/com.unity.ai.inference/Runtime/Core/Backends/OpsUtils.cs
 0.1 kb	 0.0% Packages/com.unity.ai.inference/Runtime/Core/Backends/IBackend.cs
 0.1 kb	 0.0% Packages/com.unity.ai.assistant/Modules/Unity.AI.Tracing/TraceCategories.cs
 0.1 kb	 0.0% Packages/com.bytedance.pico.xr/Runtime/Scripts/PXR_Usages.cs
 0.1 kb	 0.0% Packages/com.bytedance.pico.xr/Runtime/Scripts/PXR_Settings.cs
 0.1 kb	 0.0% Packages/com.bytedance.pico.xr/Runtime/Scripts/PXR_Plugin.cs
 0.1 kb	 0.0% Packages/com.bytedance.pico.xr/Runtime/Scripts/PXR_Manager.cs
 0.1 kb	 0.0% Packages/com.bytedance.pico.xr/Runtime/Scripts/PXR_Loader.cs
 0.1 kb	 0.0% Packages/com.bytedance.pico.xr/Runtime/Scripts/Hand/PXR_HandPose.cs
 0.1 kb	 0.0% Packages/com.bytedance.pico.xr/Runtime/Scripts/Features/PXR_System.cs
 0.1 kb	 0.0% Packages/com.bytedance.pico.xr/Runtime/Scripts/Features/PXR_OverLay.cs
 0.1 kb	 0.0% Packages/com.bytedance.pico.xr/Runtime/Scripts/Features/PXR_Input.cs
 0.1 kb	 0.0% Packages/com.bytedance.pico.xr/Runtime/Scripts/Features/PXR_Boundary.cs
 0.1 kb	 0.0% Packages/com.bytedance.pico.xr/Runtime/CompositionLayers/PXR_Utility.cs
 0.1 kb	 0.0% Packages/com.bytedance.pico.xr/Platform/Scripts/Models/User.cs
 0.1 kb	 0.0% Packages/com.bytedance.pico.xr/Platform/Scripts/Models/Room.cs
 0.1 kb	 0.0% Packages/com.bytedance.pico.xr/Platform/Scripts/CLIB/CLIB2.cs
 0.1 kb	 0.0% Packages/com.bytedance.pico.xr/Enterprise/Scripts/Model/Pose.cs
 0.1 kb	 0.0% Assets/SpatialTowerDefense/Runtime/SpatialInputRig.cs
 0.1 kb	 0.0% Assets/SpatialTowerDefense/Runtime/SceneModelAnchor.cs
 0.1 kb	 0.0% Assets/SpatialTowerDefense/Runtime/GameDefinitions.cs
 0.1 kb	 0.0% Assets/SpatialTowerDefense/Runtime/BillboardText.cs
 0.1 kb	 0.0% Packages/com.unity.xr.openxr/Runtime/ApiLayers/Support/ISupport.cs
 0.1 kb	 0.0% Packages/com.unity.ugui/Runtime/TMP/TextMeshProUGUI.cs
 0.1 kb	 0.0% Packages/com.unity.ugui/Runtime/TMP/TextContainer.cs
 0.1 kb	 0.0% Packages/com.unity.ugui/Runtime/TMP/TMP_TextElement.cs
 0.1 kb	 0.0% Packages/com.unity.ugui/Runtime/TMP/TMP_SubMeshUI.cs
 0.1 kb	 0.0% Packages/com.unity.ugui/Runtime/TMP/TMP_StyleSheet.cs
 0.1 kb	 0.0% Packages/com.unity.ugui/Runtime/TMP/TMP_SpriteGlyph.cs
 0.1 kb	 0.0% Packages/com.unity.ugui/Runtime/TMP/TMP_SpriteAsset.cs
 0.1 kb	 0.0% Packages/com.unity.ugui/Runtime/TMP/TMP_InputField.cs
 0.1 kb	 0.0% Packages/com.unity.ugui/Runtime/TMP/TMP_FontAsset.cs
 0.1 kb	 0.0% Packages/com.unity.ugui/Runtime/TMP/TMP_CoroutineTween.cs
 0.1 kb	 0.0% Packages/com.unity.ugui/Runtime/TMP/TMP_Character.cs
 0.1 kb	 0.0% Packages/com.unity.inputsystem/InputSystem/Plugins/XR/Devices/GoogleVR.cs
 0.1 kb	 0.0% Packages/com.unity.inputsystem/InputSystem/Editor/DownloadableSample.cs
 0.1 kb	 0.0% Packages/com.unity.inputsystem/InputSystem/Devices/Sensor.cs
 0.1 kb	 0.0% Packages/com.unity.inputsystem/InputSystem/Devices/Pointer.cs
 0.1 kb	 0.0% Packages/com.unity.inputsystem/InputSystem/Devices/Mouse.cs
 0.1 kb	 0.0% Packages/com.unity.inputsystem/InputSystem/Devices/Keyboard.cs
 0.1 kb	 0.0% Packages/com.unity.inputsystem/InputSystem/Devices/Joystick.cs
 0.1 kb	 0.0% Packages/com.unity.inputsystem/InputSystem/Devices/Gamepad.cs
 0.1 kb	 0.0% Packages/com.unity.collections/Unity.Collections/xxHash3.AVX2.cs
 0.1 kb	 0.0% Packages/com.unity.burst/Runtime/Intrinsics/Arm/NEON_AArch64_rdma.cs
 0.1 kb	 0.0% Packages/com.unity.burst/Runtime/Intrinsics/Arm/NEON_AArch64_dotprod.cs
 0.1 kb	 0.0% Packages/com.unity.burst/Runtime/Intrinsics/Arm/NEON_AArch64_crypto.cs
 0.1 kb	 0.0% Packages/com.unity.ai.inference/Runtime/Core/Graph/Node.cs
 0.1 kb	 0.0% Packages/com.unity.ai.assistant/Modules/Unity.AI.Tracing/TraceTypes.cs
 0.1 kb	 0.0% Packages/com.bytedance.pico.xr/Runtime/Scripts/Utils/PXR_Type.cs
 0.1 kb	 0.0% Packages/com.bytedance.pico.xr/Runtime/Scripts/Utils/LitJson/JsonMockWrapper.cs
 0.1 kb	 0.0% Packages/com.bytedance.pico.xr/Runtime/Scripts/Utils/LitJson/JsonException.cs
 0.1 kb	 0.0% Packages/com.bytedance.pico.xr/Platform/Scripts/CLIB/CLIB.cs
 0.1 kb	 0.0% Packages/com.bytedance.pico.xr/Enterprise/Sample/CameraRendering/EnterpriseAPI.cs
 0.1 kb	 0.0% Assets/SpatialTowerDefense/Runtime/SpatialTargets.cs
 0.1 kb	 0.0% Packages/com.unity.xr.core-utils/Runtime/XROrigin.cs
 0.1 kb	 0.0% Packages/com.unity.xr.core-utils/Runtime/GuidUtil.cs
 0.1 kb	 0.0% Packages/com.unity.ugui/Runtime/UGUI/UI/Core/Utility/VertexHelper.cs
 0.1 kb	 0.0% Packages/com.unity.ugui/Runtime/UGUI/UI/Core/ToggleGroup.cs
 0.1 kb	 0.0% Packages/com.unity.ugui/Runtime/UGUI/UI/Core/SpriteState.cs
 0.1 kb	 0.0% Packages/com.unity.ugui/Runtime/UGUI/UI/Core/Selectable.cs
 0.1 kb	 0.0% Packages/com.unity.ugui/Runtime/UGUI/UI/Core/Scrollbar.cs
 0.1 kb	 0.0% Packages/com.unity.ugui/Runtime/UGUI/UI/Core/ScrollRect.cs
 0.1 kb	 0.0% Packages/com.unity.ugui/Runtime/UGUI/UI/Core/RectMask2D.cs
 0.1 kb	 0.0% Packages/com.unity.ugui/Runtime/UGUI/UI/Core/Navigation.cs
 0.1 kb	 0.0% Packages/com.unity.ugui/Runtime/UGUI/UI/Core/Layout/LayoutGroup.cs
 0.1 kb	 0.0% Packages/com.unity.ugui/Runtime/UGUI/UI/Core/Layout/CanvasScaler.cs
 0.1 kb	 0.0% Packages/com.unity.ugui/Runtime/UGUI/UI/Core/InputField.cs
 0.1 kb	 0.0% Packages/com.unity.ugui/Runtime/UGUI/UI/Core/IMaskable.cs
 0.1 kb	 0.0% Packages/com.unity.ugui/Runtime/UGUI/UI/Core/ColorBlock.cs
 0.1 kb	 0.0% Packages/com.unity.inputsystem/InputSystem/Plugins/XR/Devices/OpenVR.cs
 0.1 kb	 0.0% Packages/com.unity.inputsystem/InputSystem/Plugins/HID/HID.cs
 0.1 kb	 0.0% Packages/com.unity.collections/Unity.Collections/xxHash3.cs
 0.1 kb	 0.0% Packages/com.unity.collections/Unity.Collections/Unicode.cs
 0.1 kb	 0.0% Packages/com.unity.collections/Unity.Collections/Memory.cs
 0.1 kb	 0.0% Packages/com.unity.collections/Unity.Collections/Jobs/IJobFilter.cs
 0.1 kb	 0.0% Packages/com.unity.collections/Unity.Collections/BitField.cs
 0.1 kb	 0.0% Packages/com.unity.burst/Runtime/NoAliasAttribute.cs
 0.1 kb	 0.0% Packages/com.unity.burst/Runtime/FunctionPointer.cs
 0.1 kb	 0.0% Packages/com.unity.burst/Runtime/Editor/BurstLoader.cs
 0.1 kb	 0.0% Packages/com.unity.burst/Runtime/CompilerServices/Constant.cs
 0.1 kb	 0.0% Packages/com.unity.burst/Runtime/CompilerServices/Aliasing.cs
 0.1 kb	 0.0% Packages/com.unity.burst/Runtime/BurstString.Float.cs
 0.1 kb	 0.0% Packages/com.unity.burst/Runtime/BurstCompiler.cs
 0.1 kb	 0.0% Packages/com.unity.ai.inference/Runtime/Core/Serialization/SentisFlatBuffer/Tensor.cs
 0.1 kb	 0.0% Packages/com.unity.ai.inference/Runtime/Core/Serialization/SentisFlatBuffer/String.cs
 0.1 kb	 0.0% Packages/com.unity.ai.inference/Runtime/Core/Serialization/SentisFlatBuffer/Short.cs
 0.1 kb	 0.0% Packages/com.unity.ai.inference/Runtime/Core/Serialization/SentisFlatBuffer/Program.cs
 0.1 kb	 0.0% Packages/com.unity.ai.inference/Runtime/Core/Serialization/SentisFlatBuffer/Operator.cs
 0.1 kb	 0.0% Packages/com.unity.ai.inference/Runtime/Core/Serialization/SentisFlatBuffer/IntList.cs
 0.1 kb	 0.0% Packages/com.unity.ai.inference/Runtime/Core/Serialization/SentisFlatBuffer/Float.cs
 0.1 kb	 0.0% Packages/com.unity.ai.inference/Runtime/Core/Serialization/SentisFlatBuffer/EValue.cs
 0.1 kb	 0.0% Packages/com.unity.ai.inference/Runtime/Core/Serialization/SentisFlatBuffer/Chain.cs
 0.1 kb	 0.0% Packages/com.unity.ai.inference/Runtime/Core/Serialization/SentisFlatBuffer/Buffer.cs
 0.1 kb	 0.0% Packages/com.unity.ai.inference/Runtime/Core/Serialization/SentisFlatBuffer/BoolList.cs
 0.1 kb	 0.0% Packages/com.unity.ai.inference/Runtime/Core/Backends/Ops.cs
 0.1 kb	 0.0% Packages/com.unity.ai.assistant/Modules/Unity.AI.Tracing/TraceWriter.cs
 0.1 kb	 0.0% Packages/com.unity.ai.assistant/Modules/Unity.AI.Tracing/TraceLogger.cs
 0.1 kb	 0.0% Packages/com.unity.ai.assistant/Modules/Unity.AI.Tracing/TraceLogDir.cs
 0.1 kb	 0.0% Packages/com.bytedance.pico.xr/Runtime/Scripts/Hand/PXR_Hand.cs
 0.1 kb	 0.0% Assets/SpatialTowerDefense/Runtime/CombatActors.cs
 0.1 kb	 0.0% Packages/com.unity.ugui/Runtime/UGUI/UI/Core/Culling/IClipRegion.cs
 0.1 kb	 0.0% Packages/com.unity.ugui/Runtime/TMP/TextMeshPro.cs
 0.1 kb	 0.0% Packages/com.unity.ugui/Runtime/TMP/TMP_TextInfo.cs
 0.1 kb	 0.0% Packages/com.unity.ugui/Runtime/TMP/TMP_SubMesh.cs
 0.1 kb	 0.0% Packages/com.unity.ugui/Runtime/TMP/TMP_Style.cs
 0.1 kb	 0.0% Packages/com.unity.ugui/Runtime/TMP/TMP_Sprite.cs
 0.1 kb	 0.0% Packages/com.unity.ugui/Runtime/TMP/TMP_Settings.cs
 0.1 kb	 0.0% Packages/com.unity.ugui/Runtime/TMP/TMP_MeshInfo.cs
 0.1 kb	 0.0% Packages/com.unity.ugui/Runtime/TMP/TMP_LineInfo.cs
 0.1 kb	 0.0% Packages/com.unity.ugui/Runtime/TMP/TMP_Dropdown.cs
 0.1 kb	 0.0% Packages/com.unity.ugui/Runtime/TMP/TMP_Asset.cs
 0.1 kb	 0.0% Packages/com.unity.ugui/Runtime/TMP/FastAction.cs
 0.1 kb	 0.0% Packages/com.unity.inputsystem/InputSystem/Devices/Pen.cs
 0.1 kb	 0.0% Packages/com.unity.burst/Runtime/Intrinsics/Common.cs
 0.1 kb	 0.0% Packages/com.unity.burst/Runtime/Intrinsics/Arm/NEON_ctor.cs
 0.1 kb	 0.0% Packages/com.unity.burst/Runtime/Intrinsics/Arm/NEON_AArch64.cs
 0.1 kb	 0.0% Packages/com.unity.ai.assistant/Modules/Unity.AI.Tracing/TraceSinks.cs
 0.1 kb	 0.0% Packages/com.bytedance.pico.xr/Runtime/Scripts/Utils/PXR_Log.cs
 0.1 kb	 0.0% Packages/com.bytedance.pico.xr/Runtime/Scripts/Utils/LitJson/JsonWriter.cs
 0.1 kb	 0.0% Packages/com.bytedance.pico.xr/Runtime/Scripts/Utils/LitJson/JsonReader.cs
 0.1 kb	 0.0% Packages/com.bytedance.pico.xr/Runtime/Scripts/Utils/LitJson/JsonMapper.cs
 0.1 kb	 0.0% Packages/com.bytedance.pico.xr/Runtime/Scripts/Utils/LitJson/IJsonWrapper.cs
 0.1 kb	 0.0% Packages/com.unity.ugui/Runtime/UGUI/UI/Core/VertexModifiers/Shadow.cs
 0.1 kb	 0.0% Packages/com.unity.ugui/Runtime/UGUI/UI/Core/VertexModifiers/Outline.cs
 0.1 kb	 0.0% Packages/com.unity.ugui/Runtime/UGUI/UI/Core/Toggle.cs
 0.1 kb	 0.0% Packages/com.unity.ugui/Runtime/UGUI/UI/Core/Slider.cs
 0.1 kb	 0.0% Packages/com.unity.ugui/Runtime/UGUI/UI/Core/RawImage.cs
 0.1 kb	 0.0% Packages/com.unity.ugui/Runtime/UGUI/UI/Core/Image.cs
 0.1 kb	 0.0% Packages/com.unity.ugui/Runtime/UGUI/UI/Core/IMask.cs
 0.1 kb	 0.0% Packages/com.unity.ugui/Runtime/UGUI/UI/Core/Graphic.cs
 0.1 kb	 0.0% Packages/com.unity.ugui/Runtime/UGUI/UI/Core/FontData.cs
 0.1 kb	 0.0% Packages/com.unity.ugui/Runtime/UGUI/UI/Core/Dropdown.cs
 0.1 kb	 0.0% Packages/com.unity.ugui/Runtime/UGUI/UI/Core/Culling/Clipping.cs
 0.1 kb	 0.0% Packages/com.unity.ugui/Runtime/UGUI/UI/Core/Button.cs
 0.1 kb	 0.0% Packages/com.unity.burst/Runtime/SharedStatic.cs
 0.1 kb	 0.0% Packages/com.unity.burst/Runtime/Intrinsics/x86/Ssse3.cs
 0.1 kb	 0.0% Packages/com.unity.burst/Runtime/Intrinsics/x86/Sse4_2.cs
 0.1 kb	 0.0% Packages/com.unity.burst/Runtime/Intrinsics/x86/Sse4_1.cs
 0.1 kb	 0.0% Packages/com.unity.burst/Runtime/Intrinsics/x86/Popcnt.cs
 0.1 kb	 0.0% Packages/com.unity.burst/Runtime/Intrinsics/x86/Common.cs
 0.1 kb	 0.0% Packages/com.unity.burst/Runtime/CompilerServices/Hint.cs
 0.1 kb	 0.0% Packages/com.unity.burst/Runtime/BurstString.cs
 0.1 kb	 0.0% Packages/com.unity.burst/Runtime/BurstRuntime.cs
 0.1 kb	 0.0% Packages/com.unity.ai.inference/Runtime/Core/Serialization/SentisFlatBuffer/Null.cs
 0.1 kb	 0.0% Packages/com.unity.ai.inference/Runtime/Core/Serialization/SentisFlatBuffer/Int.cs
 0.1 kb	 0.0% Packages/com.unity.ai.inference/Runtime/Core/Serialization/SentisFlatBuffer/EDim.cs
 0.1 kb	 0.0% Packages/com.unity.ai.inference/Runtime/Core/Serialization/SentisFlatBuffer/Byte.cs
 0.1 kb	 0.0% Packages/com.unity.ai.inference/Runtime/Core/Serialization/SentisFlatBuffer/Bool.cs
 0.1 kb	 0.0% Packages/com.unity.ai.assistant/Modules/Unity.AI.Tracing/Trace.cs
 0.1 kb	 0.0% Assets/XRI/Settings/Resources/XRDeviceSimulatorSettings.asset
 0.1 kb	 0.0% Packages/com.unity.ugui/Runtime/TMP/TMP_Text.cs
 0.1 kb	 0.0% Packages/com.unity.inputsystem/InputSystem/Plugins/UI/UISupport.cs
 0.1 kb	 0.0% Packages/com.unity.burst/Runtime/Intrinsics/x86/Sse3.cs
 0.1 kb	 0.0% Packages/com.unity.burst/Runtime/Intrinsics/x86/Sse2.cs
 0.1 kb	 0.0% Packages/com.unity.burst/Runtime/Intrinsics/x86/Sse.cs
 0.1 kb	 0.0% Packages/com.unity.burst/Runtime/Intrinsics/x86/Fma.cs
 0.1 kb	 0.0% Packages/com.unity.burst/Runtime/Intrinsics/x86/F16C.cs
 0.1 kb	 0.0% Packages/com.unity.burst/Runtime/Intrinsics/x86/Csr.cs
 0.1 kb	 0.0% Packages/com.unity.burst/Runtime/Intrinsics/x86/Bmi2.cs
 0.1 kb	 0.0% Packages/com.unity.burst/Runtime/Intrinsics/x86/Bmi1.cs
 0.1 kb	 0.0% Packages/com.unity.burst/Runtime/Intrinsics/x86/Avx2.cs
 0.1 kb	 0.0% Packages/com.unity.burst/Runtime/Intrinsics/x86/Avx.cs
 0.1 kb	 0.0% Packages/com.unity.burst/Runtime/Intrinsics/v64.cs
 0.1 kb	 0.0% Packages/com.unity.burst/Runtime/Intrinsics/v256.cs
 0.1 kb	 0.0% Packages/com.unity.burst/Runtime/Intrinsics/v128.cs
 0.1 kb	 0.0% Packages/com.unity.burst/Runtime/Intrinsics/Arm/NEON.cs
 0.1 kb	 0.0% Packages/com.bytedance.pico.xr/Runtime/Scripts/Utils/LitJson/Lexer.cs
 0.1 kb	 0.0% Packages/com.bytedance.pico.xr/Runtime/Scripts/Utils/LitJson/JsonData.cs
 0.1 kb	 0.0% Packages/com.bytedance.pico.xr/Runtime/BuildingBlocks/SliderText.cs
 0.1 kb	 0.0% Packages/com.unity.ugui/Runtime/UGUI/UI/Core/Text.cs
 0.1 kb	 0.0% Packages/com.unity.ugui/Runtime/UGUI/UI/Core/Misc.cs
 0.1 kb	 0.0% Packages/com.unity.ugui/Runtime/UGUI/UI/Core/Mask.cs
 0.1 kb	 0.0% Assets/XRI/Settings/Resources/XRInteractionRuntimeSettings.asset
 0.1 kb	 0.0% Assets/Resources/PXR_PlatformSetting.asset
 0.1 kb	 0.0% Assets/Resources/PerformanceTestRunSettings.json
-------------------------------------------------------------------------------
Unloading 1 Unused Serialized files (Serialized files now loaded: 0)
Unloading 4185 unused Assets / (2.8 MB). Loaded Objects now: 7689.
Memory consumption went from 371.7 MB to 368.9 MB.
Total: 29.310500 ms (FindLiveObjects: 0.295375 ms CreateObjectMapping: 1.036292 ms MarkObjects: 24.514125 ms  DeleteObjects: 3.464042 ms)

Build Finished, Result: Success.
##utp:{"success":true,"type":"PlayerBuildInfo","version":2,"phase":"Immediate","time":1787205587123,"processId":66056,"steps":[{"description":"Preprocess Player","duration":93},{"description":"Prepare For Build","duration":47},{"description":"ProducePlayerScriptAssemblies","duration":5617},{"description":"Verify Build setup","duration":178},{"description":"Prepare assets for target platform","duration":0},{"description":"Prepare splash screen","duration":1},{"description":"Build scripts DLLs","duration":4},{"description":"Building scenes","duration":476},{"description":"Build GlobalGameManagers file","duration":63},{"description":"Writing asset files","duration":754},{"description":"Building Resources/unity_builtin_extra","duration":87},{"description":"Write data build dirty tracking information","duration":152},{"description":"Postprocess built player","duration":10761}],"duration":18233}
Unloading 0 Unused Serialized files (Serialized files now loaded: 0)
Loaded scene 'Temp/__Backupscenes/0.backup'
	Deserialize:            3.180 ms
	Integration:            204.245 ms
	Integration of assets:  0.036 ms
	Thread Wait Time:       0.006 ms
	Total Operation Time:   207.466 ms
Unloading 1 unused Assets / (31.5 MB). Loaded Objects now: 8197.
Memory consumption went from 384.9 MB to 353.3 MB.
Total: 21.071041 ms (FindLiveObjects: 0.299750 ms CreateObjectMapping: 0.622542 ms MarkObjects: 19.055416 ms  DeleteObjects: 1.092291 ms)

Launching external process: /Applications/Unity/Hub/Editor/6000.5.5f1/Unity.app/Contents/Resources/Scripting/il2cpp/build/deploy/Analytics
[Spatial Tower Defense] macOS desktop test build created: /Users/ld/Documents/Codex/2026-08-03/http-localhost-8080-codex-text-link/outputs/SpatialTowerDefensePICO/Builds/Desktop/SpatialTowerDefenseTest.app
UnityEngine.Debug:ExtractStackTraceNoAlloc (byte*,int,string)
UnityEngine.StackTraceUtility:ExtractStackTrace () (at /Users/bokken/build/output/unity/unity/Runtime/Export/Scripting/StackTrace.cs:35)
UnityEngine.DebugLogHandler:Internal_Log (UnityEngine.LogType,UnityEngine.LogOption,string,UnityEngine.Object)
UnityEngine.DebugLogHandler:LogFormat (UnityEngine.LogType,UnityEngine.Object,string,object[])
UnityEngine.Logger:Log (UnityEngine.LogType,object)
UnityEngine.Debug:Log (object)
PicoTowerDefenseEditor.ProjectSetup:BuildDesktopTest () (at Assets/SpatialTowerDefense/Editor/ProjectSetup.cs:461)

(Filename: Assets/SpatialTowerDefense/Editor/ProjectSetup.cs Line: 461)

Batchmode quit successfully invoked - shutting down!
Killing ADB server in 0.090412 seconds.
AcceleratorClientConnectionCallback - disconnected - :0
Importing 'GUID: 00000000000000004000000000000000 - Path: ProjectSettings/ProjectSettings.asset' with importer (LibraryAssetImporter)
Imported 'GUID: 00000000000000004000000000000000' -> (Import Result ID: 'ae4699a95dfb8deb978a974f7f93f4fe') in 0.002 seconds [static dependencies only]. Details - ImportResultOutputID=276a810dac73e1f29404d5e5f692e214 DependenciesID=d00214632252dd42335fe363627a5866 StaticDependenciesID=f714cd9c7967b8a50a0018f0bcb85dd2 
Refreshing native plugins compatible for Editor in 2.78 ms, found 13 plugins.
Asset Pipeline Refresh (id=2f8a4b59ffbcf47a79877db8bd9491dc): Total: 0.097 seconds - Initiated by StopAssetImportingV2(NoUpdateAssetOptions)
Thread 0x16e8c7000 may have been prematurely finalized
Input System module state changed to: ShutdownInProgress.
Input Polling Thread exited.
Input System module state changed to: Shutdown.
[Physics::Module] Cleanup current backend.
[Physics::Module] Id: 0xf2b8ea05
[Licensing::IpcConnector] LicenseClient-ld-6000.5.5-notifications channel disconnected successfully.
[Licensing::IpcConnector] LicenseClient-ld-6000.5.5 channel disconnected successfully.
Thread 0x16eb37000 may have been prematurely finalized
Thread 0x16eaab000 may have been prematurely finalized
正在关闭 MSBuild 服务器...
正在关闭 VB/C# 编译器服务器...
成功关闭 MSBuild 服务器。
成功关闭 VB/C# 编译器服务器。
AcceleratorClientConnectionCallback - disconnected - :0
Thread 0x17a07f000 may have been prematurely finalized
info: Microsoft.Hosting.Lifetime[0]
      Application is shutting down...
Cleanup mono
CodeReloadManager destroyed
info: Unity.ILPP.Runner.PostProcessingAssemblyLoadContext[0]
      ALC ILPP context 2 is unloading
debugger-agent: Unable to listen on 44
Exiting batchmode successfully now!
[Package Manager] Server process was shutdown
